date,open,high,low,close,volume
2008-01-02,7.116786003112793,7.1521430015563965,6.876786231994629,6.958570957183838,1079178800
2008-01-03,6.978929042816162,7.049643039703369,6.881785869598389,6.961785793304443,842066400
2008-01-04,6.837500095367432,6.892857074737549,6.3889288902282715,6.430356979370117,1455832000
2008-01-07,6.473214149475098,6.557143211364746,6.0796427726745605,6.34428596496582,2072193200
2008-01-08,6.433570861816406,6.5164289474487305,6.099999904632568,6.1160712242126465,1523816000
2008-01-09,6.117856979370117,6.410714149475098,6.010714054107666,6.4071431159973145,1813882000
2008-01-10,6.3421430587768555,6.464285850524902,6.26464319229126,6.3578572273254395,1482975200
2008-01-11,6.285714149475098,6.351786136627197,6.0714287757873535,6.167500019073486,1232285600
2008-01-14,6.340000152587891,6.4078569412231445,6.256071090698242,6.385000228881836,1100450400
2008-01-15,6.347143173217773,6.400713920593262,5.880713939666748,6.037143230438232,2343278000
2008-01-16,5.901071071624756,6.036070823669434,5.596428871154785,5.7014288902282715,2213845200
2008-01-17,5.768214225769043,5.90571403503418,5.6578569412231445,5.746070861816406,1757859600
2008-01-18,5.775356769561768,5.919642925262451,5.700356960296631,5.762856960296631,1724343600
2008-01-22,5.2878570556640625,5.713571071624756,5.214285850524902,5.558570861816406,2434754000
2008-01-23,4.86392879486084,5.0,4.505000114440918,4.966785907745361,3372969600
2008-01-24,4.999642848968506,5.025000095367432,4.7146430015563965,4.8428568840026855,2005866800
2008-01-25,4.963929176330566,4.96750020980835,4.628929138183594,4.643214225769043,1554739200
2008-01-28,4.57714319229126,4.757143020629883,4.51607084274292,4.643214225769043,1474844000
2008-01-29,4.683928966522217,4.742499828338623,4.60892915725708,4.697856903076172,1099982800
2008-01-30,4.69178581237793,4.837500095367432,4.642857074737549,4.720714092254639,1243051600
2008-01-31,4.623213768005371,4.880356788635254,4.621428966522217,4.834286212921143,1345674400
2008-02-01,4.865714073181152,4.878213882446289,4.720714092254639,4.776785850524902,1010744000
2008-02-04,4.793213844299316,4.853570938110352,4.693571090698242,4.701786041259766,899234000
2008-02-05,4.658214092254639,4.785714149475098,4.603570938110352,4.619999885559082,1141042000
2008-02-06,4.672500133514404,4.711429119110107,4.348928928375244,4.357142925262451,1573272400
2008-02-07,4.284643173217773,4.4564290046691895,4.18821382522583,4.329999923706055,2083331600
2008-02-08,4.360000133514404,4.489285945892334,4.3428568840026855,4.481429100036621,1355972800
2008-02-11,4.571785926818848,4.6421427726745605,4.5428571701049805,4.623213768005371,1201432400
2008-02-12,4.6678571701049805,4.6785712242126465,4.414999961853027,4.459286212921143,1225980000
2008-02-13,4.524285793304443,4.635000228881836,4.486785888671875,4.621428966522217,968534000
2008-02-14,4.621428966522217,4.67142915725708,4.536070823669434,4.552143096923828,954097200
2008-02-15,4.509643077850342,4.538570880889893,4.430714130401611,4.451070785522461,901300400
2008-02-19,4.499642848968506,4.526785850524902,4.3371429443359375,4.3635711669921875,1005046000
2008-02-20,4.364285945892334,4.449999809265137,4.345714092254639,4.42214298248291,967439200
2008-02-21,4.501786231994629,4.516786098480225,4.316429138183594,4.340713977813721,938114800
2008-02-22,4.37428617477417,4.375357151031494,4.138214111328125,4.2664289474487305,1529878000
2008-02-25,4.23535680770874,4.291786193847656,4.166429042816162,4.276429176330566,1256774400
2008-02-26,4.2014288902282715,4.324643135070801,4.122857093811035,4.255356788635254,1504888000
2008-02-27,4.222499847412109,4.3946428298950195,4.21750020980835,4.3914289474487305,1475138000
2008-02-28,4.5428571701049805,4.721428871154785,4.491786003112793,4.63964319229126,1618254400
2008-02-29,4.617499828338623,4.650356769561768,4.4571428298950195,4.465000152587891,1255480800
2008-03-03,4.444285869598389,4.49928617477417,4.214285850524902,4.347499847412109,1593043200
2008-03-04,4.356785774230957,4.460000038146973,4.300000190734863,4.450714111328125,1785383600
2008-03-05,4.413570880889893,4.46928596496582,4.3660712242126465,4.446071147918701,1221836000
2008-03-06,4.450356960296631,4.5535712242126465,4.314642906188965,4.318929195404053,1473698800
2008-03-07,4.300356864929199,4.3921427726745605,4.251786231994629,4.3660712242126465,1230462800
2008-03-10,4.356429100036621,4.409286022186279,4.263214111328125,4.2746429443359375,999588800
2008-03-11,4.432143211364746,4.552856922149658,4.357142925262451,4.548213958740234,1163943200
2008-03-12,4.537143230438232,4.595714092254639,4.4703569412231445,4.501070976257324,1059629200
2008-03-13,4.432143211364746,4.625,4.392857074737549,4.569285869598389,1262102800
2008-03-14,4.638570785522461,4.653571128845215,4.435713768005371,4.521786212921143,1156640800
2008-03-17,4.376786231994629,4.59250020980835,4.376786231994629,4.526071071624756,1072598800
2008-03-18,4.6135711669921875,4.75,4.5953569412231445,4.743570804595947,1205120000
2008-03-19,4.75428581237793,4.7960710525512695,4.631071090698242,4.631071090698242,1010536800
2008-03-20,4.682857036590576,4.760356903076172,4.6135711669921875,4.759643077850342,908787600
2008-03-24,4.786070823669434,5.0303568840026855,4.772857189178467,4.983213901519775,1066920400
2008-03-25,4.998570919036865,5.110713958740234,4.9046430587768555,5.034999847412109,1052391200
2008-03-26,5.031071186065674,5.204999923706055,5.022857189178467,5.180714130401611,1182084400
2008-03-27,5.176785945892334,5.189642906188965,4.999642848968506,5.0089287757873535,999829600
2008-03-28,5.064286231994629,5.166070938110352,5.057143211364746,5.107500076293945,714610400
2008-03-31,5.116786003112793,5.2039289474487305,5.090000152587891,5.125,768065200
2008-04-01,5.224999904632568,5.34499979019165,5.128929138183594,5.340356826782227,1032567200
2008-04-02,5.313570976257324,5.400000095367432,5.208929061889648,5.267499923706055,1044968400
2008-04-03,5.252142906188965,5.486785888671875,5.25,5.414642810821533,1051568000
2008-04-04,5.435357093811035,5.525356769561768,5.3839287757873535,5.4671430587768555,854417200
2008-04-07,5.576070785522461,5.703214168548584,5.539642810821533,5.567500114440918,1158326400
2008-04-08,5.48392915725708,5.587500095367432,5.440000057220459,5.458570957183838,1014294400
2008-04-09,5.4753570556640625,5.496070861816406,5.373570919036865,5.408570766448975,873398400
2008-04-10,5.397500038146973,5.550714015960693,5.378571033477783,5.5196428298950195,955763200
2008-04-11,5.454286098480225,5.474999904632568,5.228570938110352,5.255000114440918,1210076000
2008-04-14,5.241786003112793,5.330357074737549,5.162143230438232,5.277856826782227,845087600
2008-04-15,5.335713863372803,5.347143173217773,5.204286098480225,5.299285888671875,698037200
2008-04-16,5.4185709953308105,5.503571033477783,5.37928581237793,5.489285945892334,795774000
2008-04-17,5.506071090698242,5.5714287757873535,5.476786136627197,5.517499923706055,704267200
2008-04-18,5.682857036590576,5.795000076293945,5.656428813934326,5.751429080963135,1026765600
2008-04-21,5.793213844299316,6.017857074737549,5.7771430015563965,6.005713939666748,1039152800
2008-04-22,5.978570938110352,6.0,5.646070957183838,5.721428871154785,1439572400
2008-04-23,5.85892915725708,5.887143135070801,5.752857208251953,5.817500114440918,1504190800
2008-04-24,5.90500020980835,6.070713996887207,5.685357093811035,6.033570766448975,1696066400
2008-04-25,6.096428871154785,6.110713958740234,5.943571090698242,6.06178617477417,992474000
2008-04-28,6.0625,6.205357074737549,6.0403571128845215,6.151429176330566,787214400
2008-04-29,6.1110711097717285,6.273571014404297,6.080357074737549,6.251786231994629,923476400
2008-04-30,6.292500019073486,6.4285712242126465,6.175714015960693,6.212500095367432,1139524400
2008-05-01,6.248570919036865,6.4285712242126465,6.244999885559082,6.4285712242126465,903576800
2008-05-02,6.435357093811035,6.497142791748047,6.376786231994629,6.4621429443359375,1006082000
2008-05-05,6.497142791748047,6.618214130401611,6.466071128845215,6.597499847412109,854557200
2008-05-06,6.59499979019165,6.682857036590576,6.506429195404053,6.666429042816162,918870400
2008-05-07,6.6446428298950195,6.721428871154785,6.447856903076172,6.521070957183838,1157133600
2008-05-08,6.56321382522583,6.660714149475098,6.538214206695557,6.609285831451416,899085600
2008-05-09,6.541429042816162,6.580357074737549,6.477499961853027,6.551785945892334,673072400
2008-05-12,6.614643096923828,6.745357036590576,6.5303568840026855,6.71999979019165,818563200
2008-05-13,6.7360711097717285,6.837500095367432,6.709286212921143,6.784286022186279,823236400
2008-05-14,6.8296427726745605,6.865714073181152,6.627500057220459,6.6521430015563965,916823600
2008-05-15,6.671785831451416,6.7821431159973145,6.57857084274292,6.776071071624756,873208000
2008-05-16,6.789642810821533,6.79642915725708,6.6785712242126465,6.700714111328125,765769200
2008-05-19,6.709286212921143,6.73892879486084,6.474999904632568,6.557143211364746,945820400
2008-05-20,6.493570804595947,6.648571014404297,6.432857036590576,6.639286041259766,969850000
2008-05-21,6.631071090698242,6.712500095367432,6.294642925262451,6.36392879486084,1157657200
2008-05-22,6.4021430015563965,6.476070880889893,6.142857074737549,6.323214054107666,1206735600
2008-05-23,6.456070899963379,6.499642848968506,6.349999904632568,6.4703569412231445,906917200
2008-05-27,6.526785850524902,6.658214092254639,6.494286060333252,6.658214092254639,789905200
2008-05-28,6.693213939666748,6.712500095367432,6.561429023742676,6.678928852081299,743979600
2008-05-29,6.670000076293945,6.721428871154785,6.625,6.667500019073486,647186400
2008-05-30,6.694643020629883,6.769286155700684,6.692142963409424,6.7410712242126465,610184400
2008-06-02,6.735713958740234,6.773213863372803,6.590356826782227,6.646429061889648,679840000
2008-06-03,6.6735711097717285,6.721428871154785,6.512143135070801,6.620357036590576,750520400
2008-06-04,6.572143077850342,6.681786060333252,6.543929100036621,6.61392879486084,726983600
2008-06-05,6.65500020980835,6.78000020980835,6.632143020629883,6.76535701751709,755445600
2008-06-06,6.714285850524902,6.783928871154785,6.626786231994629,6.630000114440918,966422800
2008-06-09,6.599643230438232,6.605000019073486,6.276785850524902,6.4860711097717285,1888392800
2008-06-10,6.446785926818848,6.670713901519775,6.393570899963379,6.630000114440918,1140941200
2008-06-11,6.583570957183838,6.642857074737549,6.413928985595703,6.457499980926514,961550800
2008-06-12,6.481785774230957,6.521429061889648,6.114285945892334,6.187857151031494,1308333600
2008-06-13,6.130000114440918,6.21999979019165,5.903929233551025,6.156071186065674,1345957200
2008-06-16,6.117856979370117,6.353570938110352,6.038214206695557,6.315713882446289,1051730400
2008-06-17,6.360713958740234,6.499642848968506,6.336071014404297,6.479642868041992,899656800
2008-06-18,6.468571186065674,6.507143020629883,6.333929061889648,6.3839287757873535,811468000
2008-06-19,6.376786231994629,6.512143135070801,6.314286231994629,6.460713863372803,791949200
2008-06-20,6.4053568840026855,6.464285850524902,6.25,6.259643077850342,888367200
2008-06-23,6.240714073181152,6.281428813934326,6.127142906188965,6.184286117553711,645780800
2008-06-24,6.156071186065674,6.277856826782227,6.129642963409424,6.1875,621947200
2008-06-25,6.2360711097717285,6.386785984039307,6.210000038146973,6.335357189178467,644450800
2008-06-26,6.216785907745361,6.244286060333252,6.000357151031494,6.009285926818848,869610000
2008-06-27,5.946785926818848,6.091785907745361,5.862500190734863,6.074643135070801,1042249600
2008-06-30,6.078214168548584,6.142857074737549,5.950714111328125,5.980000019073486,684196800
2008-07-01,5.865356922149658,6.239999771118164,5.857142925262451,6.2385711669921875,1111280800
2008-07-02,6.257143020629883,6.337500095367432,6.006429195404053,6.006429195404053,837519200
2008-07-03,6.056786060333252,6.148929119110107,5.919642925262451,6.075714111328125,523362000
2008-07-07,6.184286117553711,6.326070785522461,6.139286041259766,6.255713939666748,820391600
2008-07-08,6.264286041259766,6.4178571701049805,6.169285774230957,6.412499904632568,888350400
2008-07-09,6.435713768005371,6.461071014404297,6.21928596496582,6.223214149475098,895776000
2008-07-10,6.247142791748047,6.333570957183838,6.120357036590576,6.30821418762207,840688800
2008-07-11,6.266786098480225,6.325356960296631,6.107142925262451,6.163570880889893,930011600
2008-07-14,6.401429176330566,6.403571128845215,6.181428909301758,6.210000038146973,886054400
2008-07-15,6.159999847412109,6.204999923706055,5.942500114440918,6.058570861816406,1040043200
2008-07-16,6.07857084274292,6.1760711669921875,6.021429061889648,6.171785831451416,747790400
2008-07-17,6.2178568840026855,6.24928617477417,6.121070861816406,6.13607120513916,757526000
2008-07-18,6.018570899963379,6.058928966522217,5.892857074737549,5.898213863372803,868414400
2008-07-21,5.960713863372803,5.982142925262451,5.75428581237793,5.938929080963135,1360469600
2008-07-22,5.3214287757873535,5.812857151031494,5.233213901519775,5.786428928375244,1879592400
2008-07-23,5.892499923706055,6.013214111328125,5.769999980926514,5.937857151031494,1061768400
2008-07-24,5.868570804595947,5.9021430015563965,5.658928871154785,5.679643154144287,839619200
2008-07-25,5.728570938110352,5.8214287757873535,5.666070938110352,5.789999961853027,633637200
2008-07-28,5.79785680770874,5.802499771118164,5.50071382522583,5.514286041259766,780712800
2008-07-29,5.550356864929199,5.694643020629883,5.487500190734863,5.610000133514404,684070800
2008-07-30,5.635000228881836,5.731785774230957,5.574285984039307,5.710000038146973,725183200
2008-07-31,5.626429080963135,5.7928571701049805,5.606429100036621,5.676785945892334,637498400
2008-08-01,5.710713863372803,5.713929176330566,5.5625,5.59499979019165,544639200
2008-08-04,5.5928568840026855,5.639286041259766,5.461071014404297,5.472499847412109,592527600
2008-08-05,5.550714015960693,5.742856979370117,5.529285907745361,5.737143039703369,688371600
2008-08-06,5.713213920593262,5.978570938110352,5.642857074737549,5.86392879486084,791408800
2008-08-07,5.811070919036865,5.933928966522217,5.767857074737549,5.841785907745361,672372400
2008-08-08,5.852142810821533,6.058928966522217,5.848214149475098,6.055356979370117,713997200
2008-08-11,6.0739288330078125,6.3035712242126465,6.059642791748047,6.19857120513916,891304400
2008-08-12,6.197143077850342,6.403213977813721,6.196785926818848,6.31178617477417,836278800
2008-08-13,6.356429100036621,6.4285712242126465,6.2821431159973145,6.403571128845215,842346400
2008-08-14,6.368928909301758,6.444643020629883,6.351428985595703,6.404285907745361,711300800
2008-08-15,6.394286155700684,6.419642925262451,6.251786231994629,6.276429176330566,708251600
2008-08-18,6.270357131958008,6.3503570556640625,6.207857131958008,6.2639288902282715,552014400
2008-08-19,6.2335710525512695,6.3239288330078125,6.13607120513916,6.197500228881836,616204400
2008-08-20,6.241786003112793,6.319285869598389,6.200356960296631,6.28000020980835,506951200
2008-08-21,6.2310709953308105,6.26607084274292,6.1389288902282715,6.224643230438232,539744800
2008-08-22,6.279285907745361,6.339285850524902,6.270357131958008,6.313929080963135,439611200
2008-08-25,6.291070938110352,6.293929100036621,6.130713939666748,6.162499904632568,484425200
2008-08-26,6.170000076293945,6.24571418762207,6.164642810821533,6.2014288902282715,445550000
2008-08-27,6.189642906188965,6.2771430015563965,6.1496429443359375,6.238214015960693,477780800
2008-08-28,6.260000228881836,6.294642925262451,6.169642925262451,6.204999923706055,431384800
2008-08-29,6.177143096923828,6.1964287757873535,6.037143230438232,6.054643154144287,599289600
2008-09-02,6.1571431159973145,6.1964287757873535,5.892857074737549,5.935357093811035,780763200
2008-09-03,5.958570957183838,6.024285793304443,5.857142925262451,5.962856769561768,734834800
2008-09-04,5.9235711097717285,5.996786117553711,5.743214130401611,5.757856845855713,743386000
2008-09-05,5.663928985595703,5.800000190734863,5.630356788635254,5.720714092254639,786884000
2008-09-08,5.877500057220459,5.8889288902282715,5.409286022186279,5.639999866485596,1045979200
2008-09-09,5.602142810821533,5.712856769561768,5.349643230438232,5.417142868041992,1245025600
2008-09-10,5.440000057220459,5.5353569984436035,5.314286231994629,5.414642810821533,973142800
2008-09-11,5.292142868041992,5.463929176330566,5.214285850524902,5.451786041259766,971135200
2008-09-12,5.38964319229126,5.38964319229126,5.232142925262451,5.319285869598389,793027200
2008-09-15,5.072500228881836,5.2746429443359375,5.012856960296631,5.012856960296631,920634400
2008-09-16,4.78071403503418,5.089285850524902,4.7196431159973145,4.99571418762207,1199836400
2008-09-17,4.946071147918701,4.946785926818848,4.565357208251953,4.565357208251953,1200455200
2008-09-18,4.663214206695557,4.836785793304443,4.309999942779541,4.788928985595703,1676253600
2008-09-19,5.0928568840026855,5.150000095367432,4.868214130401611,5.03249979019165,1430875600
2008-09-22,4.997857093811035,5.0089287757873535,4.666429042816162,4.680356979370117,856713200
2008-09-23,4.708929061889648,4.849999904632568,4.523571014404297,4.53000020980835,1280364400
2008-09-24,4.5453572273254395,4.676785945892334,4.4696431159973145,4.596786022186279,1047015200
2008-09-25,4.635714054107666,4.813929080963135,4.590000152587891,4.711785793304443,1006045600
2008-09-26,4.461071014404297,4.635714054107666,4.392857074737549,4.579999923706055,1126451200
2008-09-29,4.2721428871154785,4.274285793304443,3.5924999713897705,3.7592859268188477,2622057200
2008-09-30,3.8660709857940674,4.107142925262451,3.796428918838501,4.059286117553711,1626682400
2008-10-01,3.997143030166626,4.012856960296631,3.8353569507598877,3.8971428871154785,1296484000
2008-10-02,3.8575000762939453,3.885356903076172,3.5714290142059326,3.575000047683716,1609364400
2008-10-03,3.7142860889434814,3.8035709857940674,3.380357027053833,3.4667859077453613,2294398400
2008-10-06,3.2842860221862793,3.5278570652008057,3.1264290809631348,3.505000114440918,2107417200
2008-10-07,3.588571071624756,3.625,3.176785945892334,3.184286117553711,1878772000
2008-10-08,3.068213939666748,3.440356969833374,3.059999942779541,3.2067859172821045,2207741200
2008-10-09,3.3339290618896484,3.421428918838501,3.0928568840026855,3.169286012649536,1617383600
2008-10-10,3.06071400642395,3.5714290142059326,3.0357139110565186,3.4571430683135986,2219299600
2008-10-13,3.733928918838501,3.947499990463257,3.6078569889068604,3.937856912612915,1539076000
2008-10-14,4.1521430015563965,4.1571431159973145,3.6835711002349854,3.7171430587768555,1980994400
2008-10-15,3.708570957183838,3.8214290142059326,3.4960711002349854,3.49821400642395,1584175600
2008-10-16,3.563214063644409,3.6939289569854736,3.2764289379119873,3.6389288902282715,1980521200
2008-10-17,3.557142972946167,3.6442859172821045,3.067500114440918,3.4785709381103516,1762227600
2008-10-20,3.563570976257324,3.572499990463257,3.3442859649658203,3.515713930130005,1549170000
2008-10-21,3.4625000953674316,3.496428966522217,3.255713939666748,3.2674999237060547,2193660000
2008-10-22,3.4774999618530273,3.6160709857940674,3.3189289569854736,3.4596428871154785,2248808800
2008-10-23,3.4467859268188477,3.544642925262451,3.2821431159973145,3.508213996887207,1675430400
2008-10-24,3.2260708808898926,3.496428966522217,3.2182140350341797,3.442142963409424,1590058400
2008-10-27,3.3953568935394287,3.486785888671875,3.2807140350341797,3.288928985595703,1208771200
2008-10-28,3.4082140922546387,3.5892860889434814,3.29892897605896,3.568213939666748,1634133200
2008-10-29,3.6021430492401123,3.9121429920196533,3.5692861080169678,3.733928918838501,1950978400
2008-10-30,3.865356922149658,4.006785869598389,3.8432140350341797,3.9657139778137207,1638089600
2008-10-31,3.835714101791382,3.9564290046691895,3.755000114440918,3.8424999713897705,1659756000
2008-11-03,3.7832140922546387,3.8964290618896484,3.744999885559082,3.819999933242798,1057938000
2008-11-04,3.9282140731811523,3.992500066757202,3.809643030166626,3.9639289379119873,1398681200
2008-11-05,3.8896429538726807,3.9185709953308105,3.6782140731811523,3.68928599357605,1256455200
2008-11-06,3.608928918838501,3.6707139015197754,3.5,3.539285898208618,1319074400
2008-11-07,3.544286012649536,3.566071033477783,3.4185709953308105,3.508570909500122,1095253600
2008-11-10,3.577500104904175,3.585714101791382,3.375,3.424285888671875,1123822000
2008-11-11,3.386070966720581,3.4703569412231445,3.2950000762939453,3.384643077850342,1224538000
2008-11-12,3.3010709285736084,3.3299999237060547,3.2146430015563965,3.2185709476470947,1178976400
2008-11-13,3.2096428871154785,3.4442861080169678,3.072143077850342,3.4442861080169678,1854087200
2008-11-14,3.3485710620880127,3.356786012649536,3.2142860889434814,3.2228569984436035,1405266800
2008-11-17,3.1600000858306885,3.233928918838501,3.116429090499878,3.1478569507598877,1162526400
2008-11-18,3.2014288902282715,3.249643087387085,3.1021430492401123,3.211071014404297,1209695200
2008-11-19,3.1942861080169678,3.270714044570923,3.0789289474487305,3.0817859172821045,1171900800
2008-11-20,3.044286012649536,3.0875000953674316,2.857142925262451,2.874643087387085,1716814400
2008-11-21,2.9260709285736084,3.004286050796509,2.8264288902282715,2.9492859840393066,1569271200
2008-11-24,3.0432140827178955,3.385356903076172,3.0299999713897705,3.319643020629883,1442257600
2008-11-25,3.379642963409424,3.382499933242798,3.148571014404297,3.242856979370117,1235292800
2008-11-26,3.2114291191101074,3.4017860889434814,3.2089290618896484,3.392857074737549,899836000
2008-11-28,3.382143020629883,3.3842859268188477,3.2807140350341797,3.309643030166626,297774400
2008-12-01,3.260714054107666,3.2953569889068604,3.1757140159606934,3.1760709285736084,923767600
2008-12-02,3.2153570652008057,3.308928966522217,3.0892860889434814,3.302500009536743,1148722400
2008-12-03,3.192857027053833,3.436785936355591,3.171428918838501,3.424999952316284,1338680000
2008-12-04,3.372499942779541,3.4003570079803467,3.1807138919830322,3.2646429538726807,1091370000
2008-12-05,3.226785898208618,3.374643087387085,3.1735711097717285,3.357142925262451,1043795200
2008-12-08,3.4742860794067383,3.5999999046325684,3.421428918838501,3.561429023742676,1185142000
2008-12-09,3.5014290809631348,3.700000047683716,3.4717860221862793,3.573570966720581,1203496000
2008-12-10,3.495357036590576,3.5532140731811523,3.4464290142059326,3.507499933242798,938047600
2008-12-11,3.476785898208618,3.6157140731811523,3.3867859840393066,3.392857074737549,1040617200
2008-12-12,3.31428599357605,3.5357139110565186,3.304642915725708,3.509643077850342,1041174400
2008-12-15,3.4282140731811523,3.4360709190368652,3.3214290142059326,3.3839290142059326,891758000
2008-12-16,3.356429100036621,3.445713996887207,3.3125,3.4082140922546387,1093506400
2008-12-17,3.251070976257324,3.253571033477783,3.143570899963379,3.184286117553711,1293860400
2008-12-18,3.189642906188965,3.243928909301758,3.1585710048675537,3.1939289569854736,857416000
2008-12-19,3.2121429443359375,3.247857093811035,3.171428918838501,3.2142860889434814,801920000
2008-12-22,3.2149999141693115,3.2153570652008057,3.0246429443359375,3.062143087387085,844740400
2008-12-23,3.1024999618530273,3.138214111328125,3.067857027053833,3.0850000381469727,635031600
2008-12-24,3.0764288902282715,3.080357074737549,3.0196430683135986,3.0371429920196533,271334000
2008-12-26,3.0942859649658203,3.122143030166626,3.044286012649536,3.064642906188965,308324800
2008-12-29,3.0899999141693115,3.129286050796509,3.0382139682769775,3.0932140350341797,686000000
2008-12-30,3.122143030166626,3.1446430683135986,3.0257139205932617,3.0817859172821045,967601600
2008-12-31,3.070357084274292,3.133570909500122,3.0478570461273193,3.0482139587402344,607541200
2009-01-02,3.067142963409424,3.2514290809631348,3.041429042816162,3.2410709857940674,746015200
2009-01-05,3.327500104904175,3.434999942779541,3.3110709190368652,3.377856969833374,1181608400
2009-01-06,3.426785945892334,3.4703569412231445,3.299643039703369,3.322143077850342,1289310400
2009-01-07,3.2789289951324463,3.3035709857940674,3.2235710620880127,3.250356912612915,753048800
2009-01-08,3.2296431064605713,3.3267860412597656,3.2157139778137207,3.31071400642395,673500800
2009-01-09,3.3289289474487305,3.3350000381469727,3.2192859649658203,3.234999895095825,546845600
2009-01-12,3.2307140827178955,3.249643087387085,3.12678599357605,3.166429042816162,617716400
2009-01-13,3.1514289379119873,3.2049999237060547,3.0839290618896484,3.132499933242798,798397600
2009-01-14,3.0799999237060547,3.1160709857940674,3.0257139205932617,3.047499895095825,1021664000
2009-01-15,2.877500057220459,3.004286050796509,2.858928918838501,2.9778571128845215,1831634000
2009-01-16,3.010714054107666,3.01357102394104,2.871428966522217,2.940356969833374,1047625600
2009-01-20,2.9260709285736084,2.9285709857940674,2.7928569316864014,2.7928569316864014,919914800
2009-01-21,2.8353569507598877,2.9600000381469727,2.8324999809265137,2.958214044570923,1089270000
2009-01-22,3.1442859172821045,3.2142860889434814,3.065000057220459,3.1557140350341797,1409528400
2009-01-23,3.1007139682769775,3.2096428871154785,3.0892860889434814,3.1557140350341797,763770000
2009-01-26,3.1735711097717285,3.248929023742676,3.1535708904266357,3.2014288902282715,692238400
2009-01-27,3.2210710048675537,3.2696430683135986,3.2049999237060547,3.240356922149658,618038400
2009-01-28,3.2899999618530273,3.392857074737549,3.267857074737549,3.364285945892334,861406000
2009-01-29,3.3246428966522217,3.369286060333252,3.307142972946167,3.3214290142059326,592729200
2009-01-30,3.307142972946167,3.3435709476470947,3.2146430015563965,3.2189290523529053,651478800
2009-02-02,3.182142972946167,3.2857139110565186,3.174999952316284,3.268213987350464,558247200
2009-02-03,3.2828569412231445,3.3350000381469727,3.2242860794067383,3.320713996887207,599309200
2009-02-04,3.3292860984802246,3.4375,3.325000047683716,3.3410708904266357,808421600
2009-02-05,3.313214063644409,3.4732139110565186,3.307857036590576,3.444999933242798,749246400
2009-02-06,3.4649999141693115,3.5714290142059326,3.4642860889434814,3.561429023742676,687209600
2009-02-09,3.5714290142059326,3.6785709857940674,3.5535709857940674,3.6610710620880127,715010800
2009-02-10,3.618928909301758,3.6610710620880127,3.4664289951324463,3.493928909301758,849060800
2009-02-11,3.441786050796509,3.511070966720581,3.4203569889068604,3.4578568935394287,674973600
2009-02-12,3.422499895095825,3.5625,3.422499895095825,3.5453569889068604,817188400
2009-02-13,3.5353569984436035,3.5692861080169678,3.504286050796509,3.541429042816162,608977600
2009-02-17,3.4596428871154785,3.4657139778137207,3.367142915725708,3.376070976257324,678238400
2009-02-18,3.3946430683135986,3.4232139587402344,3.311429023742676,3.370357036590576,684779200
2009-02-19,3.3346428871154785,3.3660709857940674,3.2182140350341797,3.237143039703369,922804400
2009-02-20,3.192857027053833,3.299999952316284,3.1785709857940674,3.257143020629883,750316000
2009-02-23,3.273214101791382,3.2857139110565186,3.0896430015563965,3.1053569316864014,786982000
2009-02-24,3.12321400642395,3.2460711002349854,3.107142925262451,3.2232139110565186,807105600
2009-02-25,3.2092859745025635,3.318571090698242,3.1875,3.255713939666748,833053200
2009-02-26,3.2857139110565186,3.318571090698242,3.177143096923828,3.185357093811035,629868400
2009-02-27,3.14035701751709,3.260714054107666,3.131071090698242,3.189642906188965,706658400
2009-03-02,3.1471428871154785,3.257143020629883,3.131071090698242,3.140713930130005,770929600
2009-03-03,3.1760709285736084,3.2407140731811523,3.13857102394104,3.1560709476470947,724340400
2009-03-04,3.2207140922546387,3.313214063644409,3.194643020629883,3.256071090698242,741403600
2009-03-05,3.2307140827178955,3.2810709476470947,3.1589291095733643,3.1728570461273193,706899200
2009-03-06,3.1549999713897705,3.1571431159973145,2.940356969833374,3.046428918838501,1011147200
2009-03-09,3.0064289569854736,3.128571033477783,2.9489290714263916,2.9682140350341797,698297600
2009-03-10,3.0310709476470947,3.184643030166626,3.012856960296631,3.1653571128845215,844258800
2009-03-11,3.2074999809265137,3.35964298248291,3.1992859840393066,3.309999942779541,846372800
2009-03-12,3.317857027053833,3.4492859840393066,3.2857139110565186,3.441071033477783,768457200
2009-03-13,3.43928599357605,3.4714291095733643,3.393213987350464,3.4260709285736084,601168400
2009-03-16,3.447499990463257,3.4782140254974365,3.3635709285736084,3.4078569412231445,797244000
2009-03-17,3.4014289379119873,3.560357093811035,3.3953568935394287,3.559286117553711,786646000
2009-03-18,3.568213939666748,3.695713996887207,3.561429023742676,3.625714063644409,796037200
2009-03-19,3.637500047683716,3.68571400642395,3.580357074737549,3.629286050796509,500180800
2009-03-20,3.646070957183838,3.682499885559082,3.5917859077453613,3.628213882446289,695587200
2009-03-23,3.6682140827178955,3.8628571033477783,3.6339290142059326,3.8450000286102295,666397200
2009-03-24,3.7985711097717285,3.9085710048675537,3.7639288902282715,3.8035709857940674,640612000
2009-03-25,3.8421430587768555,3.869999885559082,3.7092859745025635,3.8032140731811523,646618000
2009-03-26,3.8510708808898926,3.927856922149658,3.8421430587768555,3.92392897605896,616252000
2009-03-27,3.865356922149658,3.876070976257324,3.799999952316284,3.816071033477783,492872800
2009-03-30,3.7325000762939453,3.750356912612915,3.6646430492401123,3.731786012649536,502796000
2009-03-31,3.766071081161499,3.8375000953674316,3.75,3.754286050796509,570080000
2009-04-01,3.7174999713897705,3.892857074737549,3.7103569507598877,3.8817861080169678,589372000
2009-04-02,3.9335711002349854,4.098214149475098,3.9207139015197754,4.025356769561768,812366800
2009-04-03,4.078214168548584,4.147500038146973,4.054286003112793,4.142499923706055,636241200
2009-04-06,4.105000019073486,4.2410712242126465,4.045713901519775,4.2303571701049805,658064400
2009-04-07,4.161786079406738,4.166786193847656,4.078214168548584,4.107142925262451,536580800
2009-04-08,4.122499942779541,4.1710710525512695,4.0921430587768555,4.154285907745361,455630000
2009-04-09,4.229286193847656,4.285714149475098,4.212856769561768,4.270357131958008,530756800
2009-04-13,4.286070823669434,4.320713996887207,4.25,4.2935709953308105,389236400
2009-04-14,4.270357131958008,4.291786193847656,4.1875,4.2253570556640625,454622000
2009-04-15,4.185713768005371,4.223214149475098,4.134285926818848,4.2014288902282715,412882400
2009-04-16,4.256785869598389,4.398213863372803,4.242499828338623,4.337500095367432,593446000
2009-04-17,4.32785701751709,4.4375,4.294642925262451,4.4078569412231445,497495600
2009-04-20,4.347499847412109,4.392499923706055,4.255713939666748,4.3035712242126465,466466000
2009-04-21,4.246070861816406,4.362143039703369,4.235713958740234,4.348570823669434,470685600
2009-04-22,4.379642963409424,4.476786136627197,4.32857084274292,4.3396430015563965,938767200
2009-04-23,4.5221428871154785,4.5428571701049805,4.411070823669434,4.478570938110352,945156800
2009-04-24,4.4514288902282715,4.46928596496582,4.391786098480225,4.425000190734863,540764000
2009-04-27,4.389286041259766,4.464285850524902,4.380713939666748,4.4546427726745605,480690000
2009-04-28,4.4053568840026855,4.507500171661377,4.4021430015563965,4.425000190734863,455856800
2009-04-29,4.458929061889648,4.5303568840026855,4.422500133514404,4.46928596496582,458110800
2009-04-30,4.507856845855713,4.535714149475098,4.461429119110107,4.493928909301758,498489600
2009-05-01,4.492856979370117,4.569643020629883,4.492856979370117,4.544285774230957,397516000
2009-05-04,4.579999923706055,4.723214149475098,4.559999942779541,4.716785907745361,609358400
2009-05-05,4.705357074737549,4.744999885559082,4.682857036590576,4.739643096923828,398255200
2009-05-06,4.761785984039307,4.767857074737549,4.650713920593262,4.732142925262451,473538800
2009-05-07,4.726070880889893,4.728213787078857,4.567856788635254,4.609285831451416,531776000
2009-05-08,4.6085710525512695,4.68678617477417,4.509285926818848,4.61392879486084,467964000
2009-05-11,4.548929214477539,4.677143096923828,4.539999961853027,4.627500057220459,404658800
2009-05-12,4.627142906188965,4.632500171661377,4.401785850524902,4.443571090698242,609481600
2009-05-13,4.400356769561768,4.429286003112793,4.263570785522461,4.267499923706055,595971600
2009-05-14,4.277856826782227,4.411786079406738,4.275000095367432,4.39107084274292,447826400
2009-05-15,4.368570804595947,4.450714111328125,4.34321403503418,4.372142791748047,367567200
2009-05-18,4.418929100036621,4.525000095367432,4.341785907745361,4.523213863372803,458841600
2009-05-19,4.529285907745361,4.618214130401611,4.490714073181152,4.551785945892334,372422400
2009-05-20,4.55821418762207,4.614643096923828,4.474999904632568,4.495357036590576,388584000
2009-05-21,4.4696431159973145,4.527856826782227,4.3889288902282715,4.434999942779541,407946000
2009-05-22,4.430356979370117,4.434999942779541,4.348214149475098,4.375,297998400
2009-05-26,4.455714225769043,4.672500133514404,4.448214054107666,4.670713901519775,636927200
2009-05-27,4.7064290046691895,4.820713996887207,4.675356864929199,4.751786231994629,646422000
2009-05-28,4.76607084274292,4.835357189178467,4.715356826782227,4.8239288330078125,487552800
2009-05-29,4.835357189178467,4.853570938110352,4.7803568840026855,4.8503570556640625,456534400
2009-06-01,4.873929023742676,4.999642848968506,4.857142925262451,4.976786136627197,452499600
2009-06-02,4.963929176330566,5.04785680770874,4.941071033477783,4.981785774230957,456223600
2009-06-03,5.0,5.039642810821533,4.966785907745361,5.033928871154785,565199600
2009-06-04,5.004642963409424,5.149285793304443,5.001429080963135,5.133571147918701,550634000
2009-06-05,5.189642906188965,5.228570938110352,5.114643096923828,5.166786193847656,632716000
2009-06-08,5.1364288330078125,5.151071071624756,4.979642868041992,5.137499809265137,931652400
2009-06-09,5.13607120513916,5.1628570556640625,5.0196428298950195,5.097143173217773,676964400
2009-06-10,5.0814290046691895,5.083929061889648,4.939286231994629,5.0089287757873535,688623600
2009-06-11,4.98392915725708,5.055714130401611,4.948214054107666,4.998213768005371,524823600
2009-06-12,4.957499980926514,4.9678568840026855,4.8585710525512695,4.891786098480225,563085600
2009-06-15,4.857500076293945,4.89035701751709,4.817500114440918,4.86035680770874,539750400
2009-06-16,4.880713939666748,4.945356845855713,4.860713958740234,4.869643211364746,514805200
2009-06-17,4.881071090698242,4.908928871154785,4.804643154144287,4.8421430587768555,571412800
2009-06-18,4.8610711097717285,4.9285712242126465,4.84250020980835,4.8528571128845215,427680400
2009-06-19,4.931070804595947,4.982142925262451,4.889286041259766,4.981429100036621,721856800
2009-06-22,5.023929119110107,5.055714130401611,4.868928909301758,4.906071186065674,634914000
2009-06-23,4.871428966522217,4.89107084274292,4.74571418762207,4.786070823669434,706532400
2009-06-24,4.836429119110107,4.910714149475098,4.816429138183594,4.864999771118164,485525600
2009-06-25,4.848214149475098,5.007143020629883,4.8289289474487305,4.994999885559082,589447600
2009-06-26,4.992499828338623,5.127142906188965,4.990714073181152,5.0871429443359375,439384400
2009-06-29,5.123570919036865,5.14107084274292,5.054999828338623,5.070356845855713,567616000
2009-06-30,5.0921430587768555,5.135714054107666,5.064286231994629,5.086785793304443,434224000
2009-07-01,5.125,5.166429042816162,5.090000152587891,5.101070880889893,414178800
2009-07-02,5.044642925262451,5.101070880889893,4.992499828338623,5.00071382522583,370479200
2009-07-06,4.95357084274292,4.963929176330566,4.8660712242126465,4.950356960296631,498688400
2009-07-07,4.945713996887207,4.9885711669921875,4.82785701751709,4.835713863372803,461596800
2009-07-08,4.854286193847656,4.929999828338623,4.800714015960693,4.900713920593262,575929200
2009-07-09,4.920000076293945,4.928214073181152,4.854642868041992,4.869999885559082,343025200
2009-07-10,4.869286060333252,4.963213920593262,4.868570804595947,4.947143077850342,445275600
2009-07-13,4.9835710525512695,5.083570957183838,4.911786079406738,5.083570957183838,483501200
2009-07-14,5.072500228881836,5.1135711669921875,5.041429042816162,5.081070899963379,347247600
2009-07-15,5.179999828338623,5.25,5.154285907745361,5.24571418762207,485587200
2009-07-16,5.205714225769043,5.286428928375244,5.1989288330078125,5.268570899963379,393570800
2009-07-17,5.324285984039307,5.429286003112793,5.30821418762207,5.419642925262451,602154000
2009-07-20,5.473928928375244,5.537143230438232,5.3889288902282715,5.461071014404297,735526400
2009-07-21,5.474643230438232,5.479642868041992,5.348214149475098,5.411070823669434,874781600
2009-07-22,5.635356903076172,5.668929100036621,5.575356960296631,5.5978569984436035,874104000
2009-07-23,5.593928813934326,5.658570766448975,5.555714130401611,5.6364288330078125,526962800
2009-07-24,5.6053571701049805,5.714285850524902,5.589285850524902,5.713929176330566,438362400
2009-07-27,5.7203569412231445,5.74571418762207,5.616428852081299,5.7178568840026855,433311200
2009-07-28,5.674285888671875,5.7178568840026855,5.628571033477783,5.714285850524902,363554800
2009-07-29,5.675000190734863,5.7303571701049805,5.651785850524902,5.715356826782227,382158000
2009-07-30,5.775000095367432,5.882856845855713,5.767857074737549,5.813929080963135,469604800
2009-07-31,5.821071147918701,5.892857074737549,5.818213939666748,5.835357189178467,422536800
2009-08-03,5.900356769561768,5.9514288902282715,5.888214111328125,5.943929195404053,394240000
2009-08-04,5.89035701751709,5.913214206695557,5.864643096923828,5.912499904632568,395810800
2009-08-05,5.919642925262451,5.978213787078857,5.864643096923828,5.896786212921143,423183600
2009-08-06,5.913570880889893,5.946785926818848,5.824643135070801,5.853929042816162,341616800
2009-08-07,5.9103569984436035,5.949999809265137,5.885714054107666,5.911070823669434,387354800
2009-08-10,5.916429042816162,5.949999809265137,5.84499979019165,5.882856845855713,300294400
2009-08-11,5.846070766448975,5.87071418762207,5.781428813934326,5.815357208251953,355342400
2009-08-12,5.805356979370117,5.9539289474487305,5.802143096923828,5.903929233551025,445071200
2009-08-13,5.951786041259766,6.023929119110107,5.9464287757873535,6.014999866485596,439980800
2009-08-14,5.997857093811035,6.008213996887207,5.911786079406738,5.9564290046691895,305816000
2009-08-17,5.841071128845215,5.84250020980835,5.693571090698242,5.699643135070801,524381200
2009-08-18,5.772500038146973,5.865714073181152,5.76464319229126,5.857142925262451,431152400
2009-08-19,5.8125,5.903571128845215,5.801785945892334,5.878571033477783,413271600
2009-08-20,5.8921427726745605,5.954286098480225,5.878929138183594,5.940357208251953,342031200
2009-08-21,5.987500190734863,6.048929214477539,5.9571428298950195,6.0435709953308105,416074400
2009-08-24,6.075714111328125,6.096786022186279,6.009643077850342,6.0378570556640625,406929600
2009-08-25,6.052143096923828,6.105000019073486,6.0403571128845215,6.050000190734863,324354800
2009-08-26,6.0328569412231445,6.055356979370117,5.955714225769043,5.978929042816162,303998800
2009-08-27,6.026785850524902,6.056070804595947,5.886785984039307,6.051785945892334,449181600
2009-08-28,6.152500152587891,6.1603569984436035,6.0189290046691895,6.073214054107666,453700800
2009-08-31,6.005713939666748,6.0303568840026855,5.9464287757873535,6.007500171661377,311337600
2009-09-01,5.999642848968506,6.0714287757873535,5.890714168548584,5.903571128845215,469028000
2009-09-02,5.87928581237793,5.9860711097717285,5.8610711097717285,5.899285793304443,364249200
2009-09-03,5.944285869598389,5.9678568840026855,5.892857074737549,5.948214054107666,293955200
2009-09-04,5.974286079406738,6.096428871154785,5.96750020980835,6.082499980926514,374628800
2009-09-08,6.177856922149658,6.183570861816406,6.142857074737549,6.1760711669921875,315047600
2009-09-09,6.170713901519775,6.2310709953308105,6.060713768005371,6.112143039703369,811087200
2009-09-10,6.144999980926514,6.1875,6.1003570556640625,6.1628570556640625,491134000
2009-09-11,6.175356864929199,6.184999942779541,6.102499961853027,6.148571014404297,348961200
2009-09-14,6.101070880889893,6.210713863372803,6.080357074737549,6.204286098480225,322011200
2009-09-15,6.215713977813721,6.273213863372803,6.199643135070801,6.255713939666748,426470800
2009-09-16,6.356785774230957,6.526785850524902,6.3528571128845215,6.495357036590576,754023200
2009-09-17,6.49928617477417,6.6710710525512695,6.498929023742676,6.591071128845215,810572000
2009-09-18,6.636785984039307,6.662499904632568,6.598570823669434,6.6078572273254395,601582800
2009-09-21,6.581786155700684,6.612856864929199,6.486429214477539,6.572143077850342,437715600
2009-09-22,6.61392879486084,6.62071418762207,6.5303568840026855,6.588571071624756,356753600
2009-09-23,6.621428966522217,6.746428966522217,6.608213901519775,6.625,593563600
2009-09-24,6.685713768005371,6.70357084274292,6.527500152587891,6.565000057220459,550880400
2009-09-25,6.500357151031494,6.625,6.480000019073486,6.513214111328125,445239200
2009-09-28,6.56678581237793,6.667142868041992,6.547500133514404,6.648213863372803,337444800
2009-09-29,6.668929100036621,6.692856788635254,6.582499980926514,6.62071418762207,345385600
2009-09-30,6.647500038146973,6.658928871154785,6.521786212921143,6.619643211364746,539585200
2009-10-01,6.619643211364746,6.650713920593262,6.45357084274292,6.459286212921143,524711600
2009-10-02,6.478929042816162,6.640714168548584,6.476786136627197,6.603570938110352,553308000
2009-10-05,6.650000095367432,6.6735711097717285,6.581070899963379,6.643570899963379,423133200
2009-10-06,6.704999923706055,6.786070823669434,6.689286231994629,6.786070823669434,605085600
2009-10-07,6.7771430015563965,6.805356979370117,6.751070976257324,6.794642925262451,465668000
2009-10-08,6.809286117553711,6.837500095367432,6.746070861816406,6.759643077850342,438211200
2009-10-09,6.748929023742676,6.810713768005371,6.736429214477539,6.802499771118164,293272000
2009-10-12,6.822143077850342,6.8396430015563965,6.772857189178467,6.814642906188965,288024800
2009-10-13,6.80821418762207,6.827499866485596,6.775000095367432,6.786428928375244,348020400
2009-10-14,6.8660712242126465,6.868570804595947,6.793929100036621,6.831786155700684,375510800
2009-10-15,6.772500038146973,6.818571090698242,6.7689290046691895,6.805714130401611,373556400
2009-10-16,6.762499809265137,6.7985711097717285,6.708570957183838,6.716071128845215,431426800
2009-10-19,6.708929061889648,6.785714149475098,6.626786231994629,6.78071403503418,942230800
2009-10-20,7.164286136627197,7.205357074737549,7.066071033477783,7.098570823669434,1141039200
2009-10-21,7.12571382522583,7.4539289474487305,7.115356922149658,7.318571090698242,1193726800
2009-10-22,7.310713768005371,7.423213958740234,7.232500076293945,7.32857084274292,791392000
2009-10-23,7.346428871154785,7.349999904632568,7.258213996887207,7.283570766448975,420786800
2009-10-26,7.273929119110107,7.3839287757873535,7.146429061889648,7.231429100036621,484338400
2009-10-27,7.20214319229126,7.243214130401611,7.01607084274292,7.048929214477539,756551600
2009-10-28,7.061070919036865,7.072143077850342,6.824999809265137,6.871428966522217,818386800
2009-10-29,6.964285850524902,7.028929233551025,6.862143039703369,7.012499809265137,570270400
2009-10-30,7.002142906188965,7.028571128845215,6.7203569412231445,6.732142925262451,717525200
2009-11-02,6.778571128845215,6.888570785522461,6.627500057220459,6.76107120513916,678983200
2009-11-03,6.708929061889648,6.768570899963379,6.639999866485596,6.7410712242126465,522541600
2009-11-04,6.81178617477417,6.923213958740234,6.793929100036621,6.814642906188965,487530400
2009-11-05,6.871428966522217,6.964285850524902,6.850714206695557,6.929643154144287,384801200
2009-11-06,6.875357151031494,6.971070766448975,6.871428966522217,6.940713882446289,295097600
2009-11-09,7.033570766448975,7.210713863372803,7.009285926818848,7.195000171661377,528855600
2009-11-10,7.179286003112793,7.320713996887207,7.178928852081299,7.24928617477417,401195200
2009-11-11,7.305714130401611,7.3214287757873535,7.208213806152344,7.2589287757873535,443870000
2009-11-12,7.255000114440918,7.31678581237793,7.193929195404053,7.213929176330566,363731200
2009-11-13,7.245357036590576,7.315357208251953,7.216785907745361,7.301785945892334,343240800
2009-11-16,7.338571071624756,7.4285712242126465,7.321785926818848,7.379642963409424,485206400
2009-11-17,7.360000133514404,7.408570766448975,7.3214287757873535,7.392857074737549,396513600
2009-11-18,7.376429080963135,7.392857074737549,7.285714149475098,7.355713844299316,374320800
2009-11-19,7.307499885559082,7.307499885559082,7.135714054107666,7.161070823669434,542326400
2009-11-20,7.112500190734863,7.15678596496582,7.062857151031494,7.139999866485596,406666400
2009-11-23,7.25,7.357142925262451,7.248213768005371,7.3528571128845215,474896800
2009-11-24,7.333213806152344,7.3528571128845215,7.246428966522217,7.30142879486084,318438400
2009-11-25,7.335713863372803,7.3446431159973145,7.2771430015563965,7.292500019073486,286454000
2009-11-27,7.114999771118164,7.248570919036865,7.0846428871154785,7.163928985595703,295257200
2009-11-30,7.182499885559082,7.20285701751709,7.098928928375244,7.13964319229126,424858000
2009-12-01,7.2228569984436035,7.241786003112793,7.0296430587768555,7.034643173217773,465763200
2009-12-02,7.105713844299316,7.193571090698242,6.9910712242126465,7.008213996887207,715260000
2009-12-03,7.050714015960693,7.106429100036621,7.009643077850342,7.0171427726745605,448719600
2009-12-04,7.132143020629883,7.138570785522461,6.795713901519775,6.904285907745361,826884800
2009-12-07,6.904285907745361,6.9203572273254395,6.7385711669921875,6.748213768005371,714758800
2009-12-08,6.762856960296631,6.869643211364746,6.739285945892334,6.781071186065674,690398800
2009-12-09,6.8314290046691895,7.07714319229126,6.796785831451416,7.064286231994629,684782000
2009-12-10,7.125,7.132143020629883,7.00428581237793,7.01535701751709,489669600
2009-12-11,7.063570976257324,7.0714287757873535,6.908214092254639,6.952499866485596,429774800
2009-12-14,6.977499961853027,7.0510711669921875,6.877142906188965,7.034999847412109,495790400
2009-12-15,6.993928909301758,7.053928852081299,6.902500152587891,6.934642791748047,419459600
2009-12-16,6.9678568840026855,7.017857074737549,6.948214054107666,6.965356826782227,352984800
2009-12-17,6.937857151031494,6.964285850524902,6.8214287757873535,6.852142810821533,388838800
2009-12-18,6.898929119110107,6.982142925262451,6.878571033477783,6.979642868041992,608770400
2009-12-21,7.001786231994629,7.1339287757873535,6.988214015960693,7.0796427726745605,611906400
2009-12-22,7.122857093811035,7.173213958740234,7.09499979019165,7.15571403503418,349515600
2009-12-23,7.185713768005371,7.2278571128845215,7.171785831451416,7.2178568840026855,345525600
2009-12-24,7.2696428298950195,7.476786136627197,7.262499809265137,7.465713977813721,500889200
2009-12-28,7.561429023742676,7.64107084274292,7.4860711097717285,7.557499885559082,644565600
2009-12-29,7.593928813934326,7.597143173217773,7.4546427726745605,7.4678568840026855,445205600
2009-12-30,7.458213806152344,7.5714287757873535,7.439642906188965,7.558570861816406,412084400
2009-12-31,7.611785888671875,7.619643211364746,7.519999980926514,7.526071071624756,352410800
2010-01-04,7.622499942779541,7.660714149475098,7.585000038146973,7.643214225769043,493729600
2010-01-05,7.664286136627197,7.699643135070801,7.6160712242126465,7.656428813934326,601904800
2010-01-06,7.656428813934326,7.68678617477417,7.526785850524902,7.534643173217773,552160000
2010-01-07,7.5625,7.5714287757873535,7.466071128845215,7.520713806152344,477131200
2010-01-08,7.510714054107666,7.5714287757873535,7.466429233551025,7.570713996887207,447610800
2010-01-11,7.599999904632568,7.607142925262451,7.444643020629883,7.503929138183594,462229600
2010-01-12,7.471070766448975,7.491786003112793,7.372142791748047,7.4185709953308105,594459600
2010-01-13,7.423929214477539,7.533214092254639,7.289286136627197,7.523213863372803,605892000
2010-01-14,7.503929138183594,7.5164289474487305,7.465000152587891,7.479642868041992,432894000
2010-01-15,7.533214092254639,7.557143211364746,7.352499961853027,7.354642868041992,594067600
2010-01-19,7.440357208251953,7.685357093811035,7.401429176330566,7.679999828338623,730007600
2010-01-20,7.675356864929199,7.698214054107666,7.482142925262451,7.56178617477417,612152800
2010-01-21,7.574285984039307,7.618214130401611,7.400356769561768,7.431070804595947,608154400
2010-01-22,7.385000228881836,7.410714149475098,7.041429042816162,7.0625,881767600
2010-01-25,7.232500076293945,7.310713768005371,7.1496429443359375,7.252500057220459,1065699600
2010-01-26,7.3553571701049805,7.632500171661377,7.235000133514404,7.355000019073486,1867110000
2010-01-27,7.387499809265137,7.520713806152344,7.126070976257324,7.424285888671875,1722568400
2010-01-28,7.318929195404053,7.339285850524902,7.096428871154785,7.117499828338623,1173502400
2010-01-29,7.181428909301758,7.221428871154785,6.794642925262451,6.859285831451416,1245952400
2010-02-01,6.870357036590576,7.0,6.8321428298950195,6.9546427726745605,749876400
2010-02-02,6.996786117553711,7.0114288330078125,6.906428813934326,6.994999885559082,698342400
2010-02-03,6.9703569412231445,7.150000095367432,6.943571090698242,7.115356922149658,615328000
2010-02-04,7.026071071624756,7.0846428871154785,6.841785907745361,6.85892915725708,757652000
2010-02-05,6.879642963409424,7.0,6.816071033477783,6.980713844299316,850306800
2010-02-08,6.98892879486084,7.067142963409424,6.9285712242126465,6.932857036590576,478270800
2010-02-09,7.014999866485596,7.0535712242126465,6.955357074737549,7.006785869598389,632886800
2010-02-10,6.996070861816406,7.021429061889648,6.937857151031494,6.968571186065674,370361600
2010-02-11,6.960000038146973,7.1339287757873535,6.930714130401611,7.0953569412231445,550345600
2010-02-12,7.075356960296631,7.2014288902282715,6.982142925262451,7.156428813934326,655468800
2010-02-16,7.2121429443359375,7.2746429443359375,7.197143077850342,7.264286041259766,543737600
2010-02-17,7.292500019073486,7.296785831451416,7.1735711097717285,7.23392915725708,436396800
2010-02-18,7.201070785522461,7.28178596496582,7.175714015960693,7.247499942779541,422825200
2010-02-19,7.209286212921143,7.257143020629883,7.182499885559082,7.202499866485596,415469600
2010-02-22,7.226428985595703,7.232142925262451,7.11392879486084,7.1578569412231445,390563600
2010-02-23,7.142857074737549,7.190357208251953,6.989643096923828,7.0378570556640625,575094800
2010-02-24,7.0796427726745605,7.194285869598389,7.065713882446289,7.166429042816162,460566400
2010-02-25,7.049285888671875,7.244999885559082,7.03178596496582,7.214285850524902,665126000
2010-02-26,7.2278571128845215,7.327499866485596,7.214285850524902,7.307857036590576,507460800
2010-03-01,7.348214149475098,7.482142925262451,7.337500095367432,7.463929176330566,550093600
2010-03-02,7.497499942779541,7.5296430587768555,7.419285774230957,7.458929061889648,566546400
2010-03-03,7.4621429443359375,7.495357036590576,7.42642879486084,7.476070880889893,372052800
2010-03-04,7.474286079406738,7.5328569412231445,7.451070785522461,7.525356769561768,366041200
2010-03-05,7.67642879486084,7.846428871154785,7.6653571128845215,7.819643020629883,899620400
2010-03-08,7.857500076293945,7.86035680770874,7.794642925262451,7.824285984039307,429889600
2010-03-09,7.796785831451416,8.035714149475098,7.78178596496582,7.965000152587891,920259200
2010-03-10,7.993928909301758,8.052857398986816,7.971428871154785,8.029999732971191,596218000
2010-03-11,7.996786117553711,8.053570747375488,7.975714206695557,8.053570747375488,405700400
2010-03-12,8.120356559753418,8.133213996887207,8.0625,8.092857360839844,416323600
2010-03-15,8.049285888671875,8.053570747375488,7.8660712242126465,7.994286060333252,493502800
2010-03-16,8.006428718566895,8.03499984741211,7.946785926818848,8.016071319580078,446908000
2010-03-17,8.032142639160156,8.087499618530273,7.973928928375244,8.00428581237793,450956800
2010-03-18,8.003570556640625,8.035714149475098,7.950356960296631,8.023214340209961,342109600
2010-03-19,8.028214454650879,8.044285774230957,7.901071071624756,7.9375,559445600
2010-03-22,7.873929023742676,8.071429252624512,7.862500190734863,8.026785850524902,456419600
2010-03-23,8.058570861816406,8.170714378356934,8.003570556640625,8.15571403503418,602431200
2010-03-24,8.130000114440918,8.221428871154785,8.125356674194336,8.19178581237793,597780400
2010-03-25,8.247142791748047,8.248929023742676,8.08035659790039,8.094642639160156,542284400
2010-03-26,8.176786422729492,8.283928871154785,8.162500381469727,8.246429443359375,640875200
2010-03-29,8.321429252624512,8.352499961853027,8.272143363952637,8.299642562866211,540744400
2010-03-30,8.449999809265137,8.481429100036621,8.366070747375488,8.423213958740234,527310000
2010-03-31,8.410357475280762,8.450357437133789,8.373571395874023,8.39285659790039,430659600
2010-04-01,8.478928565979004,8.526070594787598,8.3125,8.427499771118164,603145200
2010-04-05,8.392143249511719,8.518214225769043,8.384642601013184,8.517499923706055,684507600
2010-04-06,8.507143020629883,8.579999923706055,8.464285850524902,8.555000305175781,447017200
2010-04-07,8.555356979370117,8.640000343322754,8.523571014404297,8.592857360839844,628502000
2010-04-08,8.587142944335938,8.626428604125977,8.501428604125977,8.569643020629883,572989200
2010-04-09,8.6225004196167,8.63892936706543,8.587857246398926,8.635356903076172,334182800
2010-04-12,8.649999618530273,8.681071281433105,8.63607120513916,8.653214454650879,333026400
2010-04-13,8.637857437133789,8.671428680419922,8.61107063293457,8.65821361541748,306210800
2010-04-14,8.760000228881836,8.778928756713867,8.71678638458252,8.774642944335938,404076400
2010-04-15,8.777856826782227,8.893928527832031,8.768214225769043,8.890000343322754,376784800
2010-04-16,8.8774995803833,8.96928596496582,8.733928680419922,8.835714340209961,750545600
2010-04-19,8.822500228881836,8.853214263916016,8.634642601013184,8.823928833007812,566924400
2010-04-20,8.876428604125977,8.901785850524902,8.677143096923828,8.735357284545898,738326400
2010-04-21,9.242856979370117,9.29464340209961,9.133213996887207,9.257857322692871,982391200
2010-04-22,9.222857475280762,9.526785850524902,9.149999618530273,9.516785621643066,793424800
2010-04-23,9.571070671081543,9.72071361541748,9.535714149475098,9.672499656677246,796955600
2010-04-26,9.710000038146973,9.730713844299316,9.578213691711426,9.625,479068800
2010-04-27,9.545356750488281,9.565713882446289,9.304286003112793,9.35857105255127,709343600
2010-04-28,9.401785850524902,9.428570747375488,9.157500267028809,9.342857360839844,758402400
2010-04-29,9.393570899963379,9.64285659790039,9.357500076293945,9.59428596496582,558840800
2010-04-30,9.618213653564453,9.663213729858398,9.321429252624512,9.3246431350708,542463600
2010-05-03,9.422857284545898,9.567143440246582,9.388570785522461,9.512499809265137,454342000
2010-05-04,9.38892936706543,9.403214454650879,9.16964340209961,9.238571166992188,723819600
2010-05-05,9.036786079406738,9.21928596496582,8.883213996887207,9.142499923706055,883103200
2010-05-06,9.065357208251953,9.223214149475098,7.1160712242126465,8.79464340209961,1285860800
2010-05-07,8.70392894744873,8.806071281433105,8.043213844299316,8.42357063293457,1676018400
2010-05-10,8.9375,9.094642639160156,8.876070976257324,9.071070671081543,984306400
2010-05-11,8.994285583496094,9.28178596496582,8.946429252624512,9.161429405212402,848906800
2010-05-12,9.258570671081543,9.397500038146973,9.239286422729492,9.360357284545898,654379600
2010-05-13,9.400713920593262,9.464285850524902,9.157142639160156,9.227143287658691,599712400
2010-05-14,9.1128568649292,9.15999984741211,8.910714149475098,9.0649995803833,759362800
2010-05-17,9.096428871154785,9.149286270141602,8.846785545349121,9.079285621643066,762834800
2010-05-18,9.177857398986816,9.233928680419922,8.937856674194336,9.012857437133789,782678400
2010-05-19,8.910714149475098,9.032856941223145,8.744643211364746,8.869285583496094,1025726800
2010-05-20,8.638570785522461,8.708929061889648,8.436071395874023,8.491429328918457,1282915200
2010-05-21,8.3149995803833,8.73214340209961,8.262499809265137,8.65428638458252,1223891200
2010-05-24,8.831428527832031,8.960714340209961,8.795000076293945,8.812856674194336,754238800
2010-05-25,8.548213958740234,8.812856674194336,8.470000267028809,8.757857322692871,1048006400
2010-05-26,8.931428909301758,9.004643440246582,8.70535659790039,8.71821403503418,850654000
2010-05-27,8.949999809265137,9.067500114440918,8.896785736083984,9.048213958740234,666282400
2010-05-28,9.26392936706543,9.264286041259766,9.048213958740234,9.174285888671875,815614800
2010-06-01,9.274642944335938,9.497857093811035,9.248571395874023,9.315357208251953,876472800
2010-06-02,9.447856903076172,9.45714282989502,9.297499656677246,9.426786422729492,688548000
2010-06-03,9.47071361541748,9.483928680419922,9.3003568649292,9.397143363952637,650106800
2010-06-04,9.221785545349121,9.353570938110352,9.093929290771484,9.14142894744873,758304400
2010-06-07,9.224642753601074,9.255356788635254,8.948213577270508,8.962142944335938,886942000
2010-06-08,9.044285774230957,9.064286231994629,8.773214340209961,8.904643058776855,1000770400
2010-06-09,8.981071472167969,8.996429443359375,8.660357475280762,8.685713768005371,854630000
2010-06-10,8.744285583496094,8.963570594787598,8.649999618530273,8.946785926818848,776356000
2010-06-11,8.865357398986816,9.066429138183594,8.834643363952637,9.053929328918457,545759200
2010-06-14,9.14142894744873,9.255356788635254,9.071785926818848,9.081428527832031,602960400
2010-06-15,9.130000114440918,9.280357360839844,9.125,9.274642944335938,585074000
2010-06-16,9.324999809265137,9.5625,9.30821418762207,9.54464340209961,783678000
2010-06-17,9.664285659790039,9.746429443359375,9.625,9.709643363952637,872855200
2010-06-18,9.723214149475098,9.821429252624512,9.693571090698242,9.788213729858398,784621600
2010-06-21,9.917499542236328,9.964642524719238,9.59749984741211,9.64892864227295,776490400
2010-06-22,9.720000267028809,9.856071472167969,9.696429252624512,9.780357360839844,717262000
2010-06-23,9.806428909301758,9.809286117553711,9.567856788635254,9.677499771118164,768457200
2010-06-24,9.678570747375488,9.757143020629883,9.574999809265137,9.60714340209961,714277200
2010-06-25,9.645000457763672,9.65250015258789,9.493213653564453,9.524999618530273,549942400
2010-06-28,9.53321361541748,9.633929252624512,9.447142601013184,9.58214282989502,584948000
2010-06-29,9.432856559753418,9.442500114440918,9.08214282989502,9.14892864227295,1133344800
2010-06-30,9.168213844299316,9.213213920593262,8.928929328918457,8.983214378356934,739452000
2010-07-01,9.08214282989502,9.100000381469727,8.686429023742676,8.874285697937012,1022896000
2010-07-02,8.946070671081543,8.961786270141602,8.685713768005371,8.819286346435547,693842800
2010-07-06,8.964285850524902,9.028571128845215,8.791428565979004,8.879643440246582,615235600
2010-07-07,8.946070671081543,9.241786003112793,8.91964340209961,9.238213539123535,654556000
2010-07-08,9.374285697937012,9.389286041259766,9.103214263916016,9.217499732971191,738144400
2010-07-09,9.174642562866211,9.282142639160156,9.1128568649292,9.272143363952637,433322400
2010-07-12,9.233214378356934,9.351785659790039,9.102143287658691,9.188928604125977,562878400
2010-07-13,9.15428638458252,9.157142639160156,8.801071166992188,8.992856979370117,1190924000
2010-07-14,8.906429290771484,9.135713577270508,8.89285659790039,9.026070594787598,812047600
2010-07-15,8.865357398986816,9.177499771118164,8.83214282989502,8.98035717010498,824866000
2010-07-16,9.042142868041992,9.106071472167969,8.871786117553711,8.925000190734863,1039858400
2010-07-19,8.924285888671875,8.924285888671875,8.557143211364746,8.770713806152344,1024478000
2010-07-20,8.675000190734863,9.032142639160156,8.571785926818848,8.996070861816406,1074950800
2010-07-21,9.467499732971191,9.469642639160156,9.071429252624512,9.079999923706055,1185671200
2010-07-22,9.20285701751709,9.285714149475098,9.118213653564453,9.250714302062988,645318800
2010-07-23,9.181785583496094,9.299285888671875,9.152856826782227,9.283571243286133,533388800
2010-07-26,9.285714149475098,9.289285659790039,9.20392894744873,9.260000228881836,420551600
2010-07-27,9.31678581237793,9.45714282989502,9.296428680419922,9.431428909301758,584771600
2010-07-28,9.416786193847656,9.499643325805664,9.29464340209961,9.319999694824219,519985200
2010-07-29,9.311071395874023,9.380356788635254,9.146429061889648,9.21821403503418,643806800
2010-07-30,9.13892936706543,9.274999618530273,9.103570938110352,9.1875,448210000
2010-08-02,9.30142879486084,9.378213882446289,9.272143363952637,9.351785659790039,428055600
2010-08-03,9.321785926818848,9.402142524719238,9.265000343322754,9.354642868041992,417653600
2010-08-04,9.3871431350708,9.438570976257324,9.296786308288574,9.392143249511719,420375200
2010-08-05,9.34749984741211,9.399286270141602,9.305356979370117,9.346428871154785,289097200
2010-08-06,9.277856826782227,9.338929176330566,9.201070785522461,9.288928985595703,444897600
2010-08-09,9.338570594787598,9.362500190734863,9.270357131958008,9.348214149475098,303128000
2010-08-10,9.280357360839844,9.301786422729492,9.198213577270508,9.264642715454102,451920000
2010-08-11,9.121429443359375,9.131786346435547,8.921786308288574,8.935357093811035,620054400
2010-08-12,8.810357093811035,9.039285659790039,8.789999961853027,8.992500305175781,534920400
2010-08-13,8.987500190734863,8.99571418762207,8.896071434020996,8.896429061889648,354869200
2010-08-16,8.842143058776855,8.928929328918457,8.807856559753418,8.84428596496582,318430000
2010-08-17,8.931428909301758,9.093929290771484,8.899999618530273,8.998929023742676,422640400
2010-08-18,9.012857437133789,9.095356941223145,8.984999656677246,9.038213729858398,339696000
2010-08-19,9.029999732971191,9.052857398986816,8.881428718566895,8.924285888671875,426706000
2010-08-20,8.90678596496582,9.068571090698242,8.89285659790039,8.915714263916016,384230000
2010-08-23,8.992500305175781,9.0,8.758929252624512,8.778571128845215,414041600
2010-08-24,8.666786193847656,8.678570747375488,8.523214340209961,8.568928718566895,602565600
2010-08-25,8.501428604125977,8.713929176330566,8.471428871154785,8.674642562866211,596867600
2010-08-26,8.766071319580078,8.776785850524902,8.581428527832031,8.581428527832031,466505200
2010-08-27,8.633929252624512,8.664643287658691,8.412857055664062,8.62928581237793,548391200
2010-08-30,8.598570823669434,8.776785850524902,8.59571361541748,8.660714149475098,383289200
2010-08-31,8.637499809265137,8.734286308288574,8.583929061889648,8.682143211364746,420786800
2010-09-01,8.838213920593262,8.980713844299316,8.795714378356934,8.940357208251953,697037600
2010-09-02,8.973570823669434,9.006071090698242,8.8774995803833,9.006071090698242,415427600
2010-09-03,9.110357284545898,9.242142677307129,9.089285850524902,9.241786003112793,520788800
2010-09-07,9.165714263916016,9.268928527832031,9.151785850524902,9.207500457763672,342557600
2010-09-08,9.277856826782227,9.442500114440918,9.253570556640625,9.390000343322754,526551200
2010-09-09,9.465714454650879,9.518570899963379,9.390000343322754,9.395357131958008,438575200
2010-09-10,9.399642944335938,9.446429252624512,9.335714340209961,9.407500267028809,387542400
2010-09-13,9.493571281433105,9.581428527832031,9.491429328918457,9.537142753601074,388780000
2010-09-14,9.507499694824219,9.613213539123535,9.482856750488281,9.57357120513916,408150400
2010-09-15,9.577500343322754,9.656429290771484,9.565713882446289,9.650713920593262,429368800
2010-09-16,9.651429176330566,9.881071090698242,9.625,9.8774995803833,652103200
2010-09-17,9.917499542236328,9.927143096923828,9.774286270141602,9.834643363952637,634477200
2010-09-20,9.859999656677246,10.135000228881836,9.851785659790039,10.115357398986816,658677600
2010-09-21,10.137857437133789,10.262499809265137,10.099642753601074,10.134642601013184,668074400
2010-09-22,10.096785545349121,10.28499984741211,10.086071014404297,10.276785850524902,585289600
2010-09-23,10.22607135772705,10.455714225769043,10.214285850524902,10.318571090698242,786116800
2010-09-24,10.432143211364746,10.483214378356934,10.376786231994629,10.4399995803833,649488000
2010-09-27,10.499285697937012,10.526070594787598,10.393214225769043,10.398571014404297,482834800
2010-09-28,10.420356750488281,10.420356750488281,9.821429252624512,10.244999885559082,1035042400
2010-09-29,10.258213996887207,10.350357055664062,10.214285850524902,10.263214111328125,469644000
2010-09-30,10.321429252624512,10.35714340209961,10.04464340209961,10.133929252624512,673391600
2010-10-01,10.219642639160156,10.234999656677246,10.048213958740234,10.09000015258789,448142800
2010-10-04,10.057143211364746,10.103570938110352,9.920356750488281,9.95142936706543,435302000
2010-10-05,10.071429252624512,10.337499618530273,10.0649995803833,10.319286346435547,501967200
2010-10-06,10.342499732971191,10.428214073181152,10.187856674194336,10.328213691711426,670868800
2010-10-07,10.369285583496094,10.374285697937012,10.246786117553711,10.329285621643066,408399600
2010-10-08,10.418213844299316,10.51785659790039,10.35714340209961,10.5024995803833,658403200
2010-10-11,10.526429176330566,10.615714073181152,10.521429061889648,10.54857063293457,427753200
2010-10-12,10.5503568649292,10.696429252624512,10.446070671081543,10.662142753601074,558544000
2010-10-13,10.721428871154785,10.784285545349121,10.70714282989502,10.71928596496582,630092400
2010-10-14,10.774642944335938,10.802499771118164,10.728570938110352,10.796786308288574,435296400
2010-10-15,10.979999542236328,11.25,10.889642715454102,11.240714073181152,922194000
2010-10-18,11.373929023742676,11.39285659790039,11.224642753601074,11.35714340209961,1093010800
2010-10-19,10.835714340209961,11.206070899963379,10.71500015258789,11.053214073181152,1232784000
2010-10-20,11.035714149475098,11.223214149475098,10.959643363952637,11.090356826782227,721624400
2010-10-21,11.15571403503418,11.240714073181152,10.95714282989502,11.054286003112793,551460000
2010-10-22,11.038213729858398,11.072856903076172,10.939286231994629,10.981071472167969,372778000
2010-10-25,11.038928985595703,11.128570556640625,11.015713691711426,11.029999732971191,392462000
2010-10-26,10.959643363952637,11.062143325805664,10.916070938110352,11.001786231994629,392929600
2010-10-27,10.987500190734863,11.067856788635254,10.914285659790039,10.993928909301758,399002800
2010-10-28,10.998213768005371,11.0,10.746429443359375,10.901429176330566,551051200
2010-10-29,10.865357398986816,10.924285888671875,10.745356559753418,10.749285697937012,430511200
2010-11-01,10.793571472167969,10.914285659790039,10.79285717010498,10.863571166992188,423889200
2010-11-02,10.964285850524902,11.078213691711426,10.964285850524902,11.04857063293457,433930000
2010-11-03,11.120356559753418,11.174285888671875,11.018928527832031,11.171428680419922,508348400
2010-11-04,11.266071319580078,11.4350004196167,11.251070976257324,11.366786003112793,642488000
2010-11-05,11.356785774230957,11.413213729858398,11.3125,11.326070785522461,361253200
2010-11-08,11.328571319580078,11.420356750488281,11.312856674194336,11.37928581237793,281758400
2010-11-09,11.466071128845215,11.475000381469727,11.23214340209961,11.28857135772705,383544000
2010-11-10,11.308570861816406,11.384642601013184,11.198213577270508,11.358214378356934,384227200
2010-11-11,11.25,11.371429443359375,11.223214149475098,11.308929443359375,361284000
2010-11-12,11.285714149475098,11.303570747375488,10.843929290771484,11.001070976257324,795846800
2010-11-15,11.01642894744873,11.090714454650879,10.938214302062988,10.965714454650879,403606000
2010-11-16,10.918571472167969,10.985713958740234,10.6899995803833,10.771071434020996,657650000
2010-11-17,10.757143020629883,10.856785774230957,10.634285926818848,10.73214340209961,479449600
2010-11-18,10.899999618530273,11.059642791748047,10.881786346435547,11.01535701751709,494491200
2010-11-19,10.998929023742676,11.014286041259766,10.901429176330566,10.954643249511719,384843200
2010-11-22,10.95285701751709,11.191429138183594,10.923929214477539,11.191429138183594,393075200
2010-11-23,11.087499618530273,11.133929252624512,10.94857120513916,11.026070594787598,519447600
2010-11-24,11.14285659790039,11.264286041259766,11.133929252624512,11.242856979370117,413725200
2010-11-26,11.204999923706055,11.346428871154785,11.17642879486084,11.25,237585600
2010-11-29,11.26785659790039,11.338570594787598,11.12071418762207,11.31678581237793,445785200
2010-11-30,11.197856903076172,11.227143287658691,11.102499961853027,11.112500190734863,501858000
2010-12-01,11.259642601013184,11.348214149475098,11.25,11.300000190734863,461750800
2010-12-02,11.340356826782227,11.39285659790039,11.246070861816406,11.362500190734863,462837200
2010-12-03,11.321785926818848,11.380356788635254,11.297857284545898,11.337142944335938,342092800
2010-12-06,11.380000114440918,11.511786460876465,11.372142791748047,11.433929443359375,448481600
2010-12-07,11.564286231994629,11.571070671081543,11.361429214477539,11.364643096923828,391454000
2010-12-08,11.415356636047363,11.46500015258789,11.325357437133789,11.464642524719238,321935600
2010-12-09,11.504643440246582,11.51785659790039,11.393570899963379,11.420000076293945,294151200
2010-12-10,11.416070938110352,11.466071128845215,11.378570556640625,11.44857120513916,262511200
2010-12-13,11.584643363952637,11.609286308288574,11.464285850524902,11.488213539123535,439815600
2010-12-14,11.490357398986816,11.519286155700684,11.39285659790039,11.438928604125977,351008000
2010-12-15,11.428570747375488,11.535714149475098,11.399642944335938,11.441429138183594,417312000
2010-12-16,11.467499732971191,11.521785736083984,11.432143211364746,11.473214149475098,322030800
2010-12-17,11.486785888671875,11.492500305175781,11.436785697937012,11.450357437133789,386929200
2010-12-20,11.485713958740234,11.54464340209961,11.365357398986816,11.507499694824219,385610400
2010-12-21,11.535714149475098,11.585356712341309,11.501786231994629,11.578571319580078,256354000
2010-12-22,11.584285736083984,11.632857322692871,11.555356979370117,11.6128568649292,265921600
2010-12-23,11.60714340209961,11.612500190734863,11.541786193847656,11.557143211364746,223157200
2010-12-27,11.530357360839844,11.622857093811035,11.482856750488281,11.59571361541748,249816000
2010-12-28,11.639642715454102,11.666428565979004,11.609286308288574,11.623929023742676,175924000
2010-12-29,11.650713920593262,11.658928871154785,11.610713958740234,11.617500305175781,163139200
2010-12-30,11.624285697937012,11.625356674194336,11.537500381469727,11.559286117553711,157494400
2010-12-31,11.533928871154785,11.552857398986816,11.475357055664062,11.520000457763672,193508000
2011-01-03,11.630000114440918,11.795000076293945,11.601428985595703,11.770357131958008,445138400
2011-01-04,11.872857093811035,11.875,11.719642639160156,11.831786155700684,309080800
2011-01-05,11.76964282989502,11.940713882446289,11.76785659790039,11.928570747375488,255519600
2011-01-06,11.954285621643066,11.973214149475098,11.889286041259766,11.918929100036621,300428800
2011-01-07,11.928214073181152,12.012499809265137,11.853570938110352,12.00428581237793,311931200
2011-01-10,12.10107135772705,12.258213996887207,12.041786193847656,12.23035717010498,448560000
2011-01-11,12.317143440246582,12.319999694824219,12.123929023742676,12.20142936706543,444108000
2011-01-12,12.258929252624512,12.301071166992188,12.214285850524902,12.300713539123535,302590400
2011-01-13,12.327142715454102,12.380000114440918,12.280357360839844,12.34571361541748,296780400
2011-01-14,12.353214263916016,12.445713996887207,12.30142879486084,12.445713996887207,308840000
2011-01-18,11.768570899963379,12.312856674194336,11.64285659790039,12.166070938110352,1880998000
2011-01-19,12.441070556640625,12.449999809265137,12.031429290771484,12.101428985595703,1135612800
2011-01-20,12.01535701751709,12.08214282989502,11.789999961853027,11.881428718566895,764789200
2011-01-21,11.920356750488281,11.960000038146973,11.665356636047363,11.668571472167969,754401200
2011-01-24,11.673929214477539,12.051786422729492,11.668571472167969,12.051786422729492,574683200
2011-01-25,12.011786460876465,12.194286346435547,11.948928833007812,12.192856788635254,546868000
2011-01-26,12.248571395874023,12.342857360839844,12.196429252624512,12.280357360839844,506875600
2011-01-27,12.277856826782227,12.310357093811035,12.243928909301758,12.257499694824219,285026000
2011-01-28,12.291786193847656,12.300000190734863,11.911786079406738,12.003570556640625,592057200
2011-01-31,11.992856979370117,12.144286155700684,11.939286231994629,12.118571281433105,377246800
2011-02-01,12.189286231994629,12.344642639160156,12.177857398986816,12.322500228881836,426633200
2011-02-02,12.301786422729492,12.33035659790039,12.26964282989502,12.29714298248291,258955200
2011-02-03,12.278571128845215,12.294285774230957,12.091071128845215,12.265713691711426,393797600
2011-02-04,12.272856712341309,12.382143020629883,12.268214225769043,12.375,321840400
2011-02-07,12.424642562866211,12.616070747375488,12.415714263916016,12.567143440246582,485021600
2011-02-08,12.631428718566895,12.697142601013184,12.576786041259766,12.685713768005371,381040800
2011-02-09,12.685357093811035,12.821429252624512,12.673929214477539,12.791428565979004,482745200
2011-02-10,12.76392936706543,12.85714340209961,12.428570747375488,12.662142753601074,928550000
2011-02-11,12.66964340209961,12.778571128845215,12.626428604125977,12.744643211364746,367572800
2011-02-14,12.742500305175781,12.838570594787598,12.739643096923828,12.82785701751709,310416400
2011-02-15,12.828213691711426,12.856071472167969,12.76964282989502,12.853570938110352,284174800
2011-02-16,12.885713577270508,13.032142639160156,12.875,12.968929290771484,481157600
2011-02-17,12.758929252624512,12.866786003112793,12.732856750488281,12.796428680419922,530583200
2011-02-18,12.811071395874023,12.839285850524902,12.482856750488281,12.520000457763672,816057200
2011-02-22,12.219642639160156,12.335714340209961,12.061429023742676,12.09321403503418,872555600
2011-02-23,12.098929405212402,12.308570861816406,12.09321403503418,12.236429214477539,671854400
2011-02-24,12.286429405212402,12.326786041259766,12.084643363952637,12.24571418762207,499900800
2011-02-25,12.330714225769043,12.443928718566895,12.314286231994629,12.434286117553711,380018800
2011-02-28,12.544285774230957,12.680356979370117,12.539999961853027,12.614643096923828,403074000
2011-03-01,12.695357322692871,12.704285621643066,12.417142868041992,12.475357055664062,456136800
2011-03-02,12.498571395874023,12.655357360839844,12.442856788635254,12.575714111328125,602590800
2011-03-03,12.756786346435547,12.849642753601074,12.71142864227295,12.841428756713867,500788400
2011-03-04,12.85964298248291,12.867500305175781,12.776785850524902,12.85714340209961,453266800
2011-03-07,12.907142639160156,12.916786193847656,12.546786308288574,12.691429138183594,546123200
2011-03-08,12.6753568649292,12.764286041259766,12.58035659790039,12.705714225769043,356316800
2011-03-09,12.667499542236328,12.670000076293945,12.521429061889648,12.588213920593262,453306000
2011-03-10,12.468570709228516,12.491786003112793,12.317856788635254,12.381071090698242,507539200
2011-03-11,12.333213806152344,12.582857131958008,12.321429252624512,12.571070671081543,471080400
2011-03-14,12.613571166992188,12.731429100036621,12.546786308288574,12.627142906188965,435957200
2011-03-15,12.217857360839844,12.422857284545898,12.146429061889648,12.336786270141602,721081200
2011-03-16,12.214285850524902,12.25,11.652142524719238,11.786070823669434,1162011200
2011-03-17,12.029643058776855,12.128929138183594,11.809286117553711,11.95142936706543,659422400
2011-03-18,12.040356636047363,12.078571319580078,11.785714149475098,11.809642791748047,753214000
2011-03-21,11.999643325805664,12.133570671081543,11.973570823669434,12.117856979370117,409402000
2011-03-22,12.234286308288574,12.236429214477539,12.112142562866211,12.185713768005371,325922800
2011-03-23,12.117142677307129,12.150713920593262,11.998213768005371,12.11392879486084,372996400
2011-03-24,12.208929061889648,12.35714340209961,12.102143287658691,12.320357322692871,404712000
2011-03-25,12.431071281433105,12.57357120513916,12.393570899963379,12.555000305175781,448910000
2011-03-28,12.612500190734863,12.65428638458252,12.515713691711426,12.515713691711426,309355200
2011-03-29,12.416428565979004,12.534285545349121,12.359286308288574,12.534285545349121,352900800
2011-03-30,12.522856712341309,12.531429290771484,12.408571243286133,12.451070785522461,329406000
2011-03-31,12.369999885559082,12.492856979370117,12.359286308288574,12.446785926818848,274019200
2011-04-01,12.539643287658691,12.556785583496094,12.260713577270508,12.305713653564453,418661600
2011-04-04,12.296786308288574,12.307143211364746,12.085714340209961,12.185357093811035,460084800
2011-04-05,12.035357475280762,12.223214149475098,12.0,12.103214263916016,482731200
2011-04-06,12.186429023742676,12.282142639160156,12.040714263916016,12.072856903076172,402539200
2011-04-07,12.074999809265137,12.15821361541748,12.001070976257324,12.074286460876465,373447200
2011-04-08,12.140000343322754,12.148214340209961,11.926786422729492,11.966428756713867,377535200
2011-04-11,11.930713653564453,11.988213539123535,11.786429405212402,11.814286231994629,398946800
2011-04-12,11.803214073181152,11.918929100036621,11.79285717010498,11.871429443359375,425639200
2011-04-13,11.96500015258789,12.005000114440918,11.875714302062988,12.004643440246582,346220000
2011-04-14,11.95714282989502,12.0,11.859286308288574,11.872142791748047,301800800
2011-04-15,11.903571128845215,11.915714263916016,11.671428680419922,11.694999694824219,453605600
2011-04-18,11.646429061889648,11.865357398986816,11.434286117553711,11.851785659790039,609898800
2011-04-19,11.896429061889648,12.070713996887207,11.846785545349121,12.066429138183594,419378400
2011-04-20,12.268214225769043,12.348214149475098,12.196429252624512,12.228928565979004,700666400
2011-04-21,12.678570747375488,12.68321418762207,12.447142601013184,12.524999618530273,753810400
2011-04-25,12.5121431350708,12.633929252624512,12.510713577270508,12.607500076293945,266546000
2011-04-26,12.62928581237793,12.678214073181152,12.476785659790039,12.515000343322754,338800000
2011-04-27,12.579999923706055,12.583929061889648,12.396429061889648,12.505356788635254,356213200
2011-04-28,12.36392879486084,12.491070747375488,12.34000015258789,12.383929252624512,360959200
2011-04-29,12.385000228881836,12.641071319580078,12.381071090698242,12.504643440246582,1006345200
2011-05-02,12.490714073181152,12.516785621643066,12.339285850524902,12.367142677307129,442713600
2011-05-03,12.428214073181152,12.496070861816406,12.343570709228516,12.435713768005371,313348000
2011-05-04,12.437856674194336,12.565357208251953,12.388570785522461,12.48464298248291,389250400
2011-05-05,12.442856788635254,12.533928871154785,12.358928680419922,12.383929252624512,335969200
2011-05-06,12.48892879486084,12.5,12.364643096923828,12.380714416503906,280134400
2011-05-09,12.42357063293457,12.471428871154785,12.376070976257324,12.414285659790039,204747200
2011-05-10,12.460356712341309,12.48892879486084,12.380714416503906,12.48035717010498,282091600
2011-05-11,12.46500015258789,12.5,12.329999923706055,12.401070594787598,336000000
2011-05-12,12.361429214477539,12.397143363952637,12.223929405212402,12.3774995803833,322000000
2011-05-13,12.345000267028809,12.366070747375488,12.155357360839844,12.160714149475098,326116000
2011-05-16,12.114286422729492,12.186429023742676,11.878570556640625,11.903571128845215,449775200
2011-05-17,11.85714340209961,12.005000114440918,11.811785697937012,12.005000114440918,452334400
2011-05-18,12.016785621643066,12.180356979370117,12.0,12.138214111328125,334776400
2011-05-19,12.217143058776855,12.228928565979004,12.095356941223145,12.161786079406738,261170000
2011-05-20,12.127142906188965,12.176786422729492,11.96500015258789,11.972143173217773,337968400
2011-05-23,11.784643173217773,11.999285697937012,11.765000343322754,11.942856788635254,383600000
2011-05-24,11.98214340209961,11.996429443359375,11.833571434020996,11.86392879486084,321927200
2011-05-25,11.90821361541748,12.091428756713867,11.887499809265137,12.027856826782227,294224000
2011-05-26,11.998929023742676,12.03178596496582,11.943928718566895,11.964285850524902,222560800
2011-05-27,11.95714282989502,12.05821418762207,11.939642906188965,12.0503568649292,203599200
2011-05-31,12.182143211364746,12.422499656677246,12.178570747375488,12.422499656677246,417754400
2011-06-01,12.459643363952637,12.576070785522461,12.308929443359375,12.339642524719238,554682800
2011-06-02,12.375,12.427857398986816,12.296428680419922,12.360713958740234,338783200
2011-06-03,12.256428718566895,12.333213806152344,12.214642524719238,12.265713691711426,313250000
2011-06-06,12.346428871154785,12.39464282989502,12.064642906188965,12.072856903076172,461941200
2011-06-07,12.077500343322754,12.079285621643066,11.853570938110352,11.85857105255127,529785200
2011-06-08,11.849286079406738,11.95714282989502,11.808929443359375,11.865714073181152,333723600
2011-06-09,11.901785850524902,11.916786193847656,11.8125,11.838929176330566,275088800
2011-06-10,11.805356979370117,11.845000267028809,11.625356674194336,11.639286041259766,433955200
2011-06-13,11.685713768005371,11.725357055664062,11.60964298248291,11.664285659790039,329473200
2011-06-14,11.785714149475098,11.901785850524902,11.76107120513916,11.872857093811035,334569200
2011-06-15,11.776785850524902,11.796428680419922,11.602856636047363,11.66964340209961,399196000
2011-06-16,11.675000190734863,11.738571166992188,11.368928909301758,11.6128568649292,510591200
2011-06-17,11.749643325805664,11.758929252624512,11.40571403503418,11.437856674194336,615020000
2011-06-20,11.334285736083984,11.346428871154785,11.089285850524902,11.261428833007812,640645600
2011-06-21,11.3100004196167,11.635713577270508,11.257143020629883,11.617856979370117,493382400
2011-06-22,11.6128568649292,11.746429443359375,11.513570785522461,11.521785736083984,390583200
2011-06-23,11.390713691711426,11.846071243286133,11.361429214477539,11.829643249511719,559759200
2011-06-24,11.834643363952637,11.898214340209961,11.610357284545898,11.655357360839844,439807200
2011-06-27,11.6996431350708,11.925000190734863,11.6875,11.85857105255127,339813600
2011-06-28,11.916070938110352,12.024999618530273,11.908571243286133,11.973570823669434,294299600
2011-06-29,12.001428604125977,12.013214111328125,11.852856636047363,11.930000305175781,352545200
2011-06-30,11.953571319580078,12.004643440246582,11.8871431350708,11.988213539123535,322954800
2011-07-01,11.998213768005371,12.26785659790039,11.935713768005371,12.259285926818848,435313200
2011-07-05,12.25,12.493928909301758,12.23214340209961,12.479642868041992,355054000
2011-07-06,12.462499618530273,12.646429061889648,12.382499694824219,12.562856674194336,444626000
2011-07-07,12.666786193847656,12.785714149475098,12.64285659790039,12.757143020629883,399663600
2011-07-08,12.619285583496094,12.85714340209961,12.578571319580078,12.846785545349121,489633200
2011-07-11,12.726428985595703,12.848929405212402,12.600713729858398,12.64285659790039,442674400
2011-07-12,12.626070976257324,12.774286270141602,12.450714111328125,12.633929252624512,451609200
2011-07-13,12.797499656677246,12.85714340209961,12.727856636047363,12.786429405212402,391638800
2011-07-14,12.893214225769043,12.914643287658691,12.726428985595703,12.77750015258789,430533600
2011-07-15,12.89892864227295,13.035714149475098,12.827500343322754,13.032856941223145,484467200
2011-07-18,13.051071166992188,13.380356788635254,13.045714378356934,13.350000381469727,572653200
2011-07-19,13.5,13.523214340209961,13.332857131958008,13.458929061889648,819145600
2011-07-20,14.147143363952637,14.15250015258789,13.785714149475098,13.817856788635254,941340400
2011-07-21,13.819643020629883,13.930713653564453,13.710714340209961,13.831786155700684,526534400
2011-07-22,13.868571281433105,14.108928680419922,13.848214149475098,14.046428680419922,516728800
2011-07-25,13.941070556640625,14.285714149475098,13.914999961853027,14.23214340209961,589806000
2011-07-26,14.285714149475098,14.446429252624512,14.274286270141602,14.407500267028809,476582400
2011-07-27,14.306785583496094,14.380000114440918,14.005356788635254,14.021071434020996,659324400
2011-07-28,13.986429214477539,14.178214073181152,13.861785888671875,13.993571281433105,594034000
2011-07-29,13.84428596496582,14.112500190734863,13.714285850524902,13.945713996887207,632584400
2011-08-01,14.206428527832031,14.26785659790039,14.013214111328125,14.16964340209961,612836000
2011-08-02,14.201786041259766,14.210714340209961,13.869643211364746,13.889642715454102,639539600
2011-08-03,13.963570594787598,14.055356979370117,13.651429176330566,14.020357131958008,732508000
2011-08-04,13.907500267028809,13.975713729858398,13.476785659790039,13.477499961853027,871407600
2011-08-05,13.587142944335938,13.696429252624512,12.948928833007812,13.343570709228516,1204590800
2011-08-08,12.917499542236328,13.134642601013184,12.607856750488281,12.614643096923828,1143833600
2011-08-09,12.903571128845215,13.378929138183594,12.678570747375488,13.357500076293945,1082583600
2011-08-10,13.255356788635254,13.380356788635254,12.946429252624512,12.98892879486084,878656800
2011-08-11,13.232856750488281,13.408928871154785,13.025713920593262,13.346428871154785,741969200
2011-08-12,13.5024995803833,13.558570861816406,13.365357398986816,13.463929176330566,528976000
2011-08-15,13.55821418762207,13.748929023742676,13.503213882446289,13.693214416503906,460544000
2011-08-16,13.625714302062988,13.69178581237793,13.430713653564453,13.588570594787598,498750000
2011-08-17,13.653928756713867,13.732856750488281,13.5,13.587142944335938,442061200
2011-08-18,13.244285583496094,13.308929443359375,12.906070709228516,13.073213577270508,851435200
2011-08-19,12.934642791748047,13.10714340209961,12.714285850524902,12.715356826782227,775888400
2011-08-22,13.018214225769043,13.031429290771484,12.681785583496094,12.729999542236328,535315200
2011-08-23,12.867856979370117,13.34428596496582,12.75,13.342857360839844,656835200
2011-08-24,13.338213920593262,13.534285545349121,13.235713958740234,13.4350004196167,626267600
2011-08-25,13.03857135772705,13.408928871154785,13.035714149475098,13.347143173217773,871346000
2011-08-26,13.256071090698242,13.70714282989502,13.242856979370117,13.699286460876465,641477200
2011-08-29,13.863571166992188,13.98214340209961,13.85714340209961,13.927499771118164,405269200
2011-08-30,13.866070747375488,13.994285583496094,13.793213844299316,13.928214073181152,417922400
2011-08-31,13.948928833007812,14.002857208251953,13.637857437133789,13.743928909301758,522586400
2011-09-01,13.77928638458252,13.833571434020996,13.597143173217773,13.608214378356934,343725200
2011-09-02,13.383570671081543,13.5,13.279643058776855,13.358928680419922,438939200
2011-09-06,13.120356559753418,13.583213806152344,13.088570594787598,13.562143325805664,509698000
2011-09-07,13.770000457763672,13.771429061889648,13.64285659790039,13.711786270141602,350576800
2011-09-08,13.657142639160156,13.878929138183594,13.653928756713867,13.71928596496582,416158400
2011-09-09,13.711786270141602,13.785714149475098,13.393570899963379,13.481429100036621,564813200
2011-09-12,13.321429252624512,13.602856636047363,13.282142639160156,13.569286346435547,467832400
2011-09-13,13.647856712341309,13.793213844299316,13.58035659790039,13.736429214477539,440560400
2011-09-14,13.822142601013184,14.007499694824219,13.777142524719238,13.903571128845215,534724400
2011-09-15,13.979642868041992,14.059286117553711,13.925000190734863,14.034285545349121,417818800
2011-09-16,14.126428604125977,14.303570747375488,14.108214378356934,14.303570747375488,698513200
2011-09-19,14.178570747375488,14.758213996887207,14.114286422729492,14.701070785522461,823860800
2011-09-20,14.83035659790039,15.102143287658691,14.685357093811035,14.766071319580078,775754000
2011-09-21,14.987142562866211,15.056785583496094,14.714285850524902,14.71928596496582,605976000
2011-09-22,14.322500228881836,14.636428833007812,14.16785717010498,14.350713729858398,968480800
2011-09-23,14.295714378356934,14.526429176330566,14.280357360839844,14.439286231994629,546277200
2011-09-26,14.28071403503418,14.427857398986816,13.975000381469727,14.39892864227295,812876400
2011-09-27,14.59749984741211,14.616070747375488,14.216428756713867,14.259285926818848,632497600
2011-09-28,14.292499542236328,14.419285774230957,14.161070823669434,14.178929328918457,429637600
2011-09-29,14.354286193847656,14.364643096923828,13.793213844299316,13.948928833007812,651086800
2011-09-30,13.825714111328125,13.88892936706543,13.613571166992188,13.618571281433105,547640800
2011-10-03,13.584643363952637,13.665714263916016,13.327500343322754,13.378570556640625,669099200
2011-10-04,13.3774995803833,13.635713577270508,12.651429176330566,13.303570747375488,1233677200
2011-10-05,13.137857437133789,13.5649995803833,12.867856979370117,13.508929252624512,786469600
2011-10-06,13.333213806152344,13.742142677307129,13.278571128845215,13.477499961853027,812582400
2011-10-07,13.420714378356934,13.490714073181152,13.160357475280762,13.20714282989502,535458000
2011-10-10,13.538928985595703,13.88607120513916,13.507499694824219,13.88607120513916,442514800
2011-10-11,14.020357131958008,14.399286270141602,13.98214340209961,14.29607105255127,605687600
2011-10-12,14.547857284545898,14.616070747375488,14.290714263916016,14.36392879486084,622286000
2011-10-13,14.463570594787598,14.586786270141602,14.387499809265137,14.586786270141602,426185200
2011-10-14,14.886786460876465,15.071429252624512,14.831070899963379,15.071429252624512,573367200
2011-10-17,15.062143325805664,15.239286422729492,14.854999542236328,14.999643325805664,686044800
2011-10-18,15.062856674194336,15.171786308288574,14.856785774230957,15.079999923706055,881602400
2011-10-19,14.333929061889648,14.58642864227295,14.20714282989502,14.236429214477539,1104059600
2011-10-20,14.285714149475098,14.298213958740234,14.07892894744873,14.118213653564453,549270400
2011-10-21,14.217857360839844,14.255000114440918,13.95535659790039,14.031070709228516,621244400
2011-10-24,14.149286270141602,14.51785659790039,14.121429443359375,14.491786003112793,502138000
2011-10-25,14.465356826782227,14.51964282989502,14.192143440246582,14.206070899963379,430427200
2011-10-26,14.348570823669434,14.376786231994629,14.041070938110352,14.307143211364746,456304800
2011-10-27,14.555713653564453,14.60714340209961,14.353214263916016,14.453213691711426,494664800
2011-10-28,14.39285659790039,14.512499809265137,14.375356674194336,14.462499618530273,322842800
2011-10-31,14.372142791748047,14.618928909301758,14.323213577270508,14.456428527832031,385501200
2011-11-01,14.193214416503906,14.26785659790039,14.043571472167969,14.161070823669434,531790000
2011-11-02,14.288928985595703,14.30142879486084,14.11107063293457,14.193214416503906,327350800
2011-11-03,14.2524995803833,14.407142639160156,14.119999885559082,14.395357131958008,441386400
2011-11-04,14.358214378356934,14.408571243286133,14.255714416503906,14.294285774230957,302229200
2011-11-07,14.282500267028809,14.285714149475098,14.147500038146973,14.276070594787598,270275600
2011-11-08,14.364643096923828,14.571429252624512,14.341428756713867,14.508213996887207,400442000
2011-11-09,14.177499771118164,14.317500114440918,14.079643249511719,14.117142677307129,558684000
2011-11-10,14.179642677307129,14.186071395874023,13.648214340209961,13.757857322692871,744752400
2011-11-11,13.807499885559082,13.882143020629883,13.580714225769043,13.736429214477539,653786000
2011-11-14,13.697142601013184,13.758929252624512,13.507143020629883,13.545000076293945,432905200
2011-11-15,13.600000381469727,13.910714149475098,13.551786422729492,13.886786460876465,430810800
2011-11-16,13.901785850524902,13.96928596496582,13.725713729858398,13.741786003112793,349210400
2011-11-17,13.713570594787598,13.734999656677246,13.410714149475098,13.478928565979004,479900400
2011-11-18,13.532856941223145,13.571070671081543,13.388570785522461,13.390713691711426,371938000
2011-11-21,13.228570938110352,13.274286270141602,13.068214416503906,13.178929328918457,447980400
2011-11-22,13.250714302062988,13.4975004196167,13.247857093811035,13.446785926818848,409021200
2011-11-23,13.375356674194336,13.422857284545898,13.102856636047363,13.106785774230957,428271200
2011-11-25,13.157856941223145,13.255356788635254,12.975713729858398,12.98464298248291,254760800
2011-11-28,13.298213958740234,13.454285621643066,13.22607135772705,13.432856559753418,346413200
2011-11-29,13.422857284545898,13.529643058776855,13.221428871154785,13.328571319580078,375855200
2011-11-30,13.617500305175781,13.652856826782227,13.510713577270508,13.649999618530273,405938400
2011-12-01,13.662142753601074,13.89285659790039,13.598214149475098,13.854642868041992,387181200
2011-12-02,13.922499656677246,14.05821418762207,13.877857208251953,13.91785717010498,379055600
2011-12-05,14.053214073181152,14.157500267028809,13.942500114440918,14.036070823669434,357210000
2011-12-06,14.018214225769043,14.093929290771484,13.906429290771484,13.962499618530273,283598000
2011-12-07,13.926071166992188,13.962142944335938,13.812856674194336,13.896071434020996,304746400
2011-12-08,13.98035717010498,14.125,13.936785697937012,13.952142715454102,376356400
2011-12-09,14.030357360839844,14.072856903076172,13.965356826782227,14.057856559753418,296993200
2011-12-12,13.988571166992188,14.067856788635254,13.908928871154785,13.994285583496094,301067200
2011-12-13,14.035714149475098,14.121429443359375,13.824999809265137,13.88607120513916,338928800
2011-12-14,13.810713768005371,13.835000038146973,13.488571166992188,13.578213691711426,406887600
2011-12-15,13.690357208251953,13.704999923706055,13.51107120513916,13.533571243286133,256200000
2011-12-16,13.584285736083984,13.719642639160156,13.556071281433105,13.607856750488281,421478400
2011-12-19,13.659643173217773,13.744643211364746,13.588570594787598,13.650357246398926,235530400
2011-12-20,13.848570823669434,14.146429061889648,13.830714225769043,14.141071319580078,337215200
2011-12-21,14.167499542236328,14.189286231994629,14.000356674194336,14.158928871154785,262948000
2011-12-22,14.178570747375488,14.254643440246582,14.146429061889648,14.233928680419922,202358800
2011-12-23,14.274642944335938,14.413928985595703,14.267499923706055,14.404643058776855,269399200
2011-12-27,14.396429061889648,14.610357284545898,14.393570899963379,14.518928527832031,265076000
2011-12-28,14.53178596496582,14.58035659790039,14.333571434020996,14.380000114440918,228662000
2011-12-29,14.407142639160156,14.487500190734863,14.303929328918457,14.468570709228516,215978000
2011-12-30,14.411070823669434,14.510000228881836,14.410357475280762,14.464285850524902,179662000
2012-01-03,14.621429443359375,14.73214340209961,14.60714340209961,14.686785697937012,302220800
2012-01-04,14.64285659790039,14.8100004196167,14.617142677307129,14.765713691711426,260022000
2012-01-05,14.819643020629883,14.948213577270508,14.738213539123535,14.929642677307129,271269600
2012-01-06,14.991786003112793,15.098214149475098,14.972143173217773,15.085714340209961,318292800
2012-01-09,15.196429252624512,15.276785850524902,15.048213958740234,15.061785697937012,394024400
2012-01-10,15.211071014404297,15.214285850524902,15.053570747375488,15.115714073181152,258196400
2012-01-11,15.09571361541748,15.101785659790039,14.975357055664062,15.091071128845215,215084800
2012-01-12,15.081428527832031,15.103570938110352,14.95535659790039,15.049642562866211,212587200
2012-01-13,14.989286422729492,15.016071319580078,14.952142715454102,14.993213653564453,226021600
2012-01-17,15.149999618530273,15.213929176330566,15.105713844299316,15.16785717010498,242897200
2012-01-18,15.248571395874023,15.338213920593262,15.225000381469727,15.325357437133789,276791200
2012-01-19,15.362500190734863,15.406070709228516,15.232500076293945,15.276785850524902,261738400
2012-01-20,15.267499923706055,15.26785659790039,14.991070747375488,15.010713577270508,413974400
2012-01-23,15.095356941223145,15.301786422729492,15.08214282989502,15.264642715454102,306062400
2012-01-24,15.182143211364746,15.182143211364746,14.983928680419922,15.014642715454102,547638000
2012-01-25,16.229999542236328,16.230356216430664,15.84749984741211,15.952142715454102,958314000
2012-01-26,16.01285743713379,16.028213500976562,15.82642936706543,15.879643440246582,323985200
2012-01-27,15.869285583496094,16.01714324951172,15.848929405212402,15.974286079406738,299709200
2012-01-30,15.918213844299316,16.21071434020996,15.90678596496582,16.17892837524414,379341200
2012-01-31,16.27107048034668,16.365713119506836,16.18107032775879,16.3028564453125,391683600
2012-02-01,16.37178611755371,16.392499923706055,16.269643783569336,16.292499542236328,270046000
2012-02-02,16.282142639160156,16.327499389648438,16.213571548461914,16.25428581237793,186796400
2012-02-03,16.332143783569336,16.428571701049805,16.270000457763672,16.417142868041992,286599600
2012-02-06,16.37071418762207,16.606428146362305,16.364286422729492,16.570356369018555,249412800
2012-02-07,16.616071701049805,16.77678680419922,16.59214210510254,16.743928909301758,316223600
2012-02-08,16.803571701049805,17.028213500976562,16.774999618530273,17.0242862701416,407890000
2012-02-09,17.170000076293945,17.741071701049805,17.162857055664062,17.61321449279785,884214800
2012-02-10,17.534286499023438,17.77214241027832,17.448213577270508,17.622142791748047,631302000
2012-02-13,17.840356826782227,17.993928909301758,17.75321388244629,17.950000762939453,517216000
2012-02-14,18.023571014404297,18.198570251464844,17.928571701049805,18.19499969482422,460398400
2012-02-15,18.36642837524414,18.796070098876953,17.746070861816406,17.773929595947266,1506120000
2012-02-16,17.553571701049805,18.03178596496582,17.379642486572266,17.936071395874023,944552000
2012-02-17,17.96821403503418,18.1346435546875,17.867856979370117,17.932857513427734,535805200
2012-02-21,18.10285758972168,18.387500762939453,18.00428581237793,18.387500762939453,605595200
2012-02-22,18.32428550720215,18.410356521606445,18.18107032775879,18.322856903076172,483302400
2012-02-23,18.395713806152344,18.493928909301758,18.196428298950195,18.4424991607666,568027600
2012-02-24,18.559642791748047,18.674999237060547,18.522857666015625,18.657499313354492,415072000
2012-02-27,18.618213653564453,18.875,18.43857192993164,18.777143478393555,547582000
2012-02-28,18.855714797973633,19.12178611755371,18.780357360839844,19.12178611755371,600387200
2012-02-29,19.341428756713867,19.5575008392334,19.132143020629883,19.37285614013672,952011200
2012-03-01,19.577499389648438,19.578929901123047,19.241785049438477,19.445356369018555,683270000
2012-03-02,19.437143325805664,19.5285701751709,19.375713348388672,19.470714569091797,431712400
2012-03-05,19.479286193847656,19.5528564453125,18.78571319580078,19.04142951965332,809124400
2012-03-06,18.7021427154541,19.06035614013672,18.43642807006836,18.937856674194336,810238800
2012-03-07,19.171428680419922,19.20642852783203,18.689285278320312,18.953214645385742,798520800
2012-03-08,19.096071243286133,19.392499923706055,19.00428581237793,19.356786727905273,516457200
2012-03-09,19.436071395874023,19.562143325805664,19.396785736083984,19.47035789489746,418919200
2012-03-12,19.606428146362305,19.71428680419922,19.53571319580078,19.71428680419922,407282400
2012-03-13,19.91214370727539,20.292142868041992,19.84821319580078,20.28928565979004,690855200
2012-03-14,20.644643783569336,21.239999771118164,20.549999237060547,21.056428909301758,1418844000
2012-03-15,21.414642333984375,21.42892837524414,20.662500381469727,20.912857055664062,1159718000
2012-03-16,20.882856369018555,21.042856216430664,20.64285659790039,20.9132137298584,825487600
2012-03-19,21.370357513427734,21.491785049438477,21.037500381469727,21.467857360839844,901236000
2012-03-20,21.41107177734375,21.674999237060547,21.124286651611328,21.641429901123047,816662000
2012-03-21,21.52642822265625,21.77321434020996,21.47892951965332,21.51785659790039,644042000
2012-03-22,21.349285125732422,21.58928680419922,21.26892852783203,21.405000686645508,623870800
2012-03-23,21.44607162475586,21.492856979370117,21.22857093811035,21.287500381469727,430488800
2012-03-26,21.421070098876953,21.683929443359375,21.259286880493164,21.6778564453125,595742000
2012-03-27,21.6492862701416,22.010000228881836,21.645000457763672,21.945714950561523,607129600
2012-03-28,22.084999084472656,22.194643020629883,21.796785354614258,22.057857513427734,655460400
2012-03-29,21.885000228881836,22.020000457763672,21.686786651611328,21.78071403503418,608238400
2012-03-30,21.741785049438477,21.805713653564453,21.354999542236328,21.412500381469727,731038000
2012-04-02,21.493928909301758,22.098928451538086,21.442142486572266,22.093929290771484,598351600
2012-04-03,22.4035701751709,22.578929901123047,22.232500076293945,22.4757137298584,834559600
2012-04-04,22.298213958740234,22.352142333984375,22.03571319580078,22.296785354614258,572980800
2012-04-05,22.39214324951172,22.66642951965332,22.264286041259766,22.63142967224121,641298000
2012-04-09,22.361785888671875,22.851428985595703,22.332143783569336,22.72249984741211,597536800
2012-04-10,22.854642868041992,23.0,22.35714340209961,22.444286346435547,889725200
2012-04-11,22.7214298248291,22.745357513427734,22.262142181396484,22.364286422729492,696614800
2012-04-12,22.321428298950195,22.547500610351562,22.16071319580078,22.241785049438477,614336800
2012-04-13,22.289642333984375,22.310714721679688,21.55392837524414,21.6153564453125,859644800
2012-04-16,21.787857055664062,21.795713424682617,20.65178680419922,20.718929290771484,1050786800
2012-04-17,20.676429748535156,21.78571319580078,20.425357818603516,21.774999618530273,1025528000
2012-04-18,21.91857147216797,22.15178680419922,21.52535629272461,21.726428985595703,954531200
2012-04-19,21.43642807006836,21.59749984741211,20.875713348388672,20.979999542236328,834719200
2012-04-20,21.12071418762207,21.23642921447754,20.372142791748047,20.463571548461914,1030985200
2012-04-23,20.378929138183594,20.59535789489746,19.87928581237793,20.417856216430664,966529200
2012-04-24,20.09321403503418,20.274642944335938,19.821428298950195,20.010000228881836,1076149200
2012-04-25,21.98714256286621,22.071428298950195,21.64285659790039,21.78571319580078,905777600
2012-04-26,21.938213348388672,21.953214645385742,21.504642486572266,21.703571319580078,536068400
2012-04-27,21.609643936157227,21.6492862701416,21.446428298950195,21.53571319580078,406722400
2012-04-30,21.350000381469727,21.371429443359375,20.821428298950195,20.856428146362305,506144800
2012-05-01,20.889286041259766,21.312856674194336,20.758214950561523,20.79035758972168,610999200
2012-05-02,20.722856521606445,20.97857093811035,20.67357063293457,20.9278564453125,427389200
2012-05-03,21.08928680419922,21.121429443359375,20.725000381469727,20.779285430908203,390549600
2012-05-04,20.610000610351562,20.65571403503418,20.184642791748047,20.1875,529992400
2012-05-07,20.053571701049805,20.456071853637695,20.043928146362305,20.338571548461914,460118400
2012-05-08,20.34214210510254,20.41071319580078,19.95464324951172,20.292142868041992,497252000
2012-05-09,20.132143020629883,20.499286651611328,20.030357360839844,20.327856063842773,480704000
2012-05-10,20.520713806152344,20.567142486572266,20.301429748535156,20.375713348388672,333200000
2012-05-11,20.178571701049805,20.516786575317383,20.155357360839844,20.239643096923828,399546000
2012-05-14,20.091785430908203,20.268213272094727,19.91428565979004,19.93642807006836,352626400
2012-05-15,20.051786422729492,20.114999771118164,19.70535659790039,19.756071090698242,476336000
2012-05-16,19.787500381469727,19.88892936706543,19.322856903076172,19.502857208251953,560896000
2012-05-17,19.475357055664062,19.553571701049805,18.932857513427734,18.932857513427734,717220000
2012-05-18,19.06999969482422,19.407499313354492,18.6492862701416,18.942142486572266,732292400
2012-05-21,19.08928680419922,20.05500030517578,19.073213577270508,20.045713424682617,631106000
2012-05-22,20.3410701751709,20.49571418762207,19.735000610351562,19.891786575317383,694870400
2012-05-23,19.91071319580078,20.457143783569336,19.758214950561523,20.37714385986328,584897600
2012-05-24,20.56678581237793,20.58928680419922,20.043928146362305,20.190000534057617,496230000
2012-05-25,20.163928985595703,20.20892906188965,19.945356369018555,20.081785202026367,328507200
2012-05-29,20.389286041259766,20.5,20.18964385986328,20.438213348388672,380508800
2012-05-30,20.328571319580078,20.71392822265625,20.234285354614258,20.684642791748047,529429600
2012-05-31,20.740713119506836,20.76785659790039,20.409286499023438,20.633214950561523,491674400
2012-06-01,20.3271427154541,20.451786041259766,20.018571853637695,20.035356521606445,520987600
2012-06-04,20.053571701049805,20.26785659790039,19.58928680419922,20.153213500976562,556995600
2012-06-05,20.04535675048828,20.23107147216797,19.940357208251953,20.101070404052734,388214400
2012-06-06,20.27750015258789,20.49464225769043,20.196428298950195,20.409286499023438,401455600
2012-06-07,20.61750030517578,20.61857032775879,20.375,20.41857147216797,379766800
2012-06-08,20.41428565979004,20.735000610351562,20.321428298950195,20.7257137298584,347516400
2012-06-11,20.989999771118164,21.01785659790039,20.379642486572266,20.398929595947266,591264800
2012-06-12,20.516429901123047,20.593570709228516,20.239286422729492,20.5771427154541,435380400
2012-06-13,20.518571853637695,20.65999984741211,20.37071418762207,20.43428611755371,293580000
2012-06-14,20.40142822265625,20.48214340209961,20.259286880493164,20.411785125732422,345573200
2012-06-15,20.39285659790039,20.52214241027832,20.3410701751709,20.504642486572266,335255200
2012-06-18,20.391429901123047,20.996070861816406,20.370357513427734,20.920713424682617,440412000
2012-06-19,20.83571434020996,21.071428298950195,20.825000762939453,20.97892951965332,361404400
2012-06-20,21.00749969482422,21.04464340209961,20.742856979370117,20.919286727905273,358943200
2012-06-21,20.908571243286133,21.007856369018555,20.62285614013672,20.631071090698242,326351200
2012-06-22,20.68000030517578,20.792499542236328,20.55071449279785,20.78928565979004,284471600
2012-06-25,20.617856979370117,20.707143783569336,20.370357513427734,20.3846435546875,304382400
2012-06-26,20.40464210510254,20.517499923706055,20.26178550720215,20.429643630981445,276536400
2012-06-27,20.53571319580078,20.597856521606445,20.42571449279785,20.51785659790039,202997200
2012-06-28,20.416786193847656,20.5,20.20035743713379,20.323213577270508,282836400
2012-06-29,20.64285659790039,20.85714340209961,20.508928298950195,20.85714340209961,421500800
2012-07-02,20.883214950561523,21.195356369018555,20.842857360839844,21.161428451538086,400092000
2012-07-03,21.24571418762207,21.428571701049805,21.21428680419922,21.407499313354492,241712800
2012-07-05,21.448570251464844,21.94071388244629,21.41607093811035,21.783571243286133,484383200
2012-07-06,21.681785583496094,21.729999542236328,21.485000610351562,21.63857078552246,418930400
2012-07-09,21.617856979370117,21.924999237060547,21.57535743713379,21.92464256286621,379405600
2012-07-10,22.070356369018555,22.138214111328125,21.618213653564453,21.721786499023438,511957600
2012-07-11,21.64714241027832,21.7021427154541,21.329286575317383,21.5867862701416,469322000
2012-07-12,21.437143325805664,21.552499771118164,21.167142868041992,21.389286041259766,428041600
2012-07-13,21.5339298248291,21.68535614013672,21.428571701049805,21.60607147216797,311427200
2012-07-16,21.61142921447754,21.843570709228516,21.60785675048828,21.675357818603516,301260400
2012-07-17,21.813928604125977,21.83928680419922,21.54107093811035,21.676429748535156,293624800
2012-07-18,21.663928985595703,21.726428985595703,21.555713653564453,21.652143478393555,252700000
2012-07-19,21.83142852783203,21.97678565979004,21.64285659790039,21.940000534057617,436861600
2012-07-20,21.89392852783203,21.944286346435547,21.560714721679688,21.582143783569336,397471200
2012-07-23,21.22857093811035,21.639286041259766,20.989643096923828,21.565357208251953,487975600
2012-07-24,21.692142486572266,21.7742862701416,21.375356674194336,21.461429595947266,565132400
2012-07-25,20.516429901123047,20.742856979370117,20.35714340209961,20.534643173217773,877312800
2012-07-26,20.705713272094727,20.72857093811035,20.3700008392334,20.531429290771484,406632800
2012-07-27,20.53607177734375,20.922500610351562,20.413928985595703,20.898571014404297,403936400
2012-07-30,21.104286193847656,21.408571243286133,20.99357032775879,21.25107192993164,379142400
2012-07-31,21.543928146362305,21.8464298248291,21.525714874267578,21.812856674194336,462327600
2012-08-01,21.99678611755371,22.014286041259766,21.53571319580078,21.671785354614258,384501600
2012-08-02,21.530000686645508,21.81035614013672,21.4375,21.706785202026367,332158400
2012-08-03,21.91535758972168,22.070714950561523,21.841428756713867,21.989286422729492,344920800
2012-08-06,22.046070098876953,22.31678581237793,21.97357177734375,22.233928680419922,302103200
2012-08-07,22.241785049438477,22.321428298950195,22.072856903076172,22.175357818603516,290446800
2012-08-08,22.121070861816406,22.281429290771484,22.03928565979004,22.13785743713379,244706000
2012-08-09,22.066070556640625,22.20464324951172,22.064285278320312,22.168928146362305,221642400
2012-08-10,22.096786499023438,22.205713272094727,22.0964298248291,22.203571319580078,194938800
2012-08-13,22.26392936706543,22.5,22.258928298950195,22.5,278832400
2012-08-14,22.56678581237793,22.8075008392334,22.50749969482422,22.56035614013672,340169200
2012-08-15,22.546428680419922,22.64285659790039,22.41964340209961,22.52964210510254,257342400
2012-08-16,22.543214797973633,22.74142837524414,22.51785659790039,22.726428985595703,254534000
2012-08-17,22.85714340209961,23.149642944335938,22.81464385986328,23.146785736083984,442761200
2012-08-20,23.214643478393555,23.75535774230957,23.21071434020996,23.75535774230957,613384800
2012-08-21,23.957857131958008,24.10285758972168,23.226070404052734,23.430713653564453,812719600
2012-08-22,23.372142791748047,23.89285659790039,23.146785736083984,23.888214111328125,565322800
2012-08-23,23.789642333984375,23.924999237060547,23.612499237060547,23.66535758972168,420128800
2012-08-24,23.55392837524414,23.90999984741211,23.412500381469727,23.68642807006836,437340400
2012-08-27,24.285356521606445,24.31678581237793,24.05500030517578,24.13142967224121,427008400
2012-08-28,24.106428146362305,24.14642906188965,23.952499389648438,24.100000381469727,267416800
2012-08-29,24.116071701049805,24.202499389648438,24.02142906188965,24.052499771118164,202806800
2012-08-30,23.95142936706543,23.983928680419922,23.673213958740234,23.70964241027832,302699600
2012-08-31,23.83035659790039,23.878570556640625,23.47321319580078,23.75857162475586,338321200
2012-09-04,23.777143478393555,24.11214256286621,23.73214340209961,24.10607147216797,367892000
2012-09-05,24.127500534057617,24.155357360839844,23.91428565979004,23.936786651611328,336375200
2012-09-06,24.041786193847656,24.22464370727539,23.957143783569336,24.15250015258789,391196400
2012-09-07,24.2160701751709,24.374286651611328,24.1346435546875,24.301429748535156,329666400
2012-09-10,24.301786422729492,24.403213500976562,23.64642906188965,23.669286727905273,487998000
2012-09-11,23.753929138183594,23.93214225769043,23.446428298950195,23.592500686645508,503983200
2012-09-12,23.816070556640625,23.924999237060547,23.428571701049805,23.921070098876953,712233200
2012-09-13,24.19178581237793,24.48214340209961,24.098928451538086,24.39214324951172,598360000
2012-09-14,24.641429901123047,24.89214324951172,24.5674991607666,24.68857192993164,600474000
2012-09-17,24.97678565979004,24.992856979370117,24.8075008392334,24.992143630981445,398031200
2012-09-18,24.99571418762207,25.083213806152344,24.872142791748047,25.068214416503906,373503200
2012-09-19,25.009286880493164,25.142499923706055,24.984643936157227,25.075000762939453,326874800
2012-09-20,24.969999313354492,25.00214385986328,24.77214241027832,24.953571319580078,336568400
2012-09-21,25.086071014404297,25.18107032775879,24.977142333984375,25.00321388244629,571589200
2012-09-24,24.53071403503418,24.825714111328125,24.39285659790039,24.671070098876953,639766400
2012-09-25,24.580713272094727,24.742143630981445,24.03571319580078,24.05500030517578,518789600
2012-09-26,23.88357162475586,24.024642944335938,23.614286422729492,23.75642967224121,576503200
2012-09-27,23.72464370727539,24.36321449279785,23.58392906188965,24.332857131958008,594090000
2012-09-28,24.241071701049805,24.32535743713379,23.8125,23.825000762939453,535110800
2012-10-01,23.969999313354492,24.16964340209961,23.446428298950195,23.54964256286621,543594800
2012-10-02,23.636070251464844,23.798213958740234,23.237499237060547,23.618213653564453,627992400
2012-10-03,23.7450008392334,23.9950008392334,23.66535758972168,23.980356216430664,424281200
2012-10-04,23.97321319580078,24.08035659790039,23.769643783569336,23.814285278320312,370725600
2012-10-05,23.757143020629883,23.78571319580078,23.260000228881836,23.306785583496094,594006000
2012-10-08,23.10285758972168,23.12714385986328,22.71821403503418,22.791786193847656,637994000
2012-10-09,22.808929443359375,22.874643325805664,22.269643783569336,22.70892906188965,838597200
2012-10-10,22.847856521606445,23.03499984741211,22.75,22.8896427154541,510356000
2012-10-11,23.08928680419922,23.114286422729492,22.43214225769043,22.43214225769043,546081200
2012-10-12,22.484285354614258,22.692142486572266,22.332143783569336,22.489643096923828,460014800
2012-10-15,22.58392906188965,22.68321418762207,22.280357360839844,22.670000076293945,432502000
2012-10-16,22.69178581237793,23.225000381469727,22.53571319580078,23.206785202026367,549771600
2012-10-17,23.17392921447754,23.313928604125977,23.0,23.021785736083984,389037600
2012-10-18,22.842500686645508,22.930713653564453,22.5,22.59428596496582,476624400
2012-10-19,22.537500381469727,22.563213348388672,21.77214241027832,21.780000686645508,744086000
2012-10-22,21.872142791748047,22.692142486572266,21.812856674194336,22.64392852783203,546730800
2012-10-23,22.53571319580078,22.639286041259766,21.8464298248291,21.90571403503418,707145600
2012-10-24,22.194286346435547,22.376785278320312,21.808570861816406,22.02964210510254,558527200
2012-10-25,22.14285659790039,22.21428680419922,21.626785278320312,21.769285202026367,656325600
2012-10-26,21.765356063842773,21.928571701049805,21.10714340209961,21.571428298950195,1018432800
2012-10-31,21.24571418762207,21.498571395874023,20.989286422729492,21.261428833007812,510003200
2012-11-01,21.364999771118164,21.53571319580078,21.22035789489746,21.30500030517578,361298000
2012-11-02,21.28178596496582,21.319643020629883,20.52678680419922,20.600000381469727,599373600
2012-11-05,20.84000015258789,20.991785049438477,20.628570556640625,20.87928581237793,529135600
2012-11-06,21.07964324951172,21.097856521606445,20.717500686645508,20.816070556640625,374917200
2012-11-07,20.494285583496094,20.519285202026367,19.84821319580078,19.928571701049805,793648800
2012-11-08,20.022499084472656,20.07964324951172,19.11750030517578,19.20535659790039,1056146000
2012-11-09,19.30071449279785,19.817142486572266,19.06142807006836,19.537857055664062,929913600
2012-11-12,19.79107093811035,19.803571701049805,19.237499237060547,19.38678550720215,515802000
2012-11-13,19.24678611755371,19.65999984741211,19.15571403503418,19.389286041259766,532949200
2012-11-14,19.48214340209961,19.551786422729492,19.1492862701416,19.174285888671875,477170400
2012-11-15,19.197500228881836,19.26785659790039,18.665000915527344,18.77214241027832,789910800
2012-11-16,18.757143020629883,18.928571701049805,18.0625,18.845714569091797,1266893600
2012-11-19,19.311071395874023,20.26785659790039,19.281429290771484,20.20464324951172,823317600
2012-11-20,20.425357818603516,20.426786422729492,19.806428909301758,20.032499313354492,642754000
2012-11-21,20.15178680419922,20.263214111328125,19.878570556640625,20.060714721679688,373002000
2012-11-23,20.256071090698242,20.428571701049805,20.092857360839844,20.41071319580078,272826400
2012-11-26,20.56785774230957,21.071428298950195,20.489643096923828,21.054643630981445,630579600
2012-11-27,21.055356979370117,21.086429595947266,20.717857360839844,20.885000228881836,533330000
2012-11-28,20.616785049438477,20.921428680419922,20.437856674194336,20.819286346435547,520864400
2012-11-29,21.079286575317383,21.22321319580078,20.90178680419922,21.04857063293457,514698800
2012-11-30,20.956785202026367,21.014286041259766,20.809999465942383,20.902856826782227,391319600
2012-12-03,21.201786041259766,21.2353572845459,20.91071319580078,20.93535614013672,364280000
2012-12-04,20.7785701751709,20.7785701751709,20.43321418762207,20.566070556640625,557068400
2012-12-05,20.318214416503906,20.33035659790039,19.241785049438477,19.24250030517578,1044638000
2012-12-06,18.890714645385742,19.761070251464844,18.522499084472656,19.544286727905273,1177212400
2012-12-07,19.764286041259766,19.828571319580078,18.928571701049805,19.04464340209961,787040800
2012-12-10,18.75,19.232500076293945,18.627857208251953,18.922143936157227,630484400
2012-12-11,19.27750015258789,19.62714385986328,19.19178581237793,19.335357666015625,592345600
2012-12-12,19.563213348388672,19.571428298950195,19.15250015258789,19.25,487144000
2012-12-13,18.969642639160156,19.20142936706543,18.7785701751709,18.917499542236328,625259600
2012-12-14,18.383928298950195,18.504642486572266,18.056428909301758,18.206785202026367,1009579200
2012-12-17,18.176071166992188,18.571428298950195,17.901071548461914,18.52964210510254,757607200
2012-12-18,18.75,19.10357093811035,18.58035659790039,19.06785774230957,625685200
2012-12-19,18.98107147216797,19.060714721679688,18.76785659790039,18.796785354614258,449369200
2012-12-20,18.928571701049805,18.935714721679688,18.531429290771484,18.633214950561523,481689600
2012-12-21,18.302499771118164,18.559642791748047,18.222856521606445,18.547500610351562,596268400
2012-12-24,18.58392906188965,18.72321319580078,18.52535629272461,18.577499389648438,175753200
2012-12-26,18.53571319580078,18.552143096923828,18.25428581237793,18.321428298950195,302436400
2012-12-27,18.340713500976562,18.4375,18.023571014404297,18.395000457763672,455120400
2012-12-28,18.22464370727539,18.374286651611328,18.14714241027832,18.199642181396484,354278400
2012-12-31,18.233213424682617,19.121429443359375,18.178571701049805,19.006071090698242,659492400
2013-01-02,19.779285430908203,19.821428298950195,19.343929290771484,19.608213424682617,560518000
2013-01-03,19.567142486572266,19.631071090698242,19.321428298950195,19.360713958740234,352965200
2013-01-04,19.177499771118164,19.236785888671875,18.77964210510254,18.821428298950195,594333600
2013-01-07,18.64285659790039,18.9035701751709,18.399999618530273,18.71071434020996,484156400
2013-01-08,18.90035629272461,18.996070861816406,18.616071701049805,18.761070251464844,458707200
2013-01-09,18.66071319580078,18.750356674194336,18.428213119506836,18.467857360839844,407604400
2013-01-10,18.876785278320312,18.882856369018555,18.411428451538086,18.696786880493164,601146000
2013-01-11,18.60714340209961,18.761428833007812,18.536428451538086,18.582143783569336,350506800
2013-01-14,17.952856063842773,18.125,17.80392837524414,17.91964340209961,734207600
2013-01-15,17.796428680419922,17.82107162475586,17.26357078552246,17.354286193847656,876772400
2013-01-16,17.665714263916016,18.194286346435547,17.58928680419922,18.074642181396484,690804800
2013-01-17,18.225357055664062,18.241071701049805,17.929643630981445,17.952856063842773,453678400
2013-01-18,17.804285049438477,17.93642807006836,17.72857093811035,17.85714340209961,472922800
2013-01-22,18.020000457763672,18.13857078552246,17.736785888671875,18.02750015258789,461546400
2013-01-23,18.171785354614258,18.392499923706055,18.02750015258789,18.357500076293945,861509600
2013-01-24,16.428571701049805,16.633214950561523,16.08035659790039,16.08928680419922,1460852400
2013-01-25,16.131786346435547,16.293928146362305,15.535714149475098,15.710000038146973,1208026400
2013-01-28,15.636786460876465,16.186071395874023,15.566429138183594,16.065357208251953,785517600
2013-01-29,16.375,16.435714721679688,16.14714241027832,16.366785049438477,571158000
2013-01-30,16.321428298950195,16.52142906188965,16.23214340209961,16.315357208251953,417155200
2013-01-31,16.320714950561523,16.402856826782227,16.249286651611328,16.267499923706055,319334400
2013-02-01,16.396785736083984,16.40999984741211,16.012500762939453,16.200714111328125,539484400
2013-02-04,16.211071014404297,16.283571243286133,15.785714149475098,15.79714298248291,477117200
2013-02-05,15.858928680419922,16.419286727905273,15.793571472167969,16.351428985595703,573347600
2013-02-06,16.302499771118164,16.66071319580078,16.163570404052734,16.33392906188965,593706400
2013-02-07,16.54464340209961,16.78571319580078,16.218570709228516,16.722143173217773,704580800
2013-02-08,16.928571701049805,17.100357055664062,16.72321319580078,16.963571548461914,633158400
2013-02-11,17.01785659790039,17.319286346435547,16.90178680419922,17.140356063842773,517490400
2013-02-12,17.125356674194336,17.22785758972168,16.704999923706055,16.71071434020996,609053200
2013-02-13,16.686071395874023,16.915714263916016,16.54357147216797,16.67892837524414,475207600
2013-02-14,16.59000015258789,16.84428596496582,16.5721435546875,16.663928985595703,355275200
2013-02-15,16.74464225769043,16.79142951965332,16.42571449279785,16.43428611755371,391745200
2013-02-19,16.467857360839844,16.526071548461914,16.20892906188965,16.428213119506836,435783600
2013-02-20,16.346071243286133,16.346071243286133,16.0285701751709,16.030357360839844,476302400
2013-02-21,15.928570747375488,16.041786193847656,15.8149995803833,15.930713653564453,447182400
2013-02-22,16.04464340209961,16.128570556640625,15.949999809265137,16.100357055664062,330654800
2013-02-25,16.20892906188965,16.25428581237793,15.806071281433105,15.814286231994629,372579200
2013-02-26,15.850713729858398,16.126428604125977,15.630714416503906,16.034643173217773,501499600
2013-02-27,16.015356063842773,16.158571243286133,15.737500190734863,15.8774995803833,587350400
2013-02-28,15.858928680419922,15.995356559753418,15.764286041259766,15.764286041259766,322515200
2013-03-01,15.64285659790039,15.649286270141602,15.356429100036621,15.373929023742676,552448400
2013-03-04,15.278571128845215,15.29285717010498,14.964285850524902,15.001786231994629,582755600
2013-03-05,15.052857398986816,15.542499542236328,15.026785850524902,15.397856712341309,638433600
2013-03-06,15.518214225769043,15.54464340209961,15.15821361541748,15.202142715454102,460250000
2013-03-07,15.160714149475098,15.428929328918457,15.037857055664062,15.377857208251953,468473600
2013-03-08,15.350000381469727,15.551071166992188,15.307499885559082,15.418571472167969,391482000
2013-03-11,15.348214149475098,15.678929328918457,15.183570861816406,15.638214111328125,474236000
2013-03-12,15.557143211364746,15.674285888671875,15.270357131958008,15.301071166992188,465911600
2013-03-13,15.301786422729492,15.51785659790039,15.191429138183594,15.298213958740234,405549200
2013-03-14,15.458213806152344,15.522856712341309,15.373213768005371,15.446429252624512,303875600
2013-03-15,15.64035701751709,15.865357398986816,15.616070747375488,15.845000267028809,643960800
2013-03-18,15.766071319580078,16.33785629272461,15.757143020629883,16.275714874267578,606197200
2013-03-19,16.41071319580078,16.463214874267578,16.01785659790039,16.231786727905273,526775200
2013-03-20,16.336429595947266,16.343929290771484,16.056785583496094,16.145713806152344,308660800
2013-03-21,16.079286575317383,16.356428146362305,16.075000762939453,16.168928146362305,383255600
2013-03-22,16.235000610351562,16.503570556640625,16.1825008392334,16.49678611755371,395105200
2013-03-25,16.596071243286133,16.7839298248291,16.492143630981445,16.556428909301758,501135600
2013-03-26,16.62285614013672,16.637142181396484,16.447500228881836,16.46928596496582,294294000
2013-03-27,16.302143096923828,16.314285278320312,16.09749984741211,16.145713806152344,331237200
2013-03-28,16.065000534057617,16.136428833007812,15.772143363952637,15.809286117553711,442839600
2013-04-01,15.782142639160156,15.846428871154785,15.276429176330566,15.318214416503906,389732000
2013-04-02,15.271429061889648,15.647856712341309,15.228570938110352,15.349642753601074,529519200
2013-04-03,15.406070709228516,15.617142677307129,15.368213653564453,15.428214073181152,363216000
2013-04-04,15.491429328918457,15.535714149475098,15.1875,15.275713920593262,358447600
2013-04-05,15.160714149475098,15.176786422729492,14.988571166992188,15.114286422729492,383695200
2013-04-08,15.173213958740234,15.26785659790039,15.088929176330566,15.221785545349121,300829200
2013-04-09,15.227143287658691,15.303570747375488,15.098214149475098,15.249285697937012,306614000
2013-04-10,15.289285659790039,15.609286308288574,15.214642524719238,15.560357093811035,375928000
2013-04-11,15.489999771118164,15.642499923706055,15.399999618530273,15.511786460876465,328364400
2013-04-12,15.505356788635254,15.505356788635254,15.3246431350708,15.350000381469727,238613200
2013-04-15,15.25,15.28178596496582,14.983928680419922,14.994643211364746,317520000
2013-04-16,15.056071281433105,15.23607063293457,15.020357131958008,15.222857475280762,305771200
2013-04-17,15.009642601013184,15.021429061889648,14.21821403503418,14.385713577270508,945056000
2013-04-18,14.463929176330566,14.492500305175781,13.919285774230957,14.001786231994629,666299200
2013-04-19,13.856071472167969,14.271429061889648,13.753570556640625,13.947500228881836,609274400
2013-04-22,14.022856712341309,14.364286422729492,13.973929405212402,14.238213539123535,429920400
2013-04-23,14.428214073181152,14.585000038146973,14.243213653564453,14.504643440246582,664238400
2013-04-24,14.055000305175781,14.83035659790039,14.01785659790039,14.480713844299316,969651200
2013-04-25,14.686785697937012,14.783571243286133,14.535714149475098,14.585000038146973,384837600
2013-04-26,14.63607120513916,14.956070899963379,14.58035659790039,14.899999618530273,764097600
2013-04-29,15.016071319580078,15.486429214477539,15.0,15.361429214477539,640326400
2013-04-30,15.539285659790039,15.901785850524902,15.431071281433105,15.813570976257324,691538400
2013-05-01,15.873571395874023,15.89035701751709,15.51392936706543,15.688928604125977,506909200
2013-05-02,15.777856826782227,16.02107048034668,15.736785888671875,15.911429405212402,421828400
2013-05-03,16.118213653564453,16.186786651611328,16.04107093811035,16.070714950561523,361300800
2013-05-06,16.27535629272461,16.507143020629883,16.225357055664062,16.453929901123047,496641600
2013-05-07,16.60607147216797,16.633928298950195,16.203571319580078,16.380714416503906,483753200
2013-05-08,16.394285202026367,16.620357513427734,16.278928756713867,16.56571388244629,472598000
2013-05-09,16.421785354614258,16.53571319580078,16.270713806152344,16.313213348388672,398487600
2013-05-10,16.35607147216797,16.418214797973633,16.088571548461914,16.177499771118164,334852000
2013-05-13,16.125356674194336,16.35357093811035,16.125,16.240713119506836,316948800
2013-05-14,16.20892906188965,16.257143020629883,15.791070938110352,15.852143287658691,447118000
2013-05-15,15.684286117553711,15.75,15.084285736083984,15.316070556640625,741613600
2013-05-16,15.115714073181152,15.637499809265137,14.960714340209961,15.520713806152344,603204000
2013-05-17,15.680356979370117,15.717499732971191,15.393214225769043,15.473570823669434,427904400
2013-05-20,15.4253568649292,15.921428680419922,15.360713958740234,15.818928718566895,451578400
2013-05-21,15.648214340209961,15.90999984741211,15.507143020629883,15.702142715454102,456022000
2013-05-22,15.858928680419922,16.012500762939453,15.650713920593262,15.762499809265137,443038400
2013-05-23,15.569643020629883,15.934286117553711,15.563928604125977,15.790714263916016,353021200
2013-05-24,15.744643211364746,15.916428565979004,15.727143287658691,15.898214340209961,276166800
2013-05-28,16.06785774230957,16.11107063293457,15.744643211364746,15.765713691711426,386145200
2013-05-29,15.714285850524902,15.98214340209961,15.692856788635254,15.891071319580078,330576400
2013-05-30,15.916070938110352,16.23214340209961,15.875356674194336,16.127857208251953,353519600
2013-05-31,16.16071319580078,16.325000762939453,16.053571701049805,16.061786651611328,384302800
2013-06-03,16.09749984741211,16.15571403503418,15.802857398986816,16.097143173217773,372352400
2013-06-04,16.18642807006836,16.229642868041992,15.978214263916016,16.046785354614258,292728800
2013-06-05,15.916070938110352,16.097143173217773,15.846785545349121,15.896785736083984,290589600
2013-06-06,15.909643173217773,15.964285850524902,15.501786231994629,15.659285545349121,416934000
2013-06-07,15.589285850524902,15.829999923706055,15.456070899963379,15.778928756713867,404535600
2013-06-10,15.883213996887207,16.038570404052734,15.600000381469727,15.674642562866211,450153200
2013-06-11,15.562143325805664,15.812856674194336,15.475713729858398,15.628570556640625,286112400
2013-06-12,15.696429252624512,15.758929252624512,15.410714149475098,15.435357093811035,265227200
2013-06-13,15.446429252624512,15.612142562866211,15.3125,15.569999694824219,285832400
2013-06-14,15.550000190734863,15.581786155700684,15.303570747375488,15.358928680419922,271866000
2013-06-17,15.408571243286133,15.560713768005371,15.369999885559082,15.428570747375488,259414400
2013-06-18,15.412857055664062,15.532142639160156,15.364643096923828,15.420356750488281,195025600
2013-06-19,15.407142639160156,15.416428565979004,15.10714340209961,15.10714340209961,310940000
2013-06-20,14.975000381469727,15.213570594787598,14.827500343322754,14.8871431350708,357310800
2013-06-21,14.946070671081543,15.0,14.574999809265137,14.76785659790039,481118400
2013-06-24,14.550000190734863,14.595000267028809,14.216071128845215,14.376428604125977,480746000
2013-06-25,14.489286422729492,14.563928604125977,14.243928909301758,14.379643440246582,314162800
2013-06-26,14.425000190734863,14.456786155700684,14.130714416503906,14.21678638458252,367724000
2013-06-27,14.258929252624512,14.335356712341309,14.055000305175781,14.063570976257324,337246000
2013-06-28,13.977143287658691,14.295356750488281,13.888214111328125,14.161786079406738,578516400
2013-07-01,14.381786346435547,14.723929405212402,14.329285621643066,14.614999771118164,391053600
2013-07-02,14.64142894744873,15.05821418762207,14.623929023742676,14.946070671081543,469865200
2013-07-03,15.03071403503418,15.106429100036621,14.908928871154785,15.028571128845215,240928800
2013-07-05,15.01392936706543,15.117500305175781,14.833929061889648,14.907856941223145,274024800
2013-07-08,15.003929138183594,15.035714149475098,14.666070938110352,14.823213577270508,298138400
2013-07-09,14.771429061889648,15.125,14.656429290771484,15.083929061889648,352584400
2013-07-10,14.985713958740234,15.171428680419922,14.9375,15.026070594787598,281405600
2013-07-11,15.10535717010498,15.29464340209961,15.041786193847656,15.260356903076172,326292400
2013-07-12,15.273214340209961,15.349642753601074,15.121786117553711,15.232500076293945,279563200
2013-07-15,15.178929328918457,15.409285545349121,15.171428680419922,15.265713691711426,241917200
2013-07-16,15.232856750488281,15.382499694824219,15.14892864227295,15.364286422729492,216538000
2013-07-17,15.346428871154785,15.436429023742676,15.293571472167969,15.368213653564453,198990400
2013-07-18,15.477856636047363,15.531070709228516,15.378929138183594,15.420000076293945,218878800
2013-07-19,15.467857360839844,15.499285697937012,15.155357360839844,15.176786422729492,268721600
2013-07-22,15.337857246398926,15.348214149475098,15.195357322692871,15.225357055664062,207796400
2013-07-23,15.214285850524902,15.248571395874023,14.95392894744873,14.963929176330566,369395600
2013-07-24,15.676071166992188,15.878213882446289,15.545000076293945,15.732500076293945,591936800
2013-07-25,15.739286422729492,15.764286041259766,15.564642906188965,15.660714149475098,229493600
2013-07-26,15.546428680419922,15.751428604125977,15.5121431350708,15.749643325805664,200152400
2013-07-29,15.742856979370117,16.07107162475586,15.721428871154785,15.992500305175781,248057600
2013-07-30,16.06999969482422,16.326786041259766,16.043928146362305,16.190000534057617,309422400
2013-07-31,16.249643325805664,16.33357048034668,16.051071166992188,16.161785125732422,322957600
2013-08-01,16.27678680419922,16.314285278320312,16.187856674194336,16.309999465942383,206250800
2013-08-02,16.357500076293945,16.530357360839844,16.30928611755371,16.519285202026367,274783600
2013-08-05,16.596071243286133,16.809642791748047,16.50535774230957,16.766071319580078,318855600
2013-08-06,16.71500015258789,16.853214263916016,16.506071090698242,16.616071701049805,334857600
2013-08-07,16.564285278320312,16.678571701049805,16.491785049438477,16.606428146362305,298858000
2013-08-08,16.566429138183594,16.575000762939453,16.355356216430664,16.464643478393555,255777200
2013-08-09,16.3799991607666,16.44499969482422,16.201786041259766,16.230356216430664,266865200
2013-08-12,16.316429138183594,16.737499237060547,16.30821418762207,16.691429138183594,364434000
2013-08-13,16.819286346435547,17.66642951965332,16.7160701751709,17.484643936157227,881941200
2013-08-14,17.781429290771484,18.008928298950195,17.621429443359375,17.803571701049805,756372400
2013-08-15,17.729286193847656,17.94285774230957,17.46714210510254,17.782499313354492,490294000
2013-08-16,17.862499237060547,17.962142944335938,17.816429138183594,17.940357208251953,362306000
2013-08-19,18.012142181396484,18.347856521606445,18.0,18.13357162475586,510518400
2013-08-20,18.203929901123047,18.234643936157227,17.886428833007812,17.895357131958008,358688400
2013-08-21,17.9853572845459,18.112499237060547,17.899999618530273,17.941429138183594,335879600
2013-08-22,18.03499984741211,18.056785583496094,17.792856216430664,17.96285629272461,244207600
2013-08-23,17.973928451538086,17.97678565979004,17.83392906188965,17.893571853637695,222731600
2013-08-26,17.883928298950195,18.2214298248291,17.875,17.963214874267578,330965600
2013-08-27,17.78571319580078,17.946786880493164,17.367856979370117,17.449642181396484,424188800
2013-08-28,17.35714340209961,17.707143783569336,17.35714340209961,17.532142639160156,307608000
2013-08-29,17.558929443359375,17.73214340209961,17.54035758972168,17.560714721679688,239657600
2013-08-30,17.571428298950195,17.605356216430664,17.375,17.400714874267578,272297200
2013-09-03,17.610713958740234,17.878570556640625,17.405357360839844,17.44928550720215,331928800
2013-09-04,17.841428756713867,17.937143325805664,17.724285125732422,17.81035614013672,345032800
2013-09-05,17.866071701049805,17.88142967224121,17.6299991607666,17.688213348388672,236367600
2013-09-06,17.801429748535156,17.834999084472656,17.498214721679688,17.79357147216797,359525600
2013-09-09,18.03571319580078,18.139999389648438,17.981428146362305,18.077499389648438,340687200
2013-09-10,18.078571319580078,18.123214721679688,17.48214340209961,17.665714263916016,743195600
2013-09-11,16.67892837524414,16.917499542236328,16.600357055664062,16.703929901123047,898696400
2013-09-12,16.73214340209961,16.97857093811035,16.643213272094727,16.881786346435547,404051200
2013-09-13,16.762142181396484,16.851070404052734,16.5964298248291,16.60357093811035,298835600
2013-09-16,16.46428680419922,16.48607063293457,15.972143173217773,16.075714111328125,543706800
2013-09-17,15.998571395874023,16.418214797973633,15.98214340209961,16.261428833007812,399380800
2013-09-18,16.542142868041992,16.655357360839844,16.4521427154541,16.595714569091797,456862000
2013-09-19,16.810714721679688,16.993928909301758,16.758928298950195,16.867856979370117,404541200
2013-09-20,17.071428298950195,17.0910701751709,16.64285659790039,16.693214416503906,699302800
2013-09-23,17.717857360839844,17.74678611755371,17.235713958740234,17.522857666015625,762106800
2013-09-24,17.674285888671875,17.695356369018555,17.422143936157227,17.467857360839844,364344400
2013-09-25,17.4714298248291,17.48714256286621,17.19392967224121,17.197500228881836,316957200
2013-09-26,17.35714340209961,17.448570251464844,17.282142639160156,17.364999771118164,237221600
2013-09-27,17.277856826782227,17.309642791748047,17.16857147216797,17.241071701049805,228040400
2013-09-30,17.04464340209961,17.2021427154541,16.943214416503906,17.02678680419922,260156400
2013-10-01,17.087499618530273,17.46928596496582,17.084999084472656,17.427143096923828,353883600
2013-10-02,17.343929290771484,17.564285278320312,17.27678680419922,17.484285354614258,289184000
2013-10-03,17.518213272094727,17.58392906188965,17.169286727905273,17.2646427154541,322753200
2013-10-04,17.28071403503418,17.30714225769043,17.092857360839844,17.25107192993164,258868400
2013-10-07,17.37714385986328,17.594642639160156,17.33392906188965,17.41964340209961,312292400
2013-10-08,17.49785614013672,17.522857666015625,17.16214370727539,17.176429748535156,290917200
2013-10-09,17.308570861816406,17.421070098876953,17.08142852783203,17.37821388244629,301725200
2013-10-10,17.547143936157227,17.584999084472656,17.394285202026367,17.48714256286621,278602800
2013-10-11,17.392499923706055,17.637142181396484,17.3271427154541,17.600357055664062,267738800
2013-10-14,17.493928909301758,17.770713806152344,17.47678565979004,17.715713500976562,261898000
2013-10-15,17.768213272094727,17.928571701049805,17.6971435546875,17.809999465942383,320073600
2013-10-16,17.885356903076172,17.947500228881836,17.82964324951172,17.896785736083984,251101200
2013-10-17,17.856428146362305,18.027856826782227,17.845714569091797,18.01785659790039,253593200
2013-10-18,18.07107162475586,18.187856674194336,18.061071395874023,18.17464256286621,290542000
2013-10-21,18.27750015258789,18.725000381469727,18.268571853637695,18.6200008392334,398106800
2013-10-22,18.800357818603516,18.873214721679688,18.14392852783203,18.56678581237793,534063600
2013-10-23,18.53571319580078,18.773929595947266,18.53571319580078,18.748571395874023,313723200
2013-10-24,18.75,19.016786575317383,18.6589298248291,18.99678611755371,384764800
2013-10-25,18.9757137298584,19.043928146362305,18.753929138183594,18.784286499023438,337792000
2013-10-28,18.894285202026367,18.96428680419922,18.686071395874023,18.924285888671875,550440800
2013-10-29,19.15250015258789,19.258928298950195,18.376428604125977,18.452856063842773,635807200
2013-10-30,18.5575008392334,18.84000015258789,18.46500015258789,18.746429443359375,354163600
2013-10-31,18.75,18.83892822265625,18.616785049438477,18.667856216430664,275696400
2013-11-01,18.71500015258789,18.742856979370117,18.4228572845459,18.572500228881836,274890000
2013-11-04,18.610713958740234,18.815000534057617,18.528928756713867,18.8125,244627600
2013-11-05,18.735000610351562,18.88892936706543,18.678571701049805,18.766071319580078,265213200
2013-11-06,18.719642639160156,18.7450008392334,18.507143020629883,18.604286193847656,223375600
2013-11-07,18.556428909301758,18.68535614013672,18.299285888671875,18.303213119506836,262620400
2013-11-08,18.377857208251953,18.611785888671875,18.306785583496094,18.591428756713867,279316800
2013-11-11,18.57107162475586,18.631071090698242,18.37178611755371,18.537500381469727,227452400
2013-11-12,18.48821449279785,18.711429595947266,18.46428680419922,18.571786880493164,204276800
2013-11-13,18.5,18.65178680419922,18.46285629272461,18.593929290771484,197220800
2013-11-14,18.671785354614258,18.902856826782227,18.638214111328125,18.862857818603516,282419200
2013-11-15,18.806428909301758,18.89607048034668,18.731786727905273,18.749643325805664,317920400
2013-11-18,18.749643325805664,18.828214645385742,18.507143020629883,18.522499084472656,244944000
2013-11-19,18.536785125732422,18.692142486572266,18.49892807006836,18.555356979370117,208938800
2013-11-20,18.543928146362305,18.586429595947266,18.368928909301758,18.39285659790039,193916800
2013-11-21,18.485713958740234,18.614643096923828,18.34535789489746,18.61214256286621,262026800
2013-11-22,18.554285049438477,18.648571014404297,18.51892852783203,18.564285278320312,223725600
2013-11-25,18.60785675048828,18.781070709228516,18.60714340209961,18.704999923706055,229311600
2013-11-26,18.718570709228516,19.147857666015625,18.71428680419922,19.049999237060547,401382800
2013-11-27,19.153928756713867,19.5,19.049999237060547,19.498571395874023,363448400
2013-11-29,19.624286651611328,19.940357208251953,19.56464385986328,19.859643936157227,318127600
2013-12-02,19.928571701049805,20.15464210510254,19.672143936157227,19.686786651611328,472544800
2013-12-03,19.939285278320312,20.22785758972168,19.917142868041992,20.2257137298584,450968000
2013-12-04,20.196428298950195,20.328214645385742,20.029285430908203,20.178571701049805,377809600
2013-12-05,20.451786041259766,20.540714263916016,20.22892951965332,20.282142639160156,447580000
2013-12-06,20.206785202026367,20.241071701049805,19.984643936157227,20.000713348388672,344352400
2013-12-09,20.032142639160156,20.34214210510254,20.032142639160156,20.229642868041992,320493600
2013-12-10,20.127857208251953,20.281429290771484,20.042856216430664,20.198213577270508,278269600
2013-12-11,20.25,20.391786575317383,19.988929748535156,20.04857063293457,359718800
2013-12-12,20.07642936706543,20.19071388244629,20.00107192993164,20.019285202026367,262290000
2013-12-13,20.10178565979004,20.10285758972168,19.773929595947266,19.801071166992188,332822000
2013-12-16,19.8221435546875,20.09428596496582,19.821786880493164,19.91071319580078,282592800
2013-12-17,19.850357055664062,19.979999542236328,19.76357078552246,19.82107162475586,229902400
2013-12-18,19.632143020629883,19.694643020629883,19.242856979370117,19.67035675048828,565863200
2013-12-19,19.625,19.64285659790039,19.418928146362305,19.44499969482422,320308800
2013-12-20,19.479642868041992,19.70035743713379,19.457857131958008,19.60785675048828,436413600
2013-12-23,20.28571319580078,20.382856369018555,20.09857177734375,20.3603572845459,501306400
2013-12-24,20.353214263916016,20.424285888671875,20.215356826782227,20.273929595947266,167554800
2013-12-26,20.28928565979004,20.33928680419922,20.12071418762207,20.139286041259766,204008000
2013-12-27,20.136428833007812,20.157499313354492,19.98214340209961,20.00321388244629,225884400
2013-12-30,19.909286499023438,20.00321388244629,19.7257137298584,19.804285049438477,253629600
2013-12-31,19.791786193847656,20.045713424682617,19.78571319580078,20.036428451538086,223084400
2014-01-02,19.845714569091797,19.89392852783203,19.71500015258789,19.754642486572266,234684800
2014-01-03,19.7450008392334,19.774999618530273,19.301071166992188,19.320714950561523,392467600
2014-01-06,19.194643020629883,19.5285701751709,19.05714225769043,19.426071166992188,412610800
2014-01-07,19.440000534057617,19.498571395874023,19.211429595947266,19.28714370727539,317209200
2014-01-08,19.243213653564453,19.484285354614258,19.238929748535156,19.409286499023438,258529600
2014-01-09,19.5285701751709,19.53071403503418,19.11964225769043,19.161428451538086,279148800
2014-01-10,19.27964210510254,19.314285278320312,18.96821403503418,19.033571243286133,304976000
2014-01-13,18.925357818603516,19.375,18.924285888671875,19.133214950561523,378492800
2014-01-14,19.222143173217773,19.526071548461914,19.2021427154541,19.51392936706543,332561600
2014-01-15,19.768571853637695,20.007143020629883,19.7021427154541,19.90571403503418,391638800
2014-01-16,19.81785774230957,19.887500762939453,19.702856063842773,19.79464340209961,229278000
2014-01-17,19.695714950561523,19.716785430908203,19.282142639160156,19.309642791748047,426739600
2014-01-21,19.32107162475586,19.645357131958008,19.30071449279785,19.609643936157227,328526800
2014-01-22,19.675357818603516,19.903213500976562,19.56464385986328,19.696786880493164,379985200
2014-01-23,19.640714645385742,19.875,19.457500457763672,19.863571166992188,403239200
2014-01-24,19.78571319580078,19.843570709228516,19.45535659790039,19.502500534057617,429354800
2014-01-27,19.645357131958008,19.814285278320312,19.491071701049805,19.66071319580078,554878800
2014-01-28,18.170000076293945,18.39285659790039,17.93107032775879,18.08928680419922,1065523200
2014-01-29,17.998214721679688,18.120357513427734,17.807857513427734,17.883928298950195,502810000
2014-01-30,17.947856903076172,18.08928680419922,17.739286422729492,17.849285125732422,678501600
2014-01-31,17.684999465942383,17.911785125732422,17.626785278320312,17.878570556640625,464797200
2014-02-03,17.95035743713379,18.133214950561523,17.832143783569336,17.911785125732422,401464000
2014-02-04,18.066070556640625,18.19499969482422,17.955713272094727,18.171070098876953,376681200
2014-02-05,18.091428756713867,18.402856826782227,18.08035659790039,18.306785583496094,328344800
2014-02-06,18.216428756713867,18.33928680419922,18.136070251464844,18.30392837524414,257765200
2014-02-07,18.62071418762207,18.676071166992188,18.47785758972168,18.559999465942383,370280400
2014-02-10,18.523571014404297,18.999643325805664,18.5,18.892499923706055,345559200
2014-02-11,18.95035743713379,19.20535659790039,18.91071319580078,19.141429901123047,282256800
2014-02-12,19.176786422729492,19.270000457763672,19.044286727905273,19.139999389648438,308100800
2014-02-13,19.094999313354492,19.45892906188965,19.078571319580078,19.44392967224121,307398000
2014-02-14,19.37392807006836,19.499286651611328,19.328929901123047,19.428213119506836,272924400
2014-02-18,19.5,19.68535614013672,19.48607063293457,19.499643325805664,260251600
2014-02-19,19.45535659790039,19.53178596496582,19.08392906188965,19.19178581237793,313768000
2014-02-20,19.035356521606445,19.178571701049805,18.89285659790039,18.969642639160156,305858000
2014-02-21,19.028213500976562,19.091785430908203,18.735713958740234,18.758928298950195,278784800
2014-02-24,18.683929443359375,18.92571449279785,18.65785789489746,18.8410701751709,288909600
2014-02-25,18.906429290771484,18.9132137298584,18.60714340209961,18.645000457763672,231952000
2014-02-26,18.70035743713379,18.75,18.41428565979004,18.47678565979004,276217200
2014-02-27,18.46928596496582,18.885000228881836,18.430356979370117,18.84535789489746,301882000
2014-02-28,18.895713806152344,19.02678680419922,18.64714241027832,18.794286727905273,371968800
2014-03-03,18.693571090698242,18.951786041259766,18.671785354614258,18.84857177734375,238781200
2014-03-04,18.96428680419922,19.022857666015625,18.848928451538086,18.972856521606445,259140000
2014-03-05,18.961429595947266,19.09821319580078,18.897499084472656,19.01285743713379,200062800
2014-03-06,19.028213500976562,19.087142944335938,18.860713958740234,18.95535659790039,185488800
2014-03-07,18.967500686645508,18.999286651611328,18.787500381469727,18.944286346435547,220729600
2014-03-10,18.8700008392334,19.047500610351562,18.869285583496094,18.961429595947266,178584000
2014-03-11,19.123214721679688,19.240713119506836,19.02107048034668,19.14607048034668,279224400
2014-03-12,19.089643478393555,19.191070556640625,19.0,19.164642333984375,199326400
2014-03-13,19.194286346435547,19.273571014404297,18.898571014404297,18.951786041259766,257742800
2014-03-14,18.885356903076172,18.960357666015625,18.678571701049805,18.738929748535156,237199200
2014-03-17,18.8464298248291,18.927499771118164,18.780357360839844,18.812143325805664,199544800
2014-03-18,18.782142639160156,18.99892807006836,18.757143020629883,18.97857093811035,209647200
2014-03-19,19.009286880493164,19.15142822265625,18.89285659790039,18.97357177734375,224756000
2014-03-20,18.92464256286621,19.023929595947266,18.83392906188965,18.882143020629883,208398400
2014-03-21,18.997499465942383,19.0625,18.797500610351562,19.031070709228516,374046400
2014-03-24,19.229286193847656,19.303571701049805,19.109285354614258,19.256786346435547,355700800
2014-03-25,19.33928680419922,19.491071701049805,19.27107048034668,19.46392822265625,282293200
2014-03-26,19.518571853637695,19.60714340209961,19.2450008392334,19.277856826782227,299768000
2014-03-27,19.286428451538086,19.33928680419922,19.11142921447754,19.19499969482422,222031600
2014-03-28,19.2257137298584,19.24785614013672,19.08035659790039,19.17357063293457,200564000
2014-03-31,19.258214950561523,19.31464385986328,19.140356063842773,19.169286727905273,168669200
2014-04-01,19.205713272094727,19.352500915527344,19.17035675048828,19.344642639160156,200760000
2014-04-02,19.37071418762207,19.40999984741211,19.295000076293945,19.376785278320312,180420800
2014-04-03,19.335357666015625,19.375,19.20142936706543,19.24250030517578,162344000
2014-04-04,19.278928756713867,19.28571319580078,18.94928550720215,18.99357032775879,275251200
2014-04-07,18.85785675048828,18.96071434020996,18.63892936706543,18.695356369018555,289850400
2014-04-08,18.756786346435547,18.790000915527344,18.524999618530273,18.694286346435547,243888400
2014-04-09,18.665714263916016,18.94607162475586,18.643571853637695,18.940000534057617,206169600
2014-04-10,18.952856063842773,19.00857162475586,18.684642791748047,18.695714950561523,239652000
2014-04-11,18.53571319580078,18.672500610351562,18.46928596496582,18.5575008392334,271717600
2014-04-14,18.639286041259766,18.648571014404297,18.471786499023438,18.63142967224121,205674000
2014-04-15,18.581071853637695,18.6299991607666,18.26178550720215,18.498571395874023,266490000
2014-04-16,18.501785278320312,18.6103572845459,18.36214256286621,18.53607177734375,214765600
2014-04-17,18.571428298950195,18.84857177734375,18.542856216430664,18.74785614013672,284334400
2014-04-21,18.762142181396484,19.0049991607666,18.71285629272461,18.97035789489746,182548800
2014-04-22,18.868213653564453,18.993928909301758,18.803571701049805,18.989286422729492,202563200
2014-04-23,18.895000457763672,18.968929290771484,18.730356216430664,18.741071701049805,394940000
2014-04-24,20.293214797973633,20.35714340209961,20.026071548461914,20.27750015258789,759911600
2014-04-25,20.161785125732422,20.428213119506836,20.141429901123047,20.426429748535156,390275200
2014-04-28,20.457143783569336,21.27678680419922,20.448213577270508,21.217500686645508,669485600
2014-04-29,21.204999923706055,21.28499984741211,21.05392837524414,21.15464210510254,337377600
2014-04-30,21.165714263916016,21.408214569091797,21.064285278320312,21.074642181396484,456640800
2014-05-01,21.14285659790039,21.242856979370117,20.941429138183594,21.124286651611328,244048000
2014-05-02,21.155000686645508,21.2214298248291,21.061071395874023,21.163570404052734,191514400
2014-05-05,21.07642936706543,21.46428680419922,21.071428298950195,21.46285629272461,287067200
2014-05-06,21.492856979370117,21.586071014404297,21.22892951965332,21.22892951965332,374564400
2014-05-07,21.258928298950195,21.331785202026367,20.9903564453125,21.15464210510254,282864400
2014-05-08,21.008928298950195,21.22892951965332,20.94285774230957,20.999643325805664,230297200
2014-05-09,20.876428604125977,20.9375,20.726070404052734,20.91214370727539,291597600
2014-05-12,20.981786727905273,21.2021427154541,20.97857093811035,21.172500610351562,213208800
2014-05-13,21.14285659790039,21.233570098876953,21.0964298248291,21.205713272094727,159737200
2014-05-14,21.158214569091797,21.33571434020996,21.13357162475586,21.20964241027832,166404000
2014-05-15,21.239286422729492,21.30714225769043,21.001428604125977,21.029285430908203,230846000
2014-05-16,21.022499084472656,21.340356826782227,20.907142639160156,21.339643478393555,276256400
2014-05-19,21.35178565979004,21.690357208251953,21.333213806152344,21.592500686645508,317755200
2014-05-20,21.589643478393555,21.657142639160156,21.45464324951172,21.596786499023438,234836000
2014-05-21,21.565357208251953,21.667856216430664,21.50214385986328,21.653928756713867,196859600
2014-05-22,21.66428565979004,21.780357360839844,21.575000762939453,21.688213348388672,200760000
2014-05-23,21.6875,21.95464324951172,21.659643173217773,21.93321418762207,232209600
2014-05-27,21.99571418762207,22.352142333984375,21.986785888671875,22.343929290771484,348866000
2014-05-28,22.35785675048828,22.493928909301758,22.277856826782227,22.28607177734375,315481600
2014-05-29,22.423213958740234,22.745357513427734,22.42035675048828,22.692142486572266,376474000
2014-05-30,22.78499984741211,23.006071090698242,22.46071434020996,22.60714340209961,564020800
2014-06-02,22.641429901123047,22.672500610351562,22.23214340209961,22.451786041259766,369350800
2014-06-03,22.44499969482422,22.812143325805664,22.4375,22.769285202026367,292709200
2014-06-04,22.765714645385742,23.13892936706543,22.71821403503418,23.029285430908203,335482000
2014-06-05,23.078571319580078,23.19178581237793,22.95035743713379,23.11964225769043,303805600
2014-06-06,23.21071434020996,23.259286880493164,23.016786575317383,23.05607032775879,349938400
2014-06-09,23.174999237060547,23.469999313354492,22.9375,23.424999237060547,301660000
2014-06-10,23.6825008392334,23.762500762939453,23.392499923706055,23.5625,251108000
2014-06-11,23.532499313354492,23.690000534057617,23.36750030517578,23.46500015258789,182724000
2014-06-12,23.510000228881836,23.530000686645508,22.975000381469727,23.072500228881836,218996000
2014-06-13,23.049999237060547,23.110000610351562,22.719999313354492,22.81999969482422,218100000
2014-06-16,22.877500534057617,23.1875,22.862499237060547,23.049999237060547,142244000
2014-06-17,23.077499389648438,23.174999237060547,22.950000762939453,23.020000457763672,118904000
2014-06-18,23.0674991607666,23.072500228881836,22.837499618530273,23.045000076293945,134056000
2014-06-19,23.072500228881836,23.075000762939453,22.834999084472656,22.96500015258789,142112000
2014-06-20,22.962499618530273,23.137500762939453,22.725000381469727,22.727500915527344,403592000
2014-06-23,22.829999923706055,22.905000686645508,22.649999618530273,22.707500457763672,174776000
2014-06-24,22.6875,22.934999465942383,22.547500610351562,22.56999969482422,156144000
2014-06-25,22.552499771118164,22.674999237060547,22.412500381469727,22.59000015258789,147476000
2014-06-26,22.592500686645508,22.762500762939453,22.450000762939453,22.725000381469727,130516000
2014-06-27,22.704999923706055,23.0,22.6924991607666,22.9950008392334,256116000
2014-06-30,23.024999618530273,23.4325008392334,23.022499084472656,23.232500076293945,197929200
2014-07-01,23.3799991607666,23.517499923706055,23.282499313354492,23.3799991607666,152892000
2014-07-02,23.467500686645508,23.514999389648438,23.272499084472656,23.3700008392334,113860000
2014-07-03,23.417499542236328,23.524999618530273,23.299999237060547,23.50749969482422,91567200
2014-07-07,23.53499984741211,23.997499465942383,23.524999618530273,23.99250030517578,225872000
2014-07-08,24.0674991607666,24.200000762939453,23.479999542236328,23.837499618530273,260888000
2014-07-09,23.860000610351562,23.987499237060547,23.690000534057617,23.84749984741211,145744000
2014-07-10,23.440000534057617,23.887500762939453,23.3799991607666,23.760000228881836,158744000
2014-07-11,23.84000015258789,23.97249984741211,23.71500015258789,23.80500030517578,136072000
2014-07-14,23.96500015258789,24.22249984741211,23.912500381469727,24.112499237060547,171240000
2014-07-15,24.200000762939453,24.212499618530273,23.75749969482422,23.829999923706055,181911600
2014-07-16,24.24250030517578,24.274999618530273,23.684999465942383,23.69499969482422,213585200
2014-07-17,23.75749969482422,23.81999969482422,23.142499923706055,23.272499084472656,229192000
2014-07-18,23.405000686645508,23.684999465942383,23.2549991607666,23.607500076293945,199952000
2014-07-21,23.747499465942383,23.75,23.43000030517578,23.485000610351562,156316000
2014-07-22,23.670000076293945,23.72249984741211,23.530000686645508,23.68000030517578,220788000
2014-07-23,23.854999542236328,24.469999313354492,23.792499542236328,24.297500610351562,371672000
2014-07-24,24.260000228881836,24.329999923706055,24.104999542236328,24.25749969482422,182916000
2014-07-25,24.212499618530273,24.459999084472656,24.15999984741211,24.417499542236328,173876000
2014-07-28,24.454999923706055,24.809999465942383,24.387500762939453,24.7549991607666,221272000
2014-07-29,24.832500457763672,24.860000610351562,24.5625,24.594999313354492,172572000
2014-07-30,24.610000610351562,24.674999237060547,24.417499542236328,24.537500381469727,132040000
2014-07-31,24.290000915527344,24.362499237060547,23.832500457763672,23.899999618530273,227372000
2014-08-01,23.725000381469727,24.155000686645508,23.702499389648438,24.032499313354492,194044000
2014-08-04,24.092500686645508,24.145000457763672,23.792499542236328,23.897499084472656,159832000
2014-08-05,23.84000015258789,23.920000076293945,23.59000015258789,23.780000686645508,223732000
2014-08-06,23.6875,23.8700008392334,23.677499771118164,23.739999771118164,154232000
2014-08-07,23.732500076293945,23.987499237060547,23.524999618530273,23.6200008392334,186844000
2014-08-08,23.565000534057617,23.704999923706055,23.31999969482422,23.684999465942383,167460000
2014-08-11,23.8174991607666,24.020000457763672,23.709999084472656,23.997499465942383,146340000
2014-08-12,24.010000228881836,24.219999313354492,23.90250015258789,23.99250030517578,135180000
2014-08-13,24.037500381469727,24.309999465942383,24.010000228881836,24.309999465942383,127664000
2014-08-14,24.332500457763672,24.392499923706055,24.200000762939453,24.375,112464000
2014-08-15,24.475000381469727,24.547500610351562,24.21500015258789,24.4950008392334,195804000
2014-08-18,24.622499465942383,24.842500686645508,24.4950008392334,24.790000915527344,190288000
2014-08-19,24.852500915527344,25.170000076293945,24.829999923706055,25.13249969482422,277596000
2014-08-20,25.110000610351562,25.272499084472656,24.987499237060547,25.142499923706055,210796000
2014-08-21,25.142499923706055,25.235000610351562,25.02750015258789,25.145000457763672,133912000
2014-08-22,25.072500228881836,25.36750030517578,25.047500610351562,25.329999923706055,176736000
2014-08-25,25.447500228881836,25.542499542236328,25.31999969482422,25.385000228881836,161080000
2014-08-26,25.354999542236328,25.375,25.21500015258789,25.22249984741211,132608000
2014-08-27,25.2549991607666,25.642499923706055,25.174999237060547,25.532499313354492,209476000
2014-08-28,25.397499084472656,25.69499969482422,25.389999389648438,25.5625,273840000
2014-08-29,25.71500015258789,25.725000381469727,25.549999237060547,25.625,178380000
2014-09-02,25.764999389648438,25.934999465942383,25.68000030517578,25.825000762939453,214256000
2014-09-03,25.774999618530273,25.799999237060547,24.645000457763672,24.735000610351562,501684000
2014-09-04,24.712499618530273,25.022499084472656,24.447500228881836,24.530000686645508,342872000
2014-09-05,24.700000762939453,24.84749984741211,24.577499389648438,24.74250030517578,233828000
2014-09-08,24.825000762939453,24.827499389648438,24.512500762939453,24.59000015258789,185426800
2014-09-09,24.770000457763672,25.770000457763672,24.03499984741211,24.497499465942383,759385200
2014-09-10,24.502500534057617,25.27750015258789,24.440000534057617,25.25,403478400
2014-09-11,25.102500915527344,25.360000610351562,24.905000686645508,25.357500076293945,249412400
2014-09-12,25.302499771118164,25.547500610351562,25.270000457763672,25.415000915527344,250504400
2014-09-15,25.702499389648438,25.762500762939453,25.360000610351562,25.407499313354492,245266000
2014-09-16,24.950000762939453,25.315000534057617,24.72249984741211,25.21500015258789,267632400
2014-09-17,25.3174991607666,25.450000762939453,25.147499084472656,25.395000457763672,243706000
2014-09-18,25.482500076293945,25.587499618530273,25.389999389648438,25.447500228881836,149197600
2014-09-19,25.572500228881836,25.587499618530273,25.125,25.239999771118164,283609600
2014-09-22,25.450000762939453,25.53499984741211,25.145000457763672,25.264999389648438,211153600
2014-09-23,25.149999618530273,25.735000610351562,25.135000228881836,25.65999984741211,253608800
2014-09-24,25.540000915527344,25.712499618530273,25.299999237060547,25.4375,240687200
2014-09-25,25.127500534057617,25.177499771118164,24.43000030517578,24.467500686645508,400368000
2014-09-26,24.63249969482422,25.1875,24.600000381469727,25.1875,249482000
2014-09-29,24.662500381469727,25.110000610351562,24.657499313354492,25.02750015258789,199065200
2014-09-30,25.202499389648438,25.385000228881836,25.13249969482422,25.1875,221056400
2014-10-01,25.147499084472656,25.172500610351562,24.674999237060547,24.795000076293945,205965200
2014-10-02,24.8174991607666,25.05500030517578,24.510000228881836,24.975000381469727,191031200
2014-10-03,24.860000610351562,25.052499771118164,24.760000228881836,24.905000686645508,173878400
2014-10-06,24.987499237060547,25.162500381469727,24.854999542236328,24.905000686645508,148204800
2014-10-07,24.857500076293945,25.030000686645508,24.6825008392334,24.6875,168376800
2014-10-08,24.690000534057617,25.27750015258789,24.577499389648438,25.200000762939453,229618800
2014-10-09,25.385000228881836,25.594999313354492,25.15250015258789,25.2549991607666,309506000
2014-10-10,25.172500610351562,25.50749969482422,25.075000762939453,25.1825008392334,265326400
2014-10-13,25.332500457763672,25.44499969482422,24.952499389648438,24.952499389648438,214333600
2014-10-14,25.09749984741211,25.1299991607666,24.642499923706055,24.6875,254754400
2014-10-15,24.49250030517578,24.787500381469727,23.795000076293945,24.385000228881836,403734400
2014-10-16,23.887500762939453,24.43000030517578,23.852500915527344,24.065000534057617,288618000
2014-10-17,24.375,24.75,24.202499389648438,24.417499542236328,272718800
2014-10-20,24.579999923706055,24.989999771118164,24.55500030517578,24.940000534057617,310069200
2014-10-21,25.7549991607666,25.7549991607666,25.3174991607666,25.61750030517578,378495600
2014-10-22,25.709999084472656,26.02750015258789,25.649999618530273,25.747499465942383,273052400
2014-10-23,26.020000457763672,26.262500762939453,25.907499313354492,26.207500457763672,284298800
2014-10-24,26.295000076293945,26.372499465942383,26.13249969482422,26.30500030517578,188215600
2014-10-27,26.212499618530273,26.3700008392334,26.174999237060547,26.27750015258789,136750800
2014-10-28,26.350000381469727,26.684999465942383,26.337499618530273,26.684999465942383,192243600
2014-10-29,26.662500381469727,26.842500686645508,26.59000015258789,26.834999084472656,210751600
2014-10-30,26.739999771118164,26.837499618530273,26.475000381469727,26.7450008392334,162619200
2014-10-31,27.002500534057617,27.010000228881836,26.802499771118164,27.0,178557200
2014-11-03,27.05500030517578,27.575000762939453,27.002500534057617,27.350000381469727,209130400
2014-11-04,27.34000015258789,27.372499465942383,26.93000030517578,27.149999618530273,166297600
2014-11-05,27.274999618530273,27.325000762939453,27.032499313354492,27.21500015258789,149743600
2014-11-06,27.149999618530273,27.197500228881836,26.950000762939453,27.174999237060547,139874000
2014-11-07,27.1875,27.329999923706055,27.137500762939453,27.252500534057617,134766000
2014-11-10,27.2549991607666,27.332500457763672,27.167499542236328,27.207500457763672,108782000
2014-11-11,27.174999237060547,27.4375,27.100000381469727,27.424999237060547,109769200
2014-11-12,27.344999313354492,27.857500076293945,27.342500686645508,27.8125,187769600
2014-11-13,27.950000762939453,28.362499237060547,27.899999618530273,28.204999923706055,238091600
2014-11-14,28.287500381469727,28.547500610351562,27.802499771118164,28.545000076293945,176254400
2014-11-17,28.5674991607666,29.31999969482422,28.325000762939453,28.497499465942383,186986800
2014-11-18,28.485000610351562,28.922500610351562,28.47249984741211,28.86750030517578,176896000
2014-11-19,28.860000610351562,28.934999465942383,28.450000762939453,28.667499542236328,167476800
2014-11-20,28.727500915527344,29.21500015258789,28.712499618530273,29.077499389648438,173582000
2014-11-21,29.377500534057617,29.392499923706055,29.00749969482422,29.11750030517578,228717200
2014-11-24,29.212499618530273,29.6924991607666,29.155000686645508,29.657499313354492,189803200
2014-11-25,29.767499923706055,29.9375,29.362499237060547,29.399999618530273,275361600
2014-11-26,29.485000610351562,29.774999618530273,29.457500457763672,29.75,163073200
2014-11-28,29.8174991607666,29.850000381469727,29.512500762939453,29.732500076293945,99257600
2014-12-01,29.702499389648438,29.8125,27.8174991607666,28.767499923706055,335256000
2014-12-02,28.375,28.9375,28.1875,28.657499313354492,237395600
2014-12-03,28.9375,29.087499618530273,28.77750015258789,28.982500076293945,172253600
2014-12-04,28.9424991607666,29.299999237060547,28.822500228881836,28.872499465942383,168178000
2014-12-05,28.997499465942383,29.020000457763672,28.65999984741211,28.75,153275600
2014-12-08,28.524999618530273,28.662500381469727,27.905000686645508,28.100000381469727,230659600
2014-12-09,27.547500610351562,28.575000762939453,27.337499618530273,28.530000686645508,240832000
2014-12-10,28.602500915527344,28.712499618530273,27.885000228881836,27.987499237060547,178261200
2014-12-11,28.065000534057617,28.450000762939453,27.834999084472656,27.905000686645508,165606800
2014-12-12,27.614999771118164,27.967500686645508,27.395000457763672,27.4325008392334,224112400
2014-12-15,27.674999237060547,27.899999618530273,26.587499618530273,27.0575008392334,268872400
2014-12-16,26.592500686645508,27.540000915527344,26.565000534057617,26.6875,243162800
2014-12-17,26.780000686645508,27.459999084472656,26.704999923706055,27.352500915527344,213647200
2014-12-18,27.967500686645508,28.162500381469727,27.665000915527344,28.162500381469727,236024800
2014-12-19,28.065000534057617,28.309999465942383,27.915000915527344,27.94499969482422,353719200
2014-12-22,28.040000915527344,28.372499465942383,27.99250030517578,28.235000610351562,180670000
2014-12-23,28.3075008392334,28.332500457763672,28.114999771118164,28.135000228881836,104113600
2014-12-24,28.145000457763672,28.177499771118164,28.002500534057617,28.002500534057617,57918400
2014-12-26,28.024999618530273,28.6299991607666,28.002500534057617,28.497499465942383,134884000
2014-12-29,28.447500228881836,28.6924991607666,28.424999237060547,28.477500915527344,110395600
2014-12-30,28.40999984741211,28.479999542236328,28.02750015258789,28.1299991607666,119526000
2014-12-31,28.204999923706055,28.282499313354492,27.552499771118164,27.594999313354492,165613600
2015-01-02,27.84749984741211,27.860000610351562,26.837499618530273,27.332500457763672,212818400
2015-01-05,27.072500228881836,27.162500381469727,26.352500915527344,26.5625,257142000
2015-01-06,26.635000228881836,26.857500076293945,26.157499313354492,26.565000534057617,263188400
2015-01-07,26.799999237060547,27.049999237060547,26.674999237060547,26.9375,160423600
2015-01-08,27.3075008392334,28.037500381469727,27.174999237060547,27.97249984741211,237458000
2015-01-09,28.167499542236328,28.3125,27.552499771118164,28.002500534057617,214798000
2015-01-12,28.149999618530273,28.157499313354492,27.200000762939453,27.3125,198603200
2015-01-13,27.857500076293945,28.200000762939453,27.227500915527344,27.55500030517578,268367600
2015-01-14,27.260000228881836,27.622499465942383,27.125,27.450000762939453,195826400
2015-01-15,27.5,27.514999389648438,26.665000915527344,26.704999923706055,240056000
2015-01-16,26.75749969482422,26.895000457763672,26.299999237060547,26.497499465942383,314053200
2015-01-20,26.959999084472656,27.24250030517578,26.625,27.18000030517578,199599600
2015-01-21,27.237499237060547,27.764999389648438,27.0674991607666,27.387500762939453,194303600
2015-01-22,27.565000534057617,28.11750030517578,27.43000030517578,28.100000381469727,215185600
2015-01-23,28.075000762939453,28.4375,27.88249969482422,28.2450008392334,185859200
2015-01-26,28.434999465942383,28.59000015258789,28.200000762939453,28.274999618530273,222460000
2015-01-27,28.104999542236328,28.1200008392334,27.25749969482422,27.28499984741211,382274800
2015-01-28,29.407499313354492,29.530000686645508,28.827499389648438,28.827499389648438,585908400
2015-01-29,29.079999923706055,29.797500610351562,28.889999389648438,29.725000381469727,337745600
2015-01-30,29.600000381469727,30.0,29.212499618530273,29.290000915527344,334982000
2015-02-02,29.512500762939453,29.792499542236328,29.020000457763672,29.657499313354492,250956400
2015-02-03,29.625,29.772499084472656,29.40250015258789,29.662500381469727,207662800
2015-02-04,29.625,30.127500534057617,29.577499389648438,29.889999389648438,280598800
2015-02-05,30.0049991607666,30.0575008392334,29.8125,29.985000610351562,168984800
2015-02-06,30.0049991607666,30.0625,29.612499237060547,29.732500076293945,174826400
2015-02-09,29.637500762939453,29.959999084472656,29.607500076293945,29.93000030517578,155559200
2015-02-10,30.042499542236328,30.537500381469727,30.040000915527344,30.5049991607666,248034000
2015-02-11,30.6924991607666,31.229999542236328,30.625,31.219999313354492,294247200
2015-02-12,31.514999389648438,31.8700008392334,31.392499923706055,31.614999771118164,297898000
2015-02-13,31.81999969482422,31.81999969482422,31.412500381469727,31.770000457763672,217088800
2015-02-17,31.872499465942383,32.220001220703125,31.729999542236328,31.957500457763672,252609600
2015-02-18,31.907499313354492,32.19499969482422,31.862499237060547,32.18000030517578,179566800
2015-02-19,32.119998931884766,32.25749969482422,32.08250045776367,32.11249923706055,149449600
2015-02-20,32.154998779296875,32.375,32.01250076293945,32.375,195793600
2015-02-23,32.505001068115234,33.25,32.415000915527344,33.25,283896400
2015-02-24,33.23500061035156,33.400001525878906,32.79249954223633,33.04249954223633,276912400
2015-02-25,32.88999938964844,32.900001525878906,32.037498474121094,32.1974983215332,298846800
2015-02-26,32.1974983215332,32.717498779296875,31.65250015258789,32.60499954223633,365150000
2015-02-27,32.5,32.64250183105469,32.060001373291016,32.1150016784668,248059200
2015-03-02,32.3125,32.56999969482422,32.07500076293945,32.272499084472656,192386800
2015-03-03,32.2400016784668,32.380001068115234,32.022499084472656,32.34000015258789,151265200
2015-03-04,32.275001525878906,32.38999938964844,32.08000183105469,32.1349983215332,126665200
2015-03-05,32.14500045776367,32.1875,31.440000534057617,31.602500915527344,226068400
2015-03-06,32.099998474121094,32.342498779296875,31.565000534057617,31.649999618530273,291368400
2015-03-09,31.989999771118164,32.39250183105469,31.264999389648438,31.78499984741211,354114000
2015-03-10,31.602500915527344,31.80500030517578,30.950000762939453,31.127500534057617,275426400
2015-03-11,31.1875,31.1924991607666,30.52750015258789,30.559999465942383,275756000
2015-03-12,30.577499389648438,31.225000381469727,30.407499313354492,31.112499237060547,193450800
2015-03-13,31.100000381469727,31.350000381469727,30.645000457763672,30.897499084472656,207309200
2015-03-16,30.969999313354492,31.237499237060547,30.717500686645508,31.237499237060547,143497200
2015-03-17,31.475000381469727,31.829999923706055,31.412500381469727,31.760000228881836,204092400
2015-03-18,31.75,32.290000915527344,31.592500686645508,32.11750030517578,261083600
2015-03-19,32.1875,32.3125,31.850000381469727,31.875,183238000
2015-03-20,32.0625,32.099998474121094,31.290000915527344,31.475000381469727,274780400
2015-03-23,31.780000686645508,31.962499618530273,31.6299991607666,31.802499771118164,150838800
2015-03-24,31.8075008392334,32.0099983215332,31.639999389648438,31.672500610351562,131369200
2015-03-25,31.635000228881836,31.704999923706055,30.844999313354492,30.844999313354492,206620800
2015-03-26,30.690000534057617,31.219999313354492,30.649999618530273,31.059999465942383,190291600
2015-03-27,31.142499923706055,31.174999237060547,30.727500915527344,30.8125,158184800
2015-03-30,31.012500762939453,31.600000381469727,31.0,31.592500686645508,188398800
2015-03-31,31.522499084472656,31.622499465942383,31.09000015258789,31.107500076293945,168362400
2015-04-01,31.204999923706055,31.280000686645508,30.774999618530273,31.0625,162485600
2015-04-02,31.25749969482422,31.389999389648438,31.047500610351562,31.329999923706055,128880400
2015-04-06,31.11750030517578,31.877500534057617,31.082500457763672,31.837499618530273,148776000
2015-04-07,31.90999984741211,32.029998779296875,31.4950008392334,31.502500534057617,140049200
2015-04-08,31.462499618530273,31.600000381469727,31.24250030517578,31.399999618530273,149316800
2015-04-09,31.462499618530273,31.645000457763672,31.165000915527344,31.639999389648438,129936000
2015-04-10,31.487499237060547,31.802499771118164,31.315000534057617,31.774999618530273,160752000
2015-04-13,32.092498779296875,32.14250183105469,31.65250015258789,31.712499618530273,145460400
2015-04-14,31.75,31.822500228881836,31.477500915527344,31.575000762939453,102098400
2015-04-15,31.602500915527344,31.782499313354492,31.502500534057617,31.69499969482422,115881600
2015-04-16,31.56999969482422,31.774999618530273,31.52750015258789,31.542499542236328,113476000
2015-04-17,31.387500762939453,31.53499984741211,31.114999771118164,31.1875,207828000
2015-04-20,31.392499923706055,32.029998779296875,31.292499542236328,31.899999618530273,188217200
2015-04-21,32.025001525878906,32.04999923706055,31.667499542236328,31.727500915527344,129740400
2015-04-22,31.747499465942383,32.217498779296875,31.579999923706055,32.154998779296875,150618000
2015-04-23,32.07500076293945,32.60499954223633,32.03499984741211,32.41749954223633,183083600
2015-04-24,32.622501373291016,32.657501220703125,32.307498931884766,32.56999969482422,178103600
2015-04-27,33.07749938964844,33.282501220703125,32.787498474121094,33.162498474121094,387816800
2015-04-28,33.6150016784668,33.6349983215332,32.39250183105469,32.63999938964844,475696000
2015-04-29,32.540000915527344,32.897499084472656,32.07500076293945,32.15999984741211,253544400
2015-04-30,32.15999984741211,32.15999984741211,31.145000457763672,31.287500381469727,332781600
2015-05-01,31.524999618530273,32.532501220703125,31.325000762939453,32.23749923706055,234050400
2015-05-04,32.375,32.64250183105469,32.064998626708984,32.17499923706055,203953200
2015-05-05,32.037498474121094,32.11249923706055,31.44499969482422,31.450000762939453,197085600
2015-05-06,31.639999389648438,31.6875,30.84000015258789,31.252500534057617,288564000
2015-05-07,31.1924991607666,31.520000457763672,31.0049991607666,31.315000534057617,175763600
2015-05-08,31.670000076293945,31.905000686645508,31.52750015258789,31.905000686645508,222201600
2015-05-11,31.84749984741211,31.889999389648438,31.407499313354492,31.579999923706055,168143200
2015-05-12,31.399999618530273,31.719999313354492,31.204999923706055,31.467500686645508,192640000
2015-05-13,31.537500381469727,31.797500610351562,31.467500686645508,31.502500534057617,138776800
2015-05-14,31.852500915527344,32.23749923706055,31.790000915527344,32.23749923706055,180814000
2015-05-15,32.26750183105469,32.372501373291016,32.0525016784668,32.192501068115234,152832000
2015-05-18,32.095001220703125,32.68000030517578,32.09000015258789,32.54750061035156,203531600
2015-05-19,32.67250061035156,32.720001220703125,32.40999984741211,32.51750183105469,178532800
2015-05-20,32.5,32.744998931884766,32.334999084472656,32.51499938964844,145819600
2015-05-21,32.51750183105469,32.907501220703125,32.45750045776367,32.84749984741211,158921600
2015-05-22,32.900001525878906,33.24250030517578,32.849998474121094,33.1349983215332,182384000
2015-05-26,33.150001525878906,33.227500915527344,32.279998779296875,32.404998779296875,282790400
2015-05-27,32.584999084472656,33.064998626708984,32.51250076293945,33.0099983215332,183332800
2015-05-28,32.96500015258789,32.98749923706055,32.775001525878906,32.94499969482422,122933200
2015-05-29,32.807498931884766,32.86249923706055,32.474998474121094,32.56999969482422,203538000
2015-06-01,32.56999969482422,32.84749984741211,32.51250076293945,32.6349983215332,128451200
2015-06-02,32.46500015258789,32.665000915527344,32.33000183105469,32.4900016784668,134670400
2015-06-03,32.665000915527344,32.73500061035156,32.474998474121094,32.529998779296875,123934000
2015-06-04,32.39500045776367,32.64500045776367,32.227500915527344,32.34000015258789,153800400
2015-06-05,32.375,32.42250061035156,32.09000015258789,32.162498474121094,142507200
2015-06-08,32.224998474121094,32.3025016784668,31.707500457763672,31.950000762939453,210699200
2015-06-09,31.674999237060547,32.02000045776367,31.405000686645508,31.854999542236328,224301600
2015-06-10,31.979999542236328,32.334999084472656,31.962499618530273,32.220001220703125,156349200
2015-06-11,32.29499816894531,32.54499816894531,32.119998931884766,32.147499084472656,141563600
2015-06-12,32.04750061035156,32.08250045776367,31.77750015258789,31.792499542236328,147544800
2015-06-15,31.524999618530273,31.809999465942383,31.427499771118164,31.729999542236328,175955600
2015-06-16,31.75749969482422,31.962499618530273,31.592500686645508,31.899999618530273,125976400
2015-06-17,31.93000030517578,31.969999313354492,31.684999465942383,31.825000762939453,131672400
2015-06-18,31.8075008392334,32.07749938964844,31.80500030517578,31.969999313354492,141628800
2015-06-19,31.927499771118164,31.954999923706055,31.600000381469727,31.649999618530273,218867600
2015-06-22,31.872499465942383,32.01499938964844,31.770000457763672,31.90250015258789,136157200
2015-06-23,31.8700008392334,31.90250015258789,31.719999313354492,31.75749969482422,121075600
2015-06-24,31.802499771118164,32.45000076293945,31.780000686645508,32.02750015258789,221123600
2015-06-25,32.21500015258789,32.29999923706055,31.875,31.875,127752400
2015-06-26,31.917499542236328,31.997499465942383,31.627500534057617,31.6875,176267200
2015-06-29,31.364999771118164,31.61750030517578,31.1200008392334,31.13249969482422,196645600
2015-06-30,31.392499923706055,31.530000686645508,31.21500015258789,31.357500076293945,177482800
2015-07-01,31.725000381469727,31.735000610351562,31.497499465942383,31.649999618530273,120955200
2015-07-02,31.607500076293945,31.672500610351562,31.4424991607666,31.610000610351562,108844000
2015-07-06,31.235000610351562,31.5575008392334,31.212499618530273,31.5,112241600
2015-07-07,31.47249984741211,31.537500381469727,30.9424991607666,31.422500610351562,187787200
2015-07-08,31.1200008392334,31.15999984741211,30.635000228881836,30.642499923706055,243046400
2015-07-09,30.962499618530273,31.014999389648438,29.80500030517578,30.017499923706055,314380000
2015-07-10,30.485000610351562,30.962499618530273,30.302499771118164,30.81999969482422,245418000
2015-07-13,31.25749969482422,31.440000534057617,31.079999923706055,31.415000915527344,165762000
2015-07-14,31.510000228881836,31.592500686645508,31.260000228881836,31.40250015258789,127072400
2015-07-15,31.43000030517578,31.787500381469727,31.395000457763672,31.704999923706055,134596800
2015-07-16,31.934999465942383,32.14250183105469,31.837499618530273,32.127498626708984,144889600
2015-07-17,32.27000045776367,32.404998779296875,32.07749938964844,32.404998779296875,184658800
2015-07-20,32.74250030517578,33.24250030517578,32.67499923706055,33.01750183105469,235600800
2015-07-21,33.212501525878906,33.22999954223633,32.58000183105469,32.6875,307025600
2015-07-22,30.497499465942383,31.375,30.497499465942383,31.30500030517578,461802400
2015-07-23,31.549999237060547,31.772499084472656,31.264999389648438,31.290000915527344,203998000
2015-07-24,31.329999923706055,31.434999465942383,30.975000381469727,31.125,168649200
2015-07-27,30.772499084472656,30.90250015258789,30.530000686645508,30.6924991607666,177822000
2015-07-28,30.844999313354492,30.977500915527344,30.637500762939453,30.844999313354492,134472400
2015-07-29,30.787500381469727,30.875,30.5674991607666,30.747499465942383,148046800
2015-07-30,30.579999923706055,30.642499923706055,30.427499771118164,30.592500686645508,134513200
2015-07-31,30.649999618530273,30.65999984741211,30.227500915527344,30.325000762939453,171540000
2015-08-03,30.375,30.642499923706055,29.3799991607666,29.610000610351562,279904000
2015-08-04,29.354999542236328,29.424999237060547,28.3125,28.65999984741211,496554400
2015-08-05,28.237499237060547,29.360000610351562,28.024999618530273,28.850000381469727,397250400
2015-08-06,28.99250030517578,29.125,28.530000686645508,28.782499313354492,211612000
2015-08-07,28.645000457763672,29.0625,28.625,28.8799991607666,154681600
2015-08-10,29.13249969482422,29.997499465942383,29.13249969482422,29.93000030517578,219806400
2015-08-11,29.452499389648438,29.545000076293945,28.332500457763672,28.372499465942383,388331200
2015-08-12,28.13249969482422,28.854999542236328,27.407499313354492,28.809999465942383,404870000
2015-08-13,29.010000228881836,29.100000381469727,28.635000228881836,28.787500381469727,194143200
2015-08-14,28.579999923706055,29.077499389648438,28.502500534057617,28.989999771118164,171718000
2015-08-17,29.010000228881836,29.412500381469727,28.875,29.290000915527344,163538800
2015-08-18,29.107500076293945,29.360000610351562,29.002500534057617,29.125,138242800
2015-08-19,29.024999618530273,29.1299991607666,28.670000076293945,28.752500534057617,193146000
2015-08-20,28.520000457763672,28.587499618530273,27.907499313354492,28.162500381469727,274006400
2015-08-21,27.607500076293945,27.975000381469727,26.412500381469727,26.440000534057617,513102000
2015-08-24,23.717500686645508,27.200000762939453,23.0,25.780000686645508,648825200
2015-08-25,27.77750015258789,27.77750015258789,25.875,25.934999465942383,414406400
2015-08-26,26.772499084472656,27.47249984741211,26.262500762939453,27.422500610351562,387098400
2015-08-27,28.0575008392334,28.309999465942383,27.5049991607666,28.229999542236328,338464400
2015-08-28,28.042499542236328,28.327499389648438,27.885000228881836,28.322500228881836,212657600
2015-08-31,28.00749969482422,28.63249969482422,28.0,28.190000534057617,224917200
2015-09-01,27.537500381469727,27.969999313354492,26.84000015258789,26.93000030517578,307383600
2015-09-02,27.5575008392334,28.084999084472656,27.282499313354492,28.084999084472656,247555200
2015-09-03,28.122499465942383,28.19499969482422,27.510000228881836,27.592500686645508,212935600
2015-09-04,27.24250030517578,27.612499237060547,27.127500534057617,27.3174991607666,199985200
2015-09-08,27.9375,28.139999389648438,27.579999923706055,28.077499389648438,219374400
2015-09-09,28.440000534057617,28.5049991607666,27.4424991607666,27.537500381469727,340043200
2015-09-10,27.5674991607666,28.31999969482422,27.475000381469727,28.142499923706055,251571200
2015-09-11,27.947500228881836,28.552499771118164,27.940000534057617,28.552499771118164,199662000
2015-09-14,29.145000457763672,29.22249984741211,28.71500015258789,28.827499389648438,233453600
2015-09-15,28.982500076293945,29.13249969482422,28.604999542236328,29.06999969482422,173364800
2015-09-16,29.0625,29.135000228881836,28.860000610351562,29.102500915527344,148694000
2015-09-17,28.915000915527344,29.122499465942383,28.43000030517578,28.479999542236328,256450400
2015-09-18,28.052499771118164,28.575000762939453,27.967500686645508,28.362499237060547,297141200
2015-09-21,28.417499542236328,28.842500686645508,28.415000915527344,28.802499771118164,200888000
2015-09-22,28.344999313354492,28.545000076293945,28.1299991607666,28.350000381469727,201384800
2015-09-23,28.407499313354492,28.68000030517578,28.325000762939453,28.579999923706055,143026800
2015-09-24,28.3125,28.875,28.092500686645508,28.75,200878000
2015-09-25,29.110000610351562,29.172500610351562,28.5049991607666,28.677499771118164,224607600
2015-09-28,28.462499618530273,28.642499923706055,28.110000610351562,28.110000610351562,208436000
2015-09-29,28.207500457763672,28.377500534057617,26.96500015258789,27.264999389648438,293461600
2015-09-30,27.542499542236328,27.885000228881836,27.1825008392334,27.575000762939453,265892000
2015-10-01,27.267499923706055,27.405000686645508,26.827499389648438,27.395000457763672,255716400
2015-10-02,27.002500534057617,27.752500534057617,26.887500762939453,27.594999313354492,232079200
2015-10-05,27.469999313354492,27.842500686645508,27.267499923706055,27.69499969482422,208258800
2015-10-06,27.657499313354492,27.934999465942383,27.4424991607666,27.827499389648438,192787200
2015-10-07,27.934999465942383,27.9424991607666,27.352500915527344,27.69499969482422,187062400
2015-10-08,27.547500610351562,27.547500610351562,27.052499771118164,27.375,247918400
2015-10-09,27.5,28.06999969482422,27.372499465942383,28.030000686645508,211064400
2015-10-12,28.1825008392334,28.1875,27.860000610351562,27.899999618530273,121868800
2015-10-13,27.704999923706055,28.112499237060547,27.670000076293945,27.947500228881836,132197200
2015-10-14,27.822500228881836,27.8799991607666,27.389999389648438,27.552499771118164,177849600
2015-10-15,27.732500076293945,28.024999618530273,27.622499465942383,27.96500015258789,150694000
2015-10-16,27.94499969482422,28.0,27.63249969482422,27.760000228881836,156930400
2015-10-19,27.700000762939453,27.9375,27.52750015258789,27.9325008392334,119036800
2015-10-20,27.834999084472656,28.542499542236328,27.704999923706055,28.4424991607666,195871200
2015-10-21,28.5,28.895000457763672,28.424999237060547,28.440000534057617,167180800
2015-10-22,28.582500457763672,28.875,28.524999618530273,28.875,166616400
2015-10-23,29.174999237060547,29.8075008392334,29.082500457763672,29.770000457763672,237467600
2015-10-26,29.520000457763672,29.532499313354492,28.729999542236328,28.81999969482422,265335200
2015-10-27,28.850000381469727,29.135000228881836,28.497499465942383,28.637500762939453,279537600
2015-10-28,29.232500076293945,29.825000762939453,29.014999389648438,29.8174991607666,342205600
2015-10-29,29.674999237060547,30.172500610351562,29.5674991607666,30.13249969482422,204909200
2015-10-30,30.247499465942383,30.30500030517578,29.862499237060547,29.875,197461200
2015-11-02,30.200000762939453,30.34000015258789,29.90250015258789,30.295000076293945,128813200
2015-11-03,30.197500228881836,30.872499465942383,30.174999237060547,30.642499923706055,182076000
2015-11-04,30.782499313354492,30.954999923706055,30.405000686645508,30.5,179544400
2015-11-05,30.462499618530273,30.672500610351562,30.045000076293945,30.229999542236328,158210800
2015-11-06,30.27750015258789,30.452499389648438,30.155000686645508,30.264999389648438,132169200
2015-11-09,30.239999771118164,30.452499389648438,30.012500762939453,30.142499923706055,135485600
2015-11-10,29.225000381469727,29.517499923706055,29.014999389648438,29.1924991607666,236511600
2015-11-11,29.092500686645508,29.354999542236328,28.802499771118164,29.02750015258789,180872000
2015-11-12,29.065000534057617,29.204999923706055,28.912500381469727,28.93000030517578,130102400
2015-11-13,28.799999237060547,28.892499923706055,28.0674991607666,28.084999084472656,183249600
2015-11-16,27.844999313354492,28.559999465942383,27.75,28.545000076293945,152426800
2015-11-17,28.729999542236328,28.762500762939453,28.329999923706055,28.422500610351562,110467600
2015-11-18,28.940000534057617,29.372499465942383,28.875,29.322500228881836,186698800
2015-11-19,29.40999984741211,29.9375,29.190000534057617,29.69499969482422,173183200
2015-11-20,29.799999237060547,29.979999542236328,29.712499618530273,29.825000762939453,137148400
2015-11-23,29.8174991607666,29.9325008392334,29.334999084472656,29.4375,129930000
2015-11-24,29.332500457763672,29.837499618530273,29.280000686645508,29.719999313354492,171212800
2015-11-25,29.802499771118164,29.8075008392334,29.479999542236328,29.50749969482422,85553200
2015-11-27,29.572500228881836,29.602500915527344,29.399999618530273,29.452499389648438,52185600
2015-11-30,29.497499465942383,29.852500915527344,29.4375,29.575000762939453,156721200
2015-12-01,29.6875,29.702499389648438,29.21500015258789,29.334999084472656,139409600
2015-12-02,29.334999084472656,29.52750015258789,29.020000457763672,29.06999969482422,133546400
2015-12-03,29.137500762939453,29.197500228881836,28.55500030517578,28.799999237060547,166278000
2015-12-04,28.822500228881836,29.8125,28.77750015258789,29.75749969482422,231108000
2015-12-07,29.7450008392334,29.96500015258789,29.452499389648438,29.56999969482422,128336800
2015-12-08,29.3799991607666,29.649999618530273,29.21500015258789,29.5575008392334,137238000
2015-12-09,29.40999984741211,29.422500610351562,28.770000457763672,28.905000686645508,185445600
2015-12-10,29.010000228881836,29.235000610351562,28.877500534057617,29.042499542236328,116850800
2015-12-11,28.797500610351562,28.84749984741211,28.212499618530273,28.295000076293945,187544800
2015-12-14,28.045000076293945,28.170000076293945,27.447500228881836,28.1200008392334,257274800
2015-12-15,27.985000610351562,28.200000762939453,27.587499618530273,27.622499465942383,213292400
2015-12-16,27.767499923706055,27.997499465942383,27.200000762939453,27.834999084472656,224954000
2015-12-17,28.0049991607666,28.0625,27.2450008392334,27.2450008392334,179091200
2015-12-18,27.227500915527344,27.3799991607666,26.452499389648438,26.50749969482422,385813200
2015-12-21,26.81999969482422,26.842500686645508,26.392499923706055,26.832500457763672,190362400
2015-12-22,26.850000381469727,26.93000030517578,26.612499237060547,26.8075008392334,131157600
2015-12-23,26.8174991607666,27.212499618530273,26.799999237060547,27.15250015258789,130629600
2015-12-24,27.25,27.25,26.987499237060547,27.00749969482422,54281600
2015-12-28,26.897499084472656,26.922500610351562,26.545000076293945,26.704999923706055,106816800
2015-12-29,26.739999771118164,27.357500076293945,26.71500015258789,27.184999465942383,123724800
2015-12-30,27.145000457763672,27.174999237060547,26.795000076293945,26.829999923706055,100855200
2015-12-31,26.752500534057617,26.75749969482422,26.204999923706055,26.315000534057617,163649200
2016-01-04,25.65250015258789,26.342500686645508,25.5,26.337499618530273,270597600
2016-01-05,26.4375,26.462499618530273,25.602500915527344,25.677499771118164,223164000
2016-01-06,25.139999389648438,25.592500686645508,24.967500686645508,25.174999237060547,273829600
2016-01-07,24.670000076293945,25.032499313354492,24.107500076293945,24.112499237060547,324377600
2016-01-08,24.637500762939453,24.77750015258789,24.190000534057617,24.239999771118164,283192000
2016-01-11,24.74250030517578,24.764999389648438,24.334999084472656,24.63249969482422,198957600
2016-01-12,25.137500762939453,25.172500610351562,24.709999084472656,24.989999771118164,196616800
2016-01-13,25.079999923706055,25.297500610351562,24.325000762939453,24.34749984741211,249758400
2016-01-14,24.489999771118164,25.1200008392334,23.934999465942383,24.8799991607666,252680400
2016-01-15,24.049999237060547,24.427499771118164,23.84000015258789,24.282499313354492,319335600
2016-01-19,24.602500915527344,24.662500381469727,23.875,24.165000915527344,212350800
2016-01-20,23.774999618530273,24.547500610351562,23.354999542236328,24.197500228881836,289337600
2016-01-21,24.264999389648438,24.469999313354492,23.735000610351562,24.075000762939453,208646000
2016-01-22,24.657499313354492,25.364999771118164,24.592500686645508,25.354999542236328,263202000
2016-01-25,25.3799991607666,25.38249969482422,24.802499771118164,24.860000610351562,207178000
2016-01-26,24.982500076293945,25.219999313354492,24.517499923706055,24.997499465942383,300308000
2016-01-27,24.010000228881836,24.157499313354492,23.334999084472656,23.354999542236328,533478800
2016-01-28,23.447500228881836,23.6299991607666,23.09749984741211,23.522499084472656,222715200
2016-01-29,23.697500228881836,24.334999084472656,23.587499618530273,24.334999084472656,257666000
2016-02-01,24.11750030517578,24.177499771118164,23.850000381469727,24.107500076293945,163774000
2016-02-02,23.854999542236328,24.010000228881836,23.56999969482422,23.6200008392334,149428800
2016-02-03,23.75,24.209999084472656,23.520000457763672,24.087499618530273,183857200
2016-02-04,23.96500015258789,24.332500457763672,23.797500610351562,24.149999618530273,185886800
2016-02-05,24.1299991607666,24.229999542236328,23.422500610351562,23.5049991607666,185672400
2016-02-08,23.282499313354492,23.924999237060547,23.260000228881836,23.752500534057617,216085600
2016-02-09,23.572500228881836,23.985000610351562,23.482500076293945,23.747499465942383,177324800
2016-02-10,23.979999542236328,24.087499618530273,23.524999618530273,23.5674991607666,169374400
2016-02-11,23.447500228881836,23.68000030517578,23.147499084472656,23.424999237060547,200298800
2016-02-12,23.547500610351562,23.625,23.252500534057617,23.497499465942383,161405600
2016-02-16,23.7549991607666,24.212499618530273,23.65250015258789,24.15999984741211,196231600
2016-02-17,24.167499542236328,24.552499771118164,24.037500381469727,24.530000686645508,179452800
2016-02-18,24.709999084472656,24.72249984741211,24.022499084472656,24.065000534057617,156084000
2016-02-19,24.0,24.190000534057617,23.950000762939453,24.010000228881836,141496800
2016-02-22,24.077499389648438,24.225000381469727,23.979999542236328,24.219999313354492,137123200
2016-02-23,24.100000381469727,24.125,23.637500762939453,23.672500610351562,127770400
2016-02-24,23.4950008392334,24.094999313354492,23.329999923706055,24.024999618530273,145022800
2016-02-25,24.012500762939453,24.190000534057617,23.8125,24.190000534057617,110330800
2016-02-26,24.299999237060547,24.5049991607666,24.145000457763672,24.227500915527344,115964400
2016-02-29,24.21500015258789,24.5575008392334,24.162500381469727,24.172500610351562,140865200
2016-03-01,24.412500381469727,25.1924991607666,24.354999542236328,25.13249969482422,201628400
2016-03-02,25.127500534057617,25.22249984741211,24.90999984741211,25.1875,132678400
2016-03-03,25.145000457763672,25.427499771118164,25.112499237060547,25.375,147822800
2016-03-04,25.592500686645508,25.9375,25.342500686645508,25.752500534057617,184220400
2016-03-07,25.59749984741211,25.707500457763672,25.239999771118164,25.467500686645508,143315600
2016-03-08,25.19499969482422,25.440000534057617,25.100000381469727,25.25749969482422,126247600
2016-03-09,25.327499389648438,25.395000457763672,25.0674991607666,25.280000686645508,108806800
2016-03-10,25.352500915527344,25.559999465942383,25.037500381469727,25.292499542236328,134054400
2016-03-11,25.559999465942383,25.56999969482422,25.375,25.565000534057617,109632800
2016-03-14,25.477500915527344,25.727500915527344,25.44499969482422,25.6299991607666,100304400
2016-03-15,25.989999771118164,26.295000076293945,25.962499618530273,26.145000457763672,160270800
2016-03-16,26.15250015258789,26.577499389648438,26.147499084472656,26.49250030517578,153214000
2016-03-17,26.3799991607666,26.61750030517578,26.239999771118164,26.450000762939453,137682800
2016-03-18,26.584999084472656,26.625,26.297500610351562,26.479999542236328,176820800
2016-03-21,26.482500076293945,26.912500381469727,26.28499984741211,26.477500915527344,142010800
2016-03-22,26.3125,26.822500228881836,26.302499771118164,26.68000030517578,129777600
2016-03-23,26.6200008392334,26.767499923706055,26.475000381469727,26.532499313354492,102814000
2016-03-24,26.36750030517578,26.5625,26.22249984741211,26.417499542236328,104532000
2016-03-28,26.5,26.547500610351562,26.264999389648438,26.297500610351562,77645600
2016-03-29,26.22249984741211,26.947500228881836,26.219999313354492,26.920000076293945,124760400
2016-03-30,27.162500381469727,27.604999542236328,27.149999618530273,27.389999389648438,182404400
2016-03-31,27.43000030517578,27.475000381469727,27.219999313354492,27.247499465942383,103553600
2016-04-01,27.19499969482422,27.5,27.049999237060547,27.497499465942383,103496000
2016-04-04,27.604999542236328,28.047500610351562,27.5674991607666,27.780000686645508,149424800
2016-04-05,27.377500534057617,27.6825008392334,27.354999542236328,27.452499389648438,106314800
2016-04-06,27.5575008392334,27.7450008392334,27.299999237060547,27.739999771118164,105616400
2016-04-07,27.487499237060547,27.604999542236328,27.030000686645508,27.135000228881836,127207600
2016-04-08,27.227500915527344,27.4424991607666,27.042499542236328,27.165000915527344,94326800
2016-04-11,27.24250030517578,27.65250015258789,27.207500457763672,27.2549991607666,117630000
2016-04-12,27.334999084472656,27.625,27.165000915527344,27.610000610351562,108929200
2016-04-13,27.700000762939453,28.084999084472656,27.700000762939453,28.010000228881836,133029200
2016-04-14,27.905000686645508,28.09749984741211,27.832500457763672,28.024999618530273,101895600
2016-04-15,28.02750015258789,28.075000762939453,27.4325008392334,27.462499618530273,187756000
2016-04-18,27.22249984741211,27.237499237060547,26.735000610351562,26.8700008392334,243286000
2016-04-19,26.969999313354492,27.0,26.5575008392334,26.727500915527344,129539600
2016-04-20,26.65999984741211,27.022499084472656,26.514999389648438,26.782499313354492,122444000
2016-04-21,26.732500076293945,26.732500076293945,26.3799991607666,26.49250030517578,126210000
2016-04-22,26.252500534057617,26.6200008392334,26.155000686645508,26.420000076293945,134732400
2016-04-25,26.25,26.412500381469727,26.127500534057617,26.270000457763672,112126400
2016-04-26,25.977500915527344,26.325000762939453,25.977500915527344,26.087499618530273,224064800
2016-04-27,24.0,24.677499771118164,23.920000076293945,24.454999923706055,458408400
2016-04-28,24.40250015258789,24.469999313354492,23.5625,23.707500457763672,328970800
2016-04-29,23.497499465942383,23.68000030517578,23.127500534057617,23.434999465942383,274126000
2016-05-02,23.49250030517578,23.520000457763672,23.100000381469727,23.40999984741211,192640400
2016-05-03,23.549999237060547,23.934999465942383,23.420000076293945,23.795000076293945,227325200
2016-05-04,23.799999237060547,23.975000381469727,23.454999923706055,23.547500610351562,164102000
2016-05-05,23.5,23.517499923706055,23.170000076293945,23.309999465942383,143562000
2016-05-06,23.342500686645508,23.362499237060547,22.962499618530273,23.18000030517578,174799600
2016-05-09,23.25,23.4424991607666,23.147499084472656,23.197500228881836,131745600
2016-05-10,23.332500457763672,23.392499923706055,23.02750015258789,23.354999542236328,134747200
2016-05-11,23.3700008392334,23.392499923706055,23.114999771118164,23.127500534057617,114876400
2016-05-12,23.18000030517578,23.19499969482422,22.36750030517578,22.584999084472656,305258800
2016-05-13,22.5,22.917499542236328,22.5,22.6299991607666,177571200
2016-05-16,23.09749984741211,23.59749984741211,22.912500381469727,23.469999313354492,245039200
2016-05-17,23.637500762939453,23.674999237060547,23.252500534057617,23.372499465942383,187667600
2016-05-18,23.540000915527344,23.802499771118164,23.47249984741211,23.639999389648438,168249600
2016-05-19,23.65999984741211,23.65999984741211,23.392499923706055,23.549999237060547,121768400
2016-05-20,23.65999984741211,23.857500076293945,23.6299991607666,23.80500030517578,128104000
2016-05-23,23.967500686645508,24.297500610351562,23.917499542236328,24.107500076293945,152074400
2016-05-24,24.30500030517578,24.522499084472656,24.209999084472656,24.475000381469727,140560800
2016-05-25,24.667499542236328,24.934999465942383,24.52750015258789,24.905000686645508,152675200
2016-05-26,24.920000076293945,25.1825008392334,24.65999984741211,25.102500915527344,225324800
2016-05-27,24.860000610351562,25.11750030517578,24.8125,25.087499618530273,145364800
2016-05-31,24.899999618530273,25.100000381469727,24.704999923706055,24.96500015258789,169228800
2016-06-01,24.7549991607666,24.885000228881836,24.582500457763672,24.614999771118164,116693200
2016-06-02,24.399999618530273,24.459999084472656,24.157499313354492,24.43000030517578,160766400
2016-06-03,24.447500228881836,24.5674991607666,24.362499237060547,24.479999542236328,114019600
2016-06-06,24.497499465942383,25.47249984741211,24.387500762939453,24.657499313354492,93170000
2016-06-07,24.8125,24.967500686645508,24.739999771118164,24.75749969482422,89638000
2016-06-08,24.7549991607666,24.889999389648438,24.670000076293945,24.735000610351562,83392400
2016-06-09,24.625,24.997499465942383,24.614999771118164,24.912500381469727,106405600
2016-06-10,24.63249969482422,24.837499618530273,24.6200008392334,24.707500457763672,126851600
2016-06-13,24.672500610351562,24.780000686645508,24.274999618530273,24.334999084472656,152082000
2016-06-14,24.329999923706055,24.6200008392334,24.1875,24.364999771118164,127727600
2016-06-15,24.454999923706055,24.602500915527344,24.25749969482422,24.28499984741211,117780800
2016-06-16,24.112499237060547,24.4375,24.017499923706055,24.387500762939453,125307200
2016-06-17,24.155000686645508,24.162500381469727,23.825000762939453,23.832500457763672,244032800
2016-06-20,24.0,24.142499923706055,23.75749969482422,23.774999618530273,137647600
2016-06-21,23.735000610351562,24.087499618530273,23.670000076293945,23.977500915527344,142185600
2016-06-22,24.0625,24.22249984741211,23.837499618530273,23.887500762939453,116876400
2016-06-23,23.985000610351562,24.072500228881836,23.8125,24.024999618530273,128960800
2016-06-24,23.227500915527344,23.665000915527344,23.162500381469727,23.350000381469727,301245600
2016-06-27,23.25,23.262500762939453,22.875,23.010000228881836,181958400
2016-06-28,23.225000381469727,23.415000915527344,23.03499984741211,23.397499084472656,161779600
2016-06-29,23.49250030517578,23.637500762939453,23.407499313354492,23.600000381469727,146124000
2016-06-30,23.610000610351562,23.9424991607666,23.575000762939453,23.899999618530273,143345600
2016-07-01,23.872499465942383,24.11750030517578,23.832500457763672,23.97249984741211,104106000
2016-07-05,23.84749984741211,23.850000381469727,23.614999771118164,23.747499465942383,110820800
2016-07-06,23.649999618530273,23.915000915527344,23.592500686645508,23.88249969482422,123796400
2016-07-07,23.924999237060547,24.125,23.905000686645508,23.985000610351562,100558400
2016-07-08,24.122499465942383,24.22249984741211,24.012500762939453,24.170000076293945,115648400
2016-07-11,24.1875,24.412500381469727,24.1825008392334,24.2450008392334,95179600
2016-07-12,24.292499542236328,24.424999237060547,24.280000686645508,24.354999542236328,96670000
2016-07-13,24.352500915527344,24.417499542236328,24.209999084472656,24.217500686645508,103568800
2016-07-14,24.34749984741211,24.747499465942383,24.329999923706055,24.697500228881836,155676000
2016-07-15,24.729999542236328,24.825000762939453,24.625,24.69499969482422,120548000
2016-07-18,24.674999237060547,25.032499313354492,24.649999618530273,24.957500457763672,145975600
2016-07-19,24.889999389648438,25.0,24.834999084472656,24.967500686645508,95119600
2016-07-20,25.0,25.114999771118164,24.934999465942383,24.989999771118164,105104000
2016-07-21,24.957500457763672,25.25,24.782499313354492,24.857500076293945,130808000
2016-07-22,24.815000534057617,24.825000762939453,24.577499389648438,24.665000915527344,113254800
2016-07-25,24.5625,24.709999084472656,24.229999542236328,24.334999084472656,161531600
2016-07-26,24.204999923706055,24.49250030517578,24.104999542236328,24.167499542236328,224959200
2016-07-27,26.0674991607666,26.087499618530273,25.6875,25.737499237060547,369379200
2016-07-28,25.707500457763672,26.112499237060547,25.704999923706055,26.084999084472656,159479200
2016-07-29,26.047500610351562,26.137500762939453,25.920000076293945,26.052499771118164,110934800
2016-08-01,26.102500915527344,26.537500381469727,26.102500915527344,26.512500762939453,152671600
2016-08-02,26.512500762939453,26.517499923706055,26.0,26.1200008392334,135266400
2016-08-03,26.202499389648438,26.459999084472656,26.1924991607666,26.447500228881836,120810400
2016-08-04,26.395000457763672,26.5,26.31999969482422,26.467500686645508,109634800
2016-08-05,26.5674991607666,26.912500381469727,26.545000076293945,26.8700008392334,162213600
2016-08-08,26.8799991607666,27.092500686645508,26.790000915527344,27.092500686645508,112148800
2016-08-09,27.0575008392334,27.235000610351562,27.002500534057617,27.202499389648438,105260800
2016-08-10,27.177499771118164,27.225000381469727,26.940000534057617,27.0,96034000
2016-08-11,27.1299991607666,27.232500076293945,26.962499618530273,26.982500076293945,109938000
2016-08-12,26.94499969482422,27.110000610351562,26.94499969482422,27.045000076293945,74641600
2016-08-15,27.03499984741211,27.385000228881836,27.020000457763672,27.3700008392334,103472800
2016-08-16,27.407499313354492,27.5575008392334,27.302499771118164,27.344999313354492,135177600
2016-08-17,27.274999618530273,27.342500686645508,27.084999084472656,27.30500030517578,101424000
2016-08-18,27.3075008392334,27.399999618530273,27.2549991607666,27.270000457763672,87938800
2016-08-19,27.1924991607666,27.422500610351562,27.09000015258789,27.34000015258789,101472400
2016-08-22,27.21500015258789,27.274999618530273,26.962499618530273,27.127500534057617,103280800
2016-08-23,27.147499084472656,27.329999923706055,27.13249969482422,27.212499618530273,85030800
2016-08-24,27.142499923706055,27.1875,26.920000076293945,27.00749969482422,94700400
2016-08-25,26.84749984741211,26.969999313354492,26.670000076293945,26.892499923706055,100344800
2016-08-26,26.852500915527344,26.987499237060547,26.577499389648438,26.735000610351562,111065200
2016-08-29,26.655000686645508,26.860000610351562,26.572500228881836,26.704999923706055,99881200
2016-08-30,26.450000762939453,26.625,26.375,26.5,99455600
2016-08-31,26.415000915527344,26.642499923706055,26.40999984741211,26.524999618530273,118649600
2016-09-01,26.53499984741211,26.700000762939453,26.405000686645508,26.6825008392334,106806000
2016-09-02,26.924999237060547,27.0,26.704999923706055,26.9325008392334,107210000
2016-09-06,26.975000381469727,27.075000762939453,26.877500534057617,26.924999237060547,107521600
2016-09-07,26.957500457763672,27.190000534057617,26.767499923706055,27.09000015258789,169457200
2016-09-08,26.8125,26.8174991607666,26.309999465942383,26.3799991607666,212008000
2016-09-09,26.15999984741211,26.43000030517578,25.782499313354492,25.782499313354492,186228000
2016-09-12,25.662500381469727,26.43000030517578,25.63249969482422,26.360000610351562,181171200
2016-09-13,26.877500534057617,27.197500228881836,26.809999465942383,26.987499237060547,248704800
2016-09-14,27.1825008392334,28.25749969482422,27.149999618530273,27.9424991607666,443554800
2016-09-15,28.46500015258789,28.9325008392334,28.372499465942383,28.892499923706055,359934400
2016-09-16,28.780000686645508,29.032499313354492,28.510000228881836,28.729999542236328,319547600
2016-09-19,28.797500610351562,29.045000076293945,28.3125,28.395000457763672,188092000
2016-09-20,28.262500762939453,28.530000686645508,28.127500534057617,28.392499923706055,138057200
2016-09-21,28.462499618530273,28.497499465942383,28.110000610351562,28.387500762939453,144012800
2016-09-22,28.587499618530273,28.735000610351562,28.5,28.655000686645508,124296000
2016-09-23,28.604999542236328,28.697500228881836,27.887500762939453,28.177499771118164,209924800
2016-09-26,27.90999984741211,28.34749984741211,27.887500762939453,28.219999313354492,119477600
2016-09-27,28.25,28.295000076293945,28.084999084472656,28.272499084472656,98429600
2016-09-28,28.422500610351562,28.65999984741211,28.357500076293945,28.487499237060547,118564400
2016-09-29,28.290000915527344,28.450000762939453,27.950000762939453,28.045000076293945,143548000
2016-09-30,28.114999771118164,28.342500686645508,27.950000762939453,28.262500762939453,145516400
2016-10-03,28.177499771118164,28.262500762939453,28.06999969482422,28.1299991607666,86807200
2016-10-04,28.264999389648438,28.577499389648438,28.157499313354492,28.25,118947200
2016-10-05,28.350000381469727,28.415000915527344,28.172500610351562,28.262500762939453,85812400
2016-10-06,28.424999237060547,28.584999084472656,28.282499313354492,28.47249984741211,115117200
2016-10-07,28.577499389648438,28.639999389648438,28.377500534057617,28.514999389648438,97433600
2016-10-10,28.7549991607666,29.1875,28.68000030517578,29.012500762939453,144944000
2016-10-11,29.424999237060547,29.672500610351562,29.049999237060547,29.075000762939453,256164000
2016-10-12,29.337499618530273,29.4950008392334,29.1875,29.334999084472656,150347200
2016-10-13,29.197500228881836,29.360000610351562,28.93000030517578,29.2450008392334,140769600
2016-10-14,29.469999313354492,29.542499542236328,29.282499313354492,29.407499313354492,142608800
2016-10-17,29.332500457763672,29.459999084472656,29.19499969482422,29.387500762939453,94499600
2016-10-18,29.545000076293945,29.552499771118164,29.362499237060547,29.36750030517578,98214000
2016-10-19,29.3125,29.440000534057617,28.450000762939453,29.280000686645508,80138400
2016-10-20,29.21500015258789,29.344999313354492,29.082500457763672,29.264999389648438,96503200
2016-10-21,29.202499389648438,29.227500915527344,29.06999969482422,29.149999618530273,92770800
2016-10-24,29.274999618530273,29.434999465942383,29.25,29.412500381469727,94154800
2016-10-25,29.487499237060547,29.59000015258789,29.327499389648438,29.5625,192516000
2016-10-26,28.577499389648438,28.924999237060547,28.327499389648438,28.897499084472656,264536800
2016-10-27,28.84749984741211,28.96500015258789,28.524999618530273,28.6200008392334,138248000
2016-10-28,28.467500686645508,28.802499771118164,28.362499237060547,28.43000030517578,151446800
2016-10-31,28.412500381469727,28.5575008392334,28.299999237060547,28.385000228881836,105677600
2016-11-01,28.364999771118164,28.4424991607666,27.63249969482422,27.872499465942383,175303200
2016-11-02,27.850000381469727,28.087499618530273,27.8075008392334,27.897499084472656,113326800
2016-11-03,27.7450008392334,27.864999771118164,27.387500762939453,27.457500457763672,107730400
2016-11-04,27.13249969482422,27.5625,27.02750015258789,27.209999084472656,123348000
2016-11-07,27.520000457763672,27.627500534057617,27.364999771118164,27.602500915527344,130240000
2016-11-08,27.577499389648438,27.93000030517578,27.424999237060547,27.764999389648438,97016800
2016-11-09,27.469999313354492,27.829999923706055,27.012500762939453,27.719999313354492,236705600
2016-11-10,27.772499084472656,27.772499084472656,26.457500457763672,26.947500228881836,228538000
2016-11-11,26.780000686645508,27.217500686645508,26.637500762939453,27.107500076293945,136575600
2016-11-14,26.927499771118164,26.952499389648438,26.020000457763672,26.427499771118164,204702000
2016-11-15,26.642499923706055,26.920000076293945,26.540000915527344,26.77750015258789,129058000
2016-11-16,26.674999237060547,27.5575008392334,26.649999618530273,27.497499465942383,235362000
2016-11-17,27.452499389648438,27.587499618530273,27.207500457763672,27.487499237060547,110528000
2016-11-18,27.43000030517578,27.635000228881836,27.415000915527344,27.514999389648438,113715600
2016-11-21,27.530000686645508,27.997499465942383,27.502500534057617,27.9325008392334,117058400
2016-11-22,27.987499237060547,28.104999542236328,27.850000381469727,27.950000762939453,103862000
2016-11-23,27.84000015258789,27.877500534057617,27.582500457763672,27.8075008392334,109705600
2016-11-25,27.782499313354492,27.967500686645508,27.737499237060547,27.947500228881836,45903600
2016-11-28,27.857500076293945,28.11750030517578,27.84749984741211,27.892499923706055,108776000
2016-11-29,27.69499969482422,28.00749969482422,27.517499923706055,27.864999771118164,114115200
2016-11-30,27.899999618530273,28.049999237060547,27.5674991607666,27.6299991607666,144649200
2016-12-01,27.592500686645508,27.735000610351562,27.25749969482422,27.372499465942383,148347600
2016-12-02,27.292499542236328,27.522499084472656,27.212499618530273,27.475000381469727,106112000
2016-12-05,27.5,27.50749969482422,27.0625,27.27750015258789,137298000
2016-12-06,27.375,27.59000015258789,27.297500610351562,27.487499237060547,104782000
2016-12-07,27.315000534057617,27.797500610351562,27.290000915527344,27.75749969482422,119994800
2016-12-08,27.71500015258789,28.107500076293945,27.649999618530273,28.030000686645508,108273200
2016-12-09,28.077499389648438,28.674999237060547,28.077499389648438,28.487499237060547,137610400
2016-12-12,28.322500228881836,28.75,28.122499465942383,28.325000762939453,105497600
2016-12-13,28.459999084472656,28.979999542236328,28.4375,28.797500610351562,174935200
2016-12-14,28.760000228881836,29.049999237060547,28.7450008392334,28.797500610351562,136127200
2016-12-15,28.844999313354492,29.1825008392334,28.8075008392334,28.954999923706055,186098000
2016-12-16,29.11750030517578,29.125,28.912500381469727,28.99250030517578,177404400
2016-12-19,28.950000762939453,29.344999313354492,28.9375,29.15999984741211,111117600
2016-12-20,29.184999465942383,29.375,29.170000076293945,29.237499237060547,85700000
2016-12-21,29.200000762939453,29.350000381469727,29.19499969482422,29.264999389648438,95132800
2016-12-22,29.087499618530273,29.127500534057617,28.90999984741211,29.072500228881836,104343600
2016-12-23,28.897499084472656,29.1299991607666,28.897499084472656,29.1299991607666,56998000
2016-12-27,29.1299991607666,29.450000762939453,29.122499465942383,29.315000534057617,73187600
2016-12-28,29.3799991607666,29.5049991607666,29.049999237060547,29.190000534057617,83623600
2016-12-29,29.112499237060547,29.27750015258789,29.100000381469727,29.1825008392334,60158000
2016-12-30,29.162500381469727,29.299999237060547,28.857500076293945,28.954999923706055,122345200
2017-01-03,28.950000762939453,29.082500457763672,28.690000534057617,29.037500381469727,115127600
2017-01-04,28.962499618530273,29.127500534057617,28.9375,29.0049991607666,84472400
2017-01-05,28.979999542236328,29.21500015258789,28.952499389648438,29.15250015258789,88774400
2017-01-06,29.19499969482422,29.540000915527344,29.11750030517578,29.477500915527344,127007600
2017-01-09,29.487499237060547,29.857500076293945,29.485000610351562,29.747499465942383,134247600
2017-01-10,29.6924991607666,29.844999313354492,29.575000762939453,29.77750015258789,97848400
2017-01-11,29.684999465942383,29.982500076293945,29.649999618530273,29.9375,110354400
2017-01-12,29.725000381469727,29.825000762939453,29.552499771118164,29.8125,108344800
2017-01-13,29.77750015258789,29.905000686645508,29.702499389648438,29.760000228881836,104447600
2017-01-17,29.584999084472656,30.059999465942383,29.55500030517578,30.0,137759200
2017-01-18,30.0,30.125,29.927499771118164,29.997499465942383,94852000
2017-01-19,29.850000381469727,30.022499084472656,29.842500686645508,29.94499969482422,102389200
2017-01-20,30.112499237060547,30.112499237060547,29.9325008392334,30.0,130391600
2017-01-23,30.0,30.202499389648438,29.9424991607666,30.020000457763672,88200800
2017-01-24,29.887500762939453,30.024999618530273,29.875,29.99250030517578,92844000
2017-01-25,30.104999542236328,30.524999618530273,30.06999969482422,30.469999313354492,129510400
2017-01-26,30.417499542236328,30.610000610351562,30.399999618530273,30.485000610351562,105350400
2017-01-27,30.53499984741211,30.587499618530273,30.399999618530273,30.487499237060547,82251600
2017-01-30,30.232500076293945,30.407499313354492,30.165000915527344,30.407499313354492,121510000
2017-01-31,30.287500381469727,30.34749984741211,30.155000686645508,30.337499618530273,196804000
2017-02-01,31.75749969482422,32.622501373291016,31.752500534057617,32.1875,447940000
2017-02-02,31.9950008392334,32.34749984741211,31.94499969482422,32.13249969482422,134841600
2017-02-03,32.07749938964844,32.29750061035156,32.040000915527344,32.27000045776367,98029200
2017-02-06,32.282501220703125,32.625,32.224998474121094,32.5724983215332,107383600
2017-02-07,32.6349983215332,33.022499084472656,32.61249923706055,32.88249969482422,152735200
2017-02-08,32.837501525878906,33.05500030517578,32.80500030517578,33.0099983215332,92016400
2017-02-09,32.912498474121094,33.11249923706055,32.779998779296875,33.10499954223633,113399600
2017-02-10,33.1150016784668,33.23500061035156,33.01250076293945,33.029998779296875,80262000
2017-02-13,33.27000045776367,33.45500183105469,33.1875,33.3224983215332,92141600
2017-02-14,33.36750030517578,33.772499084472656,33.3125,33.755001068115234,132904800
2017-02-15,33.880001068115234,34.067501068115234,33.654998779296875,33.877498626708984,142492400
2017-02-16,33.91749954223633,33.974998474121094,33.709999084472656,33.837501525878906,90338400
2017-02-17,33.775001525878906,33.95750045776367,33.775001525878906,33.93000030517578,88792800
2017-02-21,34.057498931884766,34.1875,33.994998931884766,34.17499923706055,98028800
2017-02-22,34.10749816894531,34.279998779296875,34.02750015258789,34.27750015258789,83347600
2017-02-23,34.345001220703125,34.369998931884766,34.07500076293945,34.13249969482422,83152800
2017-02-24,33.977500915527344,34.165000915527344,33.81999969482422,34.165000915527344,87106400
2017-02-27,34.28499984741211,34.36000061035156,34.06999969482422,34.23249816894531,81029600
2017-02-28,34.27000045776367,34.36000061035156,34.17499923706055,34.247501373291016,93931600
2017-03-01,34.47249984741211,35.037498474121094,34.400001525878906,34.9474983215332,145658400
2017-03-02,35.0,35.06999969482422,34.689998626708984,34.7400016784668,104844000
2017-03-03,34.69499969482422,34.95750045776367,34.647499084472656,34.94499969482422,84432400
2017-03-06,34.842498779296875,34.942501068115234,34.650001525878906,34.834999084472656,87000000
2017-03-07,34.76499938964844,34.994998931884766,34.6974983215332,34.880001068115234,69785200
2017-03-08,34.73749923706055,34.95000076293945,34.70500183105469,34.75,74828800
2017-03-09,34.685001373291016,34.6974983215332,34.26250076293945,34.66999816894531,88623600
2017-03-10,34.8125,34.84000015258789,34.65999984741211,34.78499984741211,78451200
2017-03-13,34.712501525878906,34.85749816894531,34.70500183105469,34.79999923706055,69686800
2017-03-14,34.82500076293945,34.912498474121094,34.709999084472656,34.747501373291016,61236400
2017-03-15,34.852500915527344,35.1875,34.75749969482422,35.1150016784668,102767200
2017-03-16,35.18000030517578,35.255001068115234,35.064998626708984,35.17250061035156,76928000
2017-03-17,35.25,35.25,34.97249984741211,34.997501373291016,175540000
2017-03-20,35.099998474121094,35.375,35.057498931884766,35.3650016784668,86168000
2017-03-21,35.52750015258789,35.70000076293945,34.932498931884766,34.959999084472656,158119600
2017-03-22,34.962501525878906,35.400001525878906,34.939998626708984,35.35499954223633,103440800
2017-03-23,35.314998626708984,35.39500045776367,35.15250015258789,35.22999954223633,81385200
2017-03-24,35.375,35.435001373291016,35.087501525878906,35.15999984741211,89582400
2017-03-27,34.84749984741211,35.30500030517578,34.654998779296875,35.220001220703125,94300400
2017-03-28,35.227500915527344,36.0099983215332,35.154998779296875,35.95000076293945,133499200
2017-03-29,35.91999816894531,36.122501373291016,35.79750061035156,36.029998779296875,116760000
2017-03-30,36.04750061035156,36.125,35.875,35.98249816894531,84829200
2017-03-31,35.93000030517578,36.067501068115234,35.752498626708984,35.915000915527344,78646800
2017-04-03,35.9275016784668,36.029998779296875,35.76250076293945,35.92499923706055,79942800
2017-04-04,35.8125,36.22249984741211,35.79249954223633,36.192501068115234,79565600
2017-04-05,36.05500030517578,36.3650016784668,35.95249938964844,36.005001068115234,110871600
2017-04-06,36.0724983215332,36.130001068115234,35.86249923706055,35.915000915527344,84596000
2017-04-07,35.932498931884766,36.04499816894531,35.817501068115234,35.834999084472656,66688800
2017-04-10,35.900001525878906,35.970001220703125,35.724998474121094,35.79249954223633,75733600
2017-04-11,35.73500061035156,35.837501525878906,35.01499938964844,35.407501220703125,121517600
2017-04-12,35.400001525878906,35.537498474121094,35.252498626708984,35.45000076293945,81400000
2017-04-13,35.477500915527344,35.595001220703125,35.26250076293945,35.26250076293945,71291600
2017-04-17,35.369998931884766,35.470001220703125,35.217498779296875,35.45750045776367,66328400
2017-04-18,35.352500915527344,35.5099983215332,35.27750015258789,35.29999923706055,58790000
2017-04-19,35.470001220703125,35.5,35.11249923706055,35.16999816894531,69313600
2017-04-20,35.30500030517578,35.72999954223633,35.290000915527344,35.61000061035156,93278400
2017-04-21,35.61000061035156,35.66999816894531,35.462501525878906,35.567501068115234,69283600
2017-04-24,35.875,35.98749923706055,35.79499816894531,35.90999984741211,68537200
2017-04-25,35.977500915527344,36.224998474121094,35.967498779296875,36.13249969482422,75486000
2017-04-26,36.11750030517578,36.150001525878906,35.845001220703125,35.91999816894531,80164800
2017-04-27,35.97999954223633,36.040000915527344,35.82749938964844,35.9474983215332,56985200
2017-04-28,36.022499084472656,36.07500076293945,35.817501068115234,35.912498474121094,83441600
2017-05-01,36.275001525878906,36.79999923706055,36.2400016784668,36.64500045776367,134411600
2017-05-02,36.8849983215332,37.022499084472656,36.709999084472656,36.877498626708984,181408800
2017-05-03,36.397499084472656,36.872501373291016,36.067501068115234,36.76499938964844,182788000
2017-05-04,36.630001068115234,36.78499984741211,36.45249938964844,36.63249969482422,93487600
2017-05-05,36.689998626708984,37.244998931884766,36.689998626708984,37.2400016784668,109310800
2017-05-08,37.25749969482422,38.42499923706055,37.25749969482422,38.252498626708984,195009600
2017-05-09,38.467498779296875,38.720001220703125,38.36249923706055,38.497501373291016,156521600
2017-05-10,38.407501220703125,38.48500061035156,38.02750015258789,38.314998626708984,103222800
2017-05-11,38.11249923706055,38.51750183105469,38.07749938964844,38.48749923706055,109020400
2017-05-12,38.67499923706055,39.10499954223633,38.66749954223633,39.025001525878906,130108000
2017-05-15,39.002498626708984,39.162498474121094,38.76250076293945,38.92499923706055,104038800
2017-05-16,38.98500061035156,39.01499938964844,38.68000030517578,38.86750030517578,80194000
2017-05-17,38.400001525878906,38.64250183105469,37.4275016784668,37.5625,203070800
2017-05-18,37.817501068115234,38.334999084472656,37.782501220703125,38.1349983215332,134272800
2017-05-19,38.345001220703125,38.494998931884766,38.157501220703125,38.26499938964844,107843200
2017-05-22,38.5,38.64500045776367,38.227500915527344,38.497501373291016,91865600
2017-05-23,38.724998474121094,38.724998474121094,38.32749938964844,38.45000076293945,79675600
2017-05-24,38.459999084472656,38.54249954223633,38.16749954223633,38.334999084472656,76712000
2017-05-25,38.432498931884766,38.587501525878906,38.25749969482422,38.467498779296875,76942400
2017-05-26,38.5,38.560001373291016,38.32749938964844,38.40250015258789,87710400
2017-05-30,38.35499954223633,38.60749816894531,38.33250045776367,38.41749954223633,80507600
2017-05-31,38.49250030517578,38.54249954223633,38.095001220703125,38.189998626708984,97804800
2017-06-01,38.29249954223633,38.33250045776367,38.05500030517578,38.29499816894531,65616400
2017-06-02,38.39500045776367,38.86249923706055,38.22249984741211,38.86249923706055,111082800
2017-06-05,38.584999084472656,38.61249923706055,38.3650016784668,38.48249816894531,101326800
2017-06-06,38.474998474121094,38.95249938964844,38.44499969482422,38.61249923706055,106499600
2017-06-07,38.755001068115234,38.994998931884766,38.619998931884766,38.842498779296875,84278400
2017-06-08,38.8125,38.8849983215332,38.599998474121094,38.747501373291016,85003200
2017-06-09,38.79750061035156,38.79750061035156,36.505001068115234,37.244998931884766,259530800
2017-06-12,36.435001373291016,36.522499084472656,35.627498626708984,36.35499954223633,289229200
2017-06-13,36.790000915527344,36.86249923706055,36.287498474121094,36.647499084472656,136661600
2017-06-14,36.875,36.875,35.959999084472656,36.290000915527344,126124800
2017-06-15,35.83000183105469,36.119998931884766,35.5525016784668,36.0724983215332,128661600
2017-06-16,35.94499969482422,36.125,35.54999923706055,35.567501068115234,201444400
2017-06-19,35.915000915527344,36.685001373291016,35.915000915527344,36.584999084472656,130165600
2017-06-20,36.717498779296875,36.717498779296875,36.23500061035156,36.252498626708984,99600400
2017-06-21,36.380001068115234,36.51750183105469,36.15250015258789,36.467498779296875,85063200
2017-06-22,36.442501068115234,36.67499923706055,36.279998779296875,36.407501220703125,76425200
2017-06-23,36.282501220703125,36.790000915527344,36.27750015258789,36.56999969482422,141757600
2017-06-26,36.79249954223633,37.06999969482422,36.345001220703125,36.45500183105469,102769600
2017-06-27,36.252498626708984,36.540000915527344,35.904998779296875,35.932498931884766,99047600
2017-06-28,36.122501373291016,36.52750015258789,35.790000915527344,36.45750045776367,88329600
2017-06-29,36.1775016784668,36.282501220703125,35.56999969482422,35.91999816894531,125997600
2017-06-30,36.11249923706055,36.2400016784668,35.94499969482422,36.005001068115234,92096400
2017-07-03,36.220001220703125,36.32500076293945,35.775001525878906,35.875,57111200
2017-07-05,35.92250061035156,36.1974983215332,35.68000030517578,36.022499084472656,86278400
2017-07-06,35.755001068115234,35.875,35.602500915527344,35.682498931884766,96515200
2017-07-07,35.724998474121094,36.1875,35.724998474121094,36.04499816894531,76806800
2017-07-10,36.02750015258789,36.48749923706055,35.842498779296875,36.26499938964844,84362400
2017-07-11,36.182498931884766,36.462501525878906,36.095001220703125,36.38249969482422,79127200
2017-07-12,36.467498779296875,36.54499816894531,36.20500183105469,36.435001373291016,99538000
2017-07-13,36.375,37.122501373291016,36.36000061035156,36.942501068115234,100797600
2017-07-14,36.99250030517578,37.33250045776367,36.83250045776367,37.2599983215332,80528400
2017-07-17,37.20500183105469,37.724998474121094,37.14250183105469,37.38999938964844,95174000
2017-07-18,37.29999923706055,37.532501220703125,37.16749954223633,37.52000045776367,71475200
2017-07-19,37.619998931884766,37.85499954223633,37.48749923706055,37.755001068115234,83692000
2017-07-20,37.875,37.935001373291016,37.54750061035156,37.584999084472656,68974800
2017-07-21,37.497501373291016,37.61000061035156,37.220001220703125,37.567501068115234,105010400
2017-07-24,37.64500045776367,38.11000061035156,37.474998474121094,38.022499084472656,85972800
2017-07-25,37.95000076293945,38.459999084472656,37.95000076293945,38.185001373291016,75415600
2017-07-26,38.337501525878906,38.48249816894531,38.26499938964844,38.3650016784668,63124000
2017-07-27,38.4375,38.497501373291016,36.82500076293945,37.63999938964844,129905200
2017-07-28,37.47249984741211,37.557498931884766,37.29750061035156,37.375,68854800
2017-07-31,37.474998474121094,37.58250045776367,37.032501220703125,37.182498931884766,79383600
2017-08-01,37.275001525878906,37.55500030517578,37.102500915527344,37.51250076293945,141474400
2017-08-02,39.81999969482422,39.9375,39.040000915527344,39.28499984741211,279747200
2017-08-03,39.26250076293945,39.3025016784668,38.755001068115234,38.89250183105469,108389200
2017-08-04,39.01750183105469,39.349998474121094,38.92250061035156,39.09749984741211,82239600
2017-08-07,39.26499938964844,39.72999954223633,39.16749954223633,39.70249938964844,87481200
2017-08-08,39.650001525878906,40.45750045776367,39.567501068115234,40.02000045776367,144823600
2017-08-09,39.814998626708984,40.317501068115234,39.77750015258789,40.26499938964844,104526000
2017-08-10,39.974998474121094,40.0,38.657501220703125,38.83000183105469,163217200
2017-08-11,39.150001525878906,39.64250183105469,39.01750183105469,39.369998931884766,105028400
2017-08-14,39.83000183105469,40.0525016784668,39.6875,39.962501525878906,88490800
2017-08-15,40.165000915527344,40.54999923706055,40.03499984741211,40.400001525878906,117862000
2017-08-16,40.48500061035156,40.627498626708984,40.037498474121094,40.23749923706055,110686400
2017-08-17,40.130001068115234,40.1775016784668,39.459999084472656,39.46500015258789,111762400
2017-08-18,39.46500015258789,39.875,39.18000030517578,39.375,109712400
2017-08-21,39.375,39.47249984741211,38.77750015258789,39.3025016784668,105474000
2017-08-22,39.557498931884766,40.0,39.505001068115234,39.94499969482422,86418400
2017-08-23,39.76750183105469,40.11750030517578,39.720001220703125,39.994998931884766,77596400
2017-08-24,40.10749816894531,40.185001373291016,39.63750076293945,39.817501068115234,79275600
2017-08-25,39.912498474121094,40.13999938964844,39.817501068115234,39.96500015258789,101920400
2017-08-28,40.03499984741211,40.5,39.98249816894531,40.36750030517578,103864000
2017-08-29,40.025001525878906,40.779998779296875,40.0,40.727500915527344,118067600
2017-08-30,40.95000076293945,40.97249984741211,40.65250015258789,40.837501525878906,109078400
2017-08-31,40.90999984741211,41.130001068115234,40.869998931884766,41.0,107140400
2017-09-01,41.20000076293945,41.23500061035156,40.907501220703125,41.01250076293945,66364400
2017-09-05,40.9375,41.0625,40.13999938964844,40.52000045776367,117874000
2017-09-06,40.6775016784668,40.747501373291016,40.130001068115234,40.477500915527344,86606800
2017-09-07,40.522499084472656,40.560001373291016,40.09000015258789,40.314998626708984,87714000
2017-09-08,40.21500015258789,40.287498474121094,39.63249969482422,39.657501220703125,114446000
2017-09-11,40.125,40.51250076293945,39.97249984741211,40.375,126323200
2017-09-12,40.65250015258789,40.9900016784668,39.692501068115234,40.21500015258789,286856000
2017-09-13,39.967498779296875,39.9900016784668,39.477500915527344,39.912498474121094,179629600
2017-09-14,39.747501373291016,39.849998474121094,39.522499084472656,39.56999969482422,95042800
2017-09-15,39.61750030517578,40.24250030517578,39.5,39.970001220703125,196458400
2017-09-18,40.02750015258789,40.125,39.5,39.66749954223633,113077600
2017-09-19,39.877498626708984,39.942501068115234,39.61000061035156,39.682498931884766,83242400
2017-09-20,39.474998474121094,39.564998626708984,38.45750045776367,39.01750183105469,211805600
2017-09-21,38.95000076293945,38.95000076293945,38.1875,38.34749984741211,150046800
2017-09-22,37.8849983215332,38.067501068115234,37.63999938964844,37.97249984741211,186581600
2017-09-25,37.497501373291016,37.95750045776367,37.290000915527344,37.63750076293945,177549200
2017-09-26,37.94499969482422,38.47999954223633,37.92250061035156,38.28499984741211,146640000
2017-09-27,38.45000076293945,38.68000030517578,38.3849983215332,38.557498931884766,102016800
2017-09-28,38.47249984741211,38.56999969482422,38.17499923706055,38.31999969482422,88022000
2017-09-29,38.3025016784668,38.532501220703125,38.0,38.529998779296875,105199200
2017-10-02,38.564998626708984,38.61249923706055,38.18000030517578,38.45249938964844,74795200
2017-10-03,38.502498626708984,38.772499084472656,38.477500915527344,38.619998931884766,64921200
2017-10-04,38.407501220703125,38.46500015258789,38.1150016784668,38.369998931884766,80655200
2017-10-05,38.54499816894531,38.86000061035156,38.51250076293945,38.84749984741211,85135200
2017-10-06,38.74250030517578,38.872501373291016,38.63999938964844,38.82500076293945,69630400
2017-10-09,38.95249938964844,39.182498931884766,38.872501373291016,38.959999084472656,65051600
2017-10-10,39.01499938964844,39.5,38.775001525878906,38.974998474121094,62468000
2017-10-11,38.99250030517578,39.244998931884766,38.9375,39.13750076293945,67622400
2017-10-12,39.087501525878906,39.342498779296875,38.932498931884766,39.0,64500400
2017-10-13,39.182498931884766,39.31999969482422,39.102500915527344,39.247501373291016,65576800
2017-10-16,39.474998474121094,40.0,39.412498474121094,39.970001220703125,96486000
2017-10-17,39.94499969482422,40.217498779296875,39.807498931884766,40.11750030517578,75989200
2017-10-18,40.10499954223633,40.1775016784668,39.900001525878906,39.939998626708984,65496800
2017-10-19,39.1875,39.27000045776367,38.755001068115234,38.994998931884766,170336800
2017-10-20,39.15250015258789,39.4375,38.9900016784668,39.0625,95896400
2017-10-23,39.22249984741211,39.42250061035156,38.875,39.04249954223633,87937200
2017-10-24,39.0724983215332,39.35499954223633,39.04999923706055,39.275001525878906,71028800
2017-10-25,39.227500915527344,39.38750076293945,38.817501068115234,39.102500915527344,84828400
2017-10-26,39.307498931884766,39.45750045776367,39.19499969482422,39.352500915527344,68002000
2017-10-27,39.8224983215332,40.900001525878906,39.67499923706055,40.76250076293945,177816800
2017-10-30,40.97249984741211,42.01750183105469,40.93000030517578,41.68000030517578,178803200
2017-10-31,41.974998474121094,42.412498474121094,41.73500061035156,42.2599983215332,144187200
2017-11-01,42.467498779296875,42.48500061035156,41.40250015258789,41.72249984741211,134551200
2017-11-02,41.650001525878906,42.125,41.31999969482422,42.02750015258789,165573600
2017-11-03,43.5,43.564998626708984,42.779998779296875,43.125,237594400
2017-11-06,43.092498779296875,43.747501373291016,42.93000030517578,43.5625,140105200
2017-11-07,43.477500915527344,43.8125,43.400001525878906,43.70249938964844,97446000
2017-11-08,43.665000915527344,44.060001373291016,43.58250045776367,44.060001373291016,97638000
2017-11-09,43.77750015258789,44.025001525878906,43.28499984741211,43.970001220703125,117930400
2017-11-10,43.77750015258789,43.845001220703125,43.567501068115234,43.66749954223633,100582000
2017-11-13,43.375,43.625,43.349998474121094,43.49250030517578,67928400
2017-11-14,43.2599983215332,43.369998931884766,42.79499816894531,42.834999084472656,99130000
2017-11-15,42.49250030517578,42.58000183105469,42.095001220703125,42.27000045776367,116632400
2017-11-16,42.79499816894531,42.967498779296875,42.57500076293945,42.775001525878906,94550000
2017-11-17,42.7599983215332,42.84749984741211,42.40999984741211,42.537498474121094,87598000
2017-11-20,42.5724983215332,42.63999938964844,42.38999938964844,42.494998931884766,65049600
2017-11-21,42.69499969482422,43.42499923706055,42.69499969482422,43.28499984741211,100525200
2017-11-22,43.34000015258789,43.75,43.26250076293945,43.7400016784668,102355600
2017-11-24,43.775001525878906,43.875,43.662498474121094,43.74250030517578,56106800
2017-11-27,43.76250076293945,43.77000045776367,43.334999084472656,43.522499084472656,82867200
2017-11-28,43.57500076293945,43.717498779296875,42.96500015258789,43.26750183105469,105715200
2017-11-29,43.157501220703125,43.22999954223633,41.790000915527344,42.369998931884766,166665600
2017-11-30,42.60749816894531,43.03499984741211,42.11000061035156,42.962501525878906,166108800
2017-12-01,42.48749923706055,42.91749954223633,42.125,42.76250076293945,159037200
2017-12-04,43.119998931884766,43.154998779296875,42.407501220703125,42.45000076293945,130169600
2017-12-05,42.26499938964844,42.880001068115234,42.099998474121094,42.40999984741211,109400800
2017-12-06,41.875,42.54999923706055,41.6150016784668,42.252498626708984,114240000
2017-12-07,42.25749969482422,42.61000061035156,42.227500915527344,42.33000183105469,102693200
2017-12-08,42.622501373291016,42.75,42.20500183105469,42.342498779296875,93420800
2017-12-11,42.29999923706055,43.22249984741211,42.1974983215332,43.16749954223633,141095200
2017-12-12,43.037498474121094,43.09749984741211,42.8650016784668,42.92499923706055,77636800
2017-12-13,43.125,43.3849983215332,43.0,43.067501068115234,95273600
2017-12-14,43.099998474121094,43.282501220703125,42.912498474121094,43.05500030517578,81906000
2017-12-15,43.407501220703125,43.54249954223633,43.1150016784668,43.49250030517578,160677200
2017-12-18,43.720001220703125,44.29999923706055,43.71500015258789,44.10499954223633,117684400
2017-12-19,43.75749969482422,43.84749984741211,43.522499084472656,43.6349983215332,109745600
2017-12-20,43.717498779296875,43.85499954223633,43.3125,43.587501525878906,93902400
2017-12-21,43.54249954223633,44.005001068115234,43.525001525878906,43.752498626708984,83799600
2017-12-22,43.66999816894531,43.85499954223633,43.625,43.752498626708984,65397600
2017-12-26,42.70000076293945,42.86750030517578,42.41999816894531,42.64250183105469,132742000
2017-12-27,42.525001525878906,42.69499969482422,42.4275016784668,42.650001525878906,85992800
2017-12-28,42.75,42.962501525878906,42.619998931884766,42.77000045776367,65920800
2017-12-29,42.630001068115234,42.647499084472656,42.30500030517578,42.307498931884766,103999600
2018-01-02,42.540000915527344,43.07500076293945,42.314998626708984,43.064998626708984,102223600
2018-01-03,43.13249969482422,43.63750076293945,42.9900016784668,43.057498931884766,118071600
2018-01-04,43.1349983215332,43.36750030517578,43.02000045776367,43.25749969482422,89738400
2018-01-05,43.36000061035156,43.842498779296875,43.26250076293945,43.75,94640000
2018-01-08,43.587501525878906,43.90250015258789,43.48249816894531,43.587501525878906,82271200
2018-01-09,43.63750076293945,43.76499938964844,43.352500915527344,43.58250045776367,86336000
2018-01-10,43.290000915527344,43.57500076293945,43.25,43.5724983215332,95839600
2018-01-11,43.647499084472656,43.872501373291016,43.622501373291016,43.81999969482422,74670800
2018-01-12,44.04499816894531,44.34000015258789,43.912498474121094,44.272499084472656,101672400
2018-01-16,44.474998474121094,44.84749984741211,44.03499984741211,44.04750061035156,118263600
2018-01-17,44.037498474121094,44.8125,43.76750183105469,44.775001525878906,137547200
2018-01-18,44.842498779296875,45.025001525878906,44.5625,44.814998626708984,124773600
2018-01-19,44.65250015258789,44.89500045776367,44.352500915527344,44.6150016784668,129700400
2018-01-22,44.32500076293945,44.44499969482422,44.150001525878906,44.25,108434400
2018-01-23,44.32500076293945,44.86000061035156,44.20500183105469,44.2599983215332,130756400
2018-01-24,44.3125,44.32500076293945,43.29999923706055,43.55500030517578,204420400
2018-01-25,43.627498626708984,43.73749923706055,42.63249969482422,42.77750015258789,166116000
2018-01-26,43.0,43.0,42.51499938964844,42.877498626708984,156572000
2018-01-29,42.540000915527344,42.540000915527344,41.76750183105469,41.9900016784668,202561600
2018-01-30,41.38249969482422,41.842498779296875,41.17499923706055,41.74250030517578,184192800
2018-01-31,41.717498779296875,42.11000061035156,41.625,41.85749816894531,129915600
2018-02-01,41.79249954223633,42.154998779296875,41.689998626708984,41.94499969482422,188923200
2018-02-02,41.5,41.70000076293945,40.025001525878906,40.125,346375200
2018-02-05,39.775001525878906,40.970001220703125,39.0,39.122501373291016,290954000
2018-02-06,38.70750045776367,40.93000030517578,38.5,40.75749969482422,272975200
2018-02-07,40.772499084472656,40.849998474121094,39.76750183105469,39.8849983215332,206434400
2018-02-08,40.0724983215332,40.25,38.75749969482422,38.787498474121094,217562000
2018-02-09,39.26750183105469,39.47249984741211,37.560001373291016,39.102500915527344,282690400
2018-02-12,39.625,40.97249984741211,39.377498626708984,40.6775016784668,243278000
2018-02-13,40.48749923706055,41.1875,40.412498474121094,41.084999084472656,130196800
2018-02-14,40.7599983215332,41.8849983215332,40.720001220703125,41.842498779296875,162579600
2018-02-15,42.4474983215332,43.272499084472656,42.25,43.247501373291016,204588800
2018-02-16,43.09000015258789,43.70500183105469,42.942501068115234,43.10749816894531,160704400
2018-02-20,43.01250076293945,43.564998626708984,42.85499954223633,42.962501525878906,135722000
2018-02-21,43.20750045776367,43.529998779296875,42.752498626708984,42.76750183105469,149886400
2018-02-22,42.95000076293945,43.48749923706055,42.9275016784668,43.125,123967600
2018-02-23,43.41749954223633,43.912498474121094,43.3849983215332,43.875,135249600
2018-02-26,44.087501525878906,44.84749984741211,44.0525016784668,44.74250030517578,152648800
2018-02-27,44.775001525878906,45.119998931884766,44.540000915527344,44.59749984741211,155712400
2018-02-28,44.814998626708984,45.154998779296875,44.51250076293945,44.529998779296875,151128400
2018-03-01,44.6349983215332,44.94499969482422,43.165000915527344,43.75,195208000
2018-03-02,43.20000076293945,44.07500076293945,43.11249923706055,44.0525016784668,153816000
2018-03-05,43.8025016784668,44.435001373291016,43.630001068115234,44.20500183105469,113605600
2018-03-06,44.477500915527344,44.5625,44.032501220703125,44.16749954223633,95154000
2018-03-07,43.73500061035156,43.962501525878906,43.567501068115234,43.75749969482422,126814000
2018-03-08,43.869998931884766,44.279998779296875,43.76750183105469,44.23500061035156,95096400
2018-03-09,44.4900016784668,45.0,44.34749984741211,44.994998931884766,128740800
2018-03-12,45.0724983215332,45.59749984741211,45.0525016784668,45.43000030517578,128828400
2018-03-13,45.647499084472656,45.875,44.810001373291016,44.99250030517578,126774000
2018-03-14,45.08000183105469,45.130001068115234,44.45249938964844,44.61000061035156,117473600
2018-03-15,44.625,45.060001373291016,44.51750183105469,44.662498474121094,90975200
2018-03-16,44.662498474121094,44.779998779296875,44.404998779296875,44.505001068115234,157618800
2018-03-19,44.33000183105469,44.36750030517578,43.415000915527344,43.82500076293945,133787200
2018-03-20,43.810001373291016,44.20000076293945,43.73500061035156,43.810001373291016,78597600
2018-03-21,43.7599983215332,43.772499084472656,42.814998626708984,42.817501068115234,148219600
2018-03-22,42.5,43.16999816894531,42.150001525878906,42.212501525878906,165963200
2018-03-23,42.09749984741211,42.47999954223633,41.23500061035156,41.23500061035156,164115200
2018-03-26,42.01750183105469,43.275001525878906,41.61000061035156,43.192501068115234,150164800
2018-03-27,43.41999816894531,43.787498474121094,41.72999954223633,42.084999084472656,163690400
2018-03-28,41.8125,42.505001068115234,41.29750061035156,41.619998931884766,166674000
2018-03-29,41.95249938964844,42.9375,41.724998474121094,41.94499969482422,153594000
2018-04-02,41.65999984741211,42.23500061035156,41.11750030517578,41.66999816894531,150347200
2018-04-03,41.90999984741211,42.1875,41.220001220703125,42.09749984741211,121112000
2018-04-04,41.220001220703125,43.002498626708984,41.192501068115234,42.90250015258789,138422000
2018-04-05,43.14500045776367,43.557498931884766,43.02000045776367,43.20000076293945,107732800
2018-04-06,42.74250030517578,43.119998931884766,42.04999923706055,42.095001220703125,140021200
2018-04-09,42.470001220703125,43.272499084472656,42.462501525878906,42.51250076293945,116070800
2018-04-10,43.25,43.5,42.88249969482422,43.3125,113634400
2018-04-11,43.057498931884766,43.47999954223633,42.92499923706055,43.11000061035156,89726400
2018-04-12,43.352500915527344,43.75,43.2599983215332,43.53499984741211,91557200
2018-04-13,43.69499969482422,43.959999084472656,43.462501525878906,43.682498931884766,100497200
2018-04-16,43.75749969482422,44.04750061035156,43.70750045776367,43.95500183105469,86313600
2018-04-17,44.122501373291016,44.73500061035156,44.102500915527344,44.560001373291016,106421600
2018-04-18,44.45249938964844,44.70500183105469,44.220001220703125,44.459999084472656,83018000
2018-04-19,43.439998626708984,43.84749984741211,43.165000915527344,43.20000076293945,139235200
2018-04-20,42.650001525878906,42.80500030517578,41.35749816894531,41.43000030517578,261964400
2018-04-23,41.70750045776367,41.72999954223633,41.022499084472656,41.310001373291016,146062000
2018-04-24,41.41749954223633,41.58250045776367,40.30500030517578,40.73500061035156,134768000
2018-04-25,40.654998779296875,41.35499954223633,40.602500915527344,40.912498474121094,113528400
2018-04-26,41.029998779296875,41.432498931884766,40.842498779296875,41.05500030517578,111852000
2018-04-27,41.0,41.08250045776367,40.157501220703125,40.58000183105469,142623200
2018-04-30,40.532501220703125,41.814998626708984,40.459999084472656,41.314998626708984,169709600
2018-05-01,41.602500915527344,42.29999923706055,41.317501068115234,42.275001525878906,214277600
2018-05-02,43.807498931884766,44.4375,43.45000076293945,44.14250183105469,266157600
2018-05-03,43.970001220703125,44.375,43.61000061035156,44.22249984741211,136272800
2018-05-04,44.5625,46.0625,44.54249954223633,45.95750045776367,224805200
2018-05-07,46.29499816894531,46.91749954223633,46.1875,46.290000915527344,169805600
2018-05-08,46.247501373291016,46.55500030517578,45.91749954223633,46.51250076293945,113611200
2018-05-09,46.63750076293945,46.849998474121094,46.30500030517578,46.84000015258789,92844800
2018-05-10,46.935001373291016,47.592498779296875,46.912498474121094,47.5099983215332,111957200
2018-05-11,47.372501373291016,47.51499938964844,46.86249923706055,47.147499084472656,104848800
2018-05-14,47.252498626708984,47.38249969482422,46.96500015258789,47.037498474121094,83115200
2018-05-15,46.69499969482422,46.76750183105469,46.275001525878906,46.61000061035156,94780800
2018-05-16,46.51750183105469,47.1150016784668,46.5,47.04499816894531,76732400
2018-05-17,47.0,47.227500915527344,46.59000015258789,46.747501373291016,69176000
2018-05-18,46.79750061035156,46.95249938964844,46.532501220703125,46.57749938964844,73190800
2018-05-21,47.0,47.317501068115234,46.727500915527344,46.907501220703125,73603200
2018-05-22,47.095001220703125,47.220001220703125,46.69499969482422,46.790000915527344,60962800
2018-05-23,46.587501525878906,47.125,46.439998626708984,47.09000015258789,80233600
2018-05-24,47.192501068115234,47.209999084472656,46.5525016784668,47.037498474121094,92936000
2018-05-25,47.057498931884766,47.412498474121094,46.912498474121094,47.14500045776367,69844000
2018-05-29,46.900001525878906,47.1875,46.717498779296875,46.974998474121094,90056400
2018-05-30,46.93000030517578,47.0,46.69499969482422,46.875,74762000
2018-05-31,46.80500030517578,47.057498931884766,46.53499984741211,46.717498779296875,109931200
2018-06-01,46.997501373291016,47.564998626708984,46.9375,47.560001373291016,93770000
2018-06-04,47.90999984741211,48.35499954223633,47.837501525878906,47.95750045776367,105064800
2018-06-05,48.26750183105469,48.48500061035156,48.09000015258789,48.32749938964844,86264000
2018-06-06,48.407501220703125,48.52000045776367,47.97999954223633,48.494998931884766,83734400
2018-06-07,48.53499984741211,48.54999923706055,48.084999084472656,48.3650016784668,85388800
2018-06-08,47.79249954223633,48.0,47.442501068115234,47.92499923706055,106627200
2018-06-11,47.837501525878906,47.99250030517578,47.5525016784668,47.807498931884766,73234000
2018-06-12,47.84749984741211,48.15250015258789,47.787498474121094,48.06999969482422,67644400
2018-06-13,48.10499954223633,48.220001220703125,47.61000061035156,47.67499923706055,86553600
2018-06-14,47.88750076293945,47.89250183105469,47.55500030517578,47.70000076293945,86440400
2018-06-15,47.50749969482422,47.540000915527344,47.064998626708984,47.209999084472656,246876800
2018-06-18,46.970001220703125,47.30500030517578,46.79999923706055,47.185001373291016,73939600
2018-06-19,46.28499984741211,46.58250045776367,45.86249923706055,46.42250061035156,134314000
2018-06-20,46.587501525878906,46.79999923706055,46.432498931884766,46.625,82514800
2018-06-21,46.8125,47.087501525878906,46.23500061035156,46.3650016784668,102847600
2018-06-22,46.529998779296875,46.537498474121094,46.17499923706055,46.22999954223633,108801600
2018-06-25,45.849998474121094,46.22999954223633,45.182498931884766,45.54249954223633,126652400
2018-06-26,45.747501373291016,46.63249969482422,45.6349983215332,46.10749816894531,98276800
2018-06-27,46.307498931884766,46.81999969482422,46.00749969482422,46.040000915527344,101141200
2018-06-28,46.025001525878906,46.5525016784668,45.95000076293945,46.375,69460800
2018-06-29,46.5724983215332,46.79750061035156,45.727500915527344,46.27750015258789,90950800
2018-07-02,45.95500183105469,46.82500076293945,45.85499954223633,46.79499816894531,70925200
2018-07-03,46.9474983215332,46.98749923706055,45.8849983215332,45.97999954223633,55819200
2018-07-05,46.314998626708984,46.602500915527344,46.06999969482422,46.349998474121094,66416800
2018-07-06,46.35499954223633,47.10749816894531,46.29999923706055,46.99250030517578,69940800
2018-07-09,47.375,47.66999816894531,47.32500076293945,47.64500045776367,79026400
2018-07-10,47.6775016784668,47.81999969482422,47.54499816894531,47.587501525878906,63756400
2018-07-11,47.125,47.44499969482422,46.90250015258789,46.970001220703125,75326000
2018-07-12,47.38249969482422,47.852500915527344,47.32749938964844,47.75749969482422,72164400
2018-07-13,47.77000045776367,47.959999084472656,47.724998474121094,47.83250045776367,50055600
2018-07-16,47.880001068115234,48.162498474121094,47.60499954223633,47.727500915527344,60172400
2018-07-17,47.4375,47.967498779296875,47.29999923706055,47.86249923706055,62138000
2018-07-18,47.94499969482422,47.95000076293945,47.48249816894531,47.599998474121094,65573600
2018-07-19,47.42250061035156,48.13750076293945,47.42250061035156,47.970001220703125,81147200
2018-07-20,47.94499969482422,48.10749816894531,47.54249954223633,47.86000061035156,82704800
2018-07-23,47.66999816894531,47.9900016784668,47.38999938964844,47.90250015258789,63957600
2018-07-24,48.11249923706055,48.415000915527344,48.01250076293945,48.25,74791600
2018-07-25,48.26499938964844,48.712501525878906,48.10749816894531,48.70500183105469,66839600
2018-07-26,48.65250015258789,48.9900016784668,48.40250015258789,48.5525016784668,76304000
2018-07-27,48.747501373291016,48.79750061035156,47.525001525878906,47.744998931884766,96096000
2018-07-30,47.974998474121094,48.04999923706055,47.26750183105469,47.477500915527344,84118000
2018-07-31,47.57500076293945,48.03499984741211,47.334999084472656,47.5724983215332,157492000
2018-08-01,49.782501220703125,50.439998626708984,49.32749938964844,50.375,271742800
2018-08-02,50.14500045776367,52.095001220703125,50.087501525878906,51.84749984741211,249616000
2018-08-03,51.75749969482422,52.185001373291016,51.369998931884766,51.997501373291016,133789600
2018-08-06,52.0,52.3125,51.76750183105469,52.26750183105469,101701600
2018-08-07,52.33000183105469,52.375,51.689998626708984,51.77750015258789,102349600
2018-08-08,51.51250076293945,51.95249938964844,51.130001068115234,51.8125,90102000
2018-08-09,52.38249969482422,52.44499969482422,51.79999923706055,52.220001220703125,93970400
2018-08-10,51.84000015258789,52.275001525878906,51.66749954223633,51.88249969482422,98444800
2018-08-13,52.32749938964844,52.73749923706055,51.92499923706055,52.217498779296875,103563600
2018-08-14,52.540000915527344,52.63999938964844,52.064998626708984,52.4375,82992000
2018-08-15,52.30500030517578,52.685001373291016,52.08250045776367,52.560001373291016,115230400
2018-08-16,52.9375,53.45249938964844,52.86750030517578,53.33000183105469,114001600
2018-08-17,53.36000061035156,54.48749923706055,53.290000915527344,54.39500045776367,141708000
2018-08-20,54.525001525878906,54.79499816894531,53.77750015258789,53.8650016784668,121150800
2018-08-21,54.20000076293945,54.29750061035156,53.50749969482422,53.7599983215332,104639200
2018-08-22,53.525001525878906,54.09000015258789,53.459999084472656,53.76250076293945,76072400
2018-08-23,53.662498474121094,54.26250076293945,53.650001525878906,53.872501373291016,75532800
2018-08-24,54.150001525878906,54.224998474121094,53.77750015258789,54.040000915527344,73905600
2018-08-27,54.287498474121094,54.685001373291016,54.08250045776367,54.48500061035156,82100400
2018-08-28,54.752498626708984,55.1349983215332,54.72999954223633,54.92499923706055,91107200
2018-08-29,55.037498474121094,55.872501373291016,54.852500915527344,55.744998931884766,109019200
2018-08-30,55.8125,57.064998626708984,55.599998474121094,56.25749969482422,195175200
2018-08-31,56.627498626708984,57.217498779296875,56.5,56.907501220703125,173360400
2018-09-04,57.102500915527344,57.29499816894531,56.657501220703125,57.09000015258789,109560400
2018-09-05,57.247501373291016,57.41749954223633,56.275001525878906,56.717498779296875,133332000
2018-09-06,56.557498931884766,56.837501525878906,55.32500076293945,55.775001525878906,137160000
2018-09-07,55.462501525878906,56.342498779296875,55.1775016784668,55.32500076293945,150479200
2018-09-10,55.23749923706055,55.462501525878906,54.11750030517578,54.58250045776367,158066000
2018-09-11,54.502498626708984,56.07500076293945,54.13999938964844,55.962501525878906,142996000
2018-09-12,56.23500061035156,56.25,54.959999084472656,55.26750183105469,197114800
2018-09-13,55.880001068115234,57.087501525878906,55.64250183105469,56.602500915527344,166825600
2018-09-14,56.4375,56.709999084472656,55.630001068115234,55.959999084472656,127997200
2018-09-17,55.537498474121094,55.73749923706055,54.317501068115234,54.470001220703125,148780400
2018-09-18,54.4474983215332,55.462501525878906,54.279998779296875,54.560001373291016,126286800
2018-09-19,54.625,54.904998779296875,53.82500076293945,54.592498779296875,108495200
2018-09-20,55.060001373291016,55.56999969482422,54.787498474121094,55.00749969482422,106435200
2018-09-21,55.19499969482422,55.34000015258789,54.3224983215332,54.415000915527344,384986800
2018-09-24,54.20500183105469,55.314998626708984,54.157501220703125,55.1974983215332,110773600
2018-09-25,54.9375,55.70500183105469,54.92499923706055,55.54750061035156,98217600
2018-09-26,55.25,55.9375,54.939998626708984,55.10499954223633,95938800
2018-09-27,55.95500183105469,56.61000061035156,55.8849983215332,56.23749923706055,120724800
2018-09-28,56.1974983215332,56.459999084472656,56.005001068115234,56.435001373291016,91717600
2018-10-01,56.98749923706055,57.35499954223633,56.587501525878906,56.814998626708984,94403200
2018-10-02,56.8125,57.5,56.657501220703125,57.31999969482422,99152800
2018-10-03,57.51250076293945,58.36750030517578,57.44499969482422,58.01750183105469,114619200
2018-10-04,57.69499969482422,58.087501525878906,56.682498931884766,56.997501373291016,128168000
2018-10-05,56.9900016784668,57.102500915527344,55.14500045776367,56.0724983215332,134322000
2018-10-08,55.5525016784668,56.20000076293945,55.04999923706055,55.942501068115234,118655600
2018-10-09,55.90999984741211,56.817501068115234,55.5625,56.717498779296875,107564000
2018-10-10,56.3650016784668,56.587501525878906,54.01250076293945,54.09000015258789,167962400
2018-10-11,53.630001068115234,54.875,53.08000183105469,53.61249923706055,212497600
2018-10-12,55.10499954223633,55.720001220703125,54.209999084472656,55.52750015258789,161351600
2018-10-15,55.290000915527344,55.45750045776367,54.317501068115234,54.34000015258789,123164000
2018-10-16,54.73249816894531,55.747501373291016,54.189998626708984,55.537498474121094,116736000
2018-10-17,55.57500076293945,55.65999984741211,54.834999084472656,55.29750061035156,91541600
2018-10-18,54.46500015258789,54.935001373291016,53.25,54.005001068115234,130325200
2018-10-19,54.51499938964844,55.314998626708984,54.35749816894531,54.82749938964844,132314800
2018-10-22,54.9474983215332,55.84000015258789,54.73500061035156,55.162498474121094,115168400
2018-10-23,53.95750045776367,55.8125,53.67499923706055,55.682498931884766,155071200
2018-10-24,55.650001525878906,56.057498931884766,53.6349983215332,53.772499084472656,163702000
2018-10-25,54.4275016784668,55.345001220703125,54.1875,54.95000076293945,119423200
2018-10-26,53.974998474121094,55.04750061035156,53.16749954223633,54.07500076293945,189033600
2018-10-29,54.79750061035156,54.92250061035156,51.522499084472656,53.060001373291016,183742000
2018-10-30,52.787498474121094,53.79499816894531,52.317501068115234,53.32500076293945,146640000
2018-10-31,54.220001220703125,55.11249923706055,54.154998779296875,54.71500015258789,153435600
2018-11-01,54.76250076293945,55.59000015258789,54.20249938964844,55.55500030517578,233292800
2018-11-02,52.38750076293945,53.412498474121094,51.35749816894531,51.869998931884766,365314800
2018-11-05,51.07500076293945,51.09749984741211,49.54249954223633,50.397499084472656,264654800
2018-11-06,50.47999954223633,51.18000030517578,50.42250061035156,50.942501068115234,127531600
2018-11-07,51.49250030517578,52.51499938964844,51.032501220703125,52.48749923706055,133697600
2018-11-08,52.494998931884766,52.529998779296875,51.6875,52.122501373291016,101450400
2018-11-09,51.38750076293945,51.502498626708984,50.5625,51.11750030517578,137463200
2018-11-12,49.75,49.962501525878906,48.4474983215332,48.54249954223633,204542000
2018-11-13,47.907501220703125,49.29499816894531,47.86249923706055,48.057498931884766,187531600
2018-11-14,48.474998474121094,48.619998931884766,46.48249816894531,46.70000076293945,243204000
2018-11-15,47.09749984741211,47.99250030517578,46.724998474121094,47.852500915527344,185915200
2018-11-16,47.625,48.74250030517578,47.3650016784668,48.38249969482422,147713200
2018-11-19,47.5,47.67499923706055,46.247501373291016,46.46500015258789,167701200
2018-11-20,44.592498779296875,45.36750030517578,43.877498626708984,44.244998931884766,271300800
2018-11-21,44.932498931884766,45.067501068115234,44.13750076293945,44.19499969482422,124496800
2018-11-23,43.73500061035156,44.150001525878906,43.025001525878906,43.0724983215332,94496000
2018-11-26,43.560001373291016,43.73749923706055,42.564998626708984,43.654998779296875,179994000
2018-11-27,42.877498626708984,43.692501068115234,42.720001220703125,43.560001373291016,165549600
2018-11-28,44.182498931884766,45.3224983215332,43.73249816894531,45.23500061035156,184250000
2018-11-29,45.665000915527344,45.70000076293945,44.42499923706055,44.88750076293945,167080000
2018-11-30,45.0724983215332,45.08250045776367,44.25749969482422,44.64500045776367,158126000
2018-12-03,46.1150016784668,46.23500061035156,45.3025016784668,46.20500183105469,163210000
2018-12-04,45.23749923706055,45.59749984741211,44.067501068115234,44.17250061035156,165377200
2018-12-06,42.939998626708984,43.69499969482422,42.60499954223633,43.68000030517578,172393600
2018-12-07,43.372501373291016,43.622501373291016,42.07500076293945,42.122501373291016,169126400
2018-12-10,41.25,42.522499084472656,40.83250045776367,42.400001525878906,248104000
2018-12-11,42.915000915527344,42.9474983215332,41.75,42.157501220703125,189126800
2018-12-12,42.599998474121094,42.97999954223633,42.255001068115234,42.275001525878906,142510800
2018-12-13,42.622501373291016,43.14250183105469,42.38750076293945,42.73749923706055,127594400
2018-12-14,42.25,42.27000045776367,41.31999969482422,41.369998931884766,162814800
2018-12-17,41.36249923706055,42.087501525878906,40.682498931884766,40.98500061035156,177151600
2018-12-18,41.345001220703125,41.88249969482422,41.09749984741211,41.51750183105469,135366000
2018-12-19,41.5,41.86249923706055,39.772499084472656,40.22249984741211,196189200
2018-12-20,40.099998474121094,40.52750015258789,38.82500076293945,39.20750045776367,259092000
2018-12-21,39.21500015258789,39.540000915527344,37.407501220703125,37.682498931884766,382978400
2018-12-24,37.037498474121094,37.88750076293945,36.647499084472656,36.70750045776367,148676800
2018-12-26,37.07500076293945,39.307498931884766,36.68000030517578,39.29249954223633,234330000
2018-12-27,38.959999084472656,39.192501068115234,37.51750183105469,39.037498474121094,212468400
2018-12-28,39.375,39.630001068115234,38.63750076293945,39.057498931884766,169165600
2018-12-31,39.63249969482422,39.84000015258789,39.119998931884766,39.435001373291016,140014000
2019-01-02,38.72249984741211,39.712501525878906,38.557498931884766,39.47999954223633,148158800
2019-01-03,35.994998931884766,36.43000030517578,35.5,35.54750061035156,365248800
2019-01-04,36.13249969482422,37.13750076293945,35.95000076293945,37.064998626708984,234428400
2019-01-07,37.17499923706055,37.20750045776367,36.474998474121094,36.98249816894531,219111200
2019-01-08,37.38999938964844,37.95500183105469,37.130001068115234,37.6875,164101200
2019-01-09,37.8224983215332,38.63249969482422,37.407501220703125,38.32749938964844,180396400
2019-01-10,38.125,38.49250030517578,37.71500015258789,38.45000076293945,143122800
2019-01-11,38.220001220703125,38.42499923706055,37.877498626708984,38.0724983215332,108092800
2019-01-14,37.712501525878906,37.817501068115234,37.30500030517578,37.5,129756800
2019-01-15,37.567501068115234,38.34749984741211,37.51250076293945,38.26750183105469,114843600
2019-01-16,38.27000045776367,38.970001220703125,38.25,38.73500061035156,122278800
2019-01-17,38.54999923706055,39.415000915527344,38.314998626708984,38.96500015258789,119284800
2019-01-18,39.375,39.470001220703125,38.994998931884766,39.20500183105469,135004000
2019-01-22,39.102500915527344,39.182498931884766,38.154998779296875,38.32500076293945,121576000
2019-01-23,38.537498474121094,38.78499984741211,37.92499923706055,38.47999954223633,92522400
2019-01-24,38.52750015258789,38.619998931884766,37.935001373291016,38.17499923706055,101766000
2019-01-25,38.869998931884766,39.532501220703125,38.58000183105469,39.439998626708984,134142000
2019-01-28,38.9474983215332,39.08250045776367,38.415000915527344,39.07500076293945,104768400
2019-01-29,39.0625,39.532501220703125,38.52750015258789,38.66999816894531,166348800
2019-01-30,40.8125,41.537498474121094,40.057498931884766,41.3125,244439200
2019-01-31,41.52750015258789,42.25,41.13999938964844,41.61000061035156,162958400
2019-02-01,41.7400016784668,42.244998931884766,41.48249816894531,41.630001068115234,130672400
2019-02-04,41.852500915527344,42.915000915527344,41.81999969482422,42.8125,125982000
2019-02-05,43.21500015258789,43.77000045776367,43.087501525878906,43.54499816894531,144406400
2019-02-06,43.662498474121094,43.89250183105469,43.212501525878906,43.560001373291016,112958400
2019-02-07,43.099998474121094,43.48500061035156,42.584999084472656,42.73500061035156,126966800
2019-02-08,42.247501373291016,42.665000915527344,42.10499954223633,42.602500915527344,95280000
2019-02-11,42.76250076293945,42.8025016784668,42.3125,42.35749816894531,83973600
2019-02-12,42.525001525878906,42.75,42.42499923706055,42.72249984741211,89134000
2019-02-13,42.84749984741211,43.119998931884766,42.47999954223633,42.54499816894531,89960800
2019-02-14,42.4275016784668,42.814998626708984,42.345001220703125,42.70000076293945,87342800
2019-02-15,42.8125,42.92499923706055,42.4375,42.60499954223633,98507200
2019-02-19,42.4275016784668,42.86000061035156,42.372501373291016,42.73249816894531,75891200
2019-02-20,42.79750061035156,43.33000183105469,42.747501373291016,43.00749969482422,104457600
2019-02-21,42.95000076293945,43.092498779296875,42.57500076293945,42.76499938964844,68998800
2019-02-22,42.89500045776367,43.25,42.845001220703125,43.24250030517578,75652800
2019-02-25,43.540000915527344,43.967498779296875,43.48749923706055,43.557498931884766,87493600
2019-02-26,43.4275016784668,43.82500076293945,43.29249954223633,43.58250045776367,68280800
2019-02-27,43.3025016784668,43.75,43.182498931884766,43.717498779296875,111341600
2019-02-28,43.58000183105469,43.727500915527344,43.22999954223633,43.287498474121094,112861600
2019-03-01,43.56999969482422,43.787498474121094,43.22249984741211,43.74250030517578,103544800
2019-03-04,43.92250061035156,44.4375,43.49250030517578,43.962501525878906,109744800
2019-03-05,43.98500061035156,44.0,43.6349983215332,43.88249969482422,78949600
2019-03-06,43.66749954223633,43.872501373291016,43.48500061035156,43.630001068115234,83241600
2019-03-07,43.467498779296875,43.61000061035156,43.005001068115234,43.125,99185600
2019-03-08,42.58000183105469,43.26750183105469,42.375,43.227500915527344,95997600
2019-03-11,43.872501373291016,44.779998779296875,43.837501525878906,44.724998474121094,128044000
2019-03-12,45.0,45.66749954223633,44.842498779296875,45.227500915527344,129870400
2019-03-13,45.5625,45.82500076293945,45.22999954223633,45.4275016784668,124130000
2019-03-14,45.974998474121094,46.025001525878906,45.63999938964844,45.932498931884766,94318000
2019-03-15,46.212501525878906,46.83250045776367,45.935001373291016,46.529998779296875,156171600
2019-03-18,46.45000076293945,47.09749984741211,46.4474983215332,47.005001068115234,104879200
2019-03-19,47.087501525878906,47.247501373291016,46.47999954223633,46.63249969482422,126585600
2019-03-20,46.557498931884766,47.372501373291016,46.182498931884766,47.040000915527344,124140800
2019-03-21,47.505001068115234,49.08250045776367,47.45249938964844,48.772499084472656,204136800
2019-03-22,48.834999084472656,49.42250061035156,47.69499969482422,47.76250076293945,169630800
2019-03-25,47.877498626708984,47.994998931884766,46.650001525878906,47.185001373291016,175381200
2019-03-26,47.915000915527344,48.220001220703125,46.14500045776367,46.6974983215332,199202000
2019-03-27,47.1875,47.439998626708984,46.63750076293945,47.11750030517578,119393600
2019-03-28,47.23749923706055,47.38999938964844,46.88249969482422,47.18000030517578,83121600
2019-03-29,47.45750045776367,47.52000045776367,47.1349983215332,47.48749923706055,94256000
2019-04-01,47.90999984741211,47.91999816894531,47.095001220703125,47.810001373291016,111448000
2019-04-02,47.772499084472656,48.6150016784668,47.76250076293945,48.505001068115234,91062800
2019-04-03,48.3125,49.125,48.287498474121094,48.837501525878906,93087200
2019-04-04,48.6974983215332,49.092498779296875,48.28499984741211,48.92250061035156,76457200
2019-04-05,49.11249923706055,49.275001525878906,48.98249816894531,49.25,74106400
2019-04-08,49.10499954223633,50.057498931884766,49.084999084472656,50.025001525878906,103526800
2019-04-09,50.08000183105469,50.712501525878906,49.807498931884766,49.875,143072800
2019-04-10,49.66999816894531,50.185001373291016,49.54499816894531,50.154998779296875,86781200
2019-04-11,50.212501525878906,50.25,49.61000061035156,49.73749923706055,83603200
2019-04-12,49.79999923706055,50.03499984741211,49.0525016784668,49.717498779296875,111042800
2019-04-15,49.64500045776367,49.962501525878906,49.502498626708984,49.807498931884766,70146400
2019-04-16,49.8650016784668,50.342498779296875,49.63999938964844,49.8125,102785600
2019-04-17,49.8849983215332,50.845001220703125,49.65250015258789,50.782501220703125,115627200
2019-04-18,50.779998779296875,51.037498474121094,50.630001068115234,50.96500015258789,96783200
2019-04-22,50.70750045776367,51.23500061035156,50.584999084472656,51.13249969482422,77758000
2019-04-23,51.10749816894531,51.9375,50.974998474121094,51.869998931884766,93292000
2019-04-24,51.84000015258789,52.119998931884766,51.76250076293945,51.790000915527344,70162400
2019-04-25,51.70750045776367,51.939998626708984,51.279998779296875,51.31999969482422,74172800
2019-04-26,51.224998474121094,51.25,50.529998779296875,51.07500076293945,74596400
2019-04-29,51.099998474121094,51.49250030517578,50.96500015258789,51.15250015258789,88818800
2019-04-30,50.76499938964844,50.849998474121094,49.77750015258789,50.16749954223633,186139600
2019-05-01,52.470001220703125,53.82749938964844,52.307498931884766,52.630001068115234,259309200
2019-05-02,52.459999084472656,53.162498474121094,52.032501220703125,52.287498474121094,127985200
2019-05-03,52.72249984741211,52.959999084472656,52.557498931884766,52.9375,83569600
2019-05-06,51.0724983215332,52.209999084472656,50.875,52.119998931884766,129772400
2019-05-07,51.470001220703125,51.85499954223633,50.20750045776367,50.71500015258789,155054800
2019-05-08,50.474998474121094,51.334999084472656,50.4375,50.724998474121094,105358000
2019-05-09,50.099998474121094,50.41999816894531,49.165000915527344,50.18000030517578,139634400
2019-05-10,49.35499954223633,49.712501525878906,48.192501068115234,49.29499816894531,164834800
2019-05-13,46.9275016784668,47.369998931884766,45.712501525878906,46.43000030517578,229722400
2019-05-14,46.602500915527344,47.42499923706055,46.352500915527344,47.165000915527344,146118800
2019-05-15,46.567501068115234,47.9375,46.505001068115234,47.72999954223633,106178800
2019-05-16,47.477500915527344,48.11750030517578,47.209999084472656,47.52000045776367,132125600
2019-05-17,46.73249816894531,47.724998474121094,46.689998626708984,47.25,131516400
2019-05-20,45.880001068115234,46.087501525878906,45.06999969482422,45.772499084472656,154449200
2019-05-21,46.30500030517578,47.0,46.17499923706055,46.650001525878906,113459200
2019-05-22,46.165000915527344,46.4275016784668,45.63750076293945,45.69499969482422,118994400
2019-05-23,44.95000076293945,45.1349983215332,44.45249938964844,44.915000915527344,146118800
2019-05-24,45.04999923706055,45.53499984741211,44.654998779296875,44.74250030517578,94858800
2019-05-28,44.72999954223633,45.147499084472656,44.477500915527344,44.557498931884766,111792800
2019-05-29,44.10499954223633,44.837501525878906,44.0,44.345001220703125,113924800
2019-05-30,44.48749923706055,44.807498931884766,44.16749954223633,44.57500076293945,84873600
2019-05-31,44.057498931884766,44.497501373291016,43.747501373291016,43.76750183105469,108174400
2019-06-03,43.900001525878906,44.47999954223633,42.567501068115234,43.32500076293945,161584400
2019-06-04,43.86000061035156,44.95750045776367,43.630001068115234,44.90999984741211,123872000
2019-06-05,46.06999969482422,46.247501373291016,45.28499984741211,45.6349983215332,119093600
2019-06-06,45.77000045776367,46.36750030517578,45.537498474121094,46.30500030517578,90105200
2019-06-07,46.627498626708984,47.97999954223633,46.442501068115234,47.537498474121094,122737600
2019-06-10,47.95249938964844,48.842498779296875,47.904998779296875,48.14500045776367,104883600
2019-06-11,48.71500015258789,49.0,48.400001525878906,48.70249938964844,107731600
2019-06-12,48.48749923706055,48.99250030517578,48.34749984741211,48.54750061035156,73012800
2019-06-13,48.67499923706055,49.1974983215332,48.400001525878906,48.537498474121094,86698400
2019-06-14,47.88750076293945,48.397499084472656,47.57500076293945,48.185001373291016,75046000
2019-06-17,48.224998474121094,48.7400016784668,48.04249954223633,48.47249984741211,58676400
2019-06-18,49.01250076293945,50.0724983215332,48.8025016784668,49.61249923706055,106204000
2019-06-19,49.91999816894531,49.970001220703125,49.32749938964844,49.467498779296875,84496800
2019-06-20,50.092498779296875,50.15250015258789,49.50749969482422,49.8650016784668,86056000
2019-06-21,49.70000076293945,50.212501525878906,49.537498474121094,49.69499969482422,191202400
2019-06-24,49.6349983215332,50.040000915527344,49.54249954223633,49.64500045776367,72881600
2019-06-25,49.60749816894531,49.814998626708984,48.8224983215332,48.89250183105469,84281200
2019-06-26,49.442501068115234,50.247501373291016,49.337501525878906,49.95000076293945,104270000
2019-06-27,50.0724983215332,50.39250183105469,49.89250183105469,49.935001373291016,83598800
2019-06-28,49.66999816894531,49.875,49.26250076293945,49.47999954223633,124442400
2019-07-01,50.79249954223633,51.122501373291016,50.162498474121094,50.38750076293945,109012000
2019-07-02,50.352500915527344,50.782501220703125,50.34000015258789,50.682498931884766,67740800
2019-07-03,50.81999969482422,51.11000061035156,50.67250061035156,51.102500915527344,45448000
2019-07-05,50.837501525878906,51.27000045776367,50.724998474121094,51.057498931884766,69062000
2019-07-08,50.20249938964844,50.349998474121094,49.602500915527344,50.005001068115234,101354400
2019-07-09,49.79999923706055,50.377498626708984,49.70249938964844,50.310001373291016,82312000
2019-07-10,50.462501525878906,50.932498931884766,50.38999938964844,50.807498931884766,71588400
2019-07-11,50.82749938964844,51.09749984741211,50.4275016784668,50.4375,80767200
2019-07-12,50.61249923706055,51.0,50.54999923706055,50.82500076293945,70380800
2019-07-15,51.022499084472656,51.467498779296875,51.0,51.3025016784668,67789600
2019-07-16,51.147499084472656,51.52750015258789,50.875,51.125,67467200
2019-07-17,51.01250076293945,51.272499084472656,50.817501068115234,50.837501525878906,56430000
2019-07-18,51.0,51.470001220703125,50.92499923706055,51.415000915527344,74162400
2019-07-19,51.4474983215332,51.625,50.59000015258789,50.647499084472656,83717200
2019-07-22,50.912498474121094,51.807498931884766,50.90250015258789,51.80500030517578,89111600
2019-07-23,52.1150016784668,52.227500915527344,51.8224983215332,52.209999084472656,73420800
2019-07-24,51.91749954223633,52.287498474121094,51.79249954223633,52.16749954223633,59966400
2019-07-25,52.22249984741211,52.310001373291016,51.682498931884766,51.755001068115234,55638400
2019-07-26,51.869998931884766,52.432498931884766,51.78499984741211,51.935001373291016,70475600
2019-07-29,52.1150016784668,52.65999984741211,52.11000061035156,52.41999816894531,86693600
2019-07-30,52.189998626708984,52.540000915527344,51.82749938964844,52.19499969482422,135742800
2019-07-31,54.10499954223633,55.342498779296875,52.82500076293945,53.2599983215332,277125600
2019-08-01,53.474998474121094,54.50749969482422,51.685001373291016,52.10749816894531,216071600
2019-08-02,51.38249969482422,51.60749816894531,50.407501220703125,51.005001068115234,163448400
2019-08-05,49.497501373291016,49.662498474121094,48.14500045776367,48.334999084472656,209572000
2019-08-06,49.07749938964844,49.51750183105469,48.5099983215332,49.25,143299200
2019-08-07,48.852500915527344,49.88999938964844,48.45500183105469,49.7599983215332,133457600
2019-08-08,50.04999923706055,50.88249969482422,49.84749984741211,50.85749816894531,108038000
2019-08-09,50.32500076293945,50.689998626708984,49.8224983215332,50.247501373291016,98478800
2019-08-12,49.904998779296875,50.51250076293945,49.787498474121094,50.119998931884766,89927600
2019-08-13,50.255001068115234,53.03499984741211,50.119998931884766,52.24250030517578,188874000
2019-08-14,50.790000915527344,51.61000061035156,50.647499084472656,50.6875,146189600
2019-08-15,50.8650016784668,51.28499984741211,49.91749954223633,50.435001373291016,108909600
2019-08-16,51.06999969482422,51.790000915527344,50.959999084472656,51.625,110481600
2019-08-19,52.654998779296875,53.182498931884766,52.50749969482422,52.587501525878906,97654400
2019-08-20,52.720001220703125,53.337501525878906,52.58000183105469,52.59000015258789,107537200
2019-08-21,53.247501373291016,53.412498474121094,52.900001525878906,53.15999984741211,86141600
2019-08-22,53.29750061035156,53.61000061035156,52.6875,53.1150016784668,89014800
2019-08-23,52.35749816894531,53.01250076293945,50.25,50.65999984741211,187272000
2019-08-26,51.46500015258789,51.79750061035156,51.26499938964844,51.622501373291016,104174400
2019-08-27,51.96500015258789,52.13750076293945,50.88249969482422,51.040000915527344,103493200
2019-08-28,51.025001525878906,51.43000030517578,50.83000183105469,51.38249969482422,63755200
2019-08-29,52.125,52.33000183105469,51.665000915527344,52.252498626708984,83962000
2019-08-30,52.540000915527344,52.61249923706055,51.79999923706055,52.185001373291016,84573600
2019-09-03,51.60749816894531,51.744998931884766,51.05500030517578,51.42499923706055,80092000
2019-09-04,52.09749984741211,52.369998931884766,51.83000183105469,52.29750061035156,76752400
2019-09-05,53.0,53.49250030517578,52.877498626708984,53.31999969482422,95654800
2019-09-06,53.51250076293945,53.60499954223633,53.127498626708984,53.314998626708984,77449200
2019-09-09,53.709999084472656,54.11000061035156,52.76750183105469,53.54249954223633,109237600
2019-09-10,53.46500015258789,54.19499969482422,52.9275016784668,54.17499923706055,127111600
2019-09-11,54.51750183105469,55.9275016784668,54.432498931884766,55.897499084472656,177158400
2019-09-12,56.20000076293945,56.60499954223633,55.71500015258789,55.772499084472656,128906800
2019-09-13,55.0,55.1974983215332,54.255001068115234,54.6875,159053200
2019-09-16,54.432498931884766,55.032501220703125,54.38999938964844,54.974998474121094,84632400
2019-09-17,54.9900016784668,55.20500183105469,54.779998779296875,55.17499923706055,73274800
2019-09-18,55.26499938964844,55.712501525878906,54.86000061035156,55.692501068115234,101360000
2019-09-19,55.502498626708984,55.939998626708984,55.092498779296875,55.2400016784668,88242400
2019-09-20,55.345001220703125,55.63999938964844,54.36750030517578,54.432498931884766,221652400
2019-09-23,54.73749923706055,54.959999084472656,54.412498474121094,54.68000030517578,76662000
2019-09-24,55.25749969482422,55.622501373291016,54.29750061035156,54.41999816894531,124763200
2019-09-25,54.63750076293945,55.375,54.28499984741211,55.25749969482422,87613600
2019-09-26,55.0,55.23500061035156,54.70750045776367,54.97249984741211,75334000
2019-09-27,55.1349983215332,55.2400016784668,54.31999969482422,54.70500183105469,101408000
2019-09-30,55.224998474121094,56.14500045776367,55.1974983215332,55.99250030517578,103909600
2019-10-01,56.26750183105469,57.05500030517578,56.04999923706055,56.147499084472656,139223200
2019-10-02,55.76499938964844,55.89500045776367,54.48249816894531,54.7400016784668,138449200
2019-10-03,54.60749816894531,55.2400016784668,53.782501220703125,55.20500183105469,114426000
2019-10-04,56.40999984741211,56.872501373291016,55.97249984741211,56.752498626708984,138478800
2019-10-07,56.567501068115234,57.48249816894531,56.459999084472656,56.76499938964844,122306000
2019-10-08,56.45500183105469,57.01499938964844,56.08250045776367,56.099998474121094,111820000
2019-10-09,56.75749969482422,56.9474983215332,56.40999984741211,56.75749969482422,74770400
2019-10-10,56.98249816894531,57.61000061035156,56.82500076293945,57.522499084472656,113013600
2019-10-11,58.23749923706055,59.40999984741211,58.07749938964844,59.0525016784668,166795600
2019-10-14,58.724998474121094,59.532501220703125,58.66749954223633,58.967498779296875,96427600
2019-10-15,59.09749984741211,59.412498474121094,58.720001220703125,58.83000183105469,87360000
2019-10-16,58.342498779296875,58.810001373291016,58.29999923706055,58.592498779296875,73903200
2019-10-17,58.772499084472656,59.037498474121094,58.380001068115234,58.81999969482422,67585200
2019-10-18,58.647499084472656,59.39500045776367,58.5724983215332,59.102500915527344,97433600
2019-10-21,59.380001068115234,60.247501373291016,59.33000183105469,60.127498626708984,87247200
2019-10-22,60.290000915527344,60.54999923706055,59.904998779296875,59.9900016784668,82293600
2019-10-23,60.525001525878906,60.810001373291016,60.30500030517578,60.79499816894531,75828800
2019-10-24,61.127498626708984,61.20000076293945,60.45249938964844,60.89500045776367,69275200
2019-10-25,60.790000915527344,61.682498931884766,60.720001220703125,61.64500045776367,73477200
2019-10-28,61.85499954223633,62.3125,61.68000030517578,62.26250076293945,96572800
2019-10-29,62.24250030517578,62.4375,60.64250183105469,60.8224983215332,142839600
2019-10-30,61.189998626708984,61.32500076293945,60.3025016784668,60.814998626708984,124522000
2019-10-31,61.810001373291016,62.29249954223633,59.314998626708984,62.189998626708984,139162000
2019-11-01,62.3849983215332,63.98249816894531,62.290000915527344,63.95500183105469,151125200
2019-11-04,64.3324966430664,64.4625015258789,63.845001220703125,64.375,103272000
2019-11-05,64.26249694824219,64.54750061035156,64.08000183105469,64.28250122070312,79897600
2019-11-06,64.19249725341797,64.37249755859375,63.842498779296875,64.30999755859375,75864400
2019-11-07,64.68499755859375,65.0875015258789,64.52749633789062,64.85749816894531,94940400
2019-11-08,64.67250061035156,65.11000061035156,64.2125015258789,65.03500366210938,69986400
2019-11-11,64.57499694824219,65.61750030517578,64.56999969482422,65.55000305175781,81821200
2019-11-12,65.38749694824219,65.69750213623047,65.2300033569336,65.48999786376953,87388800
2019-11-13,65.28250122070312,66.19499969482422,65.26750183105469,66.11750030517578,102734400
2019-11-14,65.9375,66.22000122070312,65.5250015258789,65.66000366210938,89182800
2019-11-15,65.91999816894531,66.44499969482422,65.75250244140625,66.44000244140625,100206400
2019-11-18,66.44999694824219,66.85749816894531,66.05750274658203,66.7750015258789,86703200
2019-11-19,66.9749984741211,67.0,66.34750366210938,66.57250213623047,76167200
2019-11-20,66.38500213623047,66.5199966430664,65.0999984741211,65.79750061035156,106234400
2019-11-21,65.92250061035156,66.00250244140625,65.29499816894531,65.50250244140625,121395200
2019-11-22,65.64749908447266,65.79499816894531,65.20999908447266,65.44499969482422,65325200
2019-11-25,65.67749786376953,66.61000061035156,65.62999725341797,66.59249877929688,84020400
2019-11-26,66.73500061035156,66.79000091552734,65.625,66.07250213623047,105207600
2019-11-27,66.3949966430664,66.99500274658203,66.32749938964844,66.95999908447266,65235600
2019-11-29,66.6500015258789,67.0,66.4749984741211,66.8125,46617600
2019-12-02,66.81749725341797,67.0625,65.86250305175781,66.04000091552734,94487200
2019-12-03,64.57749938964844,64.88249969482422,64.07250213623047,64.86250305175781,114430400
2019-12-04,65.26750183105469,65.82749938964844,65.16999816894531,65.43499755859375,67181600
2019-12-05,65.94750213623047,66.47250366210938,65.68250274658203,66.3949966430664,74424400
2019-12-06,66.87000274658203,67.75,66.82499694824219,67.67749786376953,106075600
2019-12-09,67.5,67.69999694824219,66.22750091552734,66.7300033569336,128042400
2019-12-10,67.1500015258789,67.51750183105469,66.46499633789062,67.12000274658203,90420400
2019-12-11,67.20249938964844,67.7750015258789,67.125,67.69249725341797,78756800
2019-12-12,66.94499969482422,68.13999938964844,66.83000183105469,67.86499786376953,137310400
2019-12-13,67.86499786376953,68.82499694824219,67.73249816894531,68.7874984741211,133587600
2019-12-16,69.25,70.19750213623047,69.24500274658203,69.96499633789062,128186000
2019-12-17,69.89250183105469,70.44249725341797,69.69999694824219,70.10250091552734,114158400
2019-12-18,69.94999694824219,70.4749984741211,69.77999877929688,69.93499755859375,116028400
2019-12-19,69.875,70.29499816894531,69.73750305175781,70.00499725341797,98369200
2019-12-20,70.55750274658203,70.6624984741211,69.63999938964844,69.86000061035156,275978000
2019-12-23,70.13249969482422,71.0625,70.09249877929688,71.0,98572000
2019-12-24,71.17250061035156,71.22250366210938,70.7300033569336,71.06749725341797,48478800
2019-12-26,71.20500183105469,72.49500274658203,71.17500305175781,72.47750091552734,93121200
2019-12-27,72.77999877929688,73.49250030517578,72.02999877929688,72.44999694824219,146266000
2019-12-30,72.36499786376953,73.17250061035156,71.30500030517578,72.87999725341797,144114400
2019-12-31,72.48249816894531,73.41999816894531,72.37999725341797,73.4124984741211,100805600
2020-01-02,74.05999755859375,75.1500015258789,73.79750061035156,75.0875015258789,135480400
2020-01-03,74.2874984741211,75.1449966430664,74.125,74.35749816894531,146322800
2020-01-06,73.44750213623047,74.98999786376953,73.1875,74.94999694824219,118387200
2020-01-07,74.95999908447266,75.2249984741211,74.37000274658203,74.59750366210938,108872000
2020-01-08,74.29000091552734,76.11000061035156,74.29000091552734,75.79750061035156,132079200
2020-01-09,76.80999755859375,77.60749816894531,76.55000305175781,77.40750122070312,170108400
2020-01-10,77.6500015258789,78.1675033569336,77.0625,77.5824966430664,140644800
2020-01-13,77.91000366210938,79.26750183105469,77.7874984741211,79.23999786376953,121532000
2020-01-14,79.17500305175781,79.39250183105469,78.0425033569336,78.16999816894531,161954400
2020-01-15,77.9625015258789,78.875,77.38749694824219,77.83499908447266,121923600
2020-01-16,78.39749908447266,78.92500305175781,78.02249908447266,78.80999755859375,108829200
2020-01-17,79.06749725341797,79.68499755859375,78.75,79.68250274658203,137816400
2020-01-21,79.29750061035156,79.75499725341797,79.0,79.14250183105469,110843200
2020-01-22,79.6449966430664,79.99749755859375,79.32749938964844,79.42500305175781,101832400
2020-01-23,79.4800033569336,79.88999938964844,78.9124984741211,79.80750274658203,104472000
2020-01-24,80.0625,80.8324966430664,79.37999725341797,79.57749938964844,146537600
2020-01-27,77.51499938964844,77.94249725341797,76.22000122070312,77.23750305175781,161940000
2020-01-28,78.1500015258789,79.5999984741211,78.04750061035156,79.42250061035156,162234000
2020-01-29,81.11250305175781,81.9625015258789,80.34500122070312,81.08499908447266,216229200
2020-01-30,80.13500213623047,81.02249908447266,79.6875,80.96749877929688,126743200
2020-01-31,80.23249816894531,80.66999816894531,77.07250213623047,77.37750244140625,199588400
2020-02-03,76.07499694824219,78.37249755859375,75.55500030517578,77.16500091552734,173788400
2020-02-04,78.82749938964844,79.91000366210938,78.40750122070312,79.7125015258789,136616400
2020-02-05,80.87999725341797,81.19000244140625,79.73750305175781,80.36250305175781,118826800
2020-02-06,80.64250183105469,81.30500030517578,80.06500244140625,81.30249786376953,105425600
2020-02-07,80.59249877929688,80.8499984741211,79.5,80.00749969482422,117684000
2020-02-10,78.54499816894531,80.38749694824219,78.4625015258789,80.38749694824219,109348800
2020-02-11,80.9000015258789,80.9749984741211,79.67749786376953,79.90249633789062,94323200
2020-02-12,80.36750030517578,81.80500030517578,80.36750030517578,81.80000305175781,113730400
2020-02-13,81.04750061035156,81.55500030517578,80.8375015258789,81.21749877929688,94747600
2020-02-14,81.18499755859375,81.49500274658203,80.7125015258789,81.23750305175781,80113600
2020-02-18,78.83999633789062,79.9375,78.65249633789062,79.75,152531200
2020-02-19,80.0,81.14250183105469,80.0,80.90499877929688,93984000
2020-02-20,80.65750122070312,81.1624984741211,79.55249786376953,80.07499694824219,100566000
2020-02-21,79.65499877929688,80.11250305175781,77.625,78.26249694824219,129554000
2020-02-24,74.31500244140625,76.04499816894531,72.30750274658203,74.54499816894531,222195200
2020-02-25,75.23750305175781,75.63249969482422,71.53250122070312,72.0199966430664,230673600
2020-02-26,71.63249969482422,74.47000122070312,71.625,73.1624984741211,198054800
2020-02-27,70.2750015258789,71.5,68.23999786376953,68.37999725341797,320605600
2020-02-28,64.31500244140625,69.60250091552734,64.09249877929688,68.33999633789062,426510000
2020-03-02,70.56999969482422,75.36000061035156,69.43000030517578,74.70249938964844,341397200
2020-03-03,75.9175033569336,76.0,71.44999694824219,72.33000183105469,319475600
2020-03-04,74.11000061035156,75.8499984741211,73.28250122070312,75.68499755859375,219178400
2020-03-05,73.87999725341797,74.88749694824219,72.85250091552734,73.2300033569336,187572800
2020-03-06,70.5,72.70500183105469,70.30750274658203,72.25749969482422,226176800
2020-03-09,65.9375,69.52249908447266,65.75,66.5425033569336,286744800
2020-03-10,69.28500366210938,71.61000061035156,67.34249877929688,71.33499908447266,285290000
2020-03-11,69.34750366210938,70.30500030517578,67.96499633789062,68.85749816894531,255598800
2020-03-12,63.98500061035156,67.5,62.0,62.057498931884766,418474000
2020-03-13,66.22250366210938,69.9800033569336,63.23749923706055,69.49250030517578,370732000
2020-03-16,60.48749923706055,64.7699966430664,60.0,60.5525016784668,322423600
2020-03-17,61.877498626708984,64.40249633789062,59.599998474121094,63.21500015258789,324056000
2020-03-18,59.942501068115234,62.5,59.279998779296875,61.66749954223633,300233600
2020-03-19,61.84749984741211,63.209999084472656,60.65250015258789,61.19499969482422,271857200
2020-03-20,61.79499816894531,62.95750045776367,57.0,57.310001373291016,401693200
2020-03-23,57.02000045776367,57.125,53.15250015258789,56.092498779296875,336752800
2020-03-24,59.09000015258789,61.92250061035156,58.57500076293945,61.720001220703125,287531200
2020-03-25,62.6875,64.5625,61.07500076293945,61.380001068115234,303602000
2020-03-26,61.630001068115234,64.66999816894531,61.59000015258789,64.61000061035156,252087200
2020-03-27,63.1875,63.967498779296875,61.76250076293945,61.935001373291016,204216800
2020-03-30,62.685001373291016,63.880001068115234,62.349998474121094,63.70249938964844,167976400
2020-03-31,63.900001525878906,65.62249755859375,63.0,63.5724983215332,197002000
2020-04-01,61.625,62.18000030517578,59.782501220703125,60.227500915527344,176218400
2020-04-02,60.084999084472656,61.287498474121094,59.224998474121094,61.23249816894531,165934000
2020-04-03,60.70000076293945,61.42499923706055,59.74250030517578,60.352500915527344,129880000
2020-04-06,62.724998474121094,65.77749633789062,62.345001220703125,65.61750030517578,201820400
2020-04-07,67.69999694824219,67.92500305175781,64.75,64.85749816894531,202887200
2020-04-08,65.68499755859375,66.84249877929688,65.30750274658203,66.51750183105469,168895200
2020-04-09,67.17500305175781,67.51750183105469,66.17500305175781,66.99749755859375,161834800
2020-04-13,67.07749938964844,68.42500305175781,66.4574966430664,68.3125,131022800
2020-04-14,70.0,72.0625,69.51249694824219,71.76249694824219,194994800
2020-04-15,70.5999984741211,71.5824966430664,70.15750122070312,71.10749816894531,131154400
2020-04-16,71.84500122070312,72.05000305175781,70.5875015258789,71.67250061035156,157125200
2020-04-17,71.17250061035156,71.73750305175781,69.21499633789062,70.69999694824219,215250000
2020-04-20,69.48750305175781,70.41999816894531,69.2125015258789,69.23249816894531,130015200
2020-04-21,69.06999969482422,69.3125,66.35749816894531,67.09249877929688,180991600
2020-04-22,68.40249633789062,69.4749984741211,68.05000305175781,69.0250015258789,116862400
2020-04-23,68.96749877929688,70.4375,68.71749877929688,68.75749969482422,124814400
2020-04-24,69.30000305175781,70.75250244140625,69.25,70.74250030517578,126161200
2020-04-27,70.44999694824219,71.13500213623047,69.98750305175781,70.7925033569336,117087600
2020-04-28,71.2699966430664,71.4574966430664,69.55000305175781,69.6449966430664,112004800
2020-04-29,71.18250274658203,72.4175033569336,70.97250366210938,71.93250274658203,137280800
2020-04-30,72.48999786376953,73.63249969482422,72.0875015258789,73.44999694824219,183064000
2020-05-01,71.5625,74.75,71.4625015258789,72.26750183105469,240616800
2020-05-04,72.2925033569336,73.42250061035156,71.58000183105469,73.29000091552734,133568000
2020-05-05,73.76499938964844,75.25,73.61499786376953,74.38999938964844,147751200
2020-05-06,75.11499786376953,75.80999755859375,74.71749877929688,75.15750122070312,142333600
2020-05-07,75.80500030517578,76.2925033569336,75.49250030517578,75.93499755859375,115215200
2020-05-08,76.41000366210938,77.5875015258789,76.07250213623047,77.53250122070312,133838400
2020-05-11,77.0250015258789,79.26249694824219,76.80999755859375,78.75250244140625,145946400
2020-05-12,79.4574966430664,79.92250061035156,77.72750091552734,77.85250091552734,162301200
2020-05-13,78.0374984741211,78.98750305175781,75.80249786376953,76.9124984741211,200622400
2020-05-14,76.12750244140625,77.44750213623047,75.38249969482422,77.38500213623047,158929200
2020-05-15,75.0875015258789,76.9749984741211,75.05249786376953,76.92749786376953,166348400
2020-05-18,78.2925033569336,79.125,77.58000183105469,78.73999786376953,135178400
2020-05-19,78.75749969482422,79.62999725341797,78.25250244140625,78.28500366210938,101729600
2020-05-20,79.16999816894531,79.87999725341797,79.12999725341797,79.80750274658203,111504800
2020-05-21,79.66500091552734,80.22250366210938,78.96749877929688,79.2125015258789,102688800
2020-05-22,78.94249725341797,79.80750274658203,78.8375015258789,79.72250366210938,81803200
2020-05-26,80.875,81.05999755859375,79.125,79.18250274658203,125522000
2020-05-27,79.03500366210938,79.67749786376953,78.27249908447266,79.52749633789062,112945200
2020-05-28,79.19249725341797,80.86000061035156,78.90750122070312,79.5625,133560800
2020-05-29,79.8125,80.2874984741211,79.11750030517578,79.48500061035156,153532400
2020-06-01,79.4375,80.5875015258789,79.30249786376953,80.4625015258789,80791200
2020-06-02,80.1875,80.86000061035156,79.73249816894531,80.83499908447266,87642800
2020-06-03,81.16500091552734,81.55000305175781,80.57499694824219,81.27999877929688,104491200
2020-06-04,81.09750366210938,81.40499877929688,80.19499969482422,80.58000183105469,87560400
2020-06-05,80.8375015258789,82.9375,80.80750274658203,82.875,137250400
2020-06-08,82.5625,83.4000015258789,81.83000183105469,83.36499786376953,95654400
2020-06-09,83.03500366210938,86.40249633789062,83.00250244140625,85.99749755859375,147712400
2020-06-10,86.9749984741211,88.69249725341797,86.52249908447266,88.20999908447266,166651600
2020-06-11,87.32749938964844,87.76499938964844,83.87000274658203,83.9749984741211,201662400
2020-06-12,86.18000030517578,86.94999694824219,83.55500030517578,84.69999694824219,200146000
2020-06-15,83.3125,86.41999816894531,83.1449966430664,85.74749755859375,138808800
2020-06-16,87.86499786376953,88.30000305175781,86.18000030517578,88.0199966430664,165428800
2020-06-17,88.7874984741211,88.8499984741211,87.77249908447266,87.89749908447266,114406400
2020-06-18,87.85250091552734,88.36250305175781,87.30500030517578,87.93250274658203,96820400
2020-06-19,88.66000366210938,89.13999938964844,86.2874984741211,87.43000030517578,264476000
2020-06-22,87.83499908447266,89.86499786376953,87.7874984741211,89.71749877929688,135445200
2020-06-23,91.0,93.09500122070312,90.56749725341797,91.63249969482422,212155600
2020-06-24,91.25,92.19750213623047,89.62999725341797,90.01499938964844,192623200
2020-06-25,90.17500305175781,91.25,89.39250183105469,91.20999908447266,137522400
2020-06-26,91.10250091552734,91.33000183105469,88.25499725341797,88.40750122070312,205256800
2020-06-29,88.3125,90.5425033569336,87.81999969482422,90.44499969482422,130646000
2020-06-30,90.0199966430664,91.49500274658203,90.0,91.19999694824219,140223200
2020-07-01,91.27999877929688,91.83999633789062,90.97750091552734,91.02749633789062,110737200
2020-07-02,91.9625015258789,92.61750030517578,90.91000366210938,91.02749633789062,114041600
2020-07-06,92.5,93.94499969482422,92.46749877929688,93.4625015258789,118655600
2020-07-07,93.85250091552734,94.65499877929688,93.05750274658203,93.17250061035156,112424400
2020-07-08,94.18000030517578,95.375,94.08999633789062,95.34249877929688,117092000
2020-07-09,96.26249694824219,96.31749725341797,94.67250061035156,95.75250244140625,125642800
2020-07-10,95.33499908447266,95.9800033569336,94.70500183105469,95.91999816894531,90257200
2020-07-13,97.26499938964844,99.95500183105469,95.25749969482422,95.47750091552734,191649200
2020-07-14,94.83999633789062,97.25499725341797,93.87750244140625,97.05750274658203,170989200
2020-07-15,98.98999786376953,99.24749755859375,96.48999786376953,97.7249984741211,153198000
2020-07-16,96.5625,97.40499877929688,95.90499877929688,96.52249908447266,110577600
2020-07-17,96.98750305175781,97.14749908447266,95.83999633789062,96.32749938964844,92186800
2020-07-20,96.4175033569336,98.5,96.0625,98.35749816894531,90318000
2020-07-21,99.17250061035156,99.25,96.74250030517578,97.0,103433200
2020-07-22,96.69249725341797,97.9749984741211,96.60250091552734,97.27249908447266,89001600
2020-07-23,96.99749755859375,97.07749938964844,92.01000213623047,92.84500122070312,197004400
2020-07-24,90.98750305175781,92.97000122070312,89.1449966430664,92.61499786376953,185438800
2020-07-27,93.70999908447266,94.90499877929688,93.4800033569336,94.80999755859375,121214000
2020-07-28,94.36750030517578,94.55000305175781,93.24749755859375,93.25250244140625,103625600
2020-07-29,93.75,95.2300033569336,93.7125015258789,95.04000091552734,90329200
2020-07-30,94.1875,96.29750061035156,93.76750183105469,96.19000244140625,158130000
2020-07-31,102.88500213623047,106.41500091552734,100.82499694824219,106.26000213623047,374336800
2020-08-03,108.19999694824219,111.63749694824219,107.89250183105469,108.9375,308151200
2020-08-04,109.13249969482422,110.79000091552734,108.38749694824219,109.66500091552734,173071600
2020-08-05,109.37750244140625,110.39250183105469,108.89749908447266,110.0625,121776800
2020-08-06,110.40499877929688,114.4124984741211,109.79750061035156,113.90249633789062,202428800
2020-08-07,113.20500183105469,113.67500305175781,110.2925033569336,111.11250305175781,198045600
2020-08-10,112.5999984741211,113.7750015258789,110.0,112.72750091552734,212403600
2020-08-11,111.97000122070312,112.48249816894531,109.10749816894531,109.375,187902400
2020-08-12,110.49749755859375,113.2750015258789,110.29750061035156,113.01000213623047,165598000
2020-08-13,114.43000030517578,116.0425033569336,113.92749786376953,115.01000213623047,210082000
2020-08-14,114.83000183105469,115.0,113.04499816894531,114.90750122070312,165565200
2020-08-17,116.0625,116.0875015258789,113.9625015258789,114.60749816894531,119561600
2020-08-18,114.35250091552734,116.0,114.00749969482422,115.5625,105633600
2020-08-19,115.98249816894531,117.1624984741211,115.61000061035156,115.7074966430664,145538000
2020-08-20,115.75,118.39250183105469,115.73249816894531,118.2750015258789,126907200
2020-08-21,119.26249694824219,124.86750030517578,119.25,124.37000274658203,338054800
2020-08-24,128.69749450683594,128.78500366210938,123.9375,125.85749816894531,345937600
2020-08-25,124.69750213623047,125.18000030517578,123.05249786376953,124.82499694824219,211495600
2020-08-26,126.18000030517578,126.99250030517578,125.0824966430664,126.52249908447266,163022400
2020-08-27,127.14250183105469,127.48500061035156,123.8324966430664,125.01000213623047,155552400
2020-08-28,126.01249694824219,126.44249725341797,124.57749938964844,124.80750274658203,187630000
2020-08-31,127.58000183105469,131.0,126.0,129.0399932861328,225702700
2020-09-01,132.75999450683594,134.8000030517578,130.52999877929688,134.17999267578125,151948100
2020-09-02,137.58999633789062,137.97999572753906,127.0,131.39999389648438,200119000
2020-09-03,126.91000366210938,128.83999633789062,120.5,120.87999725341797,257599600
2020-09-04,120.06999969482422,123.69999694824219,110.88999938964844,120.95999908447266,332607200
2020-09-08,113.94999694824219,118.98999786376953,112.68000030517578,112.81999969482422,231366600
2020-09-09,117.26000213623047,119.13999938964844,115.26000213623047,117.31999969482422,176940500
2020-09-10,120.36000061035156,120.5,112.5,113.48999786376953,182274400
2020-09-11,114.56999969482422,115.2300033569336,110.0,112.0,180860300
2020-09-14,114.72000122070312,115.93000030517578,112.80000305175781,115.36000061035156,140150100
2020-09-15,118.33000183105469,118.83000183105469,113.61000061035156,115.54000091552734,184642000
2020-09-16,115.2300033569336,116.0,112.04000091552734,112.12999725341797,154679000
2020-09-17,109.72000122070312,112.19999694824219,108.70999908447266,110.33999633789062,178011000
2020-09-18,110.4000015258789,110.87999725341797,106.08999633789062,106.83999633789062,287104900
2020-09-21,104.54000091552734,110.19000244140625,103.0999984741211,110.08000183105469,195713800
2020-09-22,112.68000030517578,112.86000061035156,109.16000366210938,111.80999755859375,183055400
2020-09-23,111.62000274658203,112.11000061035156,106.7699966430664,107.12000274658203,150718700
2020-09-24,105.16999816894531,110.25,105.0,108.22000122070312,167743300
2020-09-25,108.43000030517578,112.44000244140625,107.66999816894531,112.27999877929688,149981400
2020-09-28,115.01000213623047,115.31999969482422,112.77999877929688,114.95999908447266,137672400
2020-09-29,114.55000305175781,115.30999755859375,113.56999969482422,114.08999633789062,99382200
2020-09-30,113.79000091552734,117.26000213623047,113.62000274658203,115.80999755859375,142675200
2020-10-01,117.63999938964844,117.72000122070312,115.83000183105469,116.79000091552734,116120400
2020-10-02,112.88999938964844,115.37000274658203,112.22000122070312,113.0199966430664,144712000
2020-10-05,113.91000366210938,116.6500015258789,113.55000305175781,116.5,106243800
2020-10-06,115.69999694824219,116.12000274658203,112.25,113.16000366210938,161498200
2020-10-07,114.62000274658203,115.55000305175781,114.12999725341797,115.08000183105469,96849000
2020-10-08,116.25,116.4000015258789,114.58999633789062,114.97000122070312,83477200
2020-10-09,115.27999877929688,117.0,114.91999816894531,116.97000122070312,100506900
2020-10-12,120.05999755859375,125.18000030517578,119.27999877929688,124.4000015258789,240226800
2020-10-13,125.2699966430664,125.38999938964844,119.6500015258789,121.0999984741211,262330500
2020-10-14,121.0,123.02999877929688,119.62000274658203,121.19000244140625,150712000
2020-10-15,118.72000122070312,121.19999694824219,118.1500015258789,120.70999908447266,112559200
2020-10-16,121.27999877929688,121.55000305175781,118.80999755859375,119.0199966430664,115393800
2020-10-19,119.95999908447266,120.41999816894531,115.66000366210938,115.9800033569336,120639300
2020-10-20,116.19999694824219,118.9800033569336,115.62999725341797,117.51000213623047,124423700
2020-10-21,116.66999816894531,118.70999908447266,116.44999694824219,116.87000274658203,89946000
2020-10-22,117.44999694824219,118.04000091552734,114.58999633789062,115.75,101988000
2020-10-23,116.38999938964844,116.55000305175781,114.27999877929688,115.04000091552734,82572600
2020-10-26,114.01000213623047,116.55000305175781,112.87999725341797,115.05000305175781,111850700
2020-10-27,115.48999786376953,117.27999877929688,114.54000091552734,116.5999984741211,92276800
2020-10-28,115.05000305175781,115.43000030517578,111.0999984741211,111.19999694824219,143937800
2020-10-29,112.37000274658203,116.93000030517578,112.19999694824219,115.31999969482422,146129200
2020-10-30,111.05999755859375,111.98999786376953,107.72000122070312,108.86000061035156,190272600
2020-11-02,109.11000061035156,110.68000030517578,107.31999969482422,108.7699966430664,122866900
2020-11-03,109.66000366210938,111.48999786376953,108.7300033569336,110.44000244140625,107624400
2020-11-04,114.13999938964844,115.58999633789062,112.3499984741211,114.94999694824219,138235500
2020-11-05,117.94999694824219,119.62000274658203,116.87000274658203,119.02999877929688,126387100
2020-11-06,118.31999969482422,119.19999694824219,116.12999725341797,118.69000244140625,114457900
2020-11-09,120.5,121.98999786376953,116.05000305175781,116.31999969482422,154515300
2020-11-10,115.55000305175781,117.58999633789062,114.12999725341797,115.97000122070312,138023400
2020-11-11,117.19000244140625,119.62999725341797,116.44000244140625,119.48999786376953,112295000
2020-11-12,119.62000274658203,120.52999877929688,118.56999969482422,119.20999908447266,103162300
2020-11-13,119.44000244140625,119.66999816894531,117.87000274658203,119.26000213623047,81581900
2020-11-16,118.91999816894531,120.98999786376953,118.1500015258789,120.30000305175781,91183000
2020-11-17,119.55000305175781,120.66999816894531,118.95999908447266,119.38999938964844,74271000
2020-11-18,118.61000061035156,119.81999969482422,118.0,118.02999877929688,76322100
2020-11-19,117.58999633789062,119.05999755859375,116.80999755859375,118.63999938964844,74113000
2020-11-20,118.63999938964844,118.7699966430664,117.29000091552734,117.33999633789062,73604300
2020-11-23,117.18000030517578,117.62000274658203,113.75,113.8499984741211,127959300
2020-11-24,113.91000366210938,115.8499984741211,112.58999633789062,115.16999816894531,113874200
2020-11-25,115.55000305175781,116.75,115.16999816894531,116.02999877929688,76499200
2020-11-27,116.56999969482422,117.48999786376953,116.22000122070312,116.58999633789062,46691300
2020-11-30,116.97000122070312,120.97000122070312,116.80999755859375,119.05000305175781,169410200
2020-12-01,121.01000213623047,123.47000122070312,120.01000213623047,122.72000122070312,127728200
2020-12-02,122.0199966430664,123.37000274658203,120.88999938964844,123.08000183105469,89004200
2020-12-03,123.5199966430664,123.77999877929688,122.20999908447266,122.94000244140625,78967600
2020-12-04,122.5999984741211,122.86000061035156,121.5199966430664,122.25,78260400
2020-12-07,122.30999755859375,124.56999969482422,122.25,123.75,86712000
2020-12-08,124.37000274658203,124.9800033569336,123.08999633789062,124.37999725341797,82225500
2020-12-09,124.52999877929688,125.94999694824219,121.0,121.77999877929688,115089200
2020-12-10,120.5,123.87000274658203,120.1500015258789,123.23999786376953,81312200
2020-12-11,122.43000030517578,122.76000213623047,120.55000305175781,122.41000366210938,86939800
2020-12-14,122.5999984741211,123.3499984741211,121.54000091552734,121.77999877929688,79184500
2020-12-15,124.33999633789062,127.9000015258789,124.12999725341797,127.87999725341797,157243700
2020-12-16,127.41000366210938,128.3699951171875,126.55999755859375,127.80999755859375,98208600
2020-12-17,128.89999389648438,129.5800018310547,128.0399932861328,128.6999969482422,94359800
2020-12-18,128.9600067138672,129.10000610351562,126.12000274658203,126.66000366210938,192541500
2020-12-21,125.0199966430664,128.30999755859375,123.44999694824219,128.22999572753906,121251600
2020-12-22,131.61000061035156,134.41000366210938,129.64999389648438,131.8800048828125,168904800
2020-12-23,132.16000366210938,132.42999267578125,130.77999877929688,130.9600067138672,88223700
2020-12-24,131.32000732421875,133.4600067138672,131.10000610351562,131.97000122070312,54930100
2020-12-28,133.99000549316406,137.33999633789062,133.50999450683594,136.69000244140625,124486200
2020-12-29,138.0500030517578,138.7899932861328,134.33999633789062,134.8699951171875,121047300
2020-12-30,135.5800018310547,135.99000549316406,133.39999389648438,133.72000122070312,96452100
2020-12-31,134.0800018310547,134.74000549316406,131.72000122070312,132.69000244140625,99116600
2021-01-04,133.52000427246094,133.61000061035156,126.76000213623047,129.41000366210938,143301900
2021-01-05,128.88999938964844,131.74000549316406,128.42999267578125,131.00999450683594,97664900
2021-01-06,127.72000122070312,131.0500030517578,126.37999725341797,126.5999984741211,155088000
2021-01-07,128.36000061035156,131.6300048828125,127.86000061035156,130.9199981689453,109578200
2021-01-08,132.42999267578125,132.6300048828125,130.22999572753906,132.0500030517578,105158200
2021-01-11,129.19000244140625,130.1699981689453,128.5,128.97999572753906,100384500
2021-01-12,128.5,129.69000244140625,126.86000061035156,128.8000030517578,91951100
2021-01-13,128.75999450683594,131.4499969482422,128.49000549316406,130.88999938964844,88636800
2021-01-14,130.8000030517578,131.0,128.75999450683594,128.91000366210938,90221800
2021-01-15,128.77999877929688,130.22000122070312,127.0,127.13999938964844,111598500
2021-01-19,127.77999877929688,128.7100067138672,126.94000244140625,127.83000183105469,90757300
2021-01-20,128.66000366210938,132.49000549316406,128.5500030517578,132.02999877929688,104319500
2021-01-21,133.8000030517578,139.6699981689453,133.58999633789062,136.8699951171875,120150900
2021-01-22,136.27999877929688,139.85000610351562,135.02000427246094,139.07000732421875,114459400
2021-01-25,143.07000732421875,145.08999633789062,136.5399932861328,142.9199981689453,157611700
2021-01-26,143.60000610351562,144.3000030517578,141.3699951171875,143.16000366210938,98390600
2021-01-27,143.42999267578125,144.3000030517578,140.41000366210938,142.05999755859375,140843800
2021-01-28,139.52000427246094,141.99000549316406,136.6999969482422,137.08999633789062,142621100
2021-01-29,135.8300018310547,136.74000549316406,130.2100067138672,131.9600067138672,177523800
2021-02-01,133.75,135.3800048828125,130.92999267578125,134.13999938964844,106239800
2021-02-02,135.72999572753906,136.30999755859375,134.61000061035156,134.99000549316406,83305400
2021-02-03,135.75999450683594,135.77000427246094,133.61000061035156,133.94000244140625,89880900
2021-02-04,136.3000030517578,137.39999389648438,134.58999633789062,137.38999938964844,84183100
2021-02-05,137.35000610351562,137.4199981689453,135.86000061035156,136.75999450683594,75693800
2021-02-08,136.02999877929688,136.9600067138672,134.9199981689453,136.91000366210938,71297200
2021-02-09,136.6199951171875,137.8800048828125,135.85000610351562,136.00999450683594,76774200
2021-02-10,136.47999572753906,136.99000549316406,134.39999389648438,135.38999938964844,73046600
2021-02-11,135.89999389648438,136.38999938964844,133.77000427246094,135.1300048828125,64280000
2021-02-12,134.35000610351562,135.52999877929688,133.69000244140625,135.3699951171875,60145100
2021-02-16,135.49000549316406,136.00999450683594,132.7899932861328,133.19000244140625,80576300
2021-02-17,131.25,132.22000122070312,129.47000122070312,130.83999633789062,97918500
2021-02-18,129.1999969482422,130.0,127.41000366210938,129.7100067138672,96856700
2021-02-19,130.24000549316406,130.7100067138672,128.8000030517578,129.8699951171875,87668800
2021-02-22,128.00999450683594,129.72000122070312,125.5999984741211,126.0,103916400
2021-02-23,123.76000213623047,126.70999908447266,118.38999938964844,125.86000061035156,158273000
2021-02-24,124.94000244140625,125.55999755859375,122.2300033569336,125.3499984741211,111039900
2021-02-25,124.68000030517578,126.45999908447266,120.54000091552734,120.98999786376953,148199500
2021-02-26,122.58999633789062,124.8499984741211,121.19999694824219,121.26000213623047,164560400
2021-03-01,123.75,127.93000030517578,122.79000091552734,127.79000091552734,116307900
2021-03-02,128.41000366210938,128.72000122070312,125.01000213623047,125.12000274658203,102260900
2021-03-03,124.80999755859375,125.70999908447266,121.83999633789062,122.05999755859375,112966300
2021-03-04,121.75,123.5999984741211,118.62000274658203,120.12999725341797,178155000
2021-03-05,120.9800033569336,121.94000244140625,117.56999969482422,121.41999816894531,153766600
2021-03-08,120.93000030517578,121.0,116.20999908447266,116.36000061035156,154376600
2021-03-09,119.02999877929688,122.05999755859375,118.79000091552734,121.08999633789062,129525800
2021-03-10,121.69000244140625,122.16999816894531,119.44999694824219,119.9800033569336,111943300
2021-03-11,122.54000091552734,123.20999908447266,121.26000213623047,121.95999908447266,103026500
2021-03-12,120.4000015258789,121.16999816894531,119.16000366210938,121.02999877929688,88105100
2021-03-15,121.41000366210938,124.0,120.41999816894531,123.98999786376953,92403800
2021-03-16,125.69999694824219,127.22000122070312,124.72000122070312,125.56999969482422,115227900
2021-03-17,124.05000305175781,125.86000061035156,122.33999633789062,124.76000213623047,111932600
2021-03-18,122.87999725341797,123.18000030517578,120.31999969482422,120.52999877929688,121229700
2021-03-19,119.9000015258789,121.43000030517578,119.68000030517578,119.98999786376953,185549500
2021-03-22,120.33000183105469,123.87000274658203,120.26000213623047,123.38999938964844,111912300
2021-03-23,123.33000183105469,124.23999786376953,122.13999938964844,122.54000091552734,95467100
2021-03-24,122.81999969482422,122.9000015258789,120.06999969482422,120.08999633789062,88530500
2021-03-25,119.54000091552734,121.66000366210938,119.0,120.58999633789062,98844700
2021-03-26,120.3499984741211,121.4800033569336,118.91999816894531,121.20999908447266,94071200
2021-03-29,121.6500015258789,122.58000183105469,120.7300033569336,121.38999938964844,80819200
2021-03-30,120.11000061035156,120.4000015258789,118.86000061035156,119.9000015258789,85671900
2021-03-31,121.6500015258789,123.5199966430664,121.1500015258789,122.1500015258789,118323800
2021-04-01,123.66000366210938,124.18000030517578,122.48999786376953,123.0,75089100
2021-04-05,123.87000274658203,126.16000366210938,123.06999969482422,125.9000015258789,88651200
2021-04-06,126.5,127.12999725341797,125.6500015258789,126.20999908447266,80171300
2021-04-07,125.83000183105469,127.91999816894531,125.13999938964844,127.9000015258789,83466700
2021-04-08,128.9499969482422,130.38999938964844,128.52000427246094,130.36000061035156,88844600
2021-04-09,129.8000030517578,133.0399932861328,129.47000122070312,133.0,106686700
2021-04-12,132.52000427246094,132.85000610351562,130.6300048828125,131.24000549316406,91420000
2021-04-13,132.44000244140625,134.66000366210938,131.92999267578125,134.42999267578125,91266500
2021-04-14,134.94000244140625,135.0,131.66000366210938,132.02999877929688,87222800
2021-04-15,133.82000732421875,135.0,133.63999938964844,134.5,89347100
2021-04-16,134.3000030517578,134.6699981689453,133.27999877929688,134.16000366210938,84922400
2021-04-19,133.50999450683594,135.47000122070312,133.33999633789062,134.83999633789062,94264200
2021-04-20,135.02000427246094,135.52999877929688,131.80999755859375,133.11000061035156,94812300
2021-04-21,132.36000061035156,133.75,131.3000030517578,133.5,68847100
2021-04-22,133.0399932861328,134.14999389648438,131.41000366210938,131.94000244140625,84566500
2021-04-23,132.16000366210938,135.1199951171875,132.16000366210938,134.32000732421875,78657500
2021-04-26,134.8300018310547,135.05999755859375,133.55999755859375,134.72000122070312,66905100
2021-04-27,135.00999450683594,135.41000366210938,134.11000061035156,134.38999938964844,66015800
2021-04-28,134.30999755859375,135.02000427246094,133.0800018310547,133.5800018310547,107760100
2021-04-29,136.47000122070312,137.07000732421875,132.4499969482422,133.47999572753906,151101000
2021-04-30,131.77999877929688,133.55999755859375,131.07000732421875,131.4600067138672,109839500
2021-05-03,132.0399932861328,134.07000732421875,131.8300018310547,132.5399932861328,75135100
2021-05-04,131.19000244140625,131.49000549316406,126.69999694824219,127.8499984741211,137564700
2021-05-05,129.1999969482422,130.4499969482422,127.97000122070312,128.10000610351562,84000900
2021-05-06,127.88999938964844,129.75,127.12999725341797,129.74000549316406,78128300
2021-05-07,130.85000610351562,131.25999450683594,129.47999572753906,130.2100067138672,78973300
2021-05-10,129.41000366210938,129.5399932861328,126.80999755859375,126.8499984741211,88071200
2021-05-11,123.5,126.2699966430664,122.7699966430664,125.91000366210938,126142800
2021-05-12,123.4000015258789,124.63999938964844,122.25,122.7699966430664,112172300
2021-05-13,124.58000183105469,126.1500015258789,124.26000213623047,124.97000122070312,105861300
2021-05-14,126.25,127.88999938964844,125.8499984741211,127.44999694824219,81918000
2021-05-17,126.81999969482422,126.93000030517578,125.16999816894531,126.2699966430664,74244600
2021-05-18,126.55999755859375,126.98999786376953,124.77999877929688,124.8499984741211,63342900
2021-05-19,123.16000366210938,124.91999816894531,122.86000061035156,124.69000244140625,92612000
2021-05-20,125.2300033569336,127.72000122070312,125.0999984741211,127.30999755859375,76857100
2021-05-21,127.81999969482422,128.0,125.20999908447266,125.43000030517578,79295400
2021-05-24,126.01000213623047,127.94000244140625,125.94000244140625,127.0999984741211,63092900
2021-05-25,127.81999969482422,128.32000732421875,126.31999969482422,126.9000015258789,72009500
2021-05-26,126.95999908447266,127.38999938964844,126.41999816894531,126.8499984741211,56575900
2021-05-27,126.44000244140625,127.63999938964844,125.08000183105469,125.27999877929688,94625600
2021-05-28,125.56999969482422,125.80000305175781,124.55000305175781,124.61000061035156,71311100
2021-06-01,125.08000183105469,125.3499984741211,123.94000244140625,124.27999877929688,67637100
2021-06-02,124.27999877929688,125.23999786376953,124.05000305175781,125.05999755859375,59278900
2021-06-03,124.68000030517578,124.8499984741211,123.12999725341797,123.54000091552734,76229200
2021-06-04,124.06999969482422,126.16000366210938,123.8499984741211,125.88999938964844,75169300
2021-06-07,126.16999816894531,126.31999969482422,124.83000183105469,125.9000015258789,71057600
2021-06-08,126.5999984741211,128.4600067138672,126.20999908447266,126.73999786376953,74403800
2021-06-09,127.20999908447266,127.75,126.5199966430664,127.12999725341797,56877900
2021-06-10,127.0199966430664,128.19000244140625,125.94000244140625,126.11000061035156,71186400
2021-06-11,126.52999877929688,127.44000244140625,126.0999984741211,127.3499984741211,53522400
2021-06-14,127.81999969482422,130.5399932861328,127.06999969482422,130.47999572753906,96906500
2021-06-15,129.94000244140625,130.60000610351562,129.38999938964844,129.63999938964844,62746300
2021-06-16,130.3699951171875,130.88999938964844,128.4600067138672,130.14999389648438,91815000
2021-06-17,129.8000030517578,132.5500030517578,129.64999389648438,131.7899932861328,96721700
2021-06-18,130.7100067138672,131.50999450683594,130.24000549316406,130.4600067138672,108953300
2021-06-21,130.3000030517578,132.41000366210938,129.2100067138672,132.3000030517578,79663300
2021-06-22,132.1300048828125,134.0800018310547,131.6199951171875,133.97999572753906,74783600
2021-06-23,133.77000427246094,134.32000732421875,133.22999572753906,133.6999969482422,60214200
2021-06-24,134.4499969482422,134.63999938964844,132.92999267578125,133.41000366210938,68711000
2021-06-25,133.4600067138672,133.88999938964844,132.80999755859375,133.11000061035156,70783700
2021-06-28,133.41000366210938,135.25,133.35000610351562,134.77999877929688,62111300
2021-06-29,134.8000030517578,136.49000549316406,134.35000610351562,136.3300018310547,64556100
2021-06-30,136.1699981689453,137.41000366210938,135.8699951171875,136.9600067138672,63261400
2021-07-01,136.60000610351562,137.3300018310547,135.75999450683594,137.27000427246094,52485800
2021-07-02,137.89999389648438,140.0,137.75,139.9600067138672,78852600
2021-07-06,140.07000732421875,143.14999389648438,140.07000732421875,142.02000427246094,108181800
2021-07-07,143.5399932861328,144.88999938964844,142.66000366210938,144.57000732421875,104911600
2021-07-08,141.5800018310547,144.05999755859375,140.6699981689453,143.24000549316406,105575500
2021-07-09,142.75,145.64999389648438,142.64999389648438,145.11000061035156,99890800
2021-07-12,146.2100067138672,146.32000732421875,144.0,144.5,76299700
2021-07-13,144.02999877929688,147.4600067138672,143.6300048828125,145.63999938964844,100827100
2021-07-14,148.10000610351562,149.57000732421875,147.67999267578125,149.14999389648438,127050800
2021-07-15,149.24000549316406,150.0,147.08999633789062,148.47999572753906,106820300
2021-07-16,148.4600067138672,149.75999450683594,145.8800048828125,146.38999938964844,93251400
2021-07-19,143.75,144.07000732421875,141.6699981689453,142.4499969482422,121434600
2021-07-20,143.4600067138672,147.10000610351562,142.9600067138672,146.14999389648438,96350000
2021-07-21,145.52999877929688,146.1300048828125,144.6300048828125,145.39999389648438,74993500
2021-07-22,145.94000244140625,148.1999969482422,145.80999755859375,146.8000030517578,77338200
2021-07-23,147.5500030517578,148.72000122070312,146.9199981689453,148.55999755859375,71447400
2021-07-26,148.27000427246094,149.8300018310547,147.6999969482422,148.99000549316406,72434100
2021-07-27,149.1199951171875,149.2100067138672,145.5500030517578,146.77000427246094,104818600
2021-07-28,144.80999755859375,146.97000122070312,142.5399932861328,144.97999572753906,118931200
2021-07-29,144.69000244140625,146.5500030517578,144.5800018310547,145.63999938964844,56699500
2021-07-30,144.3800048828125,146.3300018310547,144.11000061035156,145.86000061035156,70440600
2021-08-02,146.36000061035156,146.9499969482422,145.25,145.52000427246094,62880000
2021-08-03,145.80999755859375,148.0399932861328,145.17999267578125,147.36000061035156,64786600
2021-08-04,147.27000427246094,147.7899932861328,146.27999877929688,146.9499969482422,56368300
2021-08-05,146.97999572753906,147.83999633789062,146.1699981689453,147.05999755859375,46397700
2021-08-06,146.35000610351562,147.11000061035156,145.6300048828125,146.13999938964844,54126800
2021-08-09,146.1999969482422,146.6999969482422,145.52000427246094,146.08999633789062,48908700
2021-08-10,146.44000244140625,147.7100067138672,145.3000030517578,145.60000610351562,69023100
2021-08-11,146.0500030517578,146.72000122070312,145.52999877929688,145.86000061035156,48493500
2021-08-12,146.19000244140625,149.0500030517578,145.83999633789062,148.88999938964844,72282600
2021-08-13,148.97000122070312,149.44000244140625,148.27000427246094,149.10000610351562,59375000
2021-08-16,148.5399932861328,151.19000244140625,146.47000122070312,151.1199951171875,103296000
2021-08-17,150.22999572753906,151.67999267578125,149.08999633789062,150.19000244140625,92229700
2021-08-18,149.8000030517578,150.72000122070312,146.14999389648438,146.36000061035156,86326000
2021-08-19,145.02999877929688,148.0,144.5,146.6999969482422,86960300
2021-08-20,147.44000244140625,148.5,146.77999877929688,148.19000244140625,60549600
2021-08-23,148.30999755859375,150.19000244140625,147.88999938964844,149.7100067138672,60131800
2021-08-24,149.4499969482422,150.86000061035156,149.14999389648438,149.6199951171875,48606400
2021-08-25,149.80999755859375,150.32000732421875,147.8000030517578,148.36000061035156,58991300
2021-08-26,148.35000610351562,149.1199951171875,147.50999450683594,147.5399932861328,48597200
2021-08-27,147.47999572753906,148.75,146.8300018310547,148.60000610351562,55802400
2021-08-30,149.0,153.49000549316406,148.61000061035156,153.1199951171875,90956700
2021-08-31,152.66000366210938,152.8000030517578,151.2899932861328,151.8300018310547,86453100
2021-09-01,152.8300018310547,154.97999572753906,152.33999633789062,152.50999450683594,80313700
2021-09-02,153.8699951171875,154.72000122070312,152.39999389648438,153.64999389648438,71115500
2021-09-03,153.75999450683594,154.6300048828125,153.08999633789062,154.3000030517578,57808700
2021-09-07,154.97000122070312,157.25999450683594,154.38999938964844,156.69000244140625,82278300
2021-09-08,156.97999572753906,157.0399932861328,153.97999572753906,155.11000061035156,74420200
2021-09-09,155.49000549316406,156.11000061035156,153.9499969482422,154.07000732421875,57305700
2021-09-10,155.0,155.47999572753906,148.6999969482422,148.97000122070312,140893200
2021-09-13,150.6300048828125,151.4199981689453,148.75,149.5500030517578,102404300
2021-09-14,150.35000610351562,151.07000732421875,146.91000366210938,148.1199951171875,109296300
2021-09-15,148.55999755859375,149.44000244140625,146.3699951171875,149.02999877929688,83281300
2021-09-16,148.44000244140625,148.97000122070312,147.22000122070312,148.7899932861328,68034100
2021-09-17,148.82000732421875,148.82000732421875,145.75999450683594,146.05999755859375,129868800
2021-09-20,143.8000030517578,144.83999633789062,141.27000427246094,142.94000244140625,123478900
2021-09-21,143.92999267578125,144.60000610351562,142.77999877929688,143.42999267578125,75834000
2021-09-22,144.4499969482422,146.42999267578125,143.6999969482422,145.85000610351562,76404300
2021-09-23,146.64999389648438,147.0800018310547,145.63999938964844,146.8300018310547,64838200
2021-09-24,145.66000366210938,147.47000122070312,145.55999755859375,146.9199981689453,53477900
2021-09-27,145.47000122070312,145.9600067138672,143.82000732421875,145.3699951171875,74150700
2021-09-28,143.25,144.75,141.69000244140625,141.91000366210938,108972300
2021-09-29,142.47000122070312,144.4499969482422,142.02999877929688,142.8300018310547,74602000
2021-09-30,143.66000366210938,144.3800048828125,141.27999877929688,141.5,89056700
2021-10-01,141.89999389648438,142.9199981689453,139.11000061035156,142.64999389648438,94639600
2021-10-04,141.75999450683594,142.2100067138672,138.27000427246094,139.13999938964844,98322000
2021-10-05,139.49000549316406,142.24000549316406,139.36000061035156,141.11000061035156,80861100
2021-10-06,139.47000122070312,142.14999389648438,138.3699951171875,142.0,83221100
2021-10-07,143.05999755859375,144.22000122070312,142.72000122070312,143.2899932861328,61732700
2021-10-08,144.02999877929688,144.17999267578125,142.55999755859375,142.89999389648438,58773200
2021-10-11,142.27000427246094,144.80999755859375,141.80999755859375,142.80999755859375,64452200
2021-10-12,143.22999572753906,143.25,141.0399932861328,141.50999450683594,73035900
2021-10-13,141.24000549316406,141.39999389648438,139.1999969482422,140.91000366210938,78762700
2021-10-14,142.11000061035156,143.8800048828125,141.50999450683594,143.75999450683594,69907100
2021-10-15,143.77000427246094,144.89999389648438,143.50999450683594,144.83999633789062,67940300
2021-10-18,143.4499969482422,146.83999633789062,143.16000366210938,146.5500030517578,85589200
2021-10-19,147.00999450683594,149.1699981689453,146.5500030517578,148.75999450683594,76378900
2021-10-20,148.6999969482422,149.75,148.1199951171875,149.25999450683594,58418800
2021-10-21,148.80999755859375,149.63999938964844,147.8699951171875,149.47999572753906,61421000
2021-10-22,149.69000244140625,150.17999267578125,148.63999938964844,148.69000244140625,58883400
2021-10-25,148.67999267578125,149.3699951171875,147.6199951171875,148.63999938964844,50720600
2021-10-26,149.3300018310547,150.83999633789062,149.00999450683594,149.32000732421875,60893400
2021-10-27,149.36000061035156,149.72999572753906,148.49000549316406,148.85000610351562,56094900
2021-10-28,149.82000732421875,153.1699981689453,149.72000122070312,152.57000732421875,100077900
2021-10-29,147.22000122070312,149.94000244140625,146.41000366210938,149.8000030517578,124953200
2021-11-01,148.99000549316406,149.6999969482422,147.8000030517578,148.9600067138672,74588300
2021-11-02,148.66000366210938,151.57000732421875,148.64999389648438,150.02000427246094,69122000
2021-11-03,150.38999938964844,151.97000122070312,149.82000732421875,151.49000549316406,54511500
2021-11-04,151.5800018310547,152.42999267578125,150.63999938964844,150.9600067138672,60394600
2021-11-05,151.88999938964844,152.1999969482422,150.05999755859375,151.27999877929688,65463900
2021-11-08,151.41000366210938,151.57000732421875,150.16000366210938,150.44000244140625,55020900
2021-11-09,150.1999969482422,151.42999267578125,150.05999755859375,150.80999755859375,56787900
2021-11-10,150.02000427246094,150.1300048828125,147.85000610351562,147.9199981689453,65187100
2021-11-11,148.9600067138672,149.42999267578125,147.67999267578125,147.8699951171875,41000000
2021-11-12,148.42999267578125,150.39999389648438,147.47999572753906,149.99000549316406,63804000
2021-11-15,150.3699951171875,151.8800048828125,149.42999267578125,150.0,59222800
2021-11-16,149.94000244140625,151.49000549316406,149.33999633789062,151.0,59256200
2021-11-17,151.0,155.0,150.99000549316406,153.49000549316406,88807000
2021-11-18,153.7100067138672,158.6699981689453,153.0500030517578,157.8699951171875,137827700
2021-11-19,157.64999389648438,161.02000427246094,156.52999877929688,160.5500030517578,117305600
2021-11-22,161.67999267578125,165.6999969482422,161.0,161.02000427246094,117467900
2021-11-23,161.1199951171875,161.8000030517578,159.05999755859375,161.41000366210938,96041900
2021-11-24,160.75,162.13999938964844,159.63999938964844,161.94000244140625,69463600
2021-11-26,159.57000732421875,160.4499969482422,156.36000061035156,156.80999755859375,76959800
2021-11-29,159.3699951171875,161.19000244140625,158.7899932861328,160.24000549316406,88748200
2021-11-30,159.99000549316406,165.52000427246094,159.9199981689453,165.3000030517578,174048100
2021-12-01,167.47999572753906,170.3000030517578,164.52999877929688,164.77000427246094,152052500
2021-12-02,158.74000549316406,164.1999969482422,157.8000030517578,163.75999450683594,136739200
2021-12-03,164.02000427246094,164.9600067138672,159.72000122070312,161.83999633789062,118023100
2021-12-06,164.2899932861328,167.8800048828125,164.27999877929688,165.32000732421875,107497000
2021-12-07,169.0800018310547,171.5800018310547,168.33999633789062,171.17999267578125,120405400
2021-12-08,172.1300048828125,175.9600067138672,170.6999969482422,175.0800018310547,116998900
2021-12-09,174.91000366210938,176.75,173.9199981689453,174.55999755859375,108923700
2021-12-10,175.2100067138672,179.6300048828125,174.69000244140625,179.4499969482422,115402700
2021-12-13,181.1199951171875,182.1300048828125,175.52999877929688,175.74000549316406,153237000
2021-12-14,175.25,177.74000549316406,172.2100067138672,174.3300018310547,139380400
2021-12-15,175.11000061035156,179.5,172.30999755859375,179.3000030517578,131063300
2021-12-16,179.27999877929688,181.13999938964844,170.75,172.25999450683594,150185800
2021-12-17,169.92999267578125,173.47000122070312,169.69000244140625,171.13999938964844,195432700
2021-12-20,168.27999877929688,170.5800018310547,167.4600067138672,169.75,107499100
2021-12-21,171.55999755859375,173.1999969482422,169.1199951171875,172.99000549316406,91185900
2021-12-22,173.0399932861328,175.86000061035156,172.14999389648438,175.63999938964844,92135300
2021-12-23,175.85000610351562,176.85000610351562,175.27000427246094,176.27999877929688,68356600
2021-12-27,177.08999633789062,180.4199981689453,177.07000732421875,180.3300018310547,74919600
2021-12-28,180.16000366210938,181.3300018310547,178.52999877929688,179.2899932861328,79144300
2021-12-29,179.3300018310547,180.6300048828125,178.13999938964844,179.3800048828125,62348900
2021-12-30,179.47000122070312,180.57000732421875,178.08999633789062,178.1999969482422,59773000
2021-12-31,178.08999633789062,179.22999572753906,177.25999450683594,177.57000732421875,64062300
2022-01-03,177.8300018310547,182.8800048828125,177.7100067138672,182.00999450683594,104487900
2022-01-04,182.6300048828125,182.94000244140625,179.1199951171875,179.6999969482422,99310400
2022-01-05,179.61000061035156,180.1699981689453,174.63999938964844,174.9199981689453,94537600
2022-01-06,172.6999969482422,175.3000030517578,171.63999938964844,172.0,96904000
2022-01-07,172.88999938964844,174.13999938964844,171.02999877929688,172.1699981689453,86709100
2022-01-10,169.0800018310547,172.5,168.1699981689453,172.19000244140625,106765600
2022-01-11,172.32000732421875,175.17999267578125,170.82000732421875,175.0800018310547,76138300
2022-01-12,176.1199951171875,177.17999267578125,174.82000732421875,175.52999877929688,74805200
2022-01-13,175.77999877929688,176.6199951171875,171.7899932861328,172.19000244140625,84505800
2022-01-14,171.33999633789062,173.77999877929688,171.08999633789062,173.07000732421875,80440800
2022-01-18,171.50999450683594,172.5399932861328,169.41000366210938,169.8000030517578,90956700
2022-01-19,170.0,171.0800018310547,165.94000244140625,166.22999572753906,94815000
2022-01-20,166.97999572753906,169.67999267578125,164.17999267578125,164.50999450683594,91420500
2022-01-21,164.4199981689453,166.3300018310547,162.3000030517578,162.41000366210938,122848900
2022-01-24,160.02000427246094,162.3000030517578,154.6999969482422,161.6199951171875,162294600
2022-01-25,158.97999572753906,162.75999450683594,157.02000427246094,159.77999877929688,115798400
2022-01-26,163.5,164.38999938964844,157.82000732421875,159.69000244140625,108275300
2022-01-27,162.4499969482422,163.83999633789062,158.27999877929688,159.22000122070312,121954600
2022-01-28,165.7100067138672,170.35000610351562,162.8000030517578,170.3300018310547,179935700
2022-01-31,170.16000366210938,175.0,169.50999450683594,174.77999877929688,115541600
2022-02-01,174.00999450683594,174.83999633789062,172.30999755859375,174.61000061035156,86213900
2022-02-02,174.75,175.8800048828125,173.3300018310547,175.83999633789062,84914300
2022-02-03,174.47999572753906,176.24000549316406,172.1199951171875,172.89999389648438,89418100
2022-02-04,171.67999267578125,174.10000610351562,170.67999267578125,172.38999938964844,82465400
2022-02-07,172.86000061035156,173.9499969482422,170.9499969482422,171.66000366210938,77251200
2022-02-08,171.72999572753906,175.35000610351562,171.42999267578125,174.8300018310547,74829200
2022-02-09,176.0500030517578,176.64999389648438,174.89999389648438,176.27999877929688,71285000
2022-02-10,174.13999938964844,175.47999572753906,171.5500030517578,172.1199951171875,90865900
2022-02-11,172.3300018310547,173.0800018310547,168.0399932861328,168.63999938964844,98670700
2022-02-14,167.3699951171875,169.5800018310547,166.55999755859375,168.8800048828125,86185500
2022-02-15,170.97000122070312,172.9499969482422,170.25,172.7899932861328,62527400
2022-02-16,171.85000610351562,173.33999633789062,170.0500030517578,172.5500030517578,61177400
2022-02-17,171.02999877929688,171.91000366210938,168.47000122070312,168.8800048828125,69589300
2022-02-18,169.82000732421875,170.5399932861328,166.19000244140625,167.3000030517578,82772700
2022-02-22,164.97999572753906,166.69000244140625,162.14999389648438,164.32000732421875,91162800
2022-02-23,165.5399932861328,166.14999389648438,159.75,160.07000732421875,90009200
2022-02-24,152.5800018310547,162.85000610351562,152.0,162.74000549316406,141147500
2022-02-25,163.83999633789062,165.1199951171875,160.8699951171875,164.85000610351562,91974200
2022-02-28,163.05999755859375,165.4199981689453,162.42999267578125,165.1199951171875,95056600
2022-03-01,164.6999969482422,166.60000610351562,161.97000122070312,163.1999969482422,83474400
2022-03-02,164.38999938964844,167.36000061035156,162.9499969482422,166.55999755859375,79724800
2022-03-03,168.47000122070312,168.91000366210938,165.5500030517578,166.22999572753906,76678400
2022-03-04,164.49000549316406,165.5500030517578,162.10000610351562,163.1699981689453,83737200
2022-03-07,163.36000061035156,165.02000427246094,159.0399932861328,159.3000030517578,96418800
2022-03-08,158.82000732421875,162.8800048828125,155.8000030517578,157.44000244140625,131148300
2022-03-09,161.47999572753906,163.41000366210938,159.41000366210938,162.9499969482422,91454900
2022-03-10,160.1999969482422,160.38999938964844,155.97999572753906,158.52000427246094,105342000
2022-03-11,158.92999267578125,159.27999877929688,154.5,154.72999572753906,96970100
2022-03-14,151.4499969482422,154.1199951171875,150.10000610351562,150.6199951171875,108732100
2022-03-15,150.89999389648438,155.57000732421875,150.3800048828125,155.08999633789062,92964300
2022-03-16,157.0500030517578,160.0,154.4600067138672,159.58999633789062,102300200
2022-03-17,158.61000061035156,161.0,157.6300048828125,160.6199951171875,75615400
2022-03-18,160.50999450683594,164.47999572753906,159.75999450683594,163.97999572753906,123511700
2022-03-21,163.50999450683594,166.35000610351562,163.00999450683594,165.3800048828125,95811400
2022-03-22,165.50999450683594,169.4199981689453,164.91000366210938,168.82000732421875,81532000
2022-03-23,167.99000549316406,172.63999938964844,167.64999389648438,170.2100067138672,98062700
2022-03-24,171.05999755859375,174.13999938964844,170.2100067138672,174.07000732421875,90131400
2022-03-25,173.8800048828125,175.27999877929688,172.75,174.72000122070312,80546200
2022-03-28,172.1699981689453,175.72999572753906,172.0,175.60000610351562,90371900
2022-03-29,176.69000244140625,179.00999450683594,176.33999633789062,178.9600067138672,100589400
2022-03-30,178.5500030517578,179.61000061035156,176.6999969482422,177.77000427246094,92633200
2022-03-31,177.83999633789062,178.02999877929688,174.39999389648438,174.61000061035156,103049300
2022-04-01,174.02999877929688,174.8800048828125,171.94000244140625,174.30999755859375,78751300
2022-04-04,174.57000732421875,178.49000549316406,174.44000244140625,178.44000244140625,76468400
2022-04-05,177.5,178.3000030517578,174.4199981689453,175.05999755859375,73401800
2022-04-06,172.36000061035156,173.6300048828125,170.1300048828125,171.8300018310547,89058800
2022-04-07,171.16000366210938,173.36000061035156,169.85000610351562,172.13999938964844,77594700
2022-04-08,171.77999877929688,171.77999877929688,169.1999969482422,170.08999633789062,76575500
2022-04-11,168.7100067138672,169.02999877929688,165.5,165.75,72246700
2022-04-12,168.02000427246094,169.8699951171875,166.63999938964844,167.66000366210938,79265200
2022-04-13,167.38999938964844,171.0399932861328,166.77000427246094,170.39999389648438,70618900
2022-04-14,170.6199951171875,171.27000427246094,165.0399932861328,165.2899932861328,75329400
2022-04-18,163.9199981689453,166.60000610351562,163.57000732421875,165.07000732421875,69023900
2022-04-19,165.02000427246094,167.82000732421875,163.91000366210938,167.39999389648438,67723800
2022-04-20,168.75999450683594,168.8800048828125,166.10000610351562,167.22999572753906,67929800
2022-04-21,168.91000366210938,171.52999877929688,165.91000366210938,166.4199981689453,87227800
2022-04-22,166.4600067138672,167.8699951171875,161.5,161.7899932861328,84882400
2022-04-25,161.1199951171875,163.1699981689453,158.4600067138672,162.8800048828125,96046400
2022-04-26,162.25,162.33999633789062,156.72000122070312,156.8000030517578,95623200
2022-04-27,155.91000366210938,159.7899932861328,155.3800048828125,156.57000732421875,88063200
2022-04-28,159.25,164.52000427246094,158.92999267578125,163.63999938964844,130216800
2022-04-29,161.83999633789062,166.1999969482422,157.25,157.64999389648438,131747600
2022-05-02,156.7100067138672,158.22999572753906,153.27000427246094,157.9600067138672,123055300
2022-05-03,158.14999389648438,160.7100067138672,156.32000732421875,159.47999572753906,88966500
2022-05-04,159.6699981689453,166.47999572753906,159.25999450683594,166.02000427246094,108256500
2022-05-05,163.85000610351562,164.0800018310547,154.9499969482422,156.77000427246094,130525300
2022-05-06,156.00999450683594,159.44000244140625,154.17999267578125,157.27999877929688,116124600
2022-05-09,154.92999267578125,155.8300018310547,151.49000549316406,152.05999755859375,131577900
2022-05-10,155.52000427246094,156.74000549316406,152.92999267578125,154.50999450683594,115366700
2022-05-11,153.5,155.4499969482422,145.80999755859375,146.5,142689800
2022-05-12,142.77000427246094,146.1999969482422,138.8000030517578,142.55999755859375,182602000
2022-05-13,144.58999633789062,148.10000610351562,143.11000061035156,147.11000061035156,113990900
2022-05-16,145.5500030517578,147.52000427246094,144.17999267578125,145.5399932861328,86643800
2022-05-17,148.86000061035156,149.77000427246094,146.67999267578125,149.24000549316406,78336300
2022-05-18,146.85000610351562,147.36000061035156,139.89999389648438,140.82000732421875,109742900
2022-05-19,139.8800048828125,141.66000366210938,136.60000610351562,137.35000610351562,136095600
2022-05-20,139.08999633789062,140.6999969482422,132.61000061035156,137.58999633789062,137426100
2022-05-23,137.7899932861328,143.25999450683594,137.64999389648438,143.11000061035156,117726300
2022-05-24,140.80999755859375,141.97000122070312,137.3300018310547,140.36000061035156,104132700
2022-05-25,138.42999267578125,141.7899932861328,138.33999633789062,140.52000427246094,92482700
2022-05-26,137.38999938964844,144.33999633789062,137.13999938964844,143.77999877929688,90601500
2022-05-27,145.38999938964844,149.67999267578125,145.25999450683594,149.63999938964844,90978500
2022-05-31,149.07000732421875,150.66000366210938,146.83999633789062,148.83999633789062,103718400
2022-06-01,149.89999389648438,151.74000549316406,147.67999267578125,148.7100067138672,74286600
2022-06-02,147.8300018310547,151.27000427246094,146.86000061035156,151.2100067138672,72348100
2022-06-03,146.89999389648438,147.97000122070312,144.4600067138672,145.3800048828125,88570300
2022-06-06,147.02999877929688,148.57000732421875,144.89999389648438,146.13999938964844,71598400
2022-06-07,144.35000610351562,149.0,144.10000610351562,148.7100067138672,67808200
2022-06-08,148.5800018310547,149.8699951171875,147.4600067138672,147.9600067138672,53950200
2022-06-09,147.0800018310547,147.9499969482422,142.52999877929688,142.63999938964844,69473000
2022-06-10,140.27999877929688,140.75999450683594,137.05999755859375,137.1300048828125,91437900
2022-06-13,132.8699951171875,135.1999969482422,131.44000244140625,131.8800048828125,122207100
2022-06-14,133.1300048828125,133.88999938964844,131.47999572753906,132.75999450683594,84784300
2022-06-15,134.2899932861328,137.33999633789062,132.16000366210938,135.42999267578125,91533000
2022-06-16,132.0800018310547,132.38999938964844,129.0399932861328,130.05999755859375,108123900
2022-06-17,130.07000732421875,133.0800018310547,129.80999755859375,131.55999755859375,134520300
2022-06-21,133.4199981689453,137.05999755859375,133.32000732421875,135.8699951171875,81000500
2022-06-22,134.7899932861328,137.75999450683594,133.91000366210938,135.35000610351562,73409200
2022-06-23,136.82000732421875,138.58999633789062,135.6300048828125,138.27000427246094,72433800
2022-06-24,139.89999389648438,141.91000366210938,139.77000427246094,141.66000366210938,89116800
2022-06-27,142.6999969482422,143.49000549316406,140.97000122070312,141.66000366210938,70207900
2022-06-28,142.1300048828125,143.4199981689453,137.32000732421875,137.44000244140625,67083400
2022-06-29,137.4600067138672,140.6699981689453,136.6699981689453,139.22999572753906,66242400
2022-06-30,137.25,138.3699951171875,133.77000427246094,136.72000122070312,98964500
2022-07-01,136.0399932861328,139.0399932861328,135.66000366210938,138.92999267578125,71051600
2022-07-05,137.77000427246094,141.61000061035156,136.92999267578125,141.55999755859375,73353800
2022-07-06,141.35000610351562,144.1199951171875,141.0800018310547,142.9199981689453,74064300
2022-07-07,143.2899932861328,146.5500030517578,143.27999877929688,146.35000610351562,66253700
2022-07-08,145.25999450683594,147.5500030517578,145.0,147.0399932861328,64547800
2022-07-11,145.6699981689453,146.63999938964844,143.77999877929688,144.8699951171875,63141600
2022-07-12,145.75999450683594,148.4499969482422,145.0500030517578,145.86000061035156,77588800
2022-07-13,142.99000549316406,146.4499969482422,142.1199951171875,145.49000549316406,71185600
2022-07-14,144.0800018310547,148.9499969482422,143.25,148.47000122070312,78140700
2022-07-15,149.77999877929688,150.86000061035156,148.1999969482422,150.1699981689453,76259900
2022-07-18,150.74000549316406,151.57000732421875,146.6999969482422,147.07000732421875,81420900
2022-07-19,147.9199981689453,151.22999572753906,146.91000366210938,151.0,82982400
2022-07-20,151.1199951171875,153.72000122070312,150.3699951171875,153.0399932861328,64823400
2022-07-21,154.5,155.57000732421875,151.94000244140625,155.35000610351562,65086600
2022-07-22,155.38999938964844,156.27999877929688,153.41000366210938,154.08999633789062,66675400
2022-07-25,154.00999450683594,155.0399932861328,152.27999877929688,152.9499969482422,53623900
2022-07-26,152.25999450683594,153.08999633789062,150.8000030517578,151.60000610351562,55138700
2022-07-27,152.5800018310547,157.3300018310547,152.16000366210938,156.7899932861328,78620700
2022-07-28,156.97999572753906,157.63999938964844,154.41000366210938,157.35000610351562,81378700
2022-07-29,161.24000549316406,163.6300048828125,159.5,162.50999450683594,101786900
2022-08-01,161.00999450683594,163.58999633789062,160.88999938964844,161.50999450683594,67829400
2022-08-02,160.10000610351562,162.41000366210938,159.6300048828125,160.00999450683594,59907000
2022-08-03,160.83999633789062,166.58999633789062,160.75,166.1300048828125,82507500
2022-08-04,166.00999450683594,167.19000244140625,164.42999267578125,165.80999755859375,55474100
2022-08-05,163.2100067138672,165.85000610351562,163.0,165.35000610351562,56697000
2022-08-08,166.3699951171875,167.80999755859375,164.1999969482422,164.8699951171875,60276900
2022-08-09,164.02000427246094,165.82000732421875,163.25,164.9199981689453,63135500
2022-08-10,167.67999267578125,169.33999633789062,166.89999389648438,169.24000549316406,70170500
2022-08-11,170.05999755859375,170.99000549316406,168.19000244140625,168.49000549316406,57149200
2022-08-12,169.82000732421875,172.1699981689453,169.39999389648438,172.10000610351562,68039400
2022-08-15,171.52000427246094,173.38999938964844,171.35000610351562,173.19000244140625,54091700
2022-08-16,172.77999877929688,173.7100067138672,171.66000366210938,173.02999877929688,56377100
2022-08-17,172.77000427246094,176.14999389648438,172.57000732421875,174.5500030517578,79542000
2022-08-18,173.75,174.89999389648438,173.1199951171875,174.14999389648438,62290100
2022-08-19,173.02999877929688,173.74000549316406,171.30999755859375,171.52000427246094,70346300
2022-08-22,169.69000244140625,169.86000061035156,167.13999938964844,167.57000732421875,69026800
2022-08-23,167.0800018310547,168.7100067138672,166.64999389648438,167.22999572753906,54147100
2022-08-24,167.32000732421875,168.11000061035156,166.25,167.52999877929688,53841500
2022-08-25,168.77999877929688,170.13999938964844,168.35000610351562,170.02999877929688,51218200
2022-08-26,170.57000732421875,171.0500030517578,163.55999755859375,163.6199951171875,78961000
2022-08-29,161.14999389648438,162.89999389648438,159.82000732421875,161.3800048828125,73314000
2022-08-30,162.1300048828125,162.55999755859375,157.72000122070312,158.91000366210938,77906200
2022-08-31,160.30999755859375,160.5800018310547,157.13999938964844,157.22000122070312,87991100
2022-09-01,156.63999938964844,158.4199981689453,154.6699981689453,157.9600067138672,74229900
2022-09-02,159.75,160.36000061035156,154.97000122070312,155.80999755859375,76957800
2022-09-06,156.47000122070312,157.08999633789062,153.69000244140625,154.52999877929688,73714800
2022-09-07,154.82000732421875,156.6699981689453,153.61000061035156,155.9600067138672,87449600
2022-09-08,154.63999938964844,156.36000061035156,152.67999267578125,154.4600067138672,84923800
2022-09-09,155.47000122070312,157.82000732421875,154.75,157.3699951171875,68028800
2022-09-12,159.58999633789062,164.25999450683594,159.3000030517578,163.42999267578125,104956000
2022-09-13,159.89999389648438,160.5399932861328,153.3699951171875,153.83999633789062,122656600
2022-09-14,154.7899932861328,157.10000610351562,153.61000061035156,155.30999755859375,87965400
2022-09-15,154.64999389648438,155.24000549316406,151.3800048828125,152.3699951171875,90481100
2022-09-16,151.2100067138672,151.35000610351562,148.3699951171875,150.6999969482422,162278800
2022-09-19,149.30999755859375,154.55999755859375,149.10000610351562,154.47999572753906,81474200
2022-09-20,153.39999389648438,158.0800018310547,153.0800018310547,156.89999389648438,107689800
2022-09-21,157.33999633789062,158.74000549316406,153.60000610351562,153.72000122070312,101696800
2022-09-22,152.3800048828125,154.47000122070312,150.91000366210938,152.74000549316406,86652500
2022-09-23,151.19000244140625,151.47000122070312,148.55999755859375,150.42999267578125,96029900
2022-09-26,149.66000366210938,153.77000427246094,149.63999938964844,150.77000427246094,93339400
2022-09-27,152.74000549316406,154.72000122070312,149.9499969482422,151.75999450683594,84442700
2022-09-28,147.63999938964844,150.63999938964844,144.83999633789062,149.83999633789062,146691400
2022-09-29,146.10000610351562,146.72000122070312,140.67999267578125,142.47999572753906,128138200
2022-09-30,141.27999877929688,143.10000610351562,138.0,138.1999969482422,124925300
2022-10-03,138.2100067138672,143.07000732421875,137.69000244140625,142.4499969482422,114311700
2022-10-04,145.02999877929688,146.22000122070312,144.25999450683594,146.10000610351562,87830100
2022-10-05,144.07000732421875,147.3800048828125,143.00999450683594,146.39999389648438,79471000
2022-10-06,145.80999755859375,147.5399932861328,145.22000122070312,145.42999267578125,68402200
2022-10-07,142.5399932861328,143.10000610351562,139.4499969482422,140.08999633789062,85925600
2022-10-10,140.4199981689453,141.88999938964844,138.57000732421875,140.4199981689453,74899000
2022-10-11,139.89999389648438,141.35000610351562,138.22000122070312,138.97999572753906,77033700
2022-10-12,139.1300048828125,140.36000061035156,138.16000366210938,138.33999633789062,70433700
2022-10-13,134.99000549316406,143.58999633789062,134.3699951171875,142.99000549316406,113224000
2022-10-14,144.30999755859375,144.52000427246094,138.19000244140625,138.3800048828125,88598000
2022-10-17,141.07000732421875,142.89999389648438,140.27000427246094,142.41000366210938,85250900
2022-10-18,145.49000549316406,146.6999969482422,140.61000061035156,143.75,99136600
2022-10-19,141.69000244140625,144.9499969482422,141.5,143.86000061035156,61758300
2022-10-20,143.02000427246094,145.88999938964844,142.64999389648438,143.38999938964844,64522000
2022-10-21,142.8699951171875,147.85000610351562,142.64999389648438,147.27000427246094,86548600
2022-10-24,147.19000244140625,150.22999572753906,146.0,149.4499969482422,75981900
2022-10-25,150.08999633789062,152.49000549316406,149.36000061035156,152.33999633789062,74732300
2022-10-26,150.9600067138672,151.99000549316406,148.0399932861328,149.35000610351562,88194300
2022-10-27,148.07000732421875,149.0500030517578,144.1300048828125,144.8000030517578,109180200
2022-10-28,148.1999969482422,157.5,147.82000732421875,155.74000549316406,164762400
2022-10-31,153.16000366210938,154.24000549316406,151.9199981689453,153.33999633789062,97943200
2022-11-01,155.0800018310547,155.4499969482422,149.1300048828125,150.64999389648438,80379300
2022-11-02,148.9499969482422,152.1699981689453,145.0,145.02999877929688,93604600
2022-11-03,142.05999755859375,142.8000030517578,138.75,138.8800048828125,97918500
2022-11-04,142.08999633789062,142.6699981689453,134.3800048828125,138.3800048828125,140814800
2022-11-07,137.11000061035156,139.14999389648438,135.6699981689453,138.9199981689453,83374600
2022-11-08,140.41000366210938,141.42999267578125,137.49000549316406,139.5,89908500
2022-11-09,138.5,138.5500030517578,134.58999633789062,134.8699951171875,74917800
2022-11-10,141.24000549316406,146.8699951171875,139.5,146.8699951171875,118854000
2022-11-11,145.82000732421875,150.00999450683594,144.3699951171875,149.6999969482422,93979700
2022-11-14,148.97000122070312,150.27999877929688,147.42999267578125,148.27999877929688,73374100
2022-11-15,152.22000122070312,153.58999633789062,148.55999755859375,150.0399932861328,89868300
2022-11-16,149.1300048828125,149.8699951171875,147.2899932861328,148.7899932861328,64218300
2022-11-17,146.42999267578125,151.47999572753906,146.14999389648438,150.72000122070312,80389400
2022-11-18,152.30999755859375,152.6999969482422,149.97000122070312,151.2899932861328,74829600
2022-11-21,150.16000366210938,150.3699951171875,147.72000122070312,148.00999450683594,58724100
2022-11-22,148.1300048828125,150.4199981689453,146.92999267578125,150.17999267578125,51804100
2022-11-23,149.4499969482422,151.8300018310547,149.33999633789062,151.07000732421875,58301400
2022-11-25,148.30999755859375,148.8800048828125,147.1199951171875,148.11000061035156,35195900
2022-11-28,145.13999938964844,146.63999938964844,143.3800048828125,144.22000122070312,69246000
2022-11-29,144.2899932861328,144.80999755859375,140.35000610351562,141.1699981689453,83763800
2022-11-30,141.39999389648438,148.72000122070312,140.5500030517578,148.02999877929688,111380900
2022-12-01,148.2100067138672,149.1300048828125,146.61000061035156,148.30999755859375,71250400
2022-12-02,145.9600067138672,148.0,145.64999389648438,147.80999755859375,65447400
2022-12-05,147.77000427246094,150.9199981689453,145.77000427246094,146.6300048828125,68826400
2022-12-06,147.07000732421875,147.3000030517578,141.9199981689453,142.91000366210938,64727200
2022-12-07,142.19000244140625,143.3699951171875,140.0,140.94000244140625,69721100
2022-12-08,142.36000061035156,143.52000427246094,141.10000610351562,142.64999389648438,62128300
2022-12-09,142.33999633789062,145.57000732421875,140.89999389648438,142.16000366210938,76097000
2022-12-12,142.6999969482422,144.5,141.05999755859375,144.49000549316406,70462700
2022-12-13,149.5,149.97000122070312,144.24000549316406,145.47000122070312,93886200
2022-12-14,145.35000610351562,146.66000366210938,141.16000366210938,143.2100067138672,82291200
2022-12-15,141.11000061035156,141.8000030517578,136.02999877929688,136.5,98931900
2022-12-16,136.69000244140625,137.64999389648438,133.72999572753906,134.50999450683594,160156900
2022-12-19,135.11000061035156,135.1999969482422,131.32000732421875,132.3699951171875,79592600
2022-12-20,131.38999938964844,133.25,129.88999938964844,132.3000030517578,77432800
2022-12-21,132.97999572753906,136.80999755859375,132.75,135.4499969482422,85928000
2022-12-22,134.35000610351562,134.55999755859375,130.3000030517578,132.22999572753906,77852100
2022-12-23,130.9199981689453,132.4199981689453,129.63999938964844,131.86000061035156,63814900
2022-12-27,131.3800048828125,131.41000366210938,128.72000122070312,130.02999877929688,69007800
2022-12-28,129.6699981689453,131.02999877929688,125.87000274658203,126.04000091552734,85438400
2022-12-29,127.98999786376953,130.47999572753906,127.7300033569336,129.61000061035156,75703700
2022-12-30,128.41000366210938,129.9499969482422,127.43000030517578,129.92999267578125,77034200
2023-01-03,130.27999877929688,130.89999389648438,124.16999816894531,125.06999969482422,112117500
2023-01-04,126.88999938964844,128.66000366210938,125.08000183105469,126.36000061035156,89113600
2023-01-05,127.12999725341797,127.7699966430664,124.76000213623047,125.0199966430664,80962700
2023-01-06,126.01000213623047,130.2899932861328,124.88999938964844,129.6199951171875,87754700
2023-01-09,130.47000122070312,133.41000366210938,129.88999938964844,130.14999389648438,70790800
2023-01-10,130.25999450683594,131.25999450683594,128.1199951171875,130.72999572753906,63896200
2023-01-11,131.25,133.50999450683594,130.4600067138672,133.49000549316406,69458900
2023-01-12,133.8800048828125,134.25999450683594,131.44000244140625,133.41000366210938,71379600
2023-01-13,132.02999877929688,134.9199981689453,131.66000366210938,134.75999450683594,57809700
2023-01-17,134.8300018310547,137.2899932861328,134.1300048828125,135.94000244140625,63646600
2023-01-18,136.82000732421875,138.61000061035156,135.02999877929688,135.2100067138672,69672800
2023-01-19,134.0800018310547,136.25,133.77000427246094,135.27000427246094,58280400
2023-01-20,135.27999877929688,138.02000427246094,134.22000122070312,137.8699951171875,80223600
2023-01-23,138.1199951171875,143.32000732421875,137.89999389648438,141.11000061035156,81760300
2023-01-24,140.30999755859375,143.16000366210938,140.3000030517578,142.52999877929688,66435100
2023-01-25,140.88999938964844,142.42999267578125,138.80999755859375,141.86000061035156,65799300
2023-01-26,143.1699981689453,144.25,141.89999389648438,143.9600067138672,54105100
2023-01-27,143.16000366210938,147.22999572753906,143.0800018310547,145.92999267578125,70555800
2023-01-30,144.9600067138672,145.5500030517578,142.85000610351562,143.0,64015300
2023-01-31,142.6999969482422,144.33999633789062,142.27999877929688,144.2899932861328,65874500
2023-02-01,143.97000122070312,146.61000061035156,141.32000732421875,145.42999267578125,77663600
2023-02-02,148.89999389648438,151.17999267578125,148.1699981689453,150.82000732421875,118339000
2023-02-03,148.02999877929688,157.3800048828125,147.8300018310547,154.5,154357300
2023-02-06,152.57000732421875,153.10000610351562,150.77999877929688,151.72999572753906,69858300
2023-02-07,150.63999938964844,155.22999572753906,150.63999938964844,154.64999389648438,83322600
2023-02-08,153.8800048828125,154.5800018310547,151.1699981689453,151.9199981689453,64120100
2023-02-09,153.77999877929688,154.3300018310547,150.4199981689453,150.8699951171875,56007100
2023-02-10,149.4600067138672,151.33999633789062,149.22000122070312,151.00999450683594,57450700
2023-02-13,150.9499969482422,154.25999450683594,150.9199981689453,153.85000610351562,62199000
2023-02-14,152.1199951171875,153.77000427246094,150.86000061035156,153.1999969482422,61707600
2023-02-15,153.11000061035156,155.5,152.8800048828125,155.3300018310547,65573800
2023-02-16,153.50999450683594,156.3300018310547,153.35000610351562,153.7100067138672,68167900
2023-02-17,152.35000610351562,153.0,150.85000610351562,152.5500030517578,59144100
2023-02-21,150.1999969482422,151.3000030517578,148.41000366210938,148.47999572753906,58867200
2023-02-22,148.8699951171875,149.9499969482422,147.16000366210938,148.91000366210938,51011300
2023-02-23,150.08999633789062,150.33999633789062,147.24000549316406,149.39999389648438,48394200
2023-02-24,147.11000061035156,147.19000244140625,145.72000122070312,146.7100067138672,55469600
2023-02-27,147.7100067138672,149.1699981689453,147.4499969482422,147.9199981689453,44998500
2023-02-28,147.0500030517578,149.0800018310547,146.8300018310547,147.41000366210938,50547000
2023-03-01,146.8300018310547,147.22999572753906,145.00999450683594,145.30999755859375,55479000
2023-03-02,144.3800048828125,146.7100067138672,143.89999389648438,145.91000366210938,52238100
2023-03-03,148.0399932861328,151.11000061035156,147.3300018310547,151.02999877929688,70732300
2023-03-06,153.7899932861328,156.3000030517578,153.4600067138672,153.8300018310547,87558000
2023-03-07,153.6999969482422,154.02999877929688,151.1300048828125,151.60000610351562,56182000
2023-03-08,152.80999755859375,153.47000122070312,151.8300018310547,152.8699951171875,47204800
2023-03-09,153.55999755859375,154.5399932861328,150.22999572753906,150.58999633789062,53833600
2023-03-10,150.2100067138672,150.94000244140625,147.61000061035156,148.5,68572400
2023-03-13,147.80999755859375,153.13999938964844,147.6999969482422,150.47000122070312,84457100
2023-03-14,151.27999877929688,153.39999389648438,150.10000610351562,152.58999633789062,73695900
2023-03-15,151.19000244140625,153.25,149.9199981689453,152.99000549316406,77167900
2023-03-16,152.16000366210938,156.4600067138672,151.63999938964844,155.85000610351562,76161100
2023-03-17,156.0800018310547,156.74000549316406,154.27999877929688,155.0,98944600
2023-03-20,155.07000732421875,157.82000732421875,154.14999389648438,157.39999389648438,73641400
2023-03-21,157.32000732421875,159.39999389648438,156.5399932861328,159.27999877929688,73938300
2023-03-22,159.3000030517578,162.13999938964844,157.80999755859375,157.8300018310547,75701800
2023-03-23,158.8300018310547,161.5500030517578,157.67999267578125,158.92999267578125,67622100
2023-03-24,158.86000061035156,160.33999633789062,157.85000610351562,160.25,59196500
2023-03-27,159.94000244140625,160.77000427246094,157.8699951171875,158.27999877929688,52390300
2023-03-28,157.97000122070312,158.49000549316406,155.97999572753906,157.64999389648438,45992200
2023-03-29,159.3699951171875,161.0500030517578,159.35000610351562,160.77000427246094,51305700
2023-03-30,161.52999877929688,162.47000122070312,161.27000427246094,162.36000061035156,49501700
2023-03-31,162.44000244140625,165.0,161.91000366210938,164.89999389648438,68749800
2023-04-03,164.27000427246094,166.2899932861328,164.22000122070312,166.1699981689453,56976200
2023-04-04,166.60000610351562,166.83999633789062,165.11000061035156,165.6300048828125,46278300
2023-04-05,164.74000549316406,165.0500030517578,161.8000030517578,163.75999450683594,51511700
2023-04-06,162.42999267578125,164.9600067138672,162.0,164.66000366210938,45390100
2023-04-10,161.4199981689453,162.02999877929688,160.0800018310547,162.02999877929688,47716900
2023-04-11,162.35000610351562,162.36000061035156,160.50999450683594,160.8000030517578,47644200
2023-04-12,161.22000122070312,162.05999755859375,159.77999877929688,160.10000610351562,50133100
2023-04-13,161.6300048828125,165.8000030517578,161.4199981689453,165.55999755859375,68445600
2023-04-14,164.58999633789062,166.32000732421875,163.82000732421875,165.2100067138672,49386500
2023-04-17,165.08999633789062,165.38999938964844,164.02999877929688,165.22999572753906,41516200
2023-04-18,166.10000610351562,167.41000366210938,165.64999389648438,166.47000122070312,49923000
2023-04-19,165.8000030517578,168.16000366210938,165.5399932861328,167.6300048828125,47720200
2023-04-20,166.08999633789062,167.8699951171875,165.55999755859375,166.64999389648438,52456400
2023-04-21,165.0500030517578,166.4499969482422,164.49000549316406,165.02000427246094,58337300
2023-04-24,165.0,165.60000610351562,163.88999938964844,165.3300018310547,41949600
2023-04-25,165.19000244140625,166.30999755859375,163.72999572753906,163.77000427246094,48714100
2023-04-26,163.05999755859375,165.27999877929688,162.8000030517578,163.75999450683594,45498800
2023-04-27,165.19000244140625,168.55999755859375,165.19000244140625,168.41000366210938,64902300
2023-04-28,168.49000549316406,169.85000610351562,167.8800048828125,169.67999267578125,55275900
2023-05-01,169.27999877929688,170.4499969482422,168.63999938964844,169.58999633789062,52472900
2023-05-02,170.08999633789062,170.35000610351562,167.5399932861328,168.5399932861328,48425700
2023-05-03,169.5,170.9199981689453,167.16000366210938,167.4499969482422,65136000
2023-05-04,164.88999938964844,167.0399932861328,164.30999755859375,165.7899932861328,81235400
2023-05-05,170.97999572753906,174.3000030517578,170.75999450683594,173.57000732421875,113453200
2023-05-08,172.47999572753906,173.85000610351562,172.11000061035156,173.5,55962800
2023-05-09,173.0500030517578,173.5399932861328,171.60000610351562,171.77000427246094,45326900
2023-05-10,173.02000427246094,174.02999877929688,171.89999389648438,173.55999755859375,53724500
2023-05-11,173.85000610351562,174.58999633789062,172.1699981689453,173.75,49514700
2023-05-12,173.6199951171875,174.05999755859375,171.0,172.57000732421875,45533100
2023-05-15,173.16000366210938,173.2100067138672,171.47000122070312,172.07000732421875,37266700
2023-05-16,171.99000549316406,173.13999938964844,171.8000030517578,172.07000732421875,42110300
2023-05-17,171.7100067138672,172.92999267578125,170.4199981689453,172.69000244140625,57951600
2023-05-18,173.0,175.24000549316406,172.5800018310547,175.0500030517578,65496700
2023-05-19,176.38999938964844,176.38999938964844,174.94000244140625,175.16000366210938,55809500
2023-05-22,173.97999572753906,174.7100067138672,173.4499969482422,174.1999969482422,43570900
2023-05-23,173.1300048828125,173.3800048828125,171.27999877929688,171.55999755859375,50747300
2023-05-24,171.08999633789062,172.4199981689453,170.52000427246094,171.83999633789062,45143500
2023-05-25,172.41000366210938,173.89999389648438,171.69000244140625,172.99000549316406,56058300
2023-05-26,173.32000732421875,175.77000427246094,173.11000061035156,175.42999267578125,54835000
2023-05-30,176.9600067138672,178.99000549316406,176.57000732421875,177.3000030517578,55964400
2023-05-31,177.3300018310547,179.35000610351562,176.75999450683594,177.25,99625300
2023-06-01,177.6999969482422,180.1199951171875,176.92999267578125,180.08999633789062,68901800
2023-06-02,181.02999877929688,181.77999877929688,179.25999450683594,180.9499969482422,61996900
2023-06-05,182.6300048828125,184.9499969482422,178.0399932861328,179.5800018310547,121946500
2023-06-06,179.97000122070312,180.1199951171875,177.42999267578125,179.2100067138672,64848400
2023-06-07,178.44000244140625,181.2100067138672,177.32000732421875,177.82000732421875,61944600
2023-06-08,177.89999389648438,180.83999633789062,177.4600067138672,180.57000732421875,50214900
2023-06-09,181.5,182.22999572753906,180.6300048828125,180.9600067138672,48900000
2023-06-12,181.27000427246094,183.88999938964844,180.97000122070312,183.7899932861328,54274900
2023-06-13,182.8000030517578,184.14999389648438,182.44000244140625,183.30999755859375,54929100
2023-06-14,183.3699951171875,184.38999938964844,182.02000427246094,183.9499969482422,57462900
2023-06-15,183.9600067138672,186.52000427246094,183.77999877929688,186.00999450683594,65433200
2023-06-16,186.72999572753906,186.99000549316406,184.27000427246094,184.9199981689453,101256200
2023-06-20,184.41000366210938,186.10000610351562,184.41000366210938,185.00999450683594,49799100
2023-06-21,184.89999389648438,185.41000366210938,182.58999633789062,183.9600067138672,49515700
2023-06-22,183.74000549316406,187.0500030517578,183.6699981689453,187.0,51245300
2023-06-23,185.5500030517578,187.55999755859375,185.00999450683594,186.67999267578125,53117000
2023-06-26,186.8300018310547,188.0500030517578,185.22999572753906,185.27000427246094,48088700
2023-06-27,185.88999938964844,188.38999938964844,185.6699981689453,188.05999755859375,50730800
2023-06-28,187.92999267578125,189.89999389648438,187.60000610351562,189.25,51216800
2023-06-29,189.0800018310547,190.07000732421875,188.94000244140625,189.58999633789062,46347300
2023-06-30,191.6300048828125,194.47999572753906,191.25999450683594,193.97000122070312,85213200
2023-07-03,193.77999877929688,193.8800048828125,191.75999450683594,192.4600067138672,31458200
2023-07-05,191.57000732421875,192.97999572753906,190.6199951171875,191.3300018310547,46920300
2023-07-06,189.83999633789062,192.02000427246094,189.1999969482422,191.80999755859375,45094300
2023-07-07,191.41000366210938,192.6699981689453,190.24000549316406,190.67999267578125,46815000
2023-07-10,189.25999450683594,189.99000549316406,187.0399932861328,188.61000061035156,59922200
2023-07-11,189.16000366210938,189.3000030517578,186.60000610351562,188.0800018310547,46638100
2023-07-12,189.67999267578125,191.6999969482422,188.47000122070312,189.77000427246094,60750200
2023-07-13,190.5,191.19000244140625,189.77999877929688,190.5399932861328,41342300
2023-07-14,190.22999572753906,191.17999267578125,189.6300048828125,190.69000244140625,41616200
2023-07-17,191.89999389648438,194.32000732421875,191.80999755859375,193.99000549316406,50520200
2023-07-18,193.35000610351562,194.3300018310547,192.4199981689453,193.72999572753906,48288200
2023-07-19,193.10000610351562,198.22999572753906,192.64999389648438,195.10000610351562,80507300
2023-07-20,195.08999633789062,196.47000122070312,192.5,193.1300048828125,59581200
2023-07-21,194.10000610351562,194.97000122070312,191.22999572753906,191.94000244140625,71951700
2023-07-24,193.41000366210938,194.91000366210938,192.25,192.75,45377800
2023-07-25,193.3300018310547,194.44000244140625,192.9199981689453,193.6199951171875,37283200
2023-07-26,193.6699981689453,195.63999938964844,193.32000732421875,194.5,47471900
2023-07-27,196.02000427246094,197.1999969482422,192.5500030517578,193.22000122070312,47460200
2023-07-28,194.6699981689453,196.6300048828125,194.13999938964844,195.8300018310547,48291400
2023-07-31,196.05999755859375,196.49000549316406,195.25999450683594,196.4499969482422,38824100
2023-08-01,196.24000549316406,196.72999572753906,195.27999877929688,195.61000061035156,35175100
2023-08-02,195.0399932861328,195.17999267578125,191.85000610351562,192.5800018310547,50389300
2023-08-03,191.57000732421875,192.3699951171875,190.69000244140625,191.1699981689453,61235200
2023-08-04,185.52000427246094,187.3800048828125,181.9199981689453,181.99000549316406,115956800
2023-08-07,182.1300048828125,183.1300048828125,177.35000610351562,178.85000610351562,97576100
2023-08-08,179.69000244140625,180.27000427246094,177.5800018310547,179.8000030517578,67823000
2023-08-09,180.8699951171875,180.92999267578125,177.00999450683594,178.19000244140625,60378500
2023-08-10,179.47999572753906,180.75,177.60000610351562,177.97000122070312,54686900
2023-08-11,177.32000732421875,178.6199951171875,176.5500030517578,177.7899932861328,52036700
2023-08-14,177.97000122070312,179.69000244140625,177.30999755859375,179.4600067138672,43675600
2023-08-15,178.8800048828125,179.47999572753906,177.0500030517578,177.4499969482422,43622600
2023-08-16,177.1300048828125,178.5399932861328,176.5,176.57000732421875,46964900
2023-08-17,177.13999938964844,177.50999450683594,173.47999572753906,174.0,66062900
2023-08-18,172.3000030517578,175.10000610351562,171.9600067138672,174.49000549316406,61172200
2023-08-21,175.07000732421875,176.1300048828125,173.74000549316406,175.83999633789062,46311900
2023-08-22,177.05999755859375,177.67999267578125,176.25,177.22999572753906,42038900
2023-08-23,178.52000427246094,181.5500030517578,178.3300018310547,181.1199951171875,52722800
2023-08-24,180.6699981689453,181.10000610351562,176.00999450683594,176.3800048828125,54945800
2023-08-25,177.3800048828125,179.14999389648438,175.82000732421875,178.61000061035156,51449600
2023-08-28,180.08999633789062,180.58999633789062,178.5500030517578,180.19000244140625,43820700
2023-08-29,179.6999969482422,184.89999389648438,179.5,184.1199951171875,53003900
2023-08-30,184.94000244140625,187.85000610351562,184.74000549316406,187.64999389648438,60813900
2023-08-31,187.83999633789062,189.1199951171875,187.47999572753906,187.8699951171875,60794500
2023-09-01,189.49000549316406,189.9199981689453,188.27999877929688,189.4600067138672,45766500
2023-09-05,188.27999877929688,189.97999572753906,187.61000061035156,189.6999969482422,45280000
2023-09-06,188.39999389648438,188.85000610351562,181.47000122070312,182.91000366210938,81755800
2023-09-07,175.17999267578125,178.2100067138672,173.5399932861328,177.55999755859375,112488800
2023-09-08,178.35000610351562,180.24000549316406,177.7899932861328,178.17999267578125,65551300
2023-09-11,180.07000732421875,180.3000030517578,177.33999633789062,179.36000061035156,58953100
2023-09-12,179.49000549316406,180.1300048828125,174.82000732421875,176.3000030517578,90370200
2023-09-13,176.50999450683594,177.3000030517578,173.97999572753906,174.2100067138672,84267900
2023-09-14,174.0,176.10000610351562,173.5800018310547,175.74000549316406,60895800
2023-09-15,176.47999572753906,176.5,173.82000732421875,175.00999450683594,109259500
2023-09-18,176.47999572753906,179.3800048828125,176.1699981689453,177.97000122070312,67257600
2023-09-19,177.52000427246094,179.6300048828125,177.1300048828125,179.07000732421875,51826900
2023-09-20,179.25999450683594,179.6999969482422,175.39999389648438,175.49000549316406,58436200
2023-09-21,174.5500030517578,176.3000030517578,173.86000061035156,173.92999267578125,63149100
2023-09-22,174.6699981689453,177.0800018310547,174.0500030517578,174.7899932861328,56725400
2023-09-25,174.1999969482422,176.97000122070312,174.14999389648438,176.0800018310547,46172700
2023-09-26,174.82000732421875,175.1999969482422,171.66000366210938,171.9600067138672,64588900
2023-09-27,172.6199951171875,173.0399932861328,169.0500030517578,170.42999267578125,66921800
2023-09-28,169.33999633789062,172.02999877929688,167.6199951171875,170.69000244140625,56294400
2023-09-29,172.02000427246094,173.07000732421875,170.33999633789062,171.2100067138672,51861100
2023-10-02,171.22000122070312,174.3000030517578,170.92999267578125,173.75,52164500
2023-10-03,172.25999450683594,173.6300048828125,170.82000732421875,172.39999389648438,49594600
2023-10-04,171.08999633789062,174.2100067138672,170.97000122070312,173.66000366210938,53020300
2023-10-05,173.7899932861328,175.4499969482422,172.67999267578125,174.91000366210938,48527900
2023-10-06,173.8000030517578,177.99000549316406,173.17999267578125,177.49000549316406,57266700
2023-10-09,176.80999755859375,179.0500030517578,175.8000030517578,178.99000549316406,42390800
2023-10-10,178.10000610351562,179.72000122070312,177.9499969482422,178.38999938964844,43698000
2023-10-11,178.1999969482422,179.85000610351562,177.60000610351562,179.8000030517578,47551100
2023-10-12,180.07000732421875,182.33999633789062,179.0399932861328,180.7100067138672,56743100
2023-10-13,181.4199981689453,181.92999267578125,178.13999938964844,178.85000610351562,51427100
2023-10-16,176.75,179.0800018310547,176.50999450683594,178.72000122070312,52517000
2023-10-17,176.64999389648438,178.4199981689453,174.8000030517578,177.14999389648438,57549400
2023-10-18,175.5800018310547,177.5800018310547,175.11000061035156,175.83999633789062,54764400
2023-10-19,176.0399932861328,177.83999633789062,175.19000244140625,175.4600067138672,59302900
2023-10-20,175.30999755859375,175.4199981689453,172.63999938964844,172.8800048828125,64244000
2023-10-23,170.91000366210938,174.00999450683594,169.92999267578125,173.0,55980100
2023-10-24,173.0500030517578,173.6699981689453,171.4499969482422,173.44000244140625,43816600
2023-10-25,171.8800048828125,173.05999755859375,170.64999389648438,171.10000610351562,57157000
2023-10-26,170.3699951171875,171.3800048828125,165.6699981689453,166.88999938964844,70625300
2023-10-27,166.91000366210938,168.9600067138672,166.8300018310547,168.22000122070312,58499100
2023-10-30,169.02000427246094,171.1699981689453,168.8699951171875,170.2899932861328,51131000
2023-10-31,169.35000610351562,170.89999389648438,167.89999389648438,170.77000427246094,44846000
2023-11-01,171.0,174.22999572753906,170.1199951171875,173.97000122070312,56934900
2023-11-02,175.52000427246094,177.77999877929688,175.4600067138672,177.57000732421875,77334800
2023-11-03,174.24000549316406,176.82000732421875,173.35000610351562,176.64999389648438,79829200
2023-11-06,176.3800048828125,179.42999267578125,176.2100067138672,179.22999572753906,63841300
2023-11-07,179.17999267578125,182.44000244140625,178.97000122070312,181.82000732421875,70530000
2023-11-08,182.35000610351562,183.4499969482422,181.58999633789062,182.88999938964844,49340300
2023-11-09,182.9600067138672,184.1199951171875,181.80999755859375,182.41000366210938,53763500
2023-11-10,183.97000122070312,186.57000732421875,183.52999877929688,186.39999389648438,66133400
2023-11-13,185.82000732421875,186.02999877929688,184.2100067138672,184.8000030517578,43627500
2023-11-14,187.6999969482422,188.11000061035156,186.3000030517578,187.44000244140625,60108400
2023-11-15,187.85000610351562,189.5,187.77999877929688,188.00999450683594,53790500
2023-11-16,189.57000732421875,190.9600067138672,188.64999389648438,189.7100067138672,54412900
2023-11-17,190.25,190.3800048828125,188.57000732421875,189.69000244140625,50922700
2023-11-20,189.88999938964844,191.91000366210938,189.8800048828125,191.4499969482422,46505100
2023-11-21,191.41000366210938,191.52000427246094,189.74000549316406,190.63999938964844,38134500
2023-11-22,191.49000549316406,192.92999267578125,190.8300018310547,191.30999755859375,39617700
2023-11-24,190.8699951171875,190.89999389648438,189.25,189.97000122070312,24048300
2023-11-27,189.9199981689453,190.6699981689453,188.89999389648438,189.7899932861328,40552600
2023-11-28,189.77999877929688,191.0800018310547,189.39999389648438,190.39999389648438,38415400
2023-11-29,190.89999389648438,192.08999633789062,188.97000122070312,189.3699951171875,43014200
2023-11-30,189.83999633789062,190.32000732421875,188.19000244140625,189.9499969482422,48794400
2023-12-01,190.3300018310547,191.55999755859375,189.22999572753906,191.24000549316406,45704800
2023-12-04,189.97999572753906,190.0500030517578,187.4499969482422,189.42999267578125,43389500
2023-12-05,190.2100067138672,194.39999389648438,190.17999267578125,193.4199981689453,66628400
2023-12-06,194.4499969482422,194.75999450683594,192.11000061035156,192.32000732421875,41089700
2023-12-07,193.6300048828125,195.0,193.58999633789062,194.27000427246094,47477700
2023-12-08,194.1999969482422,195.99000549316406,193.6699981689453,195.7100067138672,53406400
2023-12-11,193.11000061035156,193.49000549316406,191.4199981689453,193.17999267578125,60943700
2023-12-12,193.0800018310547,194.72000122070312,191.72000122070312,194.7100067138672,52696900
2023-12-13,195.08999633789062,198.0,194.85000610351562,197.9600067138672,70404200
2023-12-14,198.02000427246094,199.6199951171875,196.16000366210938,198.11000061035156,66831600
2023-12-15,197.52999877929688,198.39999389648438,197.0,197.57000732421875,128538400
2023-12-18,196.08999633789062,196.6300048828125,194.38999938964844,195.88999938964844,55751900
2023-12-19,196.16000366210938,196.9499969482422,195.88999938964844,196.94000244140625,40714100
2023-12-20,196.89999389648438,197.67999267578125,194.8300018310547,194.8300018310547,52242800
2023-12-21,196.10000610351562,197.0800018310547,193.5,194.67999267578125,46482500
2023-12-22,195.17999267578125,195.41000366210938,192.97000122070312,193.60000610351562,37149600
2023-12-26,193.61000061035156,193.88999938964844,192.8300018310547,193.0500030517578,28919300
2023-12-27,192.49000549316406,193.5,191.08999633789062,193.14999389648438,48087700
2023-12-28,194.13999938964844,194.66000366210938,193.1699981689453,193.5800018310547,34049900
2023-12-29,193.89999389648438,194.39999389648438,191.72999572753906,192.52999877929688,42672100
2024-01-02,187.14999389648438,188.44000244140625,183.88999938964844,185.63999938964844,82488700
2024-01-03,184.22000122070312,185.8800048828125,183.42999267578125,184.25,58414500
2024-01-04,182.14999389648438,183.08999633789062,180.8800048828125,181.91000366210938,71983600
2024-01-05,181.99000549316406,182.75999450683594,180.1699981689453,181.17999267578125,62379700
2024-01-08,182.08999633789062,185.60000610351562,181.5,185.55999755859375,59144500
2024-01-09,183.9199981689453,185.14999389648438,182.72999572753906,185.13999938964844,42841800
2024-01-10,184.35000610351562,186.39999389648438,183.9199981689453,186.19000244140625,46792900
2024-01-11,186.5399932861328,187.0500030517578,183.6199951171875,185.58999633789062,49128400
2024-01-12,186.05999755859375,186.74000549316406,185.19000244140625,185.9199981689453,40477800
2024-01-16,182.16000366210938,184.25999450683594,180.92999267578125,183.6300048828125,65603000
2024-01-17,181.27000427246094,182.92999267578125,180.3000030517578,182.67999267578125,47317400
2024-01-18,186.08999633789062,189.13999938964844,185.8300018310547,188.6300048828125,78005800
2024-01-19,189.3300018310547,191.9499969482422,188.82000732421875,191.55999755859375,68903000
2024-01-22,192.3000030517578,195.3300018310547,192.25999450683594,193.88999938964844,60133900
2024-01-23,195.02000427246094,195.75,193.8300018310547,195.17999267578125,42355600
2024-01-24,195.4199981689453,196.3800048828125,194.33999633789062,194.5,53631300
2024-01-25,195.22000122070312,196.27000427246094,193.11000061035156,194.1699981689453,54822100
2024-01-26,194.27000427246094,194.75999450683594,191.94000244140625,192.4199981689453,44594000
2024-01-29,192.00999450683594,192.1999969482422,189.5800018310547,191.72999572753906,47145600
2024-01-30,190.94000244140625,191.8000030517578,187.47000122070312,188.0399932861328,55859400
2024-01-31,187.0399932861328,187.10000610351562,184.35000610351562,184.39999389648438,55467800
2024-02-01,183.99000549316406,186.9499969482422,183.82000732421875,186.86000061035156,64885400
2024-02-02,179.86000061035156,187.3300018310547,179.25,185.85000610351562,102551700
2024-02-05,188.14999389648438,189.25,185.83999633789062,187.67999267578125,69668800
2024-02-06,186.86000061035156,189.30999755859375,186.77000427246094,189.3000030517578,43490800
2024-02-07,190.63999938964844,191.0500030517578,188.61000061035156,189.41000366210938,53439000
2024-02-08,189.38999938964844,189.5399932861328,187.35000610351562,188.32000732421875,40962000
2024-02-09,188.64999389648438,189.99000549316406,188.0,188.85000610351562,45155200
2024-02-12,188.4199981689453,188.6699981689453,186.7899932861328,187.14999389648438,41781900
2024-02-13,185.77000427246094,186.2100067138672,183.50999450683594,185.0399932861328,56529500
2024-02-14,185.32000732421875,185.52999877929688,182.44000244140625,184.14999389648438,54630500
2024-02-15,183.5500030517578,184.49000549316406,181.35000610351562,183.86000061035156,65434500
2024-02-16,183.4199981689453,184.85000610351562,181.6699981689453,182.30999755859375,49752500
2024-02-20,181.7899932861328,182.42999267578125,180.0,181.55999755859375,53665600
2024-02-21,181.94000244140625,182.88999938964844,180.66000366210938,182.32000732421875,41371400
2024-02-22,183.47999572753906,184.9600067138672,182.4600067138672,184.3699951171875,52292200
2024-02-23,185.00999450683594,185.0399932861328,182.22999572753906,182.52000427246094,45119700
2024-02-26,182.24000549316406,182.75999450683594,180.64999389648438,181.16000366210938,40867400
2024-02-27,181.10000610351562,183.9199981689453,179.55999755859375,182.6300048828125,54318900
2024-02-28,182.50999450683594,183.1199951171875,180.1300048828125,181.4199981689453,48953900
2024-02-29,181.27000427246094,182.57000732421875,179.52999877929688,180.75,136682600
2024-03-01,179.5500030517578,180.52999877929688,177.3800048828125,179.66000366210938,73563100
2024-03-04,176.14999389648438,176.89999389648438,173.7899932861328,175.10000610351562,81510100
2024-03-05,170.75999450683594,172.0399932861328,169.6199951171875,170.1199951171875,95132400
2024-03-06,171.05999755859375,171.24000549316406,168.67999267578125,169.1199951171875,68587700
2024-03-07,169.14999389648438,170.72999572753906,168.49000549316406,169.0,71765100
2024-03-08,169.0,173.6999969482422,168.94000244140625,170.72999572753906,76267000
2024-03-11,172.94000244140625,174.3800048828125,172.0500030517578,172.75,60139500
2024-03-12,173.14999389648438,174.02999877929688,171.00999450683594,173.22999572753906,59825400
2024-03-13,172.77000427246094,173.19000244140625,170.75999450683594,171.1300048828125,52488700
2024-03-14,172.91000366210938,174.30999755859375,172.0500030517578,173.0,72913500
2024-03-15,171.1699981689453,172.6199951171875,170.2899932861328,172.6199951171875,121752700
2024-03-18,175.57000732421875,177.7100067138672,173.52000427246094,173.72000122070312,75604200
2024-03-19,174.33999633789062,176.61000061035156,173.02999877929688,176.0800018310547,55215200
2024-03-20,175.72000122070312,178.6699981689453,175.08999633789062,178.6699981689453,53423100
2024-03-21,177.0500030517578,177.49000549316406,170.83999633789062,171.3699951171875,106181300
2024-03-22,171.75999450683594,173.0500030517578,170.05999755859375,172.27999877929688,71160100
2024-03-25,170.57000732421875,171.94000244140625,169.4499969482422,170.85000610351562,54288300
2024-03-26,170.0,171.4199981689453,169.5800018310547,169.7100067138672,57388400
2024-03-27,170.41000366210938,173.60000610351562,170.11000061035156,173.30999755859375,60273300
2024-03-28,171.75,172.22999572753906,170.50999450683594,171.47999572753906,65672700
2024-04-01,171.19000244140625,171.25,169.47999572753906,170.02999877929688,46240500
2024-04-02,169.0800018310547,169.33999633789062,168.22999572753906,168.83999633789062,49329500
2024-04-03,168.7899932861328,170.67999267578125,168.5800018310547,169.64999389648438,47691700
2024-04-04,170.2899932861328,171.9199981689453,168.82000732421875,168.82000732421875,53704400
2024-04-05,169.58999633789062,170.38999938964844,168.9499969482422,169.5800018310547,42104800
2024-04-08,169.02999877929688,169.1999969482422,168.24000549316406,168.4499969482422,37425500
2024-04-09,168.6999969482422,170.0800018310547,168.35000610351562,169.6699981689453,42373800
2024-04-10,168.8000030517578,169.08999633789062,167.11000061035156,167.77999877929688,49709300
2024-04-11,168.33999633789062,175.4600067138672,168.16000366210938,175.0399932861328,91070300
2024-04-12,174.25999450683594,178.36000061035156,174.2100067138672,176.5500030517578,101670900
2024-04-15,175.36000061035156,176.6300048828125,172.5,172.69000244140625,73531800
2024-04-16,171.75,173.75999450683594,168.27000427246094,169.3800048828125,73711200
2024-04-17,169.61000061035156,170.64999389648438,168.0,168.0,50901200
2024-04-18,168.02999877929688,168.63999938964844,166.5500030517578,167.0399932861328,43122900
2024-04-19,166.2100067138672,166.39999389648438,164.0800018310547,165.0,68149400
2024-04-22,165.52000427246094,167.25999450683594,164.77000427246094,165.83999633789062,48116400
2024-04-23,165.35000610351562,167.0500030517578,164.9199981689453,166.89999389648438,49537800
2024-04-24,166.5399932861328,169.3000030517578,166.2100067138672,169.02000427246094,48251800
2024-04-25,169.52999877929688,170.61000061035156,168.14999389648438,169.88999938964844,50558300
2024-04-26,169.8800048828125,171.33999633789062,169.17999267578125,169.3000030517578,44838400
2024-04-29,173.3699951171875,176.02999877929688,173.10000610351562,173.5,68169400
2024-04-30,173.3300018310547,174.99000549316406,170.0,170.3300018310547,65934800
2024-05-01,169.5800018310547,172.7100067138672,169.11000061035156,169.3000030517578,50383100
2024-05-02,172.50999450683594,173.4199981689453,170.88999938964844,173.02999877929688,94214900
2024-05-03,186.64999389648438,187.0,182.66000366210938,183.3800048828125,163224100
2024-05-06,182.35000610351562,184.1999969482422,180.4199981689453,181.7100067138672,78569700
2024-05-07,183.4499969482422,184.89999389648438,181.32000732421875,182.39999389648438,77305800
2024-05-08,182.85000610351562,183.07000732421875,181.4499969482422,182.74000549316406,45057100
2024-05-09,182.55999755859375,184.66000366210938,182.11000061035156,184.57000732421875,48983000
2024-05-10,184.89999389648438,185.08999633789062,182.1300048828125,183.0500030517578,50759500
2024-05-13,185.44000244140625,187.10000610351562,184.6199951171875,186.27999877929688,72044800
2024-05-14,187.50999450683594,188.3000030517578,186.2899932861328,187.42999267578125,52393600
2024-05-15,187.91000366210938,190.64999389648438,187.3699951171875,189.72000122070312,70400000
2024-05-16,190.47000122070312,191.10000610351562,189.66000366210938,189.83999633789062,52845200
2024-05-17,189.50999450683594,190.80999755859375,189.17999267578125,189.8699951171875,41282900
2024-05-20,189.3300018310547,191.9199981689453,189.00999450683594,191.0399932861328,44361300
2024-05-21,191.08999633789062,192.72999572753906,190.9199981689453,192.35000610351562,42309400
2024-05-22,192.27000427246094,192.82000732421875,190.27000427246094,190.89999389648438,34648500
2024-05-23,190.97999572753906,191.0,186.6300048828125,186.8800048828125,51005900
2024-05-24,188.82000732421875,190.5800018310547,188.0399932861328,189.97999572753906,36327000
2024-05-28,191.50999450683594,193.0,189.10000610351562,189.99000549316406,52280100
2024-05-29,189.61000061035156,192.25,189.50999450683594,190.2899932861328,53068000
2024-05-30,190.75999450683594,192.17999267578125,190.6300048828125,191.2899932861328,49889100
2024-05-31,191.44000244140625,192.57000732421875,189.91000366210938,192.25,75158300
2024-06-03,192.89999389648438,194.99000549316406,192.52000427246094,194.02999877929688,50080500
2024-06-04,194.63999938964844,195.32000732421875,193.02999877929688,194.35000610351562,47471400
2024-06-05,195.39999389648438,196.89999389648438,194.8699951171875,195.8699951171875,54156800
2024-06-06,195.69000244140625,196.5,194.1699981689453,194.47999572753906,41181800
2024-06-07,194.64999389648438,196.94000244140625,194.13999938964844,196.88999938964844,53103900
2024-06-10,196.89999389648438,197.3000030517578,192.14999389648438,193.1199951171875,97010200
2024-06-11,193.64999389648438,207.16000366210938,193.6300048828125,207.14999389648438,172373300
2024-06-12,207.3699951171875,220.1999969482422,206.89999389648438,213.07000732421875,198134300
2024-06-13,214.74000549316406,216.75,211.60000610351562,214.24000549316406,97862700
2024-06-14,213.85000610351562,215.1699981689453,211.3000030517578,212.49000549316406,70122700
2024-06-17,213.3699951171875,218.9499969482422,212.72000122070312,216.6699981689453,93728300
2024-06-18,217.58999633789062,218.6300048828125,213.0,214.2899932861328,79943300
2024-06-20,213.92999267578125,214.24000549316406,208.85000610351562,209.67999267578125,86172500
2024-06-21,210.38999938964844,211.88999938964844,207.11000061035156,207.49000549316406,241805100
2024-06-24,207.72000122070312,212.6999969482422,206.58999633789062,208.13999938964844,80727000
2024-06-25,209.14999389648438,211.3800048828125,208.61000061035156,209.07000732421875,55549700
2024-06-26,211.5,214.86000061035156,210.63999938964844,213.25,66213200
2024-06-27,214.69000244140625,215.74000549316406,212.35000610351562,214.10000610351562,49772700
2024-06-28,215.77000427246094,216.07000732421875,210.3000030517578,210.6199951171875,82542700
2024-07-01,212.08999633789062,217.50999450683594,211.9199981689453,216.75,60402900
2024-07-02,216.14999389648438,220.3800048828125,215.10000610351562,220.27000427246094,58046200
2024-07-03,220.0,221.5500030517578,219.02999877929688,221.5500030517578,37369800
2024-07-05,221.64999389648438,226.4499969482422,221.64999389648438,226.33999633789062,60412400
2024-07-08,227.08999633789062,227.85000610351562,223.25,227.82000732421875,59085900
2024-07-09,227.92999267578125,229.39999389648438,226.3699951171875,228.67999267578125,48076100
2024-07-10,229.3000030517578,233.0800018310547,229.25,232.97999572753906,62627700
2024-07-11,231.38999938964844,232.38999938964844,225.77000427246094,227.57000732421875,64710600
2024-07-12,228.9199981689453,232.63999938964844,228.67999267578125,230.5399932861328,53046500
2024-07-15,236.47999572753906,237.22999572753906,233.08999633789062,234.39999389648438,62631300
2024-07-16,235.0,236.27000427246094,232.3300018310547,234.82000732421875,43234300
2024-07-17,229.4499969482422,231.4600067138672,226.63999938964844,228.8800048828125,57345900
2024-07-18,230.27999877929688,230.44000244140625,222.27000427246094,224.17999267578125,66034600
2024-07-19,224.82000732421875,226.8000030517578,223.27999877929688,224.30999755859375,49151500
2024-07-22,227.00999450683594,227.77999877929688,223.08999633789062,223.9600067138672,48201800
2024-07-23,224.3699951171875,226.94000244140625,222.67999267578125,225.00999450683594,39960300
2024-07-24,224.0,224.8000030517578,217.1300048828125,218.5399932861328,61777600
2024-07-25,218.92999267578125,220.85000610351562,214.6199951171875,217.49000549316406,51391200
2024-07-26,218.6999969482422,219.49000549316406,216.00999450683594,217.9600067138672,41601300
2024-07-29,216.9600067138672,219.3000030517578,215.75,218.24000549316406,36311800
2024-07-30,219.19000244140625,220.3300018310547,216.1199951171875,218.8000030517578,41643800
2024-07-31,221.44000244140625,223.82000732421875,220.6300048828125,222.0800018310547,50036300
2024-08-01,224.3699951171875,224.47999572753906,217.02000427246094,218.36000061035156,62501000
2024-08-02,219.14999389648438,225.60000610351562,217.7100067138672,219.86000061035156,105568600
2024-08-05,199.08999633789062,213.5,196.0,209.27000427246094,119548600
2024-08-06,205.3000030517578,209.99000549316406,201.07000732421875,207.22999572753906,69660500
2024-08-07,206.89999389648438,213.63999938964844,206.38999938964844,209.82000732421875,63516400
2024-08-08,213.11000061035156,214.1999969482422,208.8300018310547,213.30999755859375,47161100
2024-08-09,212.10000610351562,216.77999877929688,211.97000122070312,216.24000549316406,42201600
2024-08-12,216.07000732421875,219.50999450683594,215.60000610351562,217.52999877929688,38028100
2024-08-13,219.00999450683594,221.88999938964844,219.00999450683594,221.27000427246094,44155300
2024-08-14,220.57000732421875,223.02999877929688,219.6999969482422,221.72000122070312,41960600
2024-08-15,224.60000610351562,225.35000610351562,222.75999450683594,224.72000122070312,46414000
2024-08-16,223.9199981689453,226.8300018310547,223.64999389648438,226.0500030517578,44340200
2024-08-19,225.72000122070312,225.99000549316406,223.0399932861328,225.88999938964844,40687800
2024-08-20,225.77000427246094,227.1699981689453,225.4499969482422,226.50999450683594,30299000
2024-08-21,226.52000427246094,227.97999572753906,225.0500030517578,226.39999389648438,34765500
2024-08-22,227.7899932861328,228.33999633789062,223.89999389648438,224.52999877929688,43695300
2024-08-23,225.66000366210938,228.22000122070312,224.3300018310547,226.83999633789062,38677300
2024-08-26,226.75999450683594,227.27999877929688,223.88999938964844,227.17999267578125,30602200
2024-08-27,226.0,228.85000610351562,224.88999938964844,228.02999877929688,35934600
2024-08-28,227.9199981689453,229.86000061035156,225.67999267578125,226.49000549316406,38052200
2024-08-29,230.10000610351562,232.9199981689453,228.8800048828125,229.7899932861328,51906300
2024-08-30,230.19000244140625,230.39999389648438,227.47999572753906,229.0,52990800
2024-09-03,228.5500030517578,229.0,221.1699981689453,222.77000427246094,50190600
2024-09-04,221.66000366210938,221.77999877929688,217.47999572753906,220.85000610351562,43840200
2024-09-05,221.6300048828125,225.47999572753906,221.52000427246094,222.3800048828125,36615400
2024-09-06,223.9499969482422,225.24000549316406,219.77000427246094,220.82000732421875,48423000
2024-09-09,220.82000732421875,221.27000427246094,216.7100067138672,220.91000366210938,67180000
2024-09-10,218.9199981689453,221.47999572753906,216.72999572753906,220.11000061035156,51591000
2024-09-11,221.4600067138672,223.08999633789062,217.88999938964844,222.66000366210938,44587100
2024-09-12,222.5,223.5500030517578,219.82000732421875,222.77000427246094,37455600
2024-09-13,223.5800018310547,224.0399932861328,221.91000366210938,222.5,36766600
2024-09-16,216.5399932861328,217.22000122070312,213.9199981689453,216.32000732421875,59357400
2024-09-17,215.75,216.89999389648438,214.5,216.7899932861328,45519300
2024-09-18,217.5500030517578,222.7100067138672,217.5399932861328,220.69000244140625,59894900
2024-09-19,224.99000549316406,229.82000732421875,224.6300048828125,228.8699951171875,66781300
2024-09-20,229.97000122070312,233.08999633789062,227.6199951171875,228.1999969482422,318679900
2024-09-23,227.33999633789062,229.4499969482422,225.80999755859375,226.47000122070312,54146000
2024-09-24,228.64999389648438,229.35000610351562,225.72999572753906,227.3699951171875,43556100
2024-09-25,224.92999267578125,227.2899932861328,224.02000427246094,226.3699951171875,42308700
2024-09-26,227.3000030517578,228.5,225.41000366210938,227.52000427246094,36636700
2024-09-27,228.4600067138672,229.52000427246094,227.3000030517578,227.7899932861328,34026000
2024-09-30,230.0399932861328,233.0,229.64999389648438,233.0,54541900
2024-10-01,229.52000427246094,229.64999389648438,223.74000549316406,226.2100067138672,63285000
2024-10-02,225.88999938964844,227.3699951171875,223.02000427246094,226.77999877929688,32880600
2024-10-03,225.13999938964844,226.80999755859375,223.32000732421875,225.6699981689453,34044200
2024-10-04,227.89999389648438,228.0,224.1300048828125,226.8000030517578,37245100
2024-10-07,224.5,225.69000244140625,221.3300018310547,221.69000244140625,39505400
2024-10-08,224.3000030517578,225.97999572753906,223.25,225.77000427246094,31855700
2024-10-09,225.22999572753906,229.75,224.8300018310547,229.5399932861328,33591100
2024-10-10,227.77999877929688,229.5,227.1699981689453,229.0399932861328,28183500
2024-10-11,229.3000030517578,229.41000366210938,227.33999633789062,227.5500030517578,31759200
2024-10-14,228.6999969482422,231.72999572753906,228.60000610351562,231.3000030517578,39882100
2024-10-15,233.61000061035156,237.49000549316406,232.3699951171875,233.85000610351562,64751400
2024-10-16,231.60000610351562,232.1199951171875,229.83999633789062,231.77999877929688,34082200
2024-10-17,233.42999267578125,233.85000610351562,230.52000427246094,232.14999389648438,32993800
2024-10-18,236.17999267578125,236.17999267578125,234.00999450683594,235.0,46431500
2024-10-21,234.4499969482422,236.85000610351562,234.4499969482422,236.47999572753906,36254500
2024-10-22,233.88999938964844,236.22000122070312,232.60000610351562,235.86000061035156,38846600
2024-10-23,234.0800018310547,235.13999938964844,227.75999450683594,230.75999450683594,52287000
2024-10-24,229.97999572753906,230.82000732421875,228.41000366210938,230.57000732421875,31109500
2024-10-25,229.74000549316406,233.22000122070312,229.57000732421875,231.41000366210938,38802300
2024-10-28,233.32000732421875,234.72999572753906,232.5500030517578,233.39999389648438,36087100
2024-10-29,233.10000610351562,234.3300018310547,232.32000732421875,233.6699981689453,35417200
2024-10-30,232.61000061035156,233.47000122070312,229.5500030517578,230.10000610351562,47070900
2024-10-31,229.33999633789062,229.8300018310547,225.3699951171875,225.91000366210938,64370100
2024-11-01,220.97000122070312,225.35000610351562,220.27000427246094,222.91000366210938,65276700
2024-11-04,220.99000549316406,222.7899932861328,219.7100067138672,222.00999450683594,44944500
2024-11-05,221.8000030517578,223.9499969482422,221.13999938964844,223.4499969482422,28111300
2024-11-06,222.61000061035156,226.07000732421875,221.19000244140625,222.72000122070312,54561100
2024-11-07,224.6300048828125,227.8800048828125,224.57000732421875,227.47999572753906,42137700
2024-11-08,227.1699981689453,228.66000366210938,226.41000366210938,226.9600067138672,38328800
2024-11-11,225.0,225.6999969482422,221.5,224.22999572753906,42005600
2024-11-12,224.5500030517578,225.58999633789062,223.36000061035156,224.22999572753906,40398300
2024-11-13,224.00999450683594,226.64999389648438,222.75999450683594,225.1199951171875,48566200
2024-11-14,225.02000427246094,228.8699951171875,225.0,228.22000122070312,44923900
2024-11-15,226.39999389648438,226.9199981689453,224.27000427246094,225.0,47923700
2024-11-18,225.25,229.74000549316406,225.1699981689453,228.02000427246094,44633700
2024-11-19,226.97999572753906,230.16000366210938,226.66000366210938,228.27999877929688,36211800
2024-11-20,228.05999755859375,229.92999267578125,225.88999938964844,229.0,35169600
2024-11-21,228.8800048828125,230.16000366210938,225.7100067138672,228.52000427246094,42108300
2024-11-22,228.05999755859375,230.72000122070312,228.05999755859375,229.8699951171875,38168300
2024-11-25,231.4600067138672,233.25,229.74000549316406,232.8699951171875,90152800
2024-11-26,233.3300018310547,235.57000732421875,233.3300018310547,235.05999755859375,45986200
2024-11-27,234.47000122070312,235.69000244140625,233.80999755859375,234.92999267578125,33498400
2024-11-29,234.80999755859375,237.80999755859375,233.97000122070312,237.3300018310547,28481400
2024-12-02,237.27000427246094,240.7899932861328,237.16000366210938,239.58999633789062,48137100
2024-12-03,239.80999755859375,242.75999450683594,238.89999389648438,242.64999389648438,38861000
2024-12-04,242.8699951171875,244.11000061035156,241.25,243.00999450683594,44383900
2024-12-05,243.99000549316406,244.5399932861328,242.1300048828125,243.0399932861328,40033900
2024-12-06,242.91000366210938,244.6300048828125,242.0800018310547,242.83999633789062,36870600
2024-12-09,241.8300018310547,247.24000549316406,241.75,246.75,44649200
2024-12-10,246.88999938964844,248.2100067138672,245.33999633789062,247.77000427246094,36914800
2024-12-11,247.9600067138672,250.8000030517578,246.25999450683594,246.49000549316406,45205800
2024-12-12,246.88999938964844,248.74000549316406,245.67999267578125,247.9600067138672,32777500
2024-12-13,247.82000732421875,249.2899932861328,246.24000549316406,248.1300048828125,33155300
2024-12-16,247.99000549316406,251.3800048828125,247.64999389648438,251.0399932861328,51694800
2024-12-17,250.0800018310547,253.8300018310547,249.77999877929688,253.47999572753906,51356400
2024-12-18,252.16000366210938,254.27999877929688,247.74000549316406,248.0500030517578,56774100
2024-12-19,247.5,252.0,247.08999633789062,249.7899932861328,60882300
2024-12-20,248.0399932861328,255.0,245.69000244140625,254.49000549316406,147495300
2024-12-23,254.77000427246094,255.64999389648438,253.4499969482422,255.27000427246094,40858800
2024-12-24,255.49000549316406,258.2099914550781,255.2899932861328,258.20001220703125,23234700
2024-12-26,258.19000244140625,260.1000061035156,257.6300048828125,259.0199890136719,27237100
2024-12-27,257.8299865722656,258.70001220703125,253.05999755859375,255.58999633789062,42355300
2024-12-30,252.22999572753906,253.5,250.75,252.1999969482422,35557500
2024-12-31,252.44000244140625,253.27999877929688,249.42999267578125,250.4199981689453,39480700
2025-01-02,248.92999267578125,249.10000610351562,241.82000732421875,243.85000610351562,55740700
2025-01-03,243.36000061035156,244.17999267578125,241.88999938964844,243.36000061035156,40244100
2025-01-06,244.30999755859375,247.3300018310547,243.1999969482422,245.0,45045600
2025-01-07,242.97999572753906,245.5500030517578,241.35000610351562,242.2100067138672,40856000
2025-01-08,241.9199981689453,243.7100067138672,240.0500030517578,242.6999969482422,37628900
2025-01-10,240.00999450683594,240.16000366210938,233.0,236.85000610351562,61710900
2025-01-13,233.52999877929688,234.6699981689453,229.72000122070312,234.39999389648438,49630700
2025-01-14,234.75,236.1199951171875,232.47000122070312,233.27999877929688,39435300
2025-01-15,234.63999938964844,238.9600067138672,234.42999267578125,237.8699951171875,39832000
2025-01-16,237.35000610351562,238.00999450683594,228.02999877929688,228.25999450683594,71759100
2025-01-17,232.1199951171875,232.2899932861328,228.47999572753906,229.97999572753906,68488300
2025-01-21,224.0,224.4199981689453,219.3800048828125,222.63999938964844,98070400
2025-01-22,219.7899932861328,224.1199951171875,219.7899932861328,223.8300018310547,64126500
2025-01-23,224.74000549316406,227.02999877929688,222.3000030517578,223.66000366210938,60234800
2025-01-24,224.77999877929688,225.6300048828125,221.41000366210938,222.77999877929688,54697900
2025-01-27,224.02000427246094,232.14999389648438,223.97999572753906,229.86000061035156,94863400
2025-01-28,230.85000610351562,240.19000244140625,230.80999755859375,238.25999450683594,75707600
2025-01-29,234.1199951171875,239.86000061035156,234.00999450683594,239.36000061035156,45486100
2025-01-30,238.6699981689453,240.7899932861328,237.2100067138672,237.58999633789062,55658300
2025-01-31,247.19000244140625,247.19000244140625,233.44000244140625,236.0,100959800
2025-02-03,229.99000549316406,231.8300018310547,225.6999969482422,228.00999450683594,73063300
2025-02-04,227.25,233.1300048828125,226.64999389648438,232.8000030517578,45067300
2025-02-05,228.52999877929688,232.6699981689453,228.27000427246094,232.47000122070312,39620300
2025-02-06,231.2899932861328,233.8000030517578,230.42999267578125,233.22000122070312,29925300
2025-02-07,232.60000610351562,234.0,227.25999450683594,227.6300048828125,39707200
2025-02-10,229.57000732421875,230.58999633789062,227.1999969482422,227.64999389648438,33115600
2025-02-11,228.1999969482422,235.22999572753906,228.1300048828125,232.6199951171875,53718400
2025-02-12,231.1999969482422,236.9600067138672,230.67999267578125,236.8699951171875,45243300
2025-02-13,236.91000366210938,242.33999633789062,235.57000732421875,241.52999877929688,53614100
2025-02-14,241.25,245.5500030517578,240.99000549316406,244.60000610351562,40896200
2025-02-18,244.14999389648438,245.17999267578125,241.83999633789062,244.47000122070312,48822500
2025-02-19,244.66000366210938,246.00999450683594,243.16000366210938,244.8699951171875,32204200
2025-02-20,244.94000244140625,246.77999877929688,244.2899932861328,245.8300018310547,32316900
2025-02-21,245.9499969482422,248.69000244140625,245.22000122070312,245.5500030517578,53197400
2025-02-24,244.92999267578125,248.86000061035156,244.4199981689453,247.10000610351562,51326400
2025-02-25,248.0,250.0,244.91000366210938,247.0399932861328,48013300
2025-02-26,244.3300018310547,244.97999572753906,239.1300048828125,240.36000061035156,44433600
2025-02-27,239.41000366210938,242.4600067138672,237.05999755859375,237.3000030517578,41153600
2025-02-28,236.9499969482422,242.08999633789062,230.1999969482422,241.83999633789062,56833400
2025-03-03,241.7899932861328,244.02999877929688,236.11000061035156,238.02999877929688,47184000
2025-03-04,237.7100067138672,240.07000732421875,234.67999267578125,235.92999267578125,53798100
2025-03-05,235.4199981689453,236.5500030517578,229.22999572753906,235.74000549316406,47227600
2025-03-06,234.44000244140625,237.86000061035156,233.16000366210938,235.3300018310547,45170400
2025-03-07,235.11000061035156,241.3699951171875,234.75999450683594,239.07000732421875,46273600
2025-03-10,235.5399932861328,236.16000366210938,224.22000122070312,227.47999572753906,72071200
2025-03-11,223.80999755859375,225.83999633789062,217.4499969482422,220.83999633789062,76137400
2025-03-12,220.13999938964844,221.75,214.91000366210938,216.97999572753906,62547500
2025-03-13,215.9499969482422,216.83999633789062,208.4199981689453,209.67999267578125,61368300
2025-03-14,211.25,213.9499969482422,209.5800018310547,213.49000549316406,60107600
2025-03-17,213.30999755859375,215.22000122070312,209.97000122070312,214.0,48073400
2025-03-18,214.16000366210938,215.14999389648438,211.49000549316406,212.69000244140625,42432400
2025-03-19,214.22000122070312,218.75999450683594,213.75,215.24000549316406,54385400
2025-03-20,213.99000549316406,217.49000549316406,212.22000122070312,214.10000610351562,48862900
2025-03-21,211.55999755859375,218.83999633789062,211.27999877929688,218.27000427246094,94127800
2025-03-24,221.0,221.47999572753906,218.5800018310547,220.72999572753906,44299500
2025-03-25,220.77000427246094,224.10000610351562,220.0800018310547,223.75,34493600
2025-03-26,223.50999450683594,225.02000427246094,220.47000122070312,221.52999877929688,34466100
2025-03-27,221.38999938964844,224.99000549316406,220.55999755859375,223.85000610351562,37094800
2025-03-28,221.6699981689453,223.80999755859375,217.67999267578125,217.89999389648438,39818600
2025-03-31,217.00999450683594,225.6199951171875,216.22999572753906,222.1300048828125,65299300
2025-04-01,219.80999755859375,223.67999267578125,218.89999389648438,223.19000244140625,36412700
2025-04-02,221.32000732421875,225.19000244140625,221.02000427246094,223.88999938964844,35905900
2025-04-03,205.5399932861328,207.49000549316406,201.25,203.19000244140625,103419000
2025-04-04,193.88999938964844,199.8800048828125,187.33999633789062,188.3800048828125,125910900
2025-04-07,177.1999969482422,194.14999389648438,174.6199951171875,181.4600067138672,160466300
2025-04-08,186.6999969482422,190.33999633789062,169.2100067138672,172.4199981689453,120859500
2025-04-09,171.9499969482422,200.61000061035156,171.88999938964844,198.85000610351562,184395900
2025-04-10,189.07000732421875,194.77999877929688,183.0,190.4199981689453,121880000
2025-04-11,186.10000610351562,199.5399932861328,186.05999755859375,198.14999389648438,87435900
2025-04-14,211.44000244140625,212.94000244140625,201.16000366210938,202.52000427246094,101352900
2025-04-15,201.86000061035156,203.50999450683594,199.8000030517578,202.13999938964844,51343900
2025-04-16,198.36000061035156,200.6999969482422,192.3699951171875,194.27000427246094,59732400
2025-04-17,197.1999969482422,198.8300018310547,194.4199981689453,196.97999572753906,52164700
2025-04-21,193.27000427246094,193.8000030517578,189.80999755859375,193.16000366210938,46742500
2025-04-22,196.1199951171875,201.58999633789062,195.97000122070312,199.74000549316406,52976400
2025-04-23,206.0,208.0,202.8000030517578,204.60000610351562,52929200
2025-04-24,204.88999938964844,208.8300018310547,202.94000244140625,208.3699951171875,47311000
2025-04-25,206.3699951171875,209.75,206.1999969482422,209.27999877929688,38222300
2025-04-28,210.0,211.5,207.4600067138672,210.13999938964844,38743100
2025-04-29,208.69000244140625,212.24000549316406,208.3699951171875,211.2100067138672,36827600
2025-04-30,209.3000030517578,213.5800018310547,206.6699981689453,212.5,52286500
2025-05-01,209.0800018310547,214.55999755859375,208.89999389648438,213.32000732421875,57365700
2025-05-02,206.08999633789062,206.99000549316406,202.16000366210938,205.35000610351562,101010600
2025-05-05,203.10000610351562,204.10000610351562,198.2100067138672,198.88999938964844,69018500
2025-05-06,198.2100067138672,200.64999389648438,197.02000427246094,198.50999450683594,51216500
2025-05-07,199.1699981689453,199.44000244140625,193.25,196.25,68536700
2025-05-08,197.72000122070312,200.0500030517578,194.67999267578125,197.49000549316406,50478900
2025-05-09,199.0,200.5399932861328,197.5399932861328,198.52999877929688,36453900
2025-05-12,210.97000122070312,211.27000427246094,206.75,210.7899932861328,63775800
2025-05-13,210.42999267578125,213.39999389648438,209.0,212.92999267578125,51909300
2025-05-14,212.42999267578125,213.94000244140625,210.5800018310547,212.3300018310547,49325800
2025-05-15,210.9499969482422,212.9600067138672,209.5399932861328,211.4499969482422,45029500
2025-05-16,212.36000061035156,212.57000732421875,209.77000427246094,211.25999450683594,54737900
2025-05-19,207.91000366210938,209.47999572753906,204.25999450683594,208.77999877929688,46140500
2025-05-20,207.6699981689453,208.47000122070312,205.02999877929688,206.86000061035156,42496600
2025-05-21,205.1699981689453,207.0399932861328,200.7100067138672,202.08999633789062,59211800
2025-05-22,200.7100067138672,202.75,199.6999969482422,201.36000061035156,46742400
2025-05-23,193.6699981689453,197.6999969482422,193.4600067138672,195.27000427246094,78432900
2025-05-27,198.3000030517578,200.74000549316406,197.42999267578125,200.2100067138672,56288500
2025-05-28,200.58999633789062,202.72999572753906,199.89999389648438,200.4199981689453,45339700
2025-05-29,203.5800018310547,203.80999755859375,198.50999450683594,199.9499969482422,51396800
2025-05-30,199.3699951171875,201.9600067138672,196.77999877929688,200.85000610351562,70819900
2025-06-02,200.27999877929688,202.1300048828125,200.1199951171875,201.6999969482422,35423300
2025-06-03,201.35000610351562,203.77000427246094,200.9600067138672,203.27000427246094,46381600
2025-06-04,202.91000366210938,206.24000549316406,202.10000610351562,202.82000732421875,43604000
2025-06-05,203.5,204.75,200.14999389648438,200.6300048828125,55126100
2025-06-06,203.0,205.6999969482422,202.0500030517578,203.9199981689453,46607700
2025-06-09,204.38999938964844,206.0,200.02000427246094,201.4499969482422,72862600
2025-06-10,200.60000610351562,204.35000610351562,200.57000732421875,202.6699981689453,54672600
2025-06-11,203.5,204.5,198.41000366210938,198.77999877929688,60989900
2025-06-12,199.0800018310547,199.67999267578125,197.36000061035156,199.1999969482422,43904600
2025-06-13,199.72999572753906,200.3699951171875,195.6999969482422,196.4499969482422,51447300
2025-06-16,197.3000030517578,198.69000244140625,196.55999755859375,198.4199981689453,43020700
2025-06-17,197.1999969482422,198.38999938964844,195.2100067138672,195.63999938964844,38856200
2025-06-18,195.94000244140625,197.57000732421875,195.07000732421875,196.5800018310547,45394700
2025-06-20,198.24000549316406,201.6999969482422,196.86000061035156,201.0,96813500
2025-06-23,201.6300048828125,202.3000030517578,198.9600067138672,201.5,55814300
2025-06-24,202.58999633789062,203.44000244140625,200.1999969482422,200.3000030517578,54064000
2025-06-25,201.4499969482422,203.6699981689453,200.6199951171875,201.55999755859375,39525700
2025-06-26,201.42999267578125,202.63999938964844,199.4600067138672,201.0,50799100
2025-06-27,201.88999938964844,203.22000122070312,200.0,201.0800018310547,73188600
2025-06-30,202.00999450683594,207.38999938964844,199.25999450683594,205.1699981689453,91912800
2025-07-01,206.6699981689453,210.19000244140625,206.13999938964844,207.82000732421875,78788900
2025-07-02,208.91000366210938,213.33999633789062,208.13999938964844,212.44000244140625,67941800
2025-07-03,212.14999389648438,214.64999389648438,211.80999755859375,213.5500030517578,34955800
2025-07-07,212.67999267578125,216.22999572753906,208.8000030517578,209.9499969482422,50229000
2025-07-08,210.10000610351562,211.42999267578125,208.4499969482422,210.00999450683594,42848900
2025-07-09,209.52999877929688,211.3300018310547,207.22000122070312,211.13999938964844,48749400
2025-07-10,210.50999450683594,213.47999572753906,210.02999877929688,212.41000366210938,44443600
2025-07-11,210.57000732421875,212.1300048828125,209.86000061035156,211.16000366210938,39765800
2025-07-14,209.92999267578125,210.91000366210938,207.5399932861328,208.6199951171875,38840100
2025-07-15,209.22000122070312,211.88999938964844,208.9199981689453,209.11000061035156,42296300
2025-07-16,210.3000030517578,212.39999389648438,208.63999938964844,210.16000366210938,47490500
2025-07-17,210.57000732421875,211.8000030517578,209.58999633789062,210.02000427246094,48068100
2025-07-18,210.8699951171875,211.7899932861328,209.6999969482422,211.17999267578125,48974600
2025-07-21,212.10000610351562,215.77999877929688,211.6300048828125,212.47999572753906,51377400
2025-07-22,213.13999938964844,214.9499969482422,212.22999572753906,214.39999389648438,46404100
2025-07-23,215.0,215.14999389648438,212.41000366210938,214.14999389648438,46989300
2025-07-24,213.89999389648438,215.69000244140625,213.52999877929688,213.75999450683594,46022600
2025-07-25,214.6999969482422,215.24000549316406,213.39999389648438,213.8800048828125,40268800
2025-07-28,214.02999877929688,214.85000610351562,213.05999755859375,214.0500030517578,37858000
2025-07-29,214.17999267578125,214.80999755859375,210.82000732421875,211.27000427246094,51411700
2025-07-30,211.89999389648438,212.38999938964844,207.72000122070312,209.0500030517578,45512500
2025-07-31,208.49000549316406,209.83999633789062,207.16000366210938,207.57000732421875,80698400
2025-08-01,210.8699951171875,213.5800018310547,201.5,202.3800048828125,104434500
2025-08-04,204.50999450683594,207.8800048828125,201.67999267578125,203.35000610351562,75109300
2025-08-05,203.39999389648438,205.33999633789062,202.16000366210938,202.9199981689453,44155100
2025-08-06,205.6300048828125,215.3800048828125,205.58999633789062,213.25,108483100
2025-08-07,218.8800048828125,220.85000610351562,216.5800018310547,220.02999877929688,90224800
2025-08-08,220.8300018310547,231.0,219.25,229.35000610351562,113854000
2025-08-11,227.9199981689453,229.55999755859375,224.75999450683594,227.17999267578125,61806100
2025-08-12,228.00999450683594,230.8000030517578,227.07000732421875,229.64999389648438,55626200
2025-08-13,231.07000732421875,235.0,230.42999267578125,233.3300018310547,69878500
2025-08-14,234.05999755859375,235.1199951171875,230.85000610351562,232.77999877929688,51916300
2025-08-15,234.0,234.27999877929688,229.33999633789062,231.58999633789062,56038700
2025-08-18,231.6999969482422,233.1199951171875,230.11000061035156,230.88999938964844,37476200
2025-08-19,231.27999877929688,232.8699951171875,229.35000610351562,230.55999755859375,39402600
2025-08-20,229.97999572753906,230.47000122070312,225.77000427246094,226.00999450683594,42263900
2025-08-21,226.27000427246094,226.52000427246094,223.77999877929688,224.89999389648438,30621200
2025-08-22,226.1699981689453,229.08999633789062,225.41000366210938,227.75999450683594,42477800
2025-08-25,226.47999572753906,229.3000030517578,226.22999572753906,227.16000366210938,30983100
2025-08-26,226.8699951171875,229.49000549316406,224.69000244140625,229.30999755859375,54575100
2025-08-27,228.61000061035156,230.89999389648438,228.25999450683594,230.49000549316406,31259500
2025-08-28,230.82000732421875,233.41000366210938,229.33999633789062,232.55999755859375,38074700
2025-08-29,232.50999450683594,233.3800048828125,231.3699951171875,232.13999938964844,39418400
2025-09-02,229.25,230.85000610351562,226.97000122070312,229.72000122070312,44075600
2025-09-03,237.2100067138672,238.85000610351562,234.36000061035156,238.47000122070312,66427800
2025-09-04,238.4499969482422,239.89999389648438,236.74000549316406,239.77999877929688,47549400
2025-09-05,240.0,241.32000732421875,238.49000549316406,239.69000244140625,54870400
2025-09-08,239.3000030517578,240.14999389648438,236.33999633789062,237.8800048828125,48999500
2025-09-09,237.0,238.77999877929688,233.36000061035156,234.35000610351562,66313900
2025-09-10,232.19000244140625,232.4199981689453,225.9499969482422,226.7899932861328,83440800
2025-09-11,226.8800048828125,230.4499969482422,226.64999389648438,230.02999877929688,50208600
2025-09-12,229.22000122070312,234.50999450683594,229.02000427246094,234.07000732421875,55824200
2025-09-15,237.0,238.19000244140625,235.02999877929688,236.6999969482422,42699500
2025-09-16,237.17999267578125,241.22000122070312,236.32000732421875,238.14999389648438,63421100
2025-09-17,238.97000122070312,240.10000610351562,237.72999572753906,238.99000549316406,46508000
2025-09-18,239.97000122070312,241.1999969482422,236.64999389648438,237.8800048828125,44249600
2025-09-19,241.22999572753906,246.3000030517578,240.2100067138672,245.5,163741300
2025-09-22,248.3000030517578,256.6400146484375,248.1199951171875,256.0799865722656,105517400
2025-09-23,255.8800048828125,257.3399963378906,253.5800018310547,254.42999267578125,60275200
2025-09-24,255.22000122070312,255.74000549316406,251.0399932861328,252.30999755859375,42303700
2025-09-25,253.2100067138672,257.1700134277344,251.7100067138672,256.8699951171875,55202100
2025-09-26,254.10000610351562,257.6000061035156,253.77999877929688,255.4600067138672,46076300
2025-09-29,254.55999755859375,255.0,253.00999450683594,254.42999267578125,40127700
2025-09-30,254.86000061035156,255.9199981689453,253.11000061035156,254.6300048828125,37704300
2025-10-01,255.0399932861328,258.7900085449219,254.92999267578125,255.4499969482422,48713900
2025-10-02,256.5799865722656,258.17999267578125,254.14999389648438,257.1300048828125,42630200
2025-10-03,254.6699981689453,259.239990234375,253.9499969482422,258.0199890136719,49155600
2025-10-06,257.989990234375,259.07000732421875,255.0500030517578,256.69000244140625,44664100
2025-10-07,256.80999755859375,257.3999938964844,255.42999267578125,256.4800109863281,31955800
2025-10-08,256.5199890136719,258.5199890136719,256.1099853515625,258.05999755859375,36496900
2025-10-09,257.80999755859375,258.0,253.13999938964844,254.0399932861328,38322000
2025-10-10,254.94000244140625,256.3800048828125,244.0,245.27000427246094,61999100
2025-10-13,249.3800048828125,249.69000244140625,245.55999755859375,247.66000366210938,38142900
2025-10-14,246.60000610351562,248.85000610351562,244.6999969482422,247.77000427246094,35478000
2025-10-15,249.49000549316406,251.82000732421875,247.47000122070312,249.33999633789062,33893600
2025-10-16,248.25,249.0399932861328,245.1300048828125,247.4499969482422,39777000
2025-10-17,248.02000427246094,253.3800048828125,247.27000427246094,252.2899932861328,49147000
2025-10-20,255.88999938964844,264.3800048828125,255.6300048828125,262.239990234375,90483000
2025-10-21,261.8800048828125,265.2900085449219,261.8299865722656,262.7699890136719,46695900
2025-10-22,262.6499938964844,262.8500061035156,255.42999267578125,258.45001220703125,45015300
2025-10-23,259.94000244140625,260.6199951171875,258.010009765625,259.5799865722656,32754900
2025-10-24,261.19000244140625,264.1300048828125,259.17999267578125,262.82000732421875,38253700
2025-10-27,264.8800048828125,269.1199951171875,264.6499938964844,268.80999755859375,44888200
2025-10-28,268.989990234375,269.8900146484375,268.1499938964844,269.0,41534800
2025-10-29,269.2799987792969,271.4100036621094,267.1099853515625,269.70001220703125,51086700
2025-10-30,271.989990234375,274.1400146484375,268.4800109863281,271.3999938964844,69886500
2025-10-31,276.989990234375,277.32000732421875,269.1600036621094,270.3699951171875,86167100
2025-11-03,270.4200134277344,270.8500061035156,266.25,269.04998779296875,50194600
2025-11-04,268.3299865722656,271.489990234375,267.6199951171875,270.0400085449219,49274800
2025-11-05,268.6099853515625,271.70001220703125,266.92999267578125,270.1400146484375,43683100
2025-11-06,267.8900146484375,273.3999938964844,267.8900146484375,269.7699890136719,51204000
2025-11-07,269.79998779296875,272.2900085449219,266.7699890136719,268.4700012207031,48227400
2025-11-10,268.9599914550781,273.7300109863281,267.4599914550781,269.42999267578125,41312400
2025-11-11,269.80999755859375,275.9100036621094,269.79998779296875,275.25,46208300
2025-11-12,275.0,275.7300109863281,271.70001220703125,273.4700012207031,48398000
2025-11-13,274.1099853515625,276.70001220703125,272.0899963378906,272.95001220703125,49602800
2025-11-14,271.04998779296875,275.9599914550781,269.6000061035156,272.4100036621094,47431300
2025-11-17,268.82000732421875,270.489990234375,265.7300109863281,267.4599914550781,45018300
2025-11-18,269.989990234375,270.7099914550781,265.32000732421875,267.44000244140625,45677300
2025-11-19,265.5299987792969,272.2099914550781,265.5,268.55999755859375,40424500
2025-11-20,270.8299865722656,275.42999267578125,265.9200134277344,266.25,45823600
2025-11-21,265.95001220703125,273.3299865722656,265.6700134277344,271.489990234375,59030800
2025-11-24,270.8999938964844,277.0,270.8999938964844,275.9200134277344,65585800
2025-11-25,275.2699890136719,280.3800048828125,275.25,276.9700012207031,46914200
2025-11-26,276.9599914550781,279.5299987792969,276.6300048828125,277.54998779296875,33431400
2025-11-28,277.260009765625,279.0,275.989990234375,278.8500061035156,20135600
2025-12-01,278.010009765625,283.4200134277344,276.1400146484375,283.1000061035156,46587700
2025-12-02,283.0,287.3999938964844,282.6300048828125,286.19000244140625,53669500
2025-12-03,286.20001220703125,288.6199951171875,283.29998779296875,284.1499938964844,43538700
2025-12-04,284.1000061035156,284.7300109863281,278.5899963378906,280.70001220703125,43989100
2025-12-05,280.5400085449219,281.1400146484375,278.04998779296875,278.7799987792969,47265800
2025-12-08,278.1300048828125,279.6700134277344,276.1499938964844,277.8900146484375,38211800
2025-12-09,278.1600036621094,280.0299987792969,276.9200134277344,277.17999267578125,32193300
2025-12-10,277.75,279.75,276.44000244140625,278.7799987792969,33038300
2025-12-11,279.1000061035156,279.5899963378906,273.80999755859375,278.0299987792969,33248000
2025-12-12,277.8999938964844,279.2200012207031,276.82000732421875,278.2799987792969,39532900
2025-12-15,280.1499938964844,280.1499938964844,272.8399963378906,274.1099853515625,50409100
2025-12-16,272.82000732421875,275.5,271.7900085449219,274.6099853515625,37648600
2025-12-17,275.010009765625,276.1600036621094,271.6400146484375,271.8399963378906,50138700
2025-12-18,273.6099853515625,273.6300048828125,266.95001220703125,272.19000244140625,51630700
2025-12-19,272.1499938964844,274.6000061035156,269.8999938964844,273.6700134277344,144632000
2025-12-22,272.8599853515625,273.8800048828125,270.510009765625,270.9700012207031,36571800
2025-12-23,270.8399963378906,272.5,269.55999755859375,272.3599853515625,29642000
2025-12-24,272.3399963378906,275.42999267578125,272.20001220703125,273.80999755859375,17910600
2025-12-26,274.1600036621094,275.3699951171875,272.8599853515625,273.3999938964844,21521800
2025-12-29,272.69000244140625,274.3599853515625,272.3500061035156,273.760009765625,23715200
2025-12-30,272.80999755859375,274.0799865722656,272.2799987792969,273.0799865722656,22139600
2025-12-31,273.05999755859375,273.67999267578125,271.75,271.8599853515625,27293600
2026-01-02,272.260009765625,277.8399963378906,269.0,271.010009765625,37838100
2026-01-05,270.6400146484375,271.510009765625,266.1400146484375,267.260009765625,45647200
2026-01-06,267.0,267.54998779296875,262.1199951171875,262.3599853515625,52352100
2026-01-07,263.20001220703125,263.67999267578125,259.80999755859375,260.3299865722656,48309800
2026-01-08,257.0199890136719,259.2900085449219,255.6999969482422,259.0400085449219,50419300
2026-01-09,259.0799865722656,260.2099914550781,256.2200012207031,259.3699951171875,39997000
2026-01-12,259.1600036621094,261.29998779296875,256.79998779296875,260.25,45263800
2026-01-13,258.7200012207031,261.80999755859375,258.3900146484375,261.04998779296875,45730800
2026-01-14,259.489990234375,261.82000732421875,256.7099914550781,259.9599914550781,40019400
2026-01-15,260.6499938964844,261.0400085449219,257.04998779296875,258.2099914550781,39388600
2026-01-16,257.8999938964844,258.8999938964844,254.92999267578125,255.52999877929688,72142800
2026-01-20,252.72999572753906,254.7899932861328,243.4199981689453,246.6999969482422,80267500
2026-01-21,248.6999969482422,251.55999755859375,245.17999267578125,247.64999389648438,54641700
2026-01-22,249.1999969482422,251.0,248.14999389648438,248.35000610351562,39708300
2026-01-23,247.32000732421875,249.41000366210938,244.67999267578125,248.0399932861328,41689000
2026-01-26,251.47999572753906,256.55999755859375,249.8000030517578,255.41000366210938,55969200
2026-01-27,259.1700134277344,261.95001220703125,258.2099914550781,258.2699890136719,49648300
2026-01-28,257.6499938964844,258.8599853515625,254.50999450683594,256.44000244140625,41288000
2026-01-29,258.0,259.6499938964844,254.41000366210938,258.2799987792969,67253000
2026-01-30,255.1699981689453,261.8999938964844,252.17999267578125,259.4800109863281,92443400
2026-02-02,260.0299987792969,270.489990234375,259.2099914550781,270.010009765625,73913400
2026-02-03,269.20001220703125,271.8800048828125,267.6099853515625,269.4800109863281,64394700
2026-02-04,272.2900085449219,278.95001220703125,272.2900085449219,276.489990234375,90545700
2026-02-05,278.1300048828125,279.5,273.2300109863281,275.9100036621094,52977400
2026-02-06,277.1199951171875,280.9100036621094,276.92999267578125,278.1199951171875,50453400
2026-02-09,277.9100036621094,278.20001220703125,271.70001220703125,274.6199951171875,44623400
2026-02-10,274.8900146484375,275.3699951171875,272.94000244140625,273.67999267578125,34376900
2026-02-11,274.70001220703125,280.17999267578125,274.45001220703125,275.5,51931300
2026-02-12,275.5899963378906,275.7200012207031,260.17999267578125,261.7300109863281,81077200
2026-02-13,262.010009765625,262.2300109863281,255.4499969482422,255.77999877929688,56290700
2026-02-17,258.04998779296875,266.2900085449219,255.5399932861328,263.8800048828125,58469100
2026-02-18,263.6000061035156,266.82000732421875,262.45001220703125,264.3500061035156,34203300
2026-02-19,262.6000061035156,264.4800109863281,260.04998779296875,260.5799865722656,30845300
2026-02-20,258.9700012207031,264.75,258.1600036621094,264.5799865722656,42070500
2026-02-23,263.489990234375,269.42999267578125,263.3800048828125,266.17999267578125,37308200
2026-02-24,267.8599853515625,274.8900146484375,267.7099914550781,272.1400146484375,47014600
2026-02-25,271.7799987792969,274.94000244140625,271.04998779296875,274.2300109863281,33714300
2026-02-26,274.95001220703125,276.1099853515625,270.79998779296875,272.95001220703125,32345100
2026-02-27,272.80999755859375,272.80999755859375,262.8900146484375,264.17999267578125,72366500
2026-03-02,262.4100036621094,266.5299987792969,260.20001220703125,264.7200012207031,41827900
2026-03-03,263.4800109863281,265.55999755859375,260.1300048828125,263.75,38568900
2026-03-04,264.6499938964844,266.1499938964844,261.4200134277344,262.5199890136719,39803100
2026-03-05,260.7900085449219,261.55999755859375,257.25,260.2900085449219,49658600
2026-03-06,258.6300048828125,258.7699890136719,254.3699951171875,257.4599914550781,41120000
2026-03-09,255.69000244140625,261.1499938964844,253.67999267578125,259.8800048828125,38218500
2026-03-10,257.6499938964844,262.4800109863281,256.95001220703125,260.8299865722656,30590800
2026-03-11,261.0899963378906,262.1300048828125,259.54998779296875,260.80999755859375,26218900
2026-03-12,258.6600036621094,258.95001220703125,254.17999267578125,255.75999450683594,40794000
2026-03-13,255.47999572753906,256.3299865722656,249.52000427246094,250.1199951171875,36930000
2026-03-16,252.11000061035156,253.88999938964844,249.8800048828125,252.82000732421875,32074200
2026-03-17,252.9600067138672,255.1300048828125,252.17999267578125,254.22999572753906,32361600
2026-03-18,252.6300048828125,254.94000244140625,249.0,249.94000244140625,35757900
2026-03-19,249.39999389648438,251.8300018310547,247.3000030517578,248.9600067138672,34864100
2026-03-20,247.97999572753906,249.1999969482422,246.0,247.99000549316406,88331100
2026-03-23,253.97000122070312,254.60000610351562,250.27999877929688,251.49000549316406,40546100
2026-03-24,250.35000610351562,254.8300018310547,249.5500030517578,251.63999938964844,45152300
2026-03-25,254.10000610351562,255.0,251.60000610351562,252.6199951171875,28476700
2026-03-26,252.1199951171875,257.0,250.77000427246094,252.88999938964844,41796700
2026-03-27,253.89999389648438,255.49000549316406,248.07000732421875,248.8000030517578,47900000
2026-03-30,250.07000732421875,250.8699951171875,245.50999450683594,246.6300048828125,39446200
2026-03-31,247.91000366210938,255.47999572753906,247.10000610351562,253.7899932861328,49598100
2026-04-01,254.0800018310547,256.17999267578125,253.3300018310547,255.6300048828125,40059400
2026-04-02,254.1999969482422,256.1300048828125,250.64999389648438,255.9199981689453,31289400
2026-04-06,256.510009765625,262.1600036621094,256.4599914550781,258.8599853515625,29329900
2026-04-07,256.1600036621094,256.20001220703125,245.6999969482422,253.5,62148000
2026-04-08,258.45001220703125,259.75,256.5299987792969,258.8999938964844,41032800
2026-04-09,259.0,261.1199951171875,256.07000732421875,260.489990234375,28121600
2026-04-10,259.9800109863281,262.19000244140625,259.0199890136719,260.4800109863281,31291500
2026-04-13,259.7300109863281,260.17999267578125,256.6600036621094,259.20001220703125,36234700
2026-04-14,259.25,261.92999267578125,257.19000244140625,258.8299865722656,48370700
2026-04-15,258.1600036621094,266.55999755859375,257.80999755859375,266.42999267578125,49913500
2026-04-16,266.79998779296875,267.1600036621094,261.2699890136719,263.3999938964844,43323100
2026-04-17,266.9599914550781,272.29998779296875,266.7200012207031,270.2300109863281,61436200
2026-04-20,270.3299865722656,274.2799987792969,270.2900085449219,273.04998779296875,36590200
2026-04-21,271.5,272.79998779296875,265.3999938964844,266.1700134277344,50209800
2026-04-22,267.82000732421875,273.739990234375,266.8699951171875,273.1700134277344,43249200
2026-04-23,275.04998779296875,275.7699890136719,271.6499938964844,273.42999267578125,33399600
2026-04-24,272.760009765625,273.05999755859375,269.6499938964844,271.05999755859375,38157100
2026-04-27,266.0899963378906,268.3599853515625,265.07000732421875,267.6099853515625,41466800
2026-04-28,272.3399963378906,273.2300109863281,268.6600036621094,270.7099914550781,40018900
2026-04-29,267.54998779296875,271.0400085449219,267.0400085449219,270.1700134277344,30047900
2026-04-30,270.5,276.0,268.1400146484375,271.3500061035156,91848200
2026-05-01,278.8599853515625,287.2200012207031,278.3699951171875,280.1400146484375,79915400
2026-05-04,279.6600036621094,280.6300048828125,274.8599853515625,276.8299865722656,46668400
2026-05-05,276.92999267578125,284.57000732421875,276.5,284.17999267578125,49311700
2026-05-06,281.9200134277344,288.0299987792969,281.07000732421875,287.510009765625,58336100
2026-05-07,289.2699890136719,292.1300048828125,285.7799987792969,287.44000244140625,45224300
2026-05-08,290.010009765625,294.760009765625,290.0,293.32000732421875,52692800
2026-05-11,291.9800109863281,293.8800048828125,290.2300109863281,292.67999267578125,42247300
2026-05-12,292.55999755859375,295.2699890136719,292.55999755859375,294.79998779296875,45748100
2026-05-13,293.5,300.9200134277344,293.5,298.8699951171875,52684300
2026-05-14,299.82000732421875,300.45001220703125,295.3800048828125,298.2099914550781,35324900
2026-05-15,297.8999938964844,303.20001220703125,296.5199890136719,300.2300109863281,54862800
2026-05-18,300.239990234375,300.6600036621094,294.9100036621094,297.8399963378906,34483000
2026-05-19,296.9700012207031,300.510009765625,296.3500061035156,298.9700012207031,42243600
2026-05-20,298.17999267578125,302.79998779296875,298.0799865722656,302.25,38229800
2026-05-21,301.05999755859375,305.5400085449219,300.3999938964844,304.989990234375,42965100
2026-05-22,306.1199951171875,311.3999938964844,305.8399963378906,308.82000732421875,43670200
2026-05-26,309.55999755859375,311.82000732421875,307.6700134277344,308.3299865722656,48000500
2026-05-27,308.3299865722656,313.260009765625,308.29998779296875,310.8500061035156,50430900
2026-05-28,310.67999267578125,312.79998779296875,309.57000732421875,312.510009765625,48220400
2026-05-29,311.7799987792969,315.0,309.5299987792969,312.05999755859375,70026800
2026-06-01,309.6300048828125,310.94000244140625,305.0199890136719,306.30999755859375,48849900
2026-06-02,307.4599914550781,315.45001220703125,306.69000244140625,315.20001220703125,44534700
2026-06-03,314.17999267578125,316.94000244140625,308.8500061035156,310.260009765625,50836700
2026-06-04,313.2300109863281,313.5400085449219,309.6499938964844,311.2300109863281,44869100
2026-06-05,312.8599853515625,315.1700134277344,307.1499938964844,307.3399963378906,65310500
2026-06-08,308.739990234375,317.3999938964844,301.1700134277344,301.5400085449219,77949100
2026-06-09,300.2799987792969,300.75,287.7799987792969,290.54998779296875,70108800
2026-06-10,290.739990234375,294.75,287.3800048828125,291.5799865722656,52793300
2026-06-11,293.7200012207031,297.0,289.5899963378906,295.6300048828125,42572500
2026-06-12,296.0299987792969,297.1400146484375,289.6199951171875,291.1300048828125,38742100
2026-06-15,294.1199951171875,297.7799987792969,291.70001220703125,296.4200134277344,45732600
2026-06-16,295.25,300.4800109863281,293.9700012207031,299.239990234375,39874400
2026-06-17,300.8500061035156,302.07000732421875,294.3599853515625,295.95001220703125,42745100
2026-06-18,298.1099853515625,300.57000732421875,295.6199951171875,298.010009765625,85962200
2026-06-22,297.30999755859375,302.4200134277344,296.760009765625,297.010009765625,44879900
2026-06-23,297.5400085449219,301.6400146484375,294.17999267578125,294.29998779296875,52010900
2026-06-24,295.3599853515625,299.70001220703125,292.94000244140625,293.0799865722656,53081900
2026-06-25,287.3999938964844,288.79998779296875,273.75,275.1499938964844,107013700
2026-06-26,275.0,285.95001220703125,274.2099914550781,283.7799987792969,261775500
2026-06-29,286.7300109863281,288.3699951171875,279.8500061035156,281.739990234375,66427000
2026-06-30,281.1700134277344,289.94000244140625,280.70001220703125,289.3599853515625,65100200
2026-07-01,293.44000244140625,296.5899963378906,289.20001220703125,294.3800048828125,50164200
2026-07-02,294.1199951171875,309.4200134277344,293.67999267578125,308.6300048828125,75352800
2026-07-06,307.3599853515625,314.20001220703125,307.0,312.6600036621094,53590000
2026-07-07,315.2900085449219,315.4800109863281,310.1499938964844,310.6600036621094,42490000
2026-07-08,311.9100036621094,314.82000732421875,307.04998779296875,313.3900146484375,41323500
2026-07-09,310.510009765625,316.5299987792969,308.1600036621094,316.2200012207031,48124500
2026-07-10,314.7200012207031,316.9100036621094,312.1700134277344,315.32000732421875,34132300
2026-07-13,317.0199890136719,323.45001220703125,315.7799987792969,317.30999755859375,43257800
2026-07-14,313.760009765625,316.19000244140625,311.9100036621094,314.8599853515625,36336800
2026-07-15,317.6199951171875,328.7300109863281,317.32000732421875,327.5,60957600
2026-07-16,328.010009765625,334.67999267578125,326.7900085449219,333.260009765625,62970600
2026-07-17,331.9800109863281,334.989990234375,329.0,333.739990234375,63407100
2026-07-20,333.510009765625,333.7099914550781,323.67999267578125,326.5899963378906,53468000
2026-07-21,323.1300048828125,329.6000061035156,322.2200012207031,327.739990234375,41338900
2026-07-22,327.8699951171875,329.0,323.3399963378906,325.8900146484375,38755900
2026-07-23,321.7300109863281,323.29998779296875,319.3500061035156,321.6600036621094,40840800
2026-07-24,321.7900085449219,334.3699951171875,321.6199951171875,333.0199890136719,47489400
2026-07-27,334.5400085449219,339.57000732421875,334.0199890136719,336.9100036621094,49604300
2026-07-28,340.0299987792969,342.8900146484375,335.6000061035156,340.0799865722656,51859000
2026-07-29,339.7300109863281,344.57000732421875,337.3500061035156,338.19000244140625,56090800
2026-07-30,333.1000061035156,334.75,329.5899963378906,333.42999267578125,74817800
2026-07-31,304.80999755859375,310.69000244140625,300.0,308.9100036621094,132489100
2026-08-03,309.5799865722656,311.79998779296875,302.55999755859375,303.4200134277344,75052000
2026-08-04,302.7300109863281,310.4200134277344,301.32000732421875,309.3800048828125,68001000
2026-08-05,309.3599853515625,311.7099914550781,305.6700134277344,311.0,49438800
2026-08-06,314.3399963378906,316.2900085449219,309.2300109863281,312.4100036621094,46139900
2026-08-07,311.45001220703125,314.80999755859375,310.739990234375,313.3299865722656,34437200
2026-08-10,306.8299865722656,308.260009765625,304.6099853515625,308.260009765625,44812500
2026-08-11,307.75,309.9700012207031,302.7900085449219,304.9100036621094,37476700
2026-08-12,305.1000061035156,305.6600036621094,300.57000732421875,302.25,41657800
2026-08-13,304.2099914550781,306.0,302.04998779296875,305.260009765625,40349300
2026-08-14,306.0,307.489990234375,304.29998779296875,305.92999267578125,28229400
2026-08-17,306.2099914550781,307.6600036621094,302.94000244140625,305.5899963378906,38169300
2026-08-18,307.5799865722656,311.489990234375,305.739990234375,310.0299987792969,53424500
2026-08-19,310.1400146484375,319.2799987792969,309.6000061035156,316.8299865722656,50505600
2026-08-20,317.4599914550781,320.2799987792969,310.6499938964844,311.29998779296875,40959200
2026-08-21,312.04998779296875,312.3800048828125,307.010009765625,309.3500061035156,46876800
2026-08-24,311.4700012207031,313.3599853515625,309.9700012207031,310.3399963378906,34673600
2026-08-25,310.7900085449219,313.5899963378906,308.2099914550781,309.8999938964844,25869800
2026-08-26,310.29998779296875,315.42999267578125,308.79998779296875,313.45001220703125,34024500
2026-08-27,310.54998779296875,315.3999938964844,309.3999938964844,314.5799865722656,32419200
2026-08-28,316.8500061035156,322.3699951171875,315.45001220703125,319.70001220703125,38649400
2026-08-31,319.6000061035156,321.239990234375,312.79998779296875,316.8500061035156,41242700
2026-09-01,316.9800109863281,327.29998779296875,314.7300109863281,325.1300048828125,53167400
2026-09-02,326.8699951171875,328.3999938964844,323.5299987792969,324.9599914550781,33776400
2026-09-03,324.8699951171875,330.80999755859375,324.1099853515625,328.2099914550781,37225800
2026-09-04,328.30999755859375,328.92999267578125,317.8599853515625,319.9700012207031,39551800
