date,open,high,low,close,volume
2008-01-02,87.56999969482422,87.83999633789062,86.0,86.62000274658203,4303000
2008-01-03,87.06999969482422,87.63999938964844,86.73999786376953,86.9800033569336,3427900
2008-01-04,86.31999969482422,87.16000366210938,85.69000244140625,85.81999969482422,5393400
2008-01-07,86.25,86.30000305175781,82.16999816894531,82.87000274658203,9961800
2008-01-08,83.11000061035156,83.37000274658203,79.6500015258789,79.91000366210938,9810600
2008-01-09,79.69999694824219,80.43000030517578,77.80999755859375,80.30000305175781,10307100
2008-01-10,79.86000061035156,83.19000244140625,79.86000061035156,82.36000061035156,9411400
2008-01-11,81.7699966430664,81.77999877929688,80.0,80.5199966430664,6556600
2008-01-14,81.33000183105469,82.37000274658203,80.1500015258789,81.66999816894531,7732600
2008-01-15,81.47000122070312,81.80000305175781,76.0,77.86000061035156,16467100
2008-01-16,77.80999755859375,81.30999755859375,76.5,79.87000274658203,13292400
2008-01-17,81.19999694824219,82.48999786376953,79.0199966430664,79.5199966430664,9303800
2008-01-18,80.25,80.81999969482422,77.76000213623047,78.4000015258789,7686800
2008-01-22,74.52999877929688,78.73999786376953,74.4000015258789,77.5999984741211,8503300
2008-01-23,75.5,77.19000244140625,74.12000274658203,76.56999969482422,13028100
2008-01-24,77.55999755859375,78.33999633789062,76.4800033569336,77.62000274658203,7449300
2008-01-25,78.6500015258789,79.66999816894531,76.97000122070312,77.02999877929688,7849500
2008-01-28,77.1500015258789,77.72000122070312,76.4800033569336,77.5999984741211,4864300
2008-01-29,78.56999969482422,81.05999755859375,78.2699966430664,80.95999908447266,9025500
2008-01-30,79.69999694824219,84.87000274658203,79.69000244140625,82.87000274658203,11331100
2008-01-31,81.77999877929688,83.83999633789062,80.80000305175781,83.18000030517578,7887700
2008-02-01,83.37000274658203,83.98999786376953,81.8499984741211,82.76000213623047,6685900
2008-02-04,82.77999877929688,83.36000061035156,81.91000366210938,82.9000015258789,3106300
2008-02-05,81.61000061035156,82.77999877929688,81.3499984741211,81.69000244140625,4691600
2008-02-06,81.9000015258789,81.94999694824219,79.5999984741211,79.91000366210938,5331700
2008-02-07,78.70999908447266,80.23999786376953,78.70999908447266,79.75,6779000
2008-02-08,79.4800033569336,80.13999938964844,78.80999755859375,79.33000183105469,4343300
2008-02-11,79.45999908447266,81.38999938964844,78.8499984741211,81.12999725341797,4898200
2008-02-12,81.80000305175781,84.52999877929688,81.44000244140625,83.55999755859375,7980000
2008-02-13,84.3499984741211,85.62999725341797,84.01000213623047,85.4800033569336,6405000
2008-02-14,85.66999816894531,86.05999755859375,84.9000015258789,85.22000122070312,6631600
2008-02-15,85.05999755859375,85.41999816894531,84.16999816894531,85.18000030517578,5749300
2008-02-19,86.11000061035156,86.87999725341797,84.83000183105469,85.37000274658203,4158300
2008-02-20,84.47000122070312,84.69000244140625,82.94999694824219,84.0,7526400
2008-02-21,84.12000274658203,84.95999908447266,81.87000274658203,82.01000213623047,6688300
2008-02-22,82.51000213623047,83.20999908447266,81.75,83.04000091552734,5229100
2008-02-25,83.26000213623047,84.73999786376953,83.12000274658203,84.66000366210938,5450600
2008-02-26,85.12000274658203,85.12000274658203,83.9000015258789,84.56999969482422,5171700
2008-02-27,84.22000122070312,85.19000244140625,83.4000015258789,83.94999694824219,4675100
2008-02-28,83.51000213623047,85.0,82.7300033569336,84.80000305175781,5727400
2008-02-29,84.02999877929688,84.5,82.4000015258789,82.79000091552734,7667800
2008-03-03,79.31999969482422,80.88999938964844,79.25,80.66999816894531,9575400
2008-03-04,79.77999877929688,79.98999786376953,78.33999633789062,79.62000274658203,8209200
2008-03-05,79.81999969482422,81.31999969482422,79.66999816894531,80.70999908447266,5669600
2008-03-06,80.55000305175781,80.72000122070312,79.37999725341797,79.51000213623047,4503500
2008-03-07,78.98999786376953,79.0,76.37000274658203,76.5999984741211,9657100
2008-03-10,76.52999877929688,76.70999908447266,74.37999725341797,74.37999725341797,9930500
2008-03-11,74.77999877929688,75.75,72.38999938964844,73.4000015258789,14137400
2008-03-12,73.70999908447266,74.75,72.12999725341797,72.44999694824219,8966800
2008-03-13,71.80999755859375,74.41999816894531,71.58999633789062,74.18000030517578,10850600
2008-03-14,75.79000091552734,77.19000244140625,75.12999725341797,76.2300033569336,13225400
2008-03-17,74.45999908447266,76.19999694824219,74.13999938964844,75.48999786376953,5463100
2008-03-18,77.0,77.0,75.26000213623047,76.52999877929688,5644000
2008-03-19,76.9800033569336,77.0,73.44999694824219,73.44999694824219,9195600
2008-03-20,73.55000305175781,75.0,72.72000122070312,74.80000305175781,8086000
2008-03-24,75.25,76.4800033569336,74.79000091552734,76.29000091552734,4853800
2008-03-25,76.87999725341797,76.87999725341797,75.13999938964844,75.9000015258789,5969200
2008-03-26,75.66000366210938,76.5,75.5999984741211,76.30000305175781,4350600
2008-03-27,75.86000061035156,76.36000061035156,74.13999938964844,74.22000122070312,7709400
2008-03-28,74.44000244140625,74.62999725341797,73.08000183105469,73.47000122070312,4616800
2008-03-31,74.0,74.58000183105469,73.4000015258789,74.37000274658203,7394800
2008-04-01,75.0199966430664,75.88999938964844,74.80000305175781,75.87999725341797,5956000
2008-04-02,76.0999984741211,77.19000244140625,75.7300033569336,76.8499984741211,6121500
2008-04-03,76.55000305175781,77.22000122070312,75.9000015258789,76.13999938964844,5597100
2008-04-04,76.04000091552734,76.62999725341797,75.33000183105469,75.6500015258789,5086600
2008-04-07,76.52999877929688,76.52999877929688,74.87999725341797,74.9800033569336,5388700
2008-04-08,74.51000213623047,75.38999938964844,74.04000091552734,75.0199966430664,5597200
2008-04-09,76.72000122070312,79.9000015258789,76.30999755859375,78.5999984741211,19513400
2008-04-10,78.44999694824219,79.05000305175781,77.79000091552734,78.43000030517578,7873800
2008-04-11,77.6500015258789,78.41000366210938,76.72000122070312,76.86000061035156,5427700
2008-04-14,76.68000030517578,77.63999938964844,76.66999816894531,77.22000122070312,4926500
2008-04-15,77.55999755859375,77.66999816894531,75.5999984741211,75.69999694824219,6337700
2008-04-16,76.30999755859375,76.91999816894531,75.63999938964844,76.66999816894531,4895700
2008-04-17,76.4000015258789,77.26000213623047,76.4000015258789,76.91000366210938,3466400
2008-04-18,77.5,79.0999984741211,77.5,78.66000366210938,6742900
2008-04-21,78.70999908447266,79.37000274658203,78.16999816894531,79.08999633789062,4744200
2008-04-22,79.31999969482422,79.98999786376953,77.75,78.55999755859375,7615500
2008-04-23,80.6500015258789,83.36000061035156,79.56999969482422,82.08999633789062,15488400
2008-04-24,82.48999786376953,83.37000274658203,81.6500015258789,83.0,5755200
2008-04-25,83.37999725341797,85.25,83.37999725341797,84.83999633789062,8355000
2008-04-28,85.01000213623047,85.63999938964844,84.27999877929688,84.9800033569336,5378900
2008-04-29,84.54000091552734,86.44999694824219,84.54000091552734,85.52999877929688,4485300
2008-04-30,85.83000183105469,86.18000030517578,84.62999725341797,84.86000061035156,5220600
2008-05-01,84.86000061035156,85.4800033569336,84.56999969482422,85.41000366210938,5083200
2008-05-02,86.31999969482422,86.5,84.9800033569336,85.69000244140625,3784500
2008-05-05,85.31999969482422,86.06999969482422,85.0,85.91999816894531,3886400
2008-05-06,85.58999633789062,86.20999908447266,85.12999725341797,86.1500015258789,5079200
2008-05-07,86.02999877929688,86.0999984741211,84.41999816894531,84.55000305175781,5060300
2008-05-08,84.70999908447266,85.19999694824219,84.0,84.76000213623047,3671600
2008-05-09,84.43000030517578,84.75,83.75,84.05999755859375,3328200
2008-05-12,84.4000015258789,85.0,83.27999877929688,84.80000305175781,5367400
2008-05-13,84.98999786376953,85.29000091552734,84.11000061035156,85.08000183105469,4292400
2008-05-14,85.30000305175781,86.66999816894531,85.08000183105469,85.69000244140625,4909900
2008-05-15,85.70999908447266,86.13999938964844,85.0,85.55000305175781,6006300
2008-05-16,85.83999633789062,85.83999633789062,84.73999786376953,85.16999816894531,7129900
2008-05-19,85.55999755859375,88.29000091552734,85.0,87.06999969482422,7176300
2008-05-20,87.05000305175781,87.05000305175781,84.61000061035156,85.13999938964844,5698000
2008-05-21,85.41000366210938,85.5999984741211,80.77999877929688,81.19000244140625,10847200
2008-05-22,81.05000305175781,81.72000122070312,80.55000305175781,81.41000366210938,6333300
2008-05-23,81.20999908447266,82.08999633789062,80.8499984741211,81.4800033569336,4476600
2008-05-27,81.5999984741211,83.30000305175781,81.5999984741211,82.87000274658203,4528900
2008-05-28,83.25,83.25,81.08000183105469,82.12999725341797,4135400
2008-05-29,81.81999969482422,83.0,81.05000305175781,82.11000061035156,3465200
2008-05-30,82.4000015258789,82.94000244140625,81.01000213623047,82.7699966430664,4660200
2008-06-02,82.61000061035156,82.61000061035156,80.47000122070312,81.1500015258789,4492000
2008-06-03,81.5,81.80000305175781,77.30000305175781,78.12000274658203,10185000
2008-06-04,77.54000091552734,78.81999969482422,77.4800033569336,78.0199966430664,6750100
2008-06-05,78.19000244140625,78.19999694824219,76.80000305175781,77.30999755859375,5787700
2008-06-06,76.54000091552734,76.56999969482422,73.0,73.16000366210938,12786400
2008-06-09,73.4000015258789,74.12000274658203,73.13999938964844,73.94999694824219,6629000
2008-06-10,73.45999908447266,74.11000061035156,72.76000213623047,73.66999816894531,5675000
2008-06-11,73.44000244140625,73.7699966430664,72.93000030517578,73.30999755859375,6544800
2008-06-12,74.01000213623047,77.05000305175781,73.79000091552734,74.12000274658203,9794900
2008-06-13,74.76000213623047,75.48999786376953,74.37999725341797,75.12000274658203,6087100
2008-06-16,74.7699966430664,75.44999694824219,74.02999877929688,75.0199966430664,3481100
2008-06-17,75.37999725341797,75.5,73.80999755859375,74.37999725341797,6503700
2008-06-18,73.37000274658203,76.33999633789062,73.37000274658203,74.6500015258789,11534700
2008-06-19,75.05000305175781,77.20999908447266,74.68000030517578,76.94999694824219,7539700
2008-06-20,77.80000305175781,77.80000305175781,75.66000366210938,75.83000183105469,8868600
2008-06-23,76.2300033569336,76.4800033569336,75.12000274658203,75.58999633789062,4036600
2008-06-24,75.23999786376953,75.61000061035156,74.12999725341797,74.79000091552734,4949800
2008-06-25,72.27999877929688,72.79000091552734,69.3499984741211,69.63999938964844,21124600
2008-06-26,68.75,70.38999938964844,68.05000305175781,68.20999908447266,10984200
2008-06-27,67.73999786376953,67.93000030517578,66.37999725341797,66.91999816894531,10369500
2008-06-30,66.62999725341797,66.75,65.55000305175781,65.72000122070312,8562400
2008-07-01,64.94999694824219,66.22000122070312,64.55999755859375,65.44999694824219,9758400
2008-07-02,65.81999969482422,65.98999786376953,63.900001525878906,63.900001525878906,10136400
2008-07-03,64.01000213623047,64.5999984741211,63.540000915527344,64.47000122070312,4058400
2008-07-07,64.66000366210938,65.69000244140625,63.56999969482422,64.29000091552734,6175400
2008-07-08,64.43000030517578,66.0,64.20999908447266,65.91999816894531,6689800
2008-07-09,66.05999755859375,67.2300033569336,65.31999969482422,65.58999633789062,9614900
2008-07-10,65.94999694824219,66.5,65.01000213623047,65.98999786376953,7304100
2008-07-11,65.3499984741211,65.3499984741211,62.86000061035156,63.279998779296875,9787400
2008-07-14,64.4000015258789,64.4000015258789,62.630001068115234,63.189998626708984,5545500
2008-07-15,62.060001373291016,64.36000061035156,62.02000045776367,63.880001068115234,7925200
2008-07-16,63.90999984741211,65.68000030517578,63.5,65.58000183105469,5644100
2008-07-17,66.05000305175781,67.22000122070312,65.05000305175781,66.91999816894531,7105200
2008-07-18,67.11000061035156,68.33999633789062,66.54000091552734,68.13999938964844,8452100
2008-07-21,68.5,68.91000366210938,67.30000305175781,68.23999786376953,5025700
2008-07-22,68.58000183105469,69.5,67.76000213623047,69.26000213623047,6168500
2008-07-23,67.31999969482422,68.01000213623047,65.62000274658203,66.72000122070312,11043900
2008-07-24,65.5999984741211,66.08999633789062,62.04999923706055,62.529998779296875,14072900
2008-07-25,63.0,64.13999938964844,62.34000015258789,63.83000183105469,9167400
2008-07-28,63.81999969482422,64.05999755859375,62.2599983215332,62.34000015258789,6253100
2008-07-29,62.63999938964844,63.5,62.31999969482422,63.209999084472656,5620700
2008-07-30,63.59000015258789,63.93000030517578,63.0,63.81999969482422,6011000
2008-07-31,63.0,63.0,61.0099983215332,61.11000061035156,10585300
2008-08-01,61.38999938964844,62.279998779296875,60.77000045776367,62.0099983215332,7016800
2008-08-04,62.08000183105469,62.33000183105469,61.130001068115234,61.36000061035156,6074500
2008-08-05,61.869998931884766,65.68000030517578,61.86000061035156,65.19999694824219,8941000
2008-08-06,64.9000015258789,66.0199966430664,64.0,65.4000015258789,6240000
2008-08-07,65.05999755859375,66.18000030517578,64.6500015258789,64.69000244140625,7389300
2008-08-08,64.87000274658203,68.75,64.30999755859375,67.86000061035156,10088400
2008-08-11,67.88999938964844,67.9000015258789,66.20999908447266,66.62000274658203,6875200
2008-08-12,66.88999938964844,66.94999694824219,65.56999969482422,65.93000030517578,6422200
2008-08-13,66.06999969482422,66.2300033569336,64.0,64.26000213623047,8990000
2008-08-14,63.7400016784668,65.43000030517578,63.45000076293945,64.7699966430664,9356600
2008-08-15,64.7699966430664,65.33000183105469,63.81999969482422,64.44999694824219,7672600
2008-08-18,64.5,65.22000122070312,63.18000030517578,63.63999938964844,4903400
2008-08-19,63.47999954223633,64.19000244140625,62.619998931884766,62.95000076293945,8101400
2008-08-20,62.9900016784668,63.970001220703125,62.209999084472656,63.209999084472656,3964400
2008-08-21,62.970001220703125,63.790000915527344,62.209999084472656,63.54999923706055,4048500
2008-08-22,63.939998626708984,65.70999908447266,63.5099983215332,65.55000305175781,5490800
2008-08-25,64.91000366210938,65.48999786376953,63.58000183105469,64.06999969482422,4578300
2008-08-26,64.08999633789062,64.38999938964844,62.869998931884766,63.459999084472656,4488800
2008-08-27,63.56999969482422,65.19999694824219,63.20000076293945,64.5199966430664,4034300
2008-08-28,64.77999877929688,66.9800033569336,64.26000213623047,66.33999633789062,4448600
2008-08-29,66.25,66.43000030517578,65.0999984741211,65.55999755859375,3912800
2008-09-02,67.0,68.47000122070312,65.43000030517578,65.87000274658203,6464200
2008-09-03,65.69000244140625,67.08000183105469,64.13999938964844,66.06999969482422,5252900
2008-09-04,65.01000213623047,65.30000305175781,62.040000915527344,63.029998779296875,10921800
2008-09-05,62.52000045776367,63.4900016784668,61.88999938964844,62.88999938964844,5608800
2008-09-08,62.470001220703125,64.06999969482422,61.86000061035156,63.90999984741211,8309100
2008-09-09,63.91999816894531,65.22000122070312,63.91999816894531,64.0199966430664,7752800
2008-09-10,63.58000183105469,63.810001373291016,61.58000183105469,61.709999084472656,9138500
2008-09-11,61.130001068115234,62.709999084472656,61.130001068115234,62.56999969482422,6101100
2008-09-12,62.380001068115234,63.41999816894531,61.70000076293945,63.29999923706055,5084500
2008-09-15,61.810001373291016,62.79999923706055,61.0,62.25,9809800
2008-09-16,61.02000045776367,63.0,60.15999984741211,61.720001220703125,8591700
2008-09-17,60.880001068115234,61.0,56.43000030517578,57.0,14830200
2008-09-18,57.689998626708984,58.65999984741211,54.20000076293945,58.11000061035156,14031600
2008-09-19,60.7400016784668,61.0,57.599998474121094,59.7599983215332,10863200
2008-09-22,59.33000183105469,60.40999984741211,58.2599983215332,58.810001373291016,6031400
2008-09-23,58.90999984741211,60.38999938964844,57.189998626708984,57.310001373291016,6634600
2008-09-24,57.540000915527344,58.869998931884766,56.93000030517578,57.36000061035156,5484100
2008-09-25,57.66999816894531,58.20000076293945,56.79999923706055,57.41999816894531,6381800
2008-09-26,56.7400016784668,58.5,56.0099983215332,58.31999969482422,5866500
2008-09-29,57.5,57.95000076293945,54.75,55.470001220703125,9604900
2008-09-30,56.290000915527344,57.650001525878906,55.619998931884766,57.349998474121094,6412200
2008-10-01,56.7599983215332,58.0,55.369998931884766,56.619998931884766,6221800
2008-10-02,56.33000183105469,56.970001220703125,53.34000015258789,53.58000183105469,8128100
2008-10-03,54.0,56.400001525878906,53.7599983215332,53.83000183105469,9312300
2008-10-06,51.77000045776367,53.0,47.880001068115234,51.290000915527344,12428500
2008-10-07,51.790000915527344,52.560001373291016,48.709999084472656,49.279998779296875,10927800
2008-10-08,48.40999984741211,50.0,47.18000030517578,47.70000076293945,11889300
2008-10-09,47.83000183105469,48.939998626708984,44.40999984741211,44.40999984741211,12239000
2008-10-10,40.130001068115234,44.25,40.0,41.79999923706055,20325600
2008-10-13,43.56999969482422,47.310001373291016,42.5,47.08000183105469,14290600
2008-10-14,48.630001068115234,49.470001220703125,43.61000061035156,45.06999969482422,12493900
2008-10-15,44.18000030517578,45.47999954223633,41.540000915527344,42.33000183105469,10146800
2008-10-16,42.63999938964844,45.0,39.9900016784668,44.790000915527344,11752000
2008-10-17,43.95000076293945,46.81999969482422,43.209999084472656,44.54999923706055,10045100
2008-10-20,44.7400016784668,46.77000045776367,43.720001220703125,46.709999084472656,7809200
2008-10-21,46.31999969482422,47.689998626708984,45.529998779296875,46.400001525878906,7357000
2008-10-22,44.15999984741211,44.900001525878906,41.79999923706055,42.90999984741211,10096700
2008-10-23,43.20000076293945,46.810001373291016,42.810001373291016,46.52000045776367,13971200
2008-10-24,42.5,47.2400016784668,41.75,45.2400016784668,9792200
2008-10-27,45.70000076293945,46.130001068115234,42.2599983215332,42.36000061035156,9236200
2008-10-28,46.45000076293945,49.04999923706055,43.630001068115234,48.90999984741211,14396800
2008-10-29,48.810001373291016,52.81999969482422,48.810001373291016,49.79999923706055,12835700
2008-10-30,52.279998779296875,52.79999923706055,48.58000183105469,50.70000076293945,9559100
2008-10-31,50.619998931884766,52.61000061035156,49.279998779296875,52.41999816894531,8419400
2008-11-03,51.900001525878906,53.18000030517578,50.81999969482422,52.849998474121094,8412300
2008-11-04,54.40999984741211,54.650001525878906,52.720001220703125,53.619998931884766,9284500
2008-11-05,52.5,52.59000015258789,49.0,49.54999923706055,10002100
2008-11-06,48.970001220703125,50.22999954223633,45.349998474121094,45.720001220703125,13721300
2008-11-07,46.58000183105469,47.29999923706055,45.349998474121094,46.58000183105469,7150800
2008-11-10,47.29999923706055,48.310001373291016,45.59000015258789,46.13999938964844,5304200
2008-11-11,45.5,45.5,42.75,43.970001220703125,7928100
2008-11-12,43.22999954223633,44.09000015258789,42.0,42.52000045776367,7739500
2008-11-13,42.029998779296875,43.31999969482422,39.06999969482422,43.15999984741211,13997600
2008-11-14,42.0099983215332,43.7599983215332,40.79999923706055,41.040000915527344,8908900
2008-11-17,40.61000061035156,42.79999923706055,40.5,41.18000030517578,7042600
2008-11-18,40.599998474121094,40.7599983215332,38.04999923706055,39.560001373291016,12209200
2008-11-19,39.279998779296875,40.130001068115234,37.45000076293945,37.47999954223633,10614300
2008-11-20,36.97999954223633,39.7400016784668,36.720001220703125,37.11000061035156,13406300
2008-11-21,37.18000030517578,39.93000030517578,36.16999816894531,39.58000183105469,13259700
2008-11-24,40.04999923706055,41.25,38.88999938964844,40.75,9682300
2008-11-25,40.54999923706055,40.79999923706055,39.540000915527344,40.18000030517578,9618700
2008-11-26,39.349998474121094,41.34000015258789,39.02000045776367,41.279998779296875,6256400
2008-11-28,41.16999816894531,42.79999923706055,41.099998474121094,42.630001068115234,2608200
2008-12-01,41.63999938964844,42.0,39.7400016784668,39.880001068115234,7817500
2008-12-02,40.540000915527344,41.0,39.25,40.70000076293945,6029400
2008-12-03,40.22999954223633,41.099998474121094,39.150001525878906,40.470001220703125,8007000
2008-12-04,39.84000015258789,41.33000183105469,38.5,39.189998626708984,7244200
2008-12-05,38.0,39.56999969482422,36.279998779296875,39.529998779296875,10564600
2008-12-08,40.349998474121094,43.689998626708984,40.040000915527344,42.849998474121094,13096400
2008-12-09,41.56999969482422,42.439998626708984,40.650001525878906,40.81999969482422,8306100
2008-12-10,41.4900016784668,42.689998626708984,40.939998626708984,41.68000030517578,5181000
2008-12-11,40.650001525878906,42.0099983215332,40.02000045776367,40.27000045776367,7691900
2008-12-12,39.560001373291016,39.7400016784668,38.20000076293945,39.20000076293945,10337400
2008-12-15,39.599998474121094,39.880001068115234,38.20000076293945,38.7400016784668,8228000
2008-12-16,39.209999084472656,42.0,38.20000076293945,41.900001525878906,11041400
2008-12-17,41.15999984741211,41.5,40.150001525878906,41.02000045776367,7270600
2008-12-18,41.310001373291016,41.75,40.689998626708984,41.06999969482422,8652600
2008-12-19,41.31999969482422,42.38999938964844,41.0,41.2400016784668,9903900
2008-12-22,40.650001525878906,41.560001373291016,40.0,41.119998931884766,5397200
2008-12-23,41.25,41.5,39.83000183105469,40.150001525878906,5270500
2008-12-24,40.2400016784668,40.790000915527344,40.040000915527344,40.119998931884766,1753500
2008-12-26,39.7599983215332,40.689998626708984,39.7599983215332,40.529998779296875,2803400
2008-12-29,40.380001068115234,40.54999923706055,39.5,39.9900016784668,3876600
2008-12-30,40.08000183105469,41.34000015258789,39.810001373291016,41.25,4549700
2008-12-31,41.59000015258789,43.04999923706055,41.5,42.66999816894531,5443100
2009-01-02,42.79999923706055,45.560001373291016,42.779998779296875,45.25,7010200
2009-01-05,45.5,46.810001373291016,44.79999923706055,46.16999816894531,6917400
2009-01-06,46.849998474121094,47.0,45.5,46.310001373291016,7180300
2009-01-07,45.099998474121094,45.61000061035156,44.16999816894531,44.7599983215332,6586200
2009-01-08,44.5,44.900001525878906,43.880001068115234,44.790000915527344,5477000
2009-01-09,44.79999923706055,45.150001525878906,43.93000030517578,44.45000076293945,5645100
2009-01-12,44.279998779296875,44.45000076293945,43.189998626708984,43.7400016784668,4989200
2009-01-13,43.380001068115234,43.619998931884766,41.79999923706055,42.459999084472656,6359400
2009-01-14,41.880001068115234,41.97999954223633,40.869998931884766,41.20000076293945,7354900
2009-01-15,41.06999969482422,41.599998474121094,39.5099983215332,40.959999084472656,8464900
2009-01-16,41.45000076293945,43.04999923706055,41.040000915527344,42.459999084472656,9310800
2009-01-20,42.08000183105469,42.7400016784668,40.20000076293945,40.36000061035156,9636800
2009-01-21,40.75,42.400001525878906,40.0,42.27000045776367,6933100
2009-01-22,41.72999954223633,42.75,41.16999816894531,42.2599983215332,6590800
2009-01-23,40.90999984741211,42.84000015258789,40.90999984741211,41.97999954223633,5755600
2009-01-26,42.459999084472656,43.77000045776367,42.060001373291016,43.0099983215332,4659200
2009-01-27,43.290000915527344,43.959999084472656,42.880001068115234,43.220001220703125,5218900
2009-01-28,43.470001220703125,44.400001525878906,42.7599983215332,43.2400016784668,8071100
2009-01-29,42.7599983215332,42.7599983215332,40.369998931884766,40.709999084472656,8446500
2009-01-30,40.7599983215332,42.4900016784668,40.630001068115234,42.310001373291016,9098000
2009-02-02,41.72999954223633,41.72999954223633,40.11000061035156,40.79999923706055,8107400
2009-02-03,41.45000076293945,42.43000030517578,40.7599983215332,42.09000015258789,7220800
2009-02-04,42.119998931884766,42.970001220703125,41.689998626708984,41.970001220703125,6729000
2009-02-05,41.75,43.11000061035156,40.619998931884766,42.720001220703125,9021100
2009-02-06,42.52000045776367,43.66999816894531,42.25,42.91999816894531,6334200
2009-02-09,42.79999923706055,43.41999816894531,42.439998626708984,42.79999923706055,5088300
2009-02-10,41.290000915527344,42.22999954223633,40.02000045776367,40.209999084472656,9999200
2009-02-11,40.5099983215332,40.7599983215332,39.86000061035156,40.33000183105469,6519300
2009-02-12,39.58000183105469,39.9900016784668,38.58000183105469,39.86000061035156,6028900
2009-02-13,39.88999938964844,41.189998626708984,39.88999938964844,40.47999954223633,5483500
2009-02-17,39.4900016784668,39.7400016784668,38.29999923706055,38.43000030517578,6949100
2009-02-18,38.77000045776367,38.77000045776367,37.7599983215332,37.97999954223633,6324500
2009-02-19,38.2400016784668,38.70000076293945,37.41999816894531,37.56999969482422,5466700
2009-02-20,36.72999954223633,37.20000076293945,35.31999969482422,36.310001373291016,10598900
2009-02-23,36.72999954223633,36.790000915527344,34.349998474121094,34.459999084472656,9519200
2009-02-24,34.439998626708984,35.83000183105469,33.88999938964844,35.439998626708984,10815100
2009-02-25,35.27000045776367,35.27000045776367,33.220001220703125,33.90999984741211,11683900
2009-02-26,34.5,34.619998931884766,32.63999938964844,32.709999084472656,8771600
2009-02-27,32.29999923706055,32.369998931884766,31.399999618530273,31.440000534057617,11789000
2009-03-02,30.959999084472656,31.0,29.31999969482422,29.510000228881836,13956800
2009-03-03,29.700000762939453,30.110000610351562,29.049999237060547,29.360000610351562,10433300
2009-03-04,29.860000610351562,30.780000686645508,29.110000610351562,30.309999465942383,11627500
2009-03-05,29.219999313354492,30.020000457763672,29.06999969482422,29.389999389648438,11675700
2009-03-06,29.610000610351562,30.200000762939453,29.389999389648438,30.100000381469727,13134300
2009-03-09,29.979999542236328,31.459999084472656,29.959999084472656,31.0,12407200
2009-03-10,31.420000076293945,33.02000045776367,31.31999969482422,33.0099983215332,11501700
2009-03-11,32.59000015258789,33.70000076293945,32.38999938964844,33.27000045776367,10823100
2009-03-12,33.0099983215332,33.75,32.38999938964844,33.630001068115234,6133200
2009-03-13,33.720001220703125,34.099998474121094,32.93000030517578,33.400001525878906,7434000
2009-03-16,33.7400016784668,34.959999084472656,33.380001068115234,33.83000183105469,7157200
2009-03-17,33.91999816894531,34.439998626708984,33.2599983215332,34.439998626708984,5270900
2009-03-18,34.290000915527344,34.75,32.5,33.75,15879900
2009-03-19,33.86000061035156,34.119998931884766,32.970001220703125,33.189998626708984,10427300
2009-03-20,33.220001220703125,33.5,32.540000915527344,32.54999923706055,11323000
2009-03-23,33.20000076293945,35.5,33.04999923706055,35.5,8223900
2009-03-24,34.880001068115234,36.720001220703125,34.81999969482422,36.099998474121094,8468300
2009-03-25,36.029998779296875,37.790000915527344,35.970001220703125,37.060001373291016,12446200
2009-03-26,37.31999969482422,38.68000030517578,36.90999984741211,38.65999984741211,9544600
2009-03-27,38.22999954223633,38.470001220703125,37.06999969482422,37.529998779296875,7329000
2009-03-30,36.630001068115234,36.97999954223633,35.11000061035156,35.52000045776367,10833800
2009-03-31,35.900001525878906,36.2400016784668,35.04999923706055,35.58000183105469,11549200
2009-04-01,34.52000045776367,35.599998474121094,34.209999084472656,35.439998626708984,9288800
2009-04-02,36.15999984741211,37.97999954223633,36.15999984741211,37.20000076293945,9449300
2009-04-03,37.22999954223633,38.119998931884766,36.38999938964844,37.689998626708984,8591300
2009-04-06,37.47999954223633,38.220001220703125,36.540000915527344,38.15999984741211,7390300
2009-04-07,37.5099983215332,37.689998626708984,36.5099983215332,36.63999938964844,6015900
2009-04-08,36.5,37.15999984741211,36.2400016784668,36.869998931884766,4477300
2009-04-09,37.68000030517578,39.18000030517578,37.68000030517578,39.150001525878906,9065400
2009-04-13,36.970001220703125,37.47999954223633,35.810001373291016,37.150001525878906,9531300
2009-04-14,36.5099983215332,37.5,36.29999923706055,37.040000915527344,5845300
2009-04-15,36.630001068115234,38.040000915527344,36.61000061035156,37.56999969482422,5452200
2009-04-16,37.619998931884766,38.75,37.0,38.38999938964844,6423900
2009-04-17,38.54999923706055,38.779998779296875,38.18000030517578,38.31999969482422,6152300
2009-04-20,37.650001525878906,37.86000061035156,36.36000061035156,36.47999954223633,7017000
2009-04-21,36.65999984741211,36.65999984741211,35.939998626708984,36.650001525878906,7352500
2009-04-22,37.849998474121094,38.31999969482422,36.540000915527344,37.29999923706055,11626000
2009-04-23,37.290000915527344,38.119998931884766,36.599998474121094,37.93000030517578,6400400
2009-04-24,38.099998474121094,39.0099983215332,37.75,38.720001220703125,8351000
2009-04-27,37.9900016784668,39.849998474121094,37.720001220703125,39.470001220703125,8546500
2009-04-28,39.11000061035156,39.41999816894531,38.31999969482422,38.849998474121094,6627200
2009-04-29,39.09000015258789,40.72999954223633,39.02000045776367,40.54999923706055,7775900
2009-04-30,41.06999969482422,41.7400016784668,39.900001525878906,40.04999923706055,7028100
2009-05-01,40.310001373291016,41.369998931884766,40.09000015258789,41.209999084472656,5508800
2009-05-04,41.900001525878906,42.18000030517578,41.5099983215332,42.18000030517578,5269800
2009-05-05,41.91999816894531,43.25,41.91999816894531,43.150001525878906,7683900
2009-05-06,43.29999923706055,44.209999084472656,43.08000183105469,44.20000076293945,7930300
2009-05-07,44.470001220703125,44.619998931884766,42.75,43.529998779296875,7106700
2009-05-08,43.959999084472656,45.84000015258789,43.77000045776367,45.83000183105469,7491100
2009-05-11,45.2599983215332,45.599998474121094,44.529998779296875,44.720001220703125,9595700
2009-05-12,44.540000915527344,45.06999969482422,43.290000915527344,44.099998474121094,7068700
2009-05-13,43.18000030517578,43.41999816894531,42.380001068115234,42.95000076293945,6323700
2009-05-14,42.939998626708984,43.810001373291016,42.720001220703125,43.439998626708984,5251600
2009-05-15,43.27000045776367,43.9900016784668,42.709999084472656,43.0,5189300
2009-05-18,44.25,44.529998779296875,43.810001373291016,44.369998931884766,7288000
2009-05-19,44.36000061035156,45.060001373291016,43.900001525878906,44.619998931884766,4792100
2009-05-20,45.04999923706055,45.7400016784668,44.540000915527344,44.58000183105469,4734200
2009-05-21,43.9900016784668,44.0,42.70000076293945,43.290000915527344,5785000
2009-05-22,43.470001220703125,43.61000061035156,42.86000061035156,42.939998626708984,2951600
2009-05-26,42.61000061035156,44.33000183105469,42.52000045776367,44.15999984741211,4718300
2009-05-27,43.88999938964844,44.33000183105469,43.45000076293945,43.56999969482422,4622300
2009-05-28,43.9900016784668,44.45000076293945,43.189998626708984,44.31999969482422,4559600
2009-05-29,44.61000061035156,45.08000183105469,43.95000076293945,44.849998474121094,5417400
2009-06-01,45.540000915527344,47.810001373291016,45.540000915527344,47.70000076293945,6920500
2009-06-02,47.70000076293945,49.43000030517578,47.310001373291016,49.20000076293945,7453200
2009-06-03,48.709999084472656,49.20000076293945,47.790000915527344,48.369998931884766,4700000
2009-06-04,48.630001068115234,50.90999984741211,48.56999969482422,50.56999969482422,7324600
2009-06-05,52.15999984741211,53.2599983215332,52.15999984741211,52.650001525878906,13724100
2009-06-08,52.4900016784668,53.33000183105469,51.130001068115234,52.83000183105469,7957400
2009-06-09,53.38999938964844,53.38999938964844,51.310001373291016,52.349998474121094,7723800
2009-06-10,52.81999969482422,53.20000076293945,51.099998474121094,52.29999923706055,6556200
2009-06-11,51.83000183105469,52.56999969482422,50.47999954223633,50.65999984741211,11852300
2009-06-12,50.7599983215332,51.560001373291016,50.11000061035156,51.439998626708984,5476700
2009-06-15,50.900001525878906,51.09000015258789,49.02000045776367,49.52000045776367,6363200
2009-06-16,49.56999969482422,50.150001525878906,48.70000076293945,48.83000183105469,5725700
2009-06-17,48.54999923706055,49.15999984741211,48.04999923706055,48.54999923706055,4870800
2009-06-18,48.43000030517578,49.279998779296875,48.150001525878906,48.959999084472656,3098700
2009-06-19,49.18000030517578,49.529998779296875,48.11000061035156,48.439998626708984,7032600
2009-06-22,47.83000183105469,48.029998779296875,46.529998779296875,46.900001525878906,5198500
2009-06-23,44.38999938964844,44.5,42.52000045776367,43.869998931884766,27281100
2009-06-24,43.13999938964844,43.54999923706055,41.09000015258789,41.31999969482422,21282800
2009-06-25,41.400001525878906,42.599998474121094,41.11000061035156,42.529998779296875,14005100
2009-06-26,42.11000061035156,42.779998779296875,41.5,41.880001068115234,15578800
2009-06-29,42.150001525878906,43.02000045776367,42.08000183105469,42.650001525878906,5514600
2009-06-30,43.630001068115234,43.790000915527344,42.099998474121094,42.5,8321200
2009-07-01,42.630001068115234,42.95000076293945,42.150001525878906,42.22999954223633,6346700
2009-07-02,41.810001373291016,41.810001373291016,40.619998931884766,40.83000183105469,7201500
2009-07-06,40.380001068115234,40.7599983215332,39.91999816894531,40.560001373291016,7132800
2009-07-07,40.5,40.689998626708984,38.939998626708984,39.040000915527344,7701600
2009-07-08,39.119998931884766,39.83000183105469,38.91999816894531,39.54999923706055,8800400
2009-07-09,39.75,40.0,39.02000045776367,39.29999923706055,5432600
2009-07-10,39.20000076293945,39.709999084472656,38.91999816894531,39.650001525878906,5833500
2009-07-13,39.68000030517578,40.83000183105469,39.2599983215332,40.439998626708984,6549000
2009-07-14,40.38999938964844,40.900001525878906,40.11000061035156,40.40999984741211,5748500
2009-07-15,40.77000045776367,41.459999084472656,40.5099983215332,41.36000061035156,7867100
2009-07-16,41.0099983215332,42.220001220703125,41.0099983215332,42.04999923706055,5356800
2009-07-17,42.25,42.400001525878906,41.099998474121094,41.36000061035156,5691600
2009-07-20,41.709999084472656,42.2599983215332,41.15999984741211,42.20000076293945,5535200
2009-07-21,42.81999969482422,43.709999084472656,42.5,43.02000045776367,9161800
2009-07-22,42.400001525878906,43.459999084472656,41.95000076293945,42.0,12052300
2009-07-23,42.0,42.189998626708984,40.779998779296875,41.95000076293945,13617700
2009-07-24,41.95000076293945,42.4900016784668,41.720001220703125,42.369998931884766,5068000
2009-07-27,42.0,42.369998931884766,41.43000030517578,42.2400016784668,5671700
2009-07-28,41.9900016784668,43.349998474121094,41.79999923706055,43.25,7831200
2009-07-29,43.0,43.5,42.63999938964844,43.369998931884766,5078100
2009-07-30,43.939998626708984,44.5,43.130001068115234,43.2400016784668,8279800
2009-07-31,43.31999969482422,43.4900016784668,42.79999923706055,42.90999984741211,6029200
2009-08-03,43.18000030517578,44.02000045776367,42.5099983215332,43.790000915527344,6064800
2009-08-04,43.63999938964844,44.439998626708984,43.349998474121094,44.15999984741211,5964600
2009-08-05,43.630001068115234,44.209999084472656,43.400001525878906,44.029998779296875,7129800
2009-08-06,44.290000915527344,45.72999954223633,44.029998779296875,45.52000045776367,10207000
2009-08-07,45.88999938964844,47.209999084472656,45.380001068115234,46.689998626708984,6689100
2009-08-10,46.40999984741211,46.40999984741211,45.189998626708984,45.77000045776367,5620600
2009-08-11,45.560001373291016,45.83000183105469,44.84000015258789,45.38999938964844,5121500
2009-08-12,45.33000183105469,46.779998779296875,45.310001373291016,46.34000015258789,4682100
2009-08-13,46.45000076293945,46.869998931884766,45.75,46.619998931884766,3484300
2009-08-14,45.81999969482422,46.2400016784668,44.209999084472656,44.869998931884766,10505300
2009-08-17,44.15999984741211,44.279998779296875,43.70000076293945,44.15999984741211,5211100
2009-08-18,44.0,44.529998779296875,43.689998626708984,43.779998779296875,5444200
2009-08-19,43.5,43.90999984741211,43.099998474121094,43.52000045776367,6578900
2009-08-20,43.540000915527344,44.83000183105469,43.4900016784668,44.7400016784668,5192100
2009-08-21,45.18000030517578,46.02000045776367,44.91999816894531,45.869998931884766,5529800
2009-08-24,46.5099983215332,47.790000915527344,45.970001220703125,47.130001068115234,6157100
2009-08-25,47.5,48.77000045776367,47.279998779296875,48.25,8247900
2009-08-26,48.06999969482422,48.380001068115234,47.439998626708984,47.81999969482422,3956000
2009-08-27,51.369998931884766,52.380001068115234,51.0,51.81999969482422,17771800
2009-08-28,51.68000030517578,52.529998779296875,50.70000076293945,51.040000915527344,11455800
2009-08-31,50.16999816894531,50.25,49.02000045776367,49.66999816894531,9297900
2009-09-01,49.209999084472656,50.380001068115234,48.470001220703125,48.77000045776367,8242400
2009-09-02,48.59000015258789,48.97999954223633,48.15999984741211,48.400001525878906,3835700
2009-09-03,48.66999816894531,48.83000183105469,47.7599983215332,48.459999084472656,5466500
2009-09-04,48.7400016784668,49.2599983215332,48.04999923706055,49.150001525878906,5711400
2009-09-08,49.72999954223633,49.880001068115234,48.810001373291016,49.5,4583900
2009-09-09,49.70000076293945,51.150001525878906,49.70000076293945,50.529998779296875,5895800
2009-09-10,50.41999816894531,50.720001220703125,49.790000915527344,50.4900016784668,3847200
2009-09-11,50.63999938964844,51.439998626708984,50.47999954223633,51.349998474121094,5880500
2009-09-14,50.9900016784668,51.2599983215332,50.439998626708984,50.970001220703125,4392700
2009-09-15,51.2599983215332,52.34000015258789,50.880001068115234,52.06999969482422,6584400
2009-09-16,52.439998626708984,52.7599983215332,51.790000915527344,52.36000061035156,5101400
2009-09-17,52.25,53.15999984741211,52.20000076293945,52.880001068115234,4676800
2009-09-18,53.02000045776367,53.290000915527344,52.099998474121094,53.02000045776367,6532900
2009-09-21,52.599998474121094,53.36000061035156,52.41999816894531,52.86000061035156,3076100
2009-09-22,52.959999084472656,53.310001373291016,52.130001068115234,53.13999938964844,3898300
2009-09-23,53.349998474121094,53.400001525878906,52.2599983215332,52.369998931884766,4609100
2009-09-24,52.22999954223633,52.52000045776367,51.52000045776367,51.790000915527344,5351900
2009-09-25,51.86000061035156,52.400001525878906,51.29999923706055,51.52000045776367,3638600
2009-09-28,51.81999969482422,53.34000015258789,51.7599983215332,53.06999969482422,4921900
2009-09-29,53.279998779296875,55.47999954223633,53.279998779296875,54.619998931884766,7266000
2009-09-30,54.86000061035156,55.25,53.459999084472656,54.150001525878906,5939600
2009-10-01,53.849998474121094,53.900001525878906,52.029998779296875,52.11000061035156,6606000
2009-10-02,51.189998626708984,51.7599983215332,50.099998474121094,51.400001525878906,6041200
2009-10-05,51.75,52.52000045776367,51.380001068115234,52.279998779296875,3083000
2009-10-06,51.540000915527344,52.56999969482422,51.150001525878906,52.290000915527344,6244300
2009-10-07,52.18000030517578,52.25,51.25,51.790000915527344,3659300
2009-10-08,52.29999923706055,52.599998474121094,51.86000061035156,52.29999923706055,3190600
2009-10-09,52.4900016784668,52.75,51.959999084472656,52.689998626708984,2589700
2009-10-12,52.65999984741211,52.72999954223633,51.380001068115234,51.65999984741211,3974100
2009-10-13,51.63999938964844,51.97999954223633,51.36000061035156,51.900001525878906,3023600
2009-10-14,52.310001373291016,52.54999923706055,51.56999969482422,52.5099983215332,4646100
2009-10-15,52.029998779296875,52.529998779296875,50.939998626708984,51.7599983215332,5684300
2009-10-16,51.189998626708984,53.720001220703125,50.849998474121094,53.189998626708984,7431400
2009-10-19,53.31999969482422,53.75,52.59000015258789,53.45000076293945,3841200
2009-10-20,51.709999084472656,52.29999923706055,51.06999969482422,51.88999938964844,8189400
2009-10-21,51.06999969482422,52.0,50.5,50.630001068115234,8115500
2009-10-22,50.33000183105469,51.22999954223633,49.75,51.06999969482422,6375000
2009-10-23,51.060001373291016,51.060001373291016,49.5,49.88999938964844,5856700
2009-10-26,49.849998474121094,49.97999954223633,48.0,48.290000915527344,7427700
2009-10-27,48.29999923706055,48.529998779296875,47.54999923706055,47.75,7044700
2009-10-28,47.720001220703125,47.79999923706055,47.18000030517578,47.220001220703125,6909800
2009-10-29,48.310001373291016,49.130001068115234,47.810001373291016,48.810001373291016,8301100
2009-10-30,48.70000076293945,48.810001373291016,47.65999984741211,47.79999923706055,8702600
2009-11-02,47.81999969482422,48.40999984741211,47.33000183105469,48.27000045776367,5932500
2009-11-03,48.16999816894531,48.349998474121094,47.459999084472656,48.099998474121094,4899700
2009-11-04,48.279998779296875,48.900001525878906,47.79999923706055,48.06999969482422,5082000
2009-11-05,48.4900016784668,49.86000061035156,48.31999969482422,49.77000045776367,4916000
2009-11-06,49.709999084472656,49.97999954223633,49.310001373291016,49.68000030517578,3212400
2009-11-09,50.0099983215332,51.47999954223633,49.88999938964844,51.349998474121094,4444100
2009-11-10,51.06999969482422,51.06999969482422,50.130001068115234,50.31999969482422,4735600
2009-11-11,50.779998779296875,51.41999816894531,50.540000915527344,50.68000030517578,3545800
2009-11-12,50.619998931884766,50.91999816894531,50.09000015258789,50.279998779296875,3323500
2009-11-13,49.97999954223633,50.939998626708984,49.720001220703125,50.68000030517578,3545300
2009-11-16,51.0,52.52000045776367,50.880001068115234,52.47999954223633,5704600
2009-11-17,52.41999816894531,52.689998626708984,51.70000076293945,52.529998779296875,3945400
2009-11-18,52.59000015258789,52.63999938964844,51.45000076293945,52.02000045776367,4377300
2009-11-19,51.540000915527344,51.79999923706055,50.75,51.43000030517578,3182700
2009-11-20,51.119998931884766,51.88999938964844,51.06999969482422,51.70000076293945,4696400
2009-11-23,52.5,53.0,52.31999969482422,52.630001068115234,3255300
2009-11-24,52.08000183105469,52.630001068115234,50.95000076293945,51.970001220703125,3288200
2009-11-25,51.970001220703125,52.95000076293945,51.83000183105469,52.93000030517578,3021500
2009-11-27,51.349998474121094,52.810001373291016,51.0,52.45000076293945,3281400
2009-11-30,52.43000030517578,52.689998626708984,51.779998779296875,52.40999984741211,5432200
2009-12-01,52.75,54.220001220703125,52.75,53.720001220703125,6359000
2009-12-02,54.040000915527344,54.56999969482422,53.2599983215332,53.779998779296875,5980000
2009-12-03,53.9900016784668,54.40999984741211,53.5099983215332,53.77000045776367,3997600
2009-12-04,54.75,55.45000076293945,53.619998931884766,54.68000030517578,5449900
2009-12-07,55.20000076293945,55.95000076293945,54.900001525878906,55.81999969482422,4948800
2009-12-08,55.9900016784668,56.220001220703125,55.060001373291016,55.65999984741211,4658500
2009-12-09,55.75,55.79999923706055,55.11000061035156,55.470001220703125,3900100
2009-12-10,55.650001525878906,56.38999938964844,54.720001220703125,55.0099983215332,5755600
2009-12-11,55.470001220703125,55.79999923706055,55.119998931884766,55.599998474121094,7396600
2009-12-14,56.02000045776367,56.560001373291016,55.81999969482422,56.04999923706055,4830600
2009-12-15,56.369998931884766,56.369998931884766,55.33000183105469,55.66999816894531,7364800
2009-12-16,56.11000061035156,56.13999938964844,54.45000076293945,55.130001068115234,7803800
2009-12-17,54.900001525878906,55.400001525878906,54.40999984741211,54.470001220703125,5824200
2009-12-18,54.70000076293945,54.7400016784668,53.099998474121094,53.439998626708984,8920500
2009-12-21,53.36000061035156,54.5,53.36000061035156,54.29999923706055,3655800
2009-12-22,54.380001068115234,55.369998931884766,54.310001373291016,55.099998474121094,3669800
2009-12-23,55.40999984741211,55.650001525878906,54.91999816894531,54.959999084472656,3061900
2009-12-24,55.2599983215332,55.560001373291016,55.11000061035156,55.47999954223633,1004000
2009-12-28,55.33000183105469,55.54999923706055,54.88999938964844,55.13999938964844,2072200
2009-12-29,55.34000015258789,55.459999084472656,55.13999938964844,55.209999084472656,2164000
2009-12-30,54.86000061035156,55.290000915527344,54.75,54.959999084472656,2461000
2009-12-31,55.0,55.220001220703125,54.04999923706055,54.130001068115234,2189400
2010-01-04,55.720001220703125,56.38999938964844,54.79999923706055,56.18000030517578,6186700
2010-01-05,56.25,58.279998779296875,56.0,58.02000045776367,8867800
2010-01-06,58.22999954223633,59.9900016784668,57.880001068115234,59.779998779296875,8836500
2010-01-07,59.5099983215332,62.310001373291016,59.02000045776367,62.20000076293945,14379100
2010-01-08,61.540000915527344,61.779998779296875,60.86000061035156,61.599998474121094,7146600
2010-01-11,61.95000076293945,62.09000015258789,60.5099983215332,60.869998931884766,5624900
2010-01-12,60.06999969482422,61.20000076293945,59.90999984741211,60.43000030517578,5273800
2010-01-13,60.61000061035156,61.70000076293945,60.349998474121094,61.15999984741211,4950400
2010-01-14,61.029998779296875,61.619998931884766,60.779998779296875,61.560001373291016,3000400
2010-01-15,61.529998779296875,61.560001373291016,60.209999084472656,60.81999969482422,5067300
2010-01-19,60.599998474121094,61.0099983215332,59.959999084472656,60.650001525878906,5427100
2010-01-20,60.33000183105469,60.56999969482422,58.529998779296875,60.20000076293945,5374100
2010-01-21,60.29999923706055,61.2599983215332,58.900001525878906,59.20000076293945,5401300
2010-01-22,58.619998931884766,59.16999816894531,57.70000076293945,57.77000045776367,4743300
2010-01-25,58.349998474121094,58.75,57.5,57.779998779296875,3489900
2010-01-26,57.540000915527344,58.5,57.22999954223633,57.709999084472656,4552000
2010-01-27,58.84000015258789,62.08000183105469,58.83000183105469,61.93000030517578,14758500
2010-01-28,62.150001525878906,62.95000076293945,61.310001373291016,62.560001373291016,8862500
2010-01-29,62.79999923706055,63.400001525878906,60.31999969482422,60.599998474121094,8725400
2010-02-01,60.7400016784668,61.86000061035156,60.720001220703125,61.70000076293945,5919900
2010-02-02,61.290000915527344,62.0,61.0,61.939998626708984,7862300
2010-02-03,61.52000045776367,61.79999923706055,60.849998474121094,61.459999084472656,5480600
2010-02-04,60.95000076293945,61.16999816894531,59.25,59.31999969482422,7490700
2010-02-05,59.209999084472656,59.7400016784668,57.13999938964844,58.400001525878906,9675700
2010-02-08,58.33000183105469,58.970001220703125,57.779998779296875,57.88999938964844,4724500
2010-02-09,58.619998931884766,60.43000030517578,58.38999938964844,59.7400016784668,8250900
2010-02-10,59.709999084472656,60.04999923706055,58.939998626708984,59.540000915527344,4237100
2010-02-11,59.75,60.75,58.939998626708984,60.59000015258789,4395800
2010-02-12,59.869998931884766,59.91999816894531,58.93000030517578,59.650001525878906,5178300
2010-02-16,60.41999816894531,61.290000915527344,59.900001525878906,61.2599983215332,4268700
2010-02-17,61.38999938964844,62.0,61.0,61.81999969482422,4116200
2010-02-18,61.779998779296875,63.0099983215332,61.720001220703125,62.88999938964844,4390300
2010-02-19,62.650001525878906,64.33999633789062,62.650001525878906,63.59000015258789,7371100
2010-02-22,63.58000183105469,64.47000122070312,63.189998626708984,63.970001220703125,6034100
2010-02-23,63.810001373291016,64.16999816894531,62.25,62.77000045776367,6483800
2010-02-24,63.0,63.70000076293945,62.63999938964844,63.47999954223633,3400400
2010-02-25,62.720001220703125,62.970001220703125,62.0,62.869998931884766,5043100
2010-02-26,63.09000015258789,63.880001068115234,63.029998779296875,63.15999984741211,4416000
2010-03-01,63.04999923706055,64.33000183105469,63.0,64.0,5265600
2010-03-02,64.63999938964844,65.33000183105469,64.36000061035156,64.44000244140625,4383200
2010-03-03,64.58000183105469,64.97000122070312,64.05000305175781,64.44999694824219,4289400
2010-03-04,65.08999633789062,65.80000305175781,64.8499984741211,65.55000305175781,7718700
2010-03-05,66.05999755859375,68.04000091552734,66.02999877929688,67.93000030517578,8505600
2010-03-08,68.01000213623047,68.01000213623047,67.12999725341797,67.23999786376953,5075600
2010-03-09,67.56999969482422,68.33999633789062,67.3499984741211,67.79000091552734,7655900
2010-03-10,68.13999938964844,70.4800033569336,68.02999877929688,70.01000213623047,10616500
2010-03-11,70.08000183105469,70.43000030517578,69.1500015258789,70.06999969482422,7289500
2010-03-12,70.4800033569336,70.48999786376953,69.25,69.83000183105469,5302100
2010-03-15,69.37000274658203,69.7699966430664,68.5199966430664,69.4000015258789,7709000
2010-03-16,69.23999786376953,69.31999969482422,68.30000305175781,68.72000122070312,7494400
2010-03-17,68.97000122070312,69.48999786376953,68.29000091552734,69.37999725341797,6004300
2010-03-18,69.3499984741211,70.93000030517578,69.19000244140625,70.87000274658203,7433700
2010-03-19,70.72000122070312,73.30000305175781,70.72000122070312,70.72000122070312,17722500
2010-03-22,71.66000366210938,72.63999938964844,71.51000213623047,71.91000366210938,9013600
2010-03-23,72.54000091552734,72.62999725341797,71.51000213623047,72.18000030517578,4985400
2010-03-24,72.41999816894531,73.19999694824219,71.77999877929688,72.31999969482422,7700000
2010-03-25,72.94999694824219,73.43000030517578,72.0,72.48999786376953,5431000
2010-03-26,72.66000366210938,72.98999786376953,72.3499984741211,72.58999633789062,4933700
2010-03-29,73.08000183105469,74.52999877929688,73.0,74.11000061035156,9064200
2010-03-30,73.83999633789062,74.18000030517578,72.69999694824219,73.52999877929688,4381300
2010-03-31,72.91999816894531,73.05999755859375,71.94999694824219,72.61000061035156,5884600
2010-04-01,73.23999786376953,73.51000213623047,72.30000305175781,72.98999786376953,4411000
2010-04-05,72.98999786376953,73.05000305175781,70.94999694824219,72.04000091552734,9326300
2010-04-06,71.83999633789062,73.18000030517578,71.7699966430664,72.36000061035156,5193800
2010-04-07,72.16000366210938,72.5199966430664,71.47000122070312,72.0999984741211,6717200
2010-04-08,71.88999938964844,72.45999908447266,71.20999908447266,72.27999877929688,3741500
2010-04-09,72.26000213623047,72.66000366210938,71.80999755859375,72.41999816894531,3345700
2010-04-12,72.1500015258789,72.56999969482422,71.80000305175781,71.91999816894531,3666100
2010-04-13,71.54000091552734,71.69000244140625,70.5,71.19000244140625,5079300
2010-04-14,70.83000183105469,71.76000213623047,70.80999755859375,71.69999694824219,3495900
2010-04-15,71.33999633789062,72.61000061035156,71.33999633789062,72.08999633789062,2943700
2010-04-16,72.0999984741211,72.0999984741211,69.87999725341797,70.79000091552734,8071300
2010-04-19,70.2699966430664,71.27999877929688,70.16000366210938,70.95999908447266,4203100
2010-04-20,71.54000091552734,71.9800033569336,70.94999694824219,71.41000366210938,4759600
2010-04-21,71.51000213623047,74.6500015258789,71.51000213623047,74.16000366210938,12035700
2010-04-22,74.45999908447266,76.0,73.68000030517578,75.58999633789062,9088900
2010-04-23,75.04000091552734,75.68000030517578,74.55000305175781,75.12999725341797,5198200
2010-04-26,74.58000183105469,75.29000091552734,74.13999938964844,74.33999633789062,4023900
2010-04-27,74.6500015258789,74.93000030517578,72.2300033569336,72.4800033569336,6048300
2010-04-28,72.94999694824219,72.98999786376953,71.33999633789062,72.37000274658203,5699500
2010-04-29,73.0,74.0,72.66999816894531,73.79000091552734,5202000
2010-04-30,73.80000305175781,74.4800033569336,72.26000213623047,72.43000030517578,5600900
2010-05-03,72.62000274658203,74.69999694824219,72.45999908447266,74.38999938964844,5407700
2010-05-04,73.30999755859375,73.44999694824219,72.2300033569336,72.79000091552734,6229300
2010-05-05,71.9000015258789,72.04000091552734,70.44000244140625,71.0,5509200
2010-05-06,70.66000366210938,71.48999786376953,62.0,67.97000122070312,13769700
2010-05-07,68.29000091552734,69.12000274658203,65.80000305175781,66.72000122070312,8926100
2010-05-10,69.95999908447266,71.7300033569336,69.80000305175781,71.0,8841700
2010-05-11,70.30999755859375,72.66999816894531,70.13999938964844,71.41999816894531,6550300
2010-05-12,72.04000091552734,73.37000274658203,72.04000091552734,72.87000274658203,6330100
2010-05-13,72.66000366210938,73.30000305175781,71.55999755859375,71.76000213623047,3952900
2010-05-14,71.08000183105469,71.4000015258789,68.9800033569336,69.81999969482422,7952800
2010-05-17,70.36000061035156,70.37000274658203,67.62000274658203,69.68000030517578,4813600
2010-05-18,69.88999938964844,70.12999725341797,67.30000305175781,67.72000122070312,8881500
2010-05-19,66.8499984741211,67.55000305175781,65.29000091552734,66.20999908447266,9974000
2010-05-20,65.0,65.11000061035156,62.79999923706055,63.0,10899800
2010-05-21,61.9900016784668,65.0,61.38999938964844,64.55999755859375,10882600
2010-05-24,63.65999984741211,64.61000061035156,63.060001373291016,63.150001525878906,6160500
2010-05-25,61.0,62.970001220703125,60.61000061035156,62.779998779296875,6903200
2010-05-26,63.599998474121094,65.41000366210938,63.0,63.2599983215332,7386100
2010-05-27,64.86000061035156,65.2300033569336,63.90999984741211,65.12999725341797,7443400
2010-05-28,65.1500015258789,65.26000213623047,63.5099983215332,64.18000030517578,5775600
2010-06-01,64.2699966430664,65.19999694824219,62.86000061035156,62.95000076293945,6318500
2010-06-02,63.38999938964844,64.37000274658203,62.060001373291016,64.33999633789062,4587900
2010-06-03,64.83999633789062,64.83999633789062,63.5099983215332,64.30999755859375,3775600
2010-06-04,63.25,63.40999984741211,60.93000030517578,61.150001525878906,8228800
2010-06-07,61.689998626708984,61.70000076293945,60.06999969482422,60.11000061035156,5918400
2010-06-08,60.33000183105469,61.099998474121094,59.84000015258789,61.02000045776367,7191200
2010-06-09,61.47999954223633,63.18000030517578,61.16999816894531,61.709999084472656,7726900
2010-06-10,62.810001373291016,64.01000213623047,62.29999923706055,63.88999938964844,5682900
2010-06-11,63.15999984741211,65.69999694824219,63.150001525878906,65.37999725341797,8461800
2010-06-14,66.22000122070312,66.55000305175781,64.70999908447266,64.81999969482422,6000100
2010-06-15,65.66999816894531,67.56999969482422,65.47000122070312,67.4800033569336,6400600
2010-06-16,66.93000030517578,67.55999755859375,66.5999984741211,67.02999877929688,4451700
2010-06-17,67.4800033569336,67.48999786376953,65.87999725341797,67.26000213623047,3637100
2010-06-18,67.37999725341797,68.13999938964844,67.16000366210938,67.95999908447266,6213700
2010-06-21,68.94999694824219,69.33999633789062,67.56999969482422,67.97000122070312,4109500
2010-06-22,67.97000122070312,68.47000122070312,66.1500015258789,66.27999877929688,4188200
2010-06-23,66.41999816894531,67.87999725341797,65.6500015258789,67.44999694824219,6098600
2010-06-24,67.16999816894531,68.23999786376953,67.13999938964844,67.43000030517578,7768700
2010-06-25,67.30999755859375,68.7699966430664,66.66999816894531,68.7699966430664,13325500
2010-06-28,68.43000030517578,68.62000274658203,67.26000213623047,67.30000305175781,5517000
2010-06-29,66.11000061035156,66.19999694824219,62.560001373291016,63.040000915527344,9210000
2010-06-30,63.04999923706055,64.20999908447266,62.58000183105469,62.75,7102200
2010-07-01,62.47999954223633,62.720001220703125,61.310001373291016,62.2599983215332,6465100
2010-07-02,62.31999969482422,62.5,61.16999816894531,61.939998626708984,3561300
2010-07-06,62.709999084472656,63.02000045776367,60.650001525878906,61.36000061035156,5444200
2010-07-07,61.47999954223633,63.369998931884766,61.029998779296875,63.29999923706055,4785100
2010-07-08,64.08999633789062,64.88999938964844,63.54999923706055,64.7300033569336,4489200
2010-07-09,65.19999694824219,65.19999694824219,64.01000213623047,64.66000366210938,3145000
2010-07-12,64.55000305175781,64.9800033569336,64.01000213623047,64.33999633789062,2299500
2010-07-13,65.1500015258789,65.36000061035156,64.18000030517578,64.43000030517578,6208300
2010-07-14,64.29000091552734,65.38999938964844,64.05000305175781,64.75,3822500
2010-07-15,65.6500015258789,65.77999877929688,63.36000061035156,64.37000274658203,8068800
2010-07-16,63.959999084472656,64.26000213623047,61.68000030517578,61.900001525878906,7016400
2010-07-19,62.720001220703125,63.36000061035156,62.040000915527344,63.18000030517578,5031500
2010-07-20,62.2599983215332,64.0,61.83000183105469,63.880001068115234,5068600
2010-07-21,64.4000015258789,64.80999755859375,62.66999816894531,63.18000030517578,4459500
2010-07-22,64.0199966430664,67.11000061035156,64.0199966430664,66.5999984741211,7572300
2010-07-23,66.48999786376953,68.16999816894531,66.36000061035156,67.93000030517578,5023400
2010-07-26,68.1500015258789,68.98999786376953,68.0,68.8499984741211,5836600
2010-07-27,69.25,69.75,68.4000015258789,68.62000274658203,5686800
2010-07-28,67.62000274658203,68.0,66.9000015258789,67.31999969482422,5540700
2010-07-29,67.8499984741211,68.52999877929688,66.69000244140625,67.22000122070312,4458600
2010-07-30,66.61000061035156,68.37999725341797,66.47000122070312,68.13999938964844,6022000
2010-08-02,69.01000213623047,69.93000030517578,68.5,69.69000244140625,5430800
2010-08-03,69.30999755859375,70.0,68.93000030517578,69.54000091552734,3773400
2010-08-04,69.41999816894531,69.93000030517578,69.16000366210938,69.25,3860000
2010-08-05,68.7300033569336,69.25,68.33000183105469,68.70999908447266,4312900
2010-08-06,68.02999877929688,68.72000122070312,67.36000061035156,68.69999694824219,4498800
2010-08-09,69.16999816894531,69.47000122070312,68.44999694824219,68.98999786376953,2904300
2010-08-10,68.29000091552734,68.97000122070312,67.54000091552734,68.62000274658203,4126200
2010-08-11,67.18000030517578,67.26000213623047,64.91999816894531,65.5999984741211,5230700
2010-08-12,64.6500015258789,65.2699966430664,64.44000244140625,64.69999694824219,3847700
2010-08-13,64.58999633789062,65.69999694824219,64.54000091552734,64.83999633789062,3665200
2010-08-16,64.2699966430664,64.93000030517578,63.650001525878906,64.4000015258789,3033200
2010-08-17,65.16000366210938,66.91000366210938,64.6500015258789,65.98999786376953,4303900
2010-08-18,66.05000305175781,66.36000061035156,64.98999786376953,66.0,2812800
2010-08-19,65.73999786376953,65.81999969482422,64.1500015258789,64.62000274658203,4200700
2010-08-20,64.19999694824219,64.7300033569336,63.59000015258789,64.5999984741211,3865900
2010-08-23,65.08999633789062,65.23999786376953,63.209999084472656,63.29999923706055,3887800
2010-08-24,62.54999923706055,62.810001373291016,60.529998779296875,60.93000030517578,9981400
2010-08-25,60.4900016784668,61.11000061035156,59.47999954223633,60.7599983215332,5143200
2010-08-26,61.36000061035156,62.560001373291016,61.06999969482422,61.31999969482422,4883300
2010-08-27,61.130001068115234,63.34000015258789,60.56999969482422,63.15999984741211,6851600
2010-08-30,63.0,63.189998626708984,62.099998474121094,62.099998474121094,3279200
2010-08-31,62.0,62.18000030517578,60.79999923706055,61.130001068115234,5309500
2010-09-01,61.790000915527344,63.09000015258789,61.65999984741211,62.290000915527344,5688800
2010-09-02,62.34000015258789,63.38999938964844,62.20000076293945,63.38999938964844,3465800
2010-09-03,64.47000122070312,65.41999816894531,64.08999633789062,64.63999938964844,3471600
2010-09-07,64.25,64.25,63.290000915527344,63.41999816894531,2529800
2010-09-08,63.599998474121094,65.0,63.58000183105469,64.5,3747800
2010-09-09,65.51000213623047,65.62999725341797,62.95000076293945,63.439998626708984,4190700
2010-09-10,63.380001068115234,64.0999984741211,62.959999084472656,63.84000015258789,3210300
2010-09-13,64.7300033569336,64.9800033569336,63.91999816894531,64.19000244140625,3119100
2010-09-14,64.0199966430664,64.3499984741211,62.43000030517578,62.7599983215332,6025500
2010-09-15,62.4900016784668,62.790000915527344,61.88999938964844,62.72999954223633,4928100
2010-09-16,62.38999938964844,63.349998474121094,62.20000076293945,62.58000183105469,4676500
2010-09-17,63.2599983215332,63.34000015258789,62.0,62.95000076293945,10702700
2010-09-20,62.9900016784668,63.900001525878906,62.529998779296875,63.720001220703125,4169100
2010-09-21,63.79999923706055,64.5,63.38999938964844,64.2300033569336,5361200
2010-09-22,64.37999725341797,64.86000061035156,63.630001068115234,63.900001525878906,3635500
2010-09-23,63.310001373291016,63.4900016784668,62.560001373291016,62.650001525878906,3656800
2010-09-24,63.52000045776367,64.83000183105469,63.33000183105469,64.5999984741211,4626900
2010-09-27,64.61000061035156,64.69999694824219,63.79999923706055,63.88999938964844,2762400
2010-09-28,63.849998474121094,64.66999816894531,62.939998626708984,64.5199966430664,3561500
2010-09-29,64.70999908447266,66.26000213623047,64.44000244140625,65.97000122070312,5874700
2010-09-30,67.08999633789062,67.97000122070312,66.05000305175781,66.54000091552734,8214300
2010-10-01,67.54000091552734,67.9800033569336,66.66999816894531,66.83000183105469,4483000
2010-10-04,66.56999969482422,67.88999938964844,65.86000061035156,66.33000183105469,4073700
2010-10-05,67.0199966430664,68.9800033569336,67.0199966430664,68.5999984741211,7517800
2010-10-06,68.61000061035156,69.38999938964844,68.41000366210938,68.58000183105469,4718400
2010-10-07,68.97000122070312,69.13999938964844,67.80000305175781,68.45999908447266,5501400
2010-10-08,68.47000122070312,69.70999908447266,68.1500015258789,69.2300033569336,3335700
2010-10-11,69.51000213623047,70.25,69.2300033569336,69.98999786376953,3469400
2010-10-12,70.16000366210938,70.5999984741211,68.91000366210938,70.22000122070312,4381600
2010-10-13,70.7300033569336,72.16999816894531,70.66000366210938,71.47000122070312,6038900
2010-10-14,71.7300033569336,72.0,70.8499984741211,71.36000061035156,3841500
2010-10-15,71.8499984741211,71.9000015258789,70.05000305175781,70.11000061035156,5641300
2010-10-18,70.19000244140625,71.05000305175781,70.02999877929688,70.2300033569336,4818500
2010-10-19,69.56999969482422,69.95999908447266,68.3499984741211,69.05000305175781,4493400
2010-10-20,70.0,71.94000244140625,69.56999969482422,71.36000061035156,8067700
2010-10-21,71.61000061035156,71.87999725341797,70.56999969482422,71.5,4622700
2010-10-22,71.37999725341797,71.62999725341797,70.61000061035156,71.26000213623047,3062400
2010-10-25,71.68000030517578,72.48999786376953,71.47000122070312,71.66000366210938,4802900
2010-10-26,71.0999984741211,71.6500015258789,70.7300033569336,71.30000305175781,3544500
2010-10-27,70.87000274658203,71.11000061035156,69.70999908447266,70.86000061035156,3808200
2010-10-28,71.30000305175781,71.79000091552734,70.3499984741211,71.2699966430664,4119800
2010-10-29,71.1500015258789,71.45999908447266,70.36000061035156,70.63999938964844,3192300
2010-11-01,70.70999908447266,71.88999938964844,69.91000366210938,70.4800033569336,3321400
2010-11-02,70.8499984741211,70.9800033569336,68.80000305175781,69.77999877929688,6339800
2010-11-03,69.66000366210938,69.7300033569336,68.04000091552734,68.94000244140625,4670800
2010-11-04,70.0,71.58000183105469,69.77999877929688,70.8499984741211,5758100
2010-11-05,70.8499984741211,71.6500015258789,70.5,71.2699966430664,3625800
2010-11-08,70.05999755859375,70.41000366210938,69.75,70.20999908447266,4171600
2010-11-09,70.2699966430664,70.55000305175781,68.83000183105469,69.25,4587500
2010-11-10,67.69000244140625,67.69000244140625,66.79000091552734,67.06999969482422,10494700
2010-11-11,66.55000305175781,66.69999694824219,65.04000091552734,65.37000274658203,10033700
2010-11-12,65.01000213623047,65.25,63.0099983215332,63.09000015258789,16721500
2010-11-15,63.349998474121094,64.0999984741211,62.619998931884766,63.61000061035156,10964500
2010-11-16,63.349998474121094,63.349998474121094,61.84000015258789,62.779998779296875,9615800
2010-11-17,62.66999816894531,63.02000045776367,62.16999816894531,62.5,8173300
2010-11-18,63.349998474121094,64.72000122070312,62.720001220703125,64.61000061035156,11578500
2010-11-19,64.52999877929688,64.73999786376953,63.38999938964844,63.59000015258789,8824700
2010-11-22,63.02000045776367,64.16999816894531,62.79999923706055,64.02999877929688,5908600
2010-11-23,63.43000030517578,64.11000061035156,63.099998474121094,63.599998474121094,6567900
2010-11-24,64.37999725341797,65.58000183105469,64.0199966430664,65.41000366210938,6205700
2010-11-26,65.08999633789062,65.45999908447266,64.66999816894531,64.80000305175781,2279600
2010-11-29,64.33000183105469,64.69999694824219,63.439998626708984,64.36000061035156,4385000
2010-11-30,63.72999954223633,64.20999908447266,63.470001220703125,63.77000045776367,5814100
2010-12-01,64.66000366210938,65.79000091552734,64.5199966430664,65.72000122070312,7515200
2010-12-02,65.62000274658203,66.80000305175781,65.55000305175781,66.58999633789062,4760700
2010-12-03,66.58000183105469,66.68000030517578,65.94999694824219,66.54000091552734,3355900
2010-12-06,66.41000366210938,66.95999908447266,65.97000122070312,66.58999633789062,3455000
2010-12-07,67.04000091552734,67.38999938964844,66.01000213623047,66.2300033569336,4732800
2010-12-08,66.19000244140625,66.55999755859375,64.91999816894531,65.18000030517578,5230600
2010-12-09,65.61000061035156,65.61000061035156,64.4000015258789,64.61000061035156,5188300
2010-12-10,64.62999725341797,64.7699966430664,63.959999084472656,64.16000366210938,5501700
2010-12-13,64.2300033569336,64.37999725341797,63.630001068115234,63.790000915527344,4819600
2010-12-14,63.849998474121094,65.11000061035156,63.68000030517578,64.48999786376953,6304500
2010-12-15,64.29000091552734,64.69000244140625,64.08999633789062,64.23999786376953,3434800
2010-12-16,64.33000183105469,64.8499984741211,63.709999084472656,64.4000015258789,5169100
2010-12-17,64.88999938964844,65.29000091552734,64.3499984741211,65.02999877929688,8884700
2010-12-20,64.73999786376953,64.7699966430664,62.81999969482422,63.27000045776367,9711000
2010-12-21,63.61000061035156,64.3499984741211,63.279998779296875,64.19000244140625,5092900
2010-12-22,64.44999694824219,65.13999938964844,64.01000213623047,64.61000061035156,5256000
2010-12-23,64.55999755859375,65.12000274658203,64.33000183105469,65.05999755859375,3328900
2010-12-27,64.7300033569336,64.91000366210938,64.33000183105469,64.75,2548500
2010-12-28,64.80999755859375,65.0,64.33000183105469,64.86000061035156,2635100
2010-12-29,65.0,65.19999694824219,64.62000274658203,65.05000305175781,2504700
2010-12-30,65.11000061035156,65.2300033569336,64.7300033569336,65.01000213623047,2342900
2010-12-31,64.9000015258789,65.29000091552734,64.62000274658203,65.26000213623047,2137400
2011-01-03,66.1500015258789,66.68000030517578,66.0,66.4000015258789,8072900
2011-01-04,66.79000091552734,67.61000061035156,66.51000213623047,66.94000244140625,7979900
2011-01-05,66.55000305175781,67.55000305175781,66.48999786376953,67.4800033569336,5890000
2011-01-06,67.45999908447266,69.3499984741211,67.45999908447266,68.80000305175781,7507200
2011-01-07,69.16000366210938,70.0999984741211,68.80000305175781,69.37999725341797,6797000
2011-01-10,69.41999816894531,69.66000366210938,68.3499984741211,69.08999633789062,4397400
2011-01-11,69.47000122070312,69.87999725341797,68.66999816894531,68.95999908447266,4443600
2011-01-12,69.5999984741211,70.48999786376953,69.51000213623047,70.1500015258789,5935800
2011-01-13,70.29000091552734,70.5,69.62000274658203,69.83000183105469,4040100
2011-01-14,69.55000305175781,70.19999694824219,69.38999938964844,70.06999969482422,4551500
2011-01-18,70.86000061035156,72.56999969482422,70.2300033569336,72.47000122070312,9630700
2011-01-19,72.68000030517578,72.98999786376953,71.18000030517578,71.7300033569336,8590500
2011-01-20,71.3499984741211,71.95999908447266,70.36000061035156,71.12000274658203,6909400
2011-01-21,71.91000366210938,72.22000122070312,71.33999633789062,71.68000030517578,4441200
2011-01-24,71.5199966430664,72.81999969482422,71.51000213623047,72.7300033569336,5497100
2011-01-25,72.48999786376953,72.7300033569336,71.30999755859375,72.23999786376953,5186700
2011-01-26,69.98999786376953,70.4800033569336,69.11000061035156,70.0199966430664,13111000
2011-01-27,70.01000213623047,71.0,70.0,70.55999755859375,5743600
2011-01-28,70.80000305175781,70.94999694824219,69.0,69.2300033569336,5376400
2011-01-31,69.26000213623047,69.95999908447266,69.12000274658203,69.4800033569336,4559800
2011-02-01,70.0,70.5,69.5999984741211,70.29000091552734,4780400
2011-02-02,69.83000183105469,71.19000244140625,69.80000305175781,71.0,4249100
2011-02-03,71.0,71.37999725341797,70.62000274658203,70.9800033569336,5092000
2011-02-04,70.9000015258789,71.63999938964844,70.68000030517578,71.37999725341797,4079200
2011-02-07,71.43000030517578,72.11000061035156,71.1500015258789,71.93000030517578,4153200
2011-02-08,72.16999816894531,72.81999969482422,72.0199966430664,72.70999908447266,4083900
2011-02-09,72.38999938964844,72.70999908447266,72.0,72.62999725341797,4565700
2011-02-10,72.43000030517578,72.98999786376953,71.8499984741211,72.66000366210938,4917000
2011-02-11,72.23999786376953,72.69000244140625,71.93000030517578,72.13999938964844,4076100
2011-02-14,72.69999694824219,72.69999694824219,71.5999984741211,72.26000213623047,4091200
2011-02-15,71.91999816894531,72.0199966430664,71.08999633789062,71.4000015258789,4387500
2011-02-16,71.70999908447266,72.62000274658203,71.45999908447266,72.4800033569336,4456600
2011-02-17,72.41999816894531,72.51000213623047,71.94000244140625,72.23999786376953,3046400
2011-02-18,72.12999725341797,73.5199966430664,72.12999725341797,73.04000091552734,5358600
2011-02-22,72.3499984741211,72.48999786376953,70.37999725341797,70.93000030517578,5560100
2011-02-23,70.94000244140625,71.48999786376953,70.0,70.2300033569336,5551900
2011-02-24,70.3499984741211,72.5,70.08999633789062,70.76000213623047,7015600
2011-02-25,73.94000244140625,74.29000091552734,72.05999755859375,72.30000305175781,8127200
2011-02-28,72.47000122070312,72.9000015258789,71.69999694824219,72.01000213623047,4098500
2011-03-01,71.93000030517578,72.2300033569336,69.98999786376953,70.12000274658203,5186200
2011-03-02,70.11000061035156,70.4000015258789,68.5999984741211,69.56999969482422,7069500
2011-03-03,70.12999725341797,71.83000183105469,70.12999725341797,71.70999908447266,5457700
2011-03-04,71.80000305175781,71.87000274658203,70.27999877929688,71.80000305175781,5702900
2011-03-07,71.5999984741211,72.06999969482422,69.91000366210938,70.87999725341797,5132000
2011-03-08,71.4800033569336,72.5,71.18000030517578,72.04000091552734,5656300
2011-03-09,72.01000213623047,72.41999816894531,71.33000183105469,72.08999633789062,5379600
2011-03-10,71.30999755859375,72.38999938964844,70.51000213623047,71.29000091552734,5505700
2011-03-11,70.29000091552734,71.88999938964844,70.26000213623047,71.63999938964844,3855800
2011-03-14,71.16999816894531,71.2300033569336,69.9000015258789,70.73999786376953,4378000
2011-03-15,68.33999633789062,70.2300033569336,68.33999633789062,69.69000244140625,6247600
2011-03-16,69.2300033569336,69.66999816894531,67.33999633789062,67.69000244140625,9623800
2011-03-17,68.58000183105469,69.02999877929688,67.8499984741211,68.30000305175781,4408800
2011-03-18,69.20999908447266,69.58000183105469,68.66999816894531,69.0999984741211,5061200
2011-03-21,70.29000091552734,71.68000030517578,70.04000091552734,71.19999694824219,5297900
2011-03-22,71.18000030517578,72.0999984741211,70.72000122070312,71.8499984741211,4725000
2011-03-23,71.62000274658203,73.06999969482422,71.13999938964844,72.72000122070312,5332400
2011-03-24,73.23999786376953,73.33000183105469,72.33000183105469,72.76000213623047,4360200
2011-03-25,72.94000244140625,73.5,72.33000183105469,73.33999633789062,4696900
2011-03-28,73.5,73.69000244140625,73.11000061035156,73.30000305175781,3857300
2011-03-29,73.06999969482422,73.93000030517578,73.02999877929688,73.62000274658203,4782500
2011-03-30,73.93000030517578,74.13999938964844,73.3499984741211,73.80000305175781,3875400
2011-03-31,73.80999755859375,74.47000122070312,73.47000122070312,73.93000030517578,4199200
2011-04-01,74.29000091552734,74.8499984741211,73.94000244140625,74.01000213623047,3867600
2011-04-04,73.37999725341797,74.11000061035156,73.37000274658203,73.94999694824219,3697100
2011-04-05,73.51000213623047,74.44999694824219,72.70999908447266,73.2300033569336,5217600
2011-04-06,73.33000183105469,73.93000030517578,72.80000305175781,73.72000122070312,4803600
2011-04-07,73.73999786376953,74.58000183105469,73.68000030517578,74.29000091552734,4373400
2011-04-08,74.66000366210938,74.8499984741211,73.04000091552734,73.47000122070312,3099500
2011-04-11,73.6500015258789,74.27999877929688,73.5,73.76000213623047,2694600
2011-04-12,73.22000122070312,73.58000183105469,72.95999908447266,73.08000183105469,3441100
2011-04-13,73.33000183105469,73.70999908447266,71.55000305175781,72.12999725341797,5078400
2011-04-14,71.83000183105469,72.47000122070312,70.87999725341797,72.30000305175781,4091600
2011-04-15,72.44999694824219,72.9800033569336,72.0199966430664,72.5999984741211,4176600
2011-04-18,72.72000122070312,73.27999877929688,71.75,72.79000091552734,6225500
2011-04-19,72.97000122070312,73.62999725341797,72.63999938964844,73.1500015258789,4352000
2011-04-20,74.20999908447266,75.31999969482422,74.1500015258789,75.06999969482422,6356300
2011-04-21,75.43000030517578,75.73999786376953,75.08000183105469,75.44000244140625,3157100
2011-04-25,75.51000213623047,75.55999755859375,74.68000030517578,74.9000015258789,2524200
2011-04-26,75.30999755859375,75.8499984741211,75.01000213623047,75.55000305175781,5100900
2011-04-27,76.02999877929688,77.30999755859375,75.05000305175781,76.12000274658203,7462400
2011-04-28,76.02999877929688,78.86000061035156,76.0199966430664,78.55000305175781,7359700
2011-04-29,78.8499984741211,80.33999633789062,78.8499984741211,79.77999877929688,8050400
2011-05-02,80.3499984741211,80.6500015258789,79.16000366210938,79.52999877929688,5633300
2011-05-03,79.23999786376953,80.20999908447266,79.01000213623047,79.51000213623047,4728000
2011-05-04,79.69999694824219,80.0,78.76000213623047,78.83999633789062,5735200
2011-05-05,78.5199966430664,79.73999786376953,78.08999633789062,78.44999694824219,4718900
2011-05-06,79.13999938964844,80.04000091552734,78.97000122070312,79.30999755859375,4565800
2011-05-09,79.30999755859375,80.1500015258789,79.1500015258789,79.63999938964844,3137600
2011-05-10,79.76000213623047,80.41999816894531,79.76000213623047,79.94999694824219,3852400
2011-05-11,79.63999938964844,79.80000305175781,78.7300033569336,79.08000183105469,3853700
2011-05-12,79.04000091552734,79.75,78.4800033569336,79.41000366210938,3700000
2011-05-13,79.61000061035156,80.08999633789062,78.55999755859375,79.02999877929688,3808500
2011-05-16,78.66000366210938,78.80999755859375,77.6500015258789,77.7699966430664,3800400
2011-05-17,77.61000061035156,77.7300033569336,75.83000183105469,76.68000030517578,5191100
2011-05-18,76.77999877929688,77.48999786376953,76.5999984741211,77.13999938964844,3634200
2011-05-19,77.41000366210938,78.44999694824219,77.25,78.0199966430664,3340900
2011-05-20,77.88999938964844,77.98999786376953,77.26000213623047,77.5199966430664,4000400
2011-05-23,76.55000305175781,76.76000213623047,75.7699966430664,76.27999877929688,3587300
2011-05-24,76.45999908447266,76.70999908447266,75.23999786376953,75.56999969482422,3783700
2011-05-25,75.26000213623047,76.77999877929688,75.12999725341797,76.31999969482422,4134000
2011-05-26,76.54000091552734,76.91999816894531,75.94000244140625,76.66000366210938,4377000
2011-05-27,77.02999877929688,77.5,76.62000274658203,76.98999786376953,3202700
2011-05-31,77.80000305175781,78.3499984741211,77.41000366210938,78.02999877929688,4706400
2011-06-01,77.94999694824219,78.0999984741211,75.26000213623047,75.3499984741211,5259100
2011-06-02,75.44000244140625,76.33999633789062,75.30000305175781,75.69000244140625,3606200
2011-06-03,74.70999908447266,75.05000305175781,74.08999633789062,74.83999633789062,4239300
2011-06-06,74.76000213623047,75.2699966430664,74.41999816894531,74.58000183105469,3310200
2011-06-07,74.79000091552734,75.0999984741211,74.16000366210938,74.18000030517578,3387500
2011-06-08,74.12999725341797,74.4000015258789,73.6500015258789,73.8499984741211,3772100
2011-06-09,73.83000183105469,74.55000305175781,73.43000030517578,74.18000030517578,2960800
2011-06-10,73.80999755859375,74.0,72.61000061035156,72.69000244140625,5139600
2011-06-13,73.05999755859375,73.41000366210938,72.69000244140625,72.94000244140625,4087300
2011-06-14,73.33999633789062,75.0199966430664,73.19000244140625,74.63999938964844,4775700
2011-06-15,74.06999969482422,75.51000213623047,73.56999969482422,73.8499984741211,6531900
2011-06-16,73.73999786376953,74.58000183105469,73.44999694824219,74.01000213623047,4446500
2011-06-17,74.62000274658203,74.93000030517578,73.76000213623047,74.16000366210938,5536100
2011-06-20,73.95999908447266,74.80000305175781,73.51000213623047,74.5199966430664,3809600
2011-06-21,75.0199966430664,75.0199966430664,73.77999877929688,73.9800033569336,5493900
2011-06-22,73.58999633789062,73.66000366210938,72.05999755859375,72.12000274658203,7232200
2011-06-23,71.16999816894531,71.62999725341797,70.29000091552734,71.25,8038400
2011-06-24,71.37000274658203,71.56999969482422,70.7300033569336,71.26000213623047,6088500
2011-06-27,71.44000244140625,71.94000244140625,71.33000183105469,71.62000274658203,4028200
2011-06-28,71.81999969482422,72.23999786376953,71.4000015258789,72.08999633789062,3837900
2011-06-29,72.22000122070312,72.95999908447266,71.86000061035156,72.72000122070312,3913800
2011-06-30,73.0,74.0999984741211,72.9000015258789,73.93000030517578,4245300
2011-07-01,73.80999755859375,74.7300033569336,73.80000305175781,74.2699966430664,3647800
2011-07-05,74.16999816894531,74.7300033569336,73.8499984741211,74.1500015258789,3130300
2011-07-06,74.12999725341797,75.16000366210938,74.01000213623047,74.73999786376953,3757800
2011-07-07,75.33000183105469,76.19999694824219,74.8499984741211,75.98999786376953,4976900
2011-07-08,75.58000183105469,75.58000183105469,74.56999969482422,75.06999969482422,4051200
2011-07-11,74.16999816894531,74.7300033569336,73.0,73.3499984741211,4379000
2011-07-12,73.62000274658203,73.86000061035156,71.79000091552734,71.93000030517578,5773000
2011-07-13,72.55999755859375,73.25,71.86000061035156,72.16999816894531,4707700
2011-07-14,71.94000244140625,72.31999969482422,71.0,71.19000244140625,5691200
2011-07-15,71.69999694824219,71.70999908447266,70.8499984741211,71.27999877929688,4058500
2011-07-18,70.66000366210938,70.69999694824219,69.06999969482422,69.55000305175781,7294900
2011-07-19,70.11000061035156,70.98999786376953,69.30999755859375,70.52999877929688,7434200
2011-07-20,71.12000274658203,73.30000305175781,70.76000213623047,72.06999969482422,8026000
2011-07-21,72.58000183105469,73.25,72.0,72.88999938964844,4301500
2011-07-22,73.19000244140625,73.19000244140625,72.23999786376953,72.66999816894531,2921300
2011-07-25,71.37999725341797,72.01000213623047,71.01000213623047,71.30999755859375,3990800
2011-07-26,71.37999725341797,71.44000244140625,69.86000061035156,70.16000366210938,7061900
2011-07-27,71.7300033569336,73.19999694824219,70.52999877929688,70.62999725341797,9806900
2011-07-28,71.0,72.33000183105469,70.58999633789062,70.66000366210938,5448400
2011-07-29,70.0,71.11000061035156,69.25,70.47000122070312,5962000
2011-08-01,71.61000061035156,71.62999725341797,69.52999877929688,70.33000183105469,5554600
2011-08-02,69.55999755859375,70.29000091552734,67.69000244140625,67.69999694824219,7052400
2011-08-03,67.88999938964844,68.11000061035156,66.0999984741211,67.33999633789062,6749800
2011-08-04,66.36000061035156,66.37999725341797,63.0,63.09000015258789,10707100
2011-08-05,64.08999633789062,64.44999694824219,61.40999984741211,62.75,11643100
2011-08-08,61.099998474121094,61.810001373291016,58.61000061035156,58.709999084472656,13561000
2011-08-09,60.040000915527344,62.459999084472656,58.7599983215332,62.34000015258789,14122800
2011-08-10,60.91999816894531,61.20000076293945,57.22999954223633,57.40999984741211,13549600
2011-08-11,57.650001525878906,59.56999969482422,56.0099983215332,58.849998474121094,15539100
2011-08-12,59.95000076293945,61.869998931884766,59.15999984741211,61.75,10082800
2011-08-15,62.060001373291016,62.72999954223633,61.369998931884766,62.70000076293945,6933400
2011-08-16,61.72999954223633,62.97999954223633,61.40999984741211,62.22999954223633,6841400
2011-08-17,62.439998626708984,62.91999816894531,61.61000061035156,62.18000030517578,6263400
2011-08-18,60.400001525878906,60.720001220703125,58.220001220703125,58.93000030517578,8108800
2011-08-19,58.29999923706055,59.43000030517578,57.470001220703125,57.540000915527344,9229900
2011-08-22,59.13999938964844,59.36000061035156,58.040000915527344,58.380001068115234,6862800
2011-08-23,58.70000076293945,60.77000045776367,58.189998626708984,60.77000045776367,6527700
2011-08-24,60.59000015258789,61.90999984741211,60.45000076293945,61.689998626708984,4852000
2011-08-25,62.04999923706055,62.38999938964844,60.5,61.099998474121094,6440000
2011-08-26,60.63999938964844,62.970001220703125,60.130001068115234,62.79999923706055,6199200
2011-08-29,63.9900016784668,64.77999877929688,63.599998474121094,64.5999984741211,4303900
2011-08-30,65.2300033569336,66.54000091552734,64.80000305175781,66.02999877929688,6984200
2011-08-31,66.69000244140625,67.29000091552734,66.13999938964844,66.86000061035156,6807400
2011-09-01,66.95999908447266,67.7300033569336,66.0,66.05000305175781,6169500
2011-09-02,65.01000213623047,65.1500015258789,63.709999084472656,64.02999877929688,4735100
2011-09-06,61.90999984741211,62.900001525878906,61.220001220703125,62.77000045776367,6478800
2011-09-07,63.939998626708984,65.20999908447266,63.41999816894531,64.9000015258789,5530300
2011-09-08,64.33999633789062,64.5,62.61000061035156,62.810001373291016,6866500
2011-09-09,62.11000061035156,63.09000015258789,61.439998626708984,61.790000915527344,5415700
2011-09-12,60.83000183105469,62.529998779296875,60.33000183105469,62.38999938964844,5520600
2011-09-13,62.29999923706055,63.59000015258789,62.029998779296875,62.849998474121094,5283600
2011-09-14,63.04999923706055,64.06999969482422,61.63999938964844,63.029998779296875,5782600
2011-09-15,63.650001525878906,64.61000061035156,63.45000076293945,64.31999969482422,5263700
2011-09-16,64.77999877929688,65.75,64.5199966430664,65.37999725341797,6926700
2011-09-19,64.08000183105469,64.4000015258789,62.95000076293945,64.1500015258789,4836800
2011-09-20,64.36000061035156,64.63999938964844,63.5,63.560001373291016,3431600
2011-09-21,63.540000915527344,63.81999969482422,60.9900016784668,61.02000045776367,4517200
2011-09-22,59.33000183105469,59.59000015258789,57.529998779296875,58.720001220703125,12055700
2011-09-23,58.56999969482422,59.77000045776367,58.060001373291016,59.5099983215332,6239400
2011-09-26,60.79999923706055,62.27000045776367,60.0,62.0099983215332,7031800
2011-09-27,64.12999725341797,64.29000091552734,62.40999984741211,62.779998779296875,6410300
2011-09-28,63.279998779296875,64.05000305175781,61.810001373291016,61.91999816894531,4695500
2011-09-29,63.20000076293945,63.70000076293945,61.36000061035156,62.369998931884766,6094200
2011-09-30,61.5,62.18000030517578,60.45000076293945,60.5099983215332,5464300
2011-10-03,60.099998474121094,61.529998779296875,57.849998474121094,58.25,8290400
2011-10-04,57.529998779296875,59.22999954223633,56.900001525878906,59.13999938964844,7800000
2011-10-05,58.900001525878906,60.040000915527344,58.650001525878906,59.959999084472656,5825600
2011-10-06,60.0099983215332,61.790000915527344,59.45000076293945,61.47999954223633,5565900
2011-10-07,61.90999984741211,62.959999084472656,61.43000030517578,61.810001373291016,5580800
2011-10-10,62.869998931884766,64.19000244140625,62.75,64.02999877929688,4597500
2011-10-11,63.65999984741211,64.25,63.5,63.970001220703125,3192200
2011-10-12,64.45999908447266,65.2300033569336,64.12999725341797,64.31999969482422,5136500
2011-10-13,63.779998779296875,64.08999633789062,63.04999923706055,63.529998779296875,3154300
2011-10-14,64.0,64.27999877929688,63.40999984741211,63.88999938964844,3839900
2011-10-17,63.34000015258789,63.5099983215332,61.65999984741211,61.779998779296875,4873400
2011-10-18,61.93000030517578,64.23999786376953,61.33000183105469,63.470001220703125,6167800
2011-10-19,62.61000061035156,64.2699966430664,62.529998779296875,63.11000061035156,4849500
2011-10-20,63.0099983215332,63.72999954223633,62.18000030517578,62.4900016784668,6291500
2011-10-21,63.310001373291016,64.63999938964844,63.099998474121094,64.58999633789062,6250400
2011-10-24,64.41000366210938,65.05999755859375,63.93000030517578,64.75,5190800
2011-10-25,64.80999755859375,64.94999694824219,63.54999923706055,63.720001220703125,6529500
2011-10-26,67.55999755859375,67.9000015258789,65.80000305175781,66.55999755859375,12700300
2011-10-27,68.58999633789062,68.76000213623047,67.18000030517578,67.48999786376953,8606900
2011-10-28,67.55000305175781,68.38999938964844,67.30999755859375,68.16999816894531,6102900
2011-10-31,67.12000274658203,67.48999786376953,65.73999786376953,65.79000091552734,6879500
2011-11-01,64.2300033569336,64.33999633789062,62.369998931884766,63.16999816894531,8962200
2011-11-02,63.970001220703125,64.76000213623047,63.83000183105469,64.4000015258789,5782800
2011-11-03,65.16000366210938,66.37000274658203,64.5,66.19000244140625,4896800
2011-11-04,65.58999633789062,65.94999694824219,65.0,65.80000305175781,3458000
2011-11-07,65.70999908447266,66.4000015258789,65.16999816894531,66.29000091552734,3624200
2011-11-08,66.44000244140625,66.80000305175781,65.44999694824219,66.6500015258789,4827000
2011-11-09,65.16999816894531,65.69999694824219,64.33000183105469,64.55000305175781,5753500
2011-11-10,65.08999633789062,65.5999984741211,64.58999633789062,64.83000183105469,3853400
2011-11-11,65.43000030517578,67.26000213623047,65.43000030517578,66.91999816894531,4397700
2011-11-14,68.88999938964844,68.97000122070312,67.69999694824219,67.94000244140625,6366100
2011-11-15,67.9000015258789,68.33999633789062,67.05000305175781,67.94000244140625,5112800
2011-11-16,67.12999725341797,67.66000366210938,66.19999694824219,66.33999633789062,5352800
2011-11-17,67.19999694824219,67.3499984741211,65.41000366210938,66.08999633789062,7122800
2011-11-18,66.93000030517578,67.8499984741211,66.29000091552734,67.45999908447266,7055300
2011-11-21,66.31999969482422,66.44999694824219,64.0,65.55999755859375,8102900
2011-11-22,65.30000305175781,65.44000244140625,63.880001068115234,64.3499984741211,5000300
2011-11-23,63.619998931884766,63.75,62.33000183105469,62.36000061035156,4273000
2011-11-25,62.15999984741211,63.619998931884766,62.119998931884766,62.779998779296875,2122300
2011-11-28,64.52999877929688,65.62999725341797,64.52999877929688,64.98999786376953,4621100
2011-11-29,65.0199966430664,66.0,64.83999633789062,65.26000213623047,5317900
2011-11-30,67.08000183105469,68.75,66.98999786376953,68.69000244140625,8601100
2011-12-01,68.69999694824219,71.70999908447266,68.51000213623047,70.9800033569336,12018200
2011-12-02,71.69999694824219,71.9800033569336,70.93000030517578,71.30000305175781,7252600
2011-12-05,72.27999877929688,72.76000213623047,70.3499984741211,71.08999633789062,8133700
2011-12-06,70.91999816894531,71.58999633789062,70.80000305175781,70.87000274658203,4624300
2011-12-07,70.30000305175781,71.51000213623047,69.63999938964844,70.5999984741211,6455100
2011-12-08,70.45999908447266,71.12999725341797,69.83000183105469,70.16999816894531,6034800
2011-12-09,70.80999755859375,72.0,70.41000366210938,71.93000030517578,5545900
2011-12-12,71.51000213623047,71.95999908447266,70.18000030517578,70.9000015258789,5463400
2011-12-13,71.66999816894531,72.6500015258789,70.62000274658203,70.9000015258789,7555600
2011-12-14,70.3499984741211,71.54000091552734,69.72000122070312,69.94000244140625,5999900
2011-12-15,70.80999755859375,70.94999694824219,70.05000305175781,70.61000061035156,4076400
2011-12-16,71.11000061035156,72.37000274658203,70.55999755859375,71.01000213623047,8854900
2011-12-19,71.19999694824219,71.62000274658203,69.91000366210938,70.16000366210938,3572500
2011-12-20,71.2300033569336,72.68000030517578,71.2300033569336,72.44000244140625,5408600
2011-12-21,72.7300033569336,73.70999908447266,72.05999755859375,73.58999633789062,5471700
2011-12-22,73.83000183105469,74.73999786376953,73.4800033569336,74.29000091552734,5849400
2011-12-23,74.52999877929688,74.70999908447266,73.5999984741211,73.97000122070312,3578100
2011-12-27,73.68000030517578,74.48999786376953,73.37000274658203,74.2699966430664,2536700
2011-12-28,74.4800033569336,74.5999984741211,73.02999877929688,73.26000213623047,2568200
2011-12-29,73.44000244140625,74.36000061035156,73.30999755859375,74.11000061035156,2749300
2011-12-30,73.86000061035156,74.08000183105469,73.23999786376953,73.3499984741211,2811800
2012-01-03,74.69999694824219,75.0,74.12000274658203,74.22000122070312,6859300
2012-01-04,74.0999984741211,74.5999984741211,73.58999633789062,74.33000183105469,4923000
2012-01-05,73.7699966430664,73.9000015258789,72.73999786376953,73.52999877929688,6797900
2012-01-06,73.7300033569336,74.2699966430664,72.94999694824219,73.9800033569336,4779800
2012-01-09,74.80999755859375,74.87000274658203,74.18000030517578,74.52999877929688,4469600
2012-01-10,75.12999725341797,75.33999633789062,74.5,75.0,4622400
2012-01-11,74.77999877929688,74.94999694824219,74.2300033569336,74.73999786376953,3082700
2012-01-12,74.80999755859375,75.69000244140625,74.77999877929688,75.51000213623047,3934500
2012-01-13,75.04000091552734,75.19999694824219,74.16000366210938,74.5999984741211,4641100
2012-01-17,75.30000305175781,76.0,75.13999938964844,75.23999786376953,3700100
2012-01-18,74.94999694824219,75.44999694824219,74.7699966430664,75.05999755859375,4189500
2012-01-19,75.2699966430664,75.91999816894531,75.0999984741211,75.55999755859375,5397300
2012-01-20,75.68000030517578,75.9000015258789,75.13999938964844,75.5199966430664,4552300
2012-01-23,75.66000366210938,76.37000274658203,75.31999969482422,75.51000213623047,4083700
2012-01-24,75.05999755859375,75.62000274658203,74.5999984741211,75.36000061035156,4942700
2012-01-25,73.97000122070312,76.69999694824219,72.8499984741211,75.81999969482422,14049100
2012-01-26,75.83999633789062,76.36000061035156,75.0,75.30999755859375,4187400
2012-01-27,74.80000305175781,75.2300033569336,74.4000015258789,74.55000305175781,4754600
2012-01-30,73.98999786376953,74.3499984741211,73.68000030517578,74.16000366210938,5043000
2012-01-31,74.51000213623047,75.19999694824219,73.95999908447266,74.18000030517578,4777200
2012-02-01,74.95999908447266,75.88999938964844,74.95999908447266,75.37000274658203,4296400
2012-02-02,75.19999694824219,75.33000183105469,74.5,75.22000122070312,3528100
2012-02-03,76.08999633789062,76.73999786376953,75.86000061035156,76.33999633789062,3472400
2012-02-06,75.26000213623047,75.55000305175781,75.16000366210938,75.45999908447266,4162500
2012-02-07,75.04000091552734,75.3499984741211,74.30000305175781,75.19999694824219,4438700
2012-02-08,74.70999908447266,75.6500015258789,74.51000213623047,75.45999908447266,5350000
2012-02-09,75.77999877929688,76.2300033569336,75.37000274658203,75.9000015258789,4491100
2012-02-10,75.44999694824219,75.55999755859375,74.56999969482422,74.94999694824219,3361700
2012-02-13,75.5,75.51000213623047,74.75,74.8499984741211,3456500
2012-02-14,75.51000213623047,75.56999969482422,74.9000015258789,75.55999755859375,4652000
2012-02-15,75.86000061035156,76.0,75.0,75.20999908447266,4252400
2012-02-16,75.04000091552734,75.47000122070312,74.87000274658203,75.2699966430664,4992800
2012-02-17,75.52999877929688,75.55000305175781,75.0199966430664,75.3499984741211,4927300
2012-02-21,75.66999816894531,75.94999694824219,75.08000183105469,75.72000122070312,3978100
2012-02-22,75.55999755859375,76.30000305175781,75.30999755859375,76.05999755859375,3764800
2012-02-23,75.76000213623047,76.16999816894531,75.5199966430664,75.8499984741211,4187200
2012-02-24,75.75,76.63999938964844,75.62999725341797,76.05999755859375,3347000
2012-02-27,75.69000244140625,75.77999877929688,75.01000213623047,75.20999908447266,5379400
2012-02-28,75.18000030517578,75.41000366210938,74.80999755859375,75.16000366210938,3667400
2012-02-29,75.27999877929688,75.72000122070312,74.75,74.94999694824219,4631800
2012-03-01,74.95999908447266,75.62999725341797,74.86000061035156,75.08000183105469,3343100
2012-03-02,75.06999969482422,75.27999877929688,74.62999725341797,74.9000015258789,2806600
2012-03-05,74.94999694824219,74.9800033569336,73.93000030517578,74.12999725341797,4156800
2012-03-06,73.23999786376953,73.23999786376953,72.30000305175781,72.55999755859375,5455700
2012-03-07,72.58000183105469,73.69999694824219,72.51000213623047,73.5199966430664,4279000
2012-03-08,74.2699966430664,74.69999694824219,73.83000183105469,74.16999816894531,3881200
2012-03-09,74.13999938964844,74.30999755859375,73.16999816894531,73.29000091552734,5535900
2012-03-12,73.19999694824219,74.02999877929688,73.19999694824219,73.5999984741211,2833500
2012-03-13,73.87999725341797,74.3499984741211,73.37999725341797,74.30999755859375,4532700
2012-03-14,74.31999969482422,75.37999725341797,74.30999755859375,75.2300033569336,5297100
2012-03-15,75.5,75.62999725341797,74.87999725341797,75.43000030517578,4850700
2012-03-16,75.76000213623047,75.80999755859375,75.0,75.19999694824219,7079200
2012-03-19,75.0,75.69000244140625,75.0,75.4000015258789,2683800
2012-03-20,75.08999633789062,75.47000122070312,74.5199966430664,75.13999938964844,4384000
2012-03-21,75.05000305175781,75.44000244140625,74.80000305175781,75.01000213623047,3644100
2012-03-22,74.62000274658203,74.66000366210938,73.37000274658203,73.91999816894531,4921400
2012-03-23,74.05000305175781,74.33999633789062,73.75,73.97000122070312,2518400
2012-03-26,74.5199966430664,75.2300033569336,74.47000122070312,75.18000030517578,3715800
2012-03-27,75.11000061035156,75.25,74.80000305175781,74.80999755859375,3510700
2012-03-28,74.98999786376953,75.29000091552734,73.9000015258789,74.33000183105469,3412200
2012-03-29,73.7699966430664,74.1500015258789,72.94999694824219,74.08000183105469,3587600
2012-03-30,74.31999969482422,74.44000244140625,73.77999877929688,74.37000274658203,3203800
2012-04-02,74.0,75.47000122070312,73.61000061035156,75.16999816894531,4104600
2012-04-03,75.0,75.11000061035156,74.1500015258789,74.6500015258789,3485900
2012-04-04,73.97000122070312,74.19999694824219,73.48999786376953,73.66999816894531,2490500
2012-04-05,73.41999816894531,73.88999938964844,73.30000305175781,73.58999633789062,2640200
2012-04-09,72.62999725341797,72.79000091552734,72.2699966430664,72.43000030517578,2443400
2012-04-10,72.25,72.30999755859375,70.58999633789062,70.5999984741211,5339000
2012-04-11,71.62999725341797,72.51000213623047,71.48999786376953,71.7699966430664,5099900
2012-04-12,71.69000244140625,73.83000183105469,71.69000244140625,73.5,3938800
2012-04-13,73.18000030517578,73.37999725341797,72.37000274658203,72.91999816894531,3329100
2012-04-16,72.9800033569336,73.19000244140625,72.30000305175781,72.68000030517578,4800000
2012-04-17,73.12999725341797,74.36000061035156,73.0999984741211,74.08999633789062,3345300
2012-04-18,73.58000183105469,74.23999786376953,73.47000122070312,73.70999908447266,2248900
2012-04-19,73.7300033569336,73.95999908447266,72.66000366210938,73.0999984741211,3729300
2012-04-20,73.2699966430664,74.02999877929688,73.0999984741211,73.55000305175781,4302100
2012-04-23,72.69000244140625,73.12999725341797,72.16999816894531,72.86000061035156,5022100
2012-04-24,73.20999908447266,73.73999786376953,72.7699966430664,73.20999908447266,3664500
2012-04-25,75.05000305175781,77.5,74.9000015258789,77.08000183105469,10621200
2012-04-26,76.70999908447266,77.19999694824219,76.55000305175781,76.98999786376953,4704700
2012-04-27,77.27999877929688,77.56999969482422,76.9000015258789,77.2699966430664,4168700
2012-04-30,76.51000213623047,76.87000274658203,75.68000030517578,76.80000305175781,5811100
2012-05-01,76.58999633789062,77.83000183105469,75.8499984741211,77.25,4287600
2012-05-02,76.7699966430664,77.5,76.33999633789062,77.26000213623047,3073500
2012-05-03,77.12999725341797,77.33000183105469,76.5199966430664,76.83000183105469,3304800
2012-05-04,76.3499984741211,76.55999755859375,75.5,75.83999633789062,3366400
2012-05-07,75.79000091552734,76.08000183105469,75.37000274658203,75.95999908447266,3551800
2012-05-08,75.37999725341797,75.5999984741211,74.55000305175781,75.4000015258789,4033400
2012-05-09,74.25,74.86000061035156,73.31999969482422,74.05000305175781,3926600
2012-05-10,74.45999908447266,75.06999969482422,73.62999725341797,73.80000305175781,2952700
2012-05-11,73.58999633789062,74.11000061035156,73.25,73.55999755859375,3189000
2012-05-14,72.88999938964844,73.79000091552734,72.3499984741211,73.12000274658203,3585700
2012-05-15,73.0,73.66999816894531,72.41999816894531,72.58000183105469,3252300
2012-05-16,72.81999969482422,73.51000213623047,72.29000091552734,72.3499984741211,3648100
2012-05-17,72.30999755859375,72.4800033569336,69.45999908447266,69.7300033569336,6172200
2012-05-18,69.94999694824219,70.33999633789062,68.93000030517578,69.1500015258789,5597400
2012-05-21,70.45999908447266,71.8499984741211,70.13999938964844,71.77999877929688,4709700
2012-05-22,71.6500015258789,72.20999908447266,71.08000183105469,71.4800033569336,4269400
2012-05-23,70.69000244140625,71.62999725341797,69.91999816894531,71.56999969482422,4222700
2012-05-24,71.63999938964844,71.94999694824219,70.25,71.38999938964844,2942600
2012-05-25,71.20999908447266,71.38999938964844,69.66000366210938,70.0,5163300
2012-05-29,70.27999877929688,70.5,69.75,70.4000015258789,3973600
2012-05-30,69.87999725341797,70.08999633789062,69.25,69.38999938964844,4677600
2012-05-31,69.54000091552734,70.11000061035156,69.06999969482422,69.61000061035156,4191400
2012-06-01,68.66999816894531,68.87999725341797,67.13999938964844,67.23999786376953,5592000
2012-06-04,68.1500015258789,68.1500015258789,67.05000305175781,67.5,5478200
2012-06-05,67.30999755859375,67.69999694824219,66.81999969482422,67.58000183105469,3747300
2012-06-06,67.97000122070312,69.0199966430664,67.95999908447266,69.0199966430664,4050300
2012-06-07,69.56999969482422,70.33000183105469,69.43000030517578,69.94999694824219,4004600
2012-06-08,69.66000366210938,69.97000122070312,69.2699966430664,69.94000244140625,3933400
2012-06-11,70.61000061035156,70.8499984741211,69.80000305175781,70.11000061035156,4369400
2012-06-12,70.93000030517578,72.81999969482422,70.73999786376953,72.58000183105469,6458100
2012-06-13,72.41000366210938,72.69999694824219,71.56999969482422,72.05999755859375,4720300
2012-06-14,72.08000183105469,72.30000305175781,71.38999938964844,71.8499984741211,5822900
2012-06-15,72.08999633789062,72.37999725341797,71.58000183105469,71.98999786376953,5308300
2012-06-18,71.69000244140625,72.33999633789062,71.25,71.9000015258789,3435200
2012-06-19,72.36000061035156,73.22000122070312,72.0199966430664,72.91999816894531,4167200
2012-06-20,72.69999694824219,73.45999908447266,72.3499984741211,73.01000213623047,3468700
2012-06-21,73.3499984741211,73.62000274658203,71.25,71.37000274658203,3659300
2012-06-22,71.55000305175781,72.0999984741211,71.06999969482422,71.95999908447266,3267300
2012-06-25,71.80999755859375,71.91999816894531,71.02999877929688,71.05000305175781,4111400
2012-06-26,71.30000305175781,71.62999725341797,70.4800033569336,70.93000030517578,2757600
2012-06-27,70.9800033569336,72.04000091552734,70.94999694824219,71.87000274658203,2514600
2012-06-28,71.1500015258789,71.73999786376953,70.62999725341797,71.58000183105469,3144600
2012-06-29,73.05999755859375,74.37000274658203,72.88999938964844,74.30000305175781,4419400
2012-07-02,74.20999908447266,74.73999786376953,72.44999694824219,73.18000030517578,4893400
2012-07-03,73.08000183105469,74.2699966430664,73.08000183105469,74.2699966430664,2166200
2012-07-05,74.37999725341797,74.73999786376953,73.8499984741211,74.44000244140625,2539000
2012-07-06,73.77999877929688,73.80999755859375,72.9000015258789,73.69000244140625,3579100
2012-07-09,74.2699966430664,74.8499984741211,73.80000305175781,74.02999877929688,4357700
2012-07-10,74.62999725341797,75.05000305175781,72.88999938964844,73.22000122070312,4756700
2012-07-11,72.69000244140625,72.76000213623047,71.2300033569336,71.5199966430664,6072200
2012-07-12,71.19999694824219,72.0199966430664,70.8499984741211,71.70999908447266,5799800
2012-07-13,71.93000030517578,73.55999755859375,71.8499984741211,73.51000213623047,3616000
2012-07-16,73.12999725341797,73.19000244140625,72.25,72.97000122070312,3538400
2012-07-17,73.25,73.51000213623047,72.04000091552734,73.11000061035156,2775700
2012-07-18,72.70999908447266,74.44000244140625,72.70999908447266,73.88999938964844,3756200
2012-07-19,73.98999786376953,75.11000061035156,73.69999694824219,74.86000061035156,4543200
2012-07-20,74.5,74.80000305175781,73.61000061035156,73.88999938964844,3148100
2012-07-23,72.30999755859375,73.08000183105469,71.58000183105469,72.91000366210938,3432200
2012-07-24,72.87000274658203,73.16999816894531,71.3499984741211,72.02999877929688,3866500
2012-07-25,74.19999694824219,74.4800033569336,72.69999694824219,74.02999877929688,6130400
2012-07-26,75.12999725341797,75.95999908447266,74.2699966430664,74.91000366210938,4949200
2012-07-27,75.58000183105469,75.94000244140625,75.08000183105469,75.51000213623047,4066300
2012-07-30,74.5999984741211,75.58999633789062,74.43000030517578,74.86000061035156,4999700
2012-07-31,74.81999969482422,75.05999755859375,73.87999725341797,73.91000366210938,3978700
2012-08-01,74.31999969482422,74.4800033569336,72.63999938964844,72.7699966430664,4696000
2012-08-02,72.38999938964844,72.5199966430664,71.1500015258789,71.98999786376953,4615000
2012-08-03,73.12999725341797,73.33999633789062,72.68000030517578,72.80999755859375,4588500
2012-08-06,73.20999908447266,73.33000183105469,72.70999908447266,72.88999938964844,3758800
2012-08-07,73.2699966430664,74.55000305175781,72.93000030517578,74.45999908447266,4717200
2012-08-08,74.02999877929688,74.69000244140625,74.01000213623047,74.5999984741211,3410700
2012-08-09,74.61000061035156,74.61000061035156,73.91000366210938,74.27999877929688,2387500
2012-08-10,73.87000274658203,74.30999755859375,73.76000213623047,74.20999908447266,2843600
2012-08-13,73.70999908447266,74.43000030517578,73.5999984741211,74.19000244140625,2379900
2012-08-14,74.30000305175781,74.44000244140625,73.5999984741211,73.80999755859375,2616700
2012-08-15,73.33999633789062,73.6500015258789,72.75,73.06999969482422,3278200
2012-08-16,73.0999984741211,73.75,73.0199966430664,73.63999938964844,2802700
2012-08-17,73.69000244140625,73.9800033569336,73.4000015258789,73.91000366210938,3235800
2012-08-20,73.61000061035156,74.0,73.33999633789062,73.83000183105469,2481900
2012-08-21,74.08999633789062,74.36000061035156,73.12000274658203,73.2699966430664,3136400
2012-08-22,73.33999633789062,73.5999984741211,72.55000305175781,72.80000305175781,4242600
2012-08-23,72.08999633789062,72.1500015258789,70.0199966430664,70.36000061035156,9431200
2012-08-24,70.31999969482422,71.16999816894531,70.05000305175781,71.08999633789062,5351300
2012-08-27,70.94999694824219,71.77999877929688,70.87999725341797,71.37999725341797,3538100
2012-08-28,71.18000030517578,71.8499984741211,71.05000305175781,71.5199966430664,3029200
2012-08-29,71.63999938964844,71.98999786376953,71.12999725341797,71.44000244140625,2687200
2012-08-30,71.05000305175781,71.12999725341797,70.5,70.81999969482422,3393100
2012-08-31,71.2699966430664,71.75,70.61000061035156,71.4000015258789,3171800
2012-09-04,71.5,71.5,70.4000015258789,70.87000274658203,3916400
2012-09-05,71.37999725341797,72.05000305175781,71.11000061035156,71.91999816894531,4946900
2012-09-06,72.37000274658203,73.2699966430664,72.37000274658203,72.81999969482422,4358800
2012-09-07,72.87000274658203,73.02999877929688,72.55000305175781,72.88999938964844,3080400
2012-09-10,72.30999755859375,72.31999969482422,70.80999755859375,71.08000183105469,8354500
2012-09-11,71.19000244140625,71.66999816894531,71.1500015258789,71.2699966430664,3951300
2012-09-12,71.43000030517578,71.68000030517578,70.80000305175781,70.95999908447266,4400800
2012-09-13,70.68000030517578,71.98999786376953,70.44000244140625,71.58000183105469,5314100
2012-09-14,72.0199966430664,72.43000030517578,71.0,71.27999877929688,6530200
2012-09-17,70.7699966430664,70.81999969482422,69.88999938964844,69.91999816894531,6917200
2012-09-18,69.86000061035156,70.45999908447266,69.55999755859375,70.44999694824219,5490300
2012-09-19,70.73999786376953,70.73999786376953,69.87999725341797,69.9000015258789,5193400
2012-09-20,69.3499984741211,69.86000061035156,69.02999877929688,69.8499984741211,4875100
2012-09-21,70.08999633789062,70.1500015258789,69.47000122070312,69.97000122070312,13161000
2012-09-24,69.44999694824219,70.18000030517578,69.20999908447266,70.02999877929688,5037900
2012-09-25,70.29000091552734,70.48999786376953,69.37999725341797,69.37999725341797,4085900
2012-09-26,69.33999633789062,70.51000213623047,69.30999755859375,70.25,5256400
2012-09-27,70.4000015258789,70.55000305175781,69.70999908447266,70.0999984741211,4147700
2012-09-28,69.75,70.05000305175781,69.18000030517578,69.5999984741211,4057500
2012-10-01,69.86000061035156,70.66999816894531,69.80000305175781,70.01000213623047,4012100
2012-10-02,70.11000061035156,70.30000305175781,69.19999694824219,69.52999877929688,3077900
2012-10-03,69.9000015258789,70.0,69.36000061035156,69.86000061035156,3106400
2012-10-04,70.23999786376953,70.37999725341797,69.72000122070312,69.94000244140625,2818300
2012-10-05,70.26000213623047,71.25,70.20999908447266,70.88999938964844,3741600
2012-10-08,70.72000122070312,71.19000244140625,70.55000305175781,70.56999969482422,2838800
2012-10-09,70.69999694824219,71.20999908447266,70.36000061035156,70.63999938964844,4116600
2012-10-10,70.80000305175781,71.30000305175781,70.2300033569336,70.33999633789062,3642600
2012-10-11,70.9000015258789,71.55000305175781,70.80000305175781,70.83000183105469,3183200
2012-10-12,71.08000183105469,72.23999786376953,71.0,71.8499984741211,4345600
2012-10-15,71.8499984741211,72.27999877929688,71.68000030517578,72.25,3858000
2012-10-16,72.76000213623047,73.70999908447266,72.5,73.4800033569336,4799300
2012-10-17,73.73999786376953,73.9000015258789,72.62999725341797,73.62999725341797,6061500
2012-10-18,73.5199966430664,74.26000213623047,73.23999786376953,74.26000213623047,3414200
2012-10-19,74.02999877929688,74.2300033569336,73.58999633789062,74.01000213623047,5407000
2012-10-22,73.80000305175781,74.1500015258789,73.25,73.69999694824219,4419800
2012-10-23,72.98999786376953,73.2300033569336,72.61000061035156,72.81999969482422,4544900
2012-10-24,74.94999694824219,75.0,72.25,72.70999908447266,8346600
2012-10-25,73.05000305175781,73.08999633789062,70.6500015258789,71.54000091552734,8191500
2012-10-26,71.16000366210938,71.58000183105469,70.55000305175781,71.11000061035156,4389000
2012-10-31,71.3499984741211,71.44999694824219,70.2699966430664,70.44000244140625,3778700
2012-11-01,70.58999633789062,71.55999755859375,70.44000244140625,70.79000091552734,3992800
2012-11-02,71.0,71.36000061035156,69.95999908447266,70.05000305175781,4400400
2012-11-05,69.87000274658203,70.5999984741211,69.8499984741211,70.41000366210938,3833000
2012-11-06,70.47000122070312,72.44000244140625,70.47000122070312,72.0199966430664,4923700
2012-11-07,70.69000244140625,70.7699966430664,69.30000305175781,70.11000061035156,6675400
2012-11-08,70.12999725341797,71.31999969482422,70.08999633789062,70.9800033569336,7363500
2012-11-09,70.76000213623047,73.30000305175781,70.5999984741211,73.25,10269800
2012-11-12,73.41000366210938,74.18000030517578,73.27999877929688,73.69000244140625,6497600
2012-11-13,73.0199966430664,74.25,72.83999633789062,73.36000061035156,7293400
2012-11-14,73.33999633789062,73.6500015258789,71.12000274658203,71.29000091552734,6063100
2012-11-15,71.22000122070312,71.98999786376953,70.77999877929688,71.04000091552734,3928100
2012-11-16,71.19000244140625,71.22000122070312,70.29000091552734,70.7699966430664,4856300
2012-11-19,71.48999786376953,72.08000183105469,71.08000183105469,71.95999908447266,3475700
2012-11-20,71.87000274658203,72.80000305175781,71.79000091552734,72.54000091552734,3161000
2012-11-21,72.54000091552734,73.86000061035156,72.38999938964844,73.1500015258789,3119800
2012-11-23,73.3499984741211,73.75,73.08999633789062,73.73999786376953,1579200
2012-11-26,73.4000015258789,74.30000305175781,73.19999694824219,74.2699966430664,3709100
2012-11-27,74.12000274658203,74.54000091552734,73.5999984741211,74.48999786376953,5353500
2012-11-28,74.0,74.23999786376953,73.1500015258789,74.08999633789062,4245900
2012-11-29,74.36000061035156,74.86000061035156,73.83999633789062,74.12000274658203,2998900
2012-11-30,74.36000061035156,74.66000366210938,73.86000061035156,74.27999877929688,3863400
2012-12-03,74.41000366210938,74.48999786376953,73.56999969482422,74.0199966430664,3721600
2012-12-04,73.88999938964844,74.70999908447266,73.7300033569336,74.05000305175781,3827700
2012-12-05,73.94000244140625,74.44999694824219,73.18000030517578,73.87000274658203,3818800
2012-12-06,73.80000305175781,73.98999786376953,72.93000030517578,73.9800033569336,3895400
2012-12-07,74.08999633789062,74.66000366210938,73.61000061035156,74.63999938964844,3718000
2012-12-10,74.62000274658203,75.58000183105469,74.43000030517578,75.52999877929688,5323800
2012-12-11,75.62000274658203,76.05000305175781,75.5,75.81999969482422,5960300
2012-12-12,75.83999633789062,76.04000091552734,75.26000213623047,75.47000122070312,5191300
2012-12-13,75.41999816894531,75.48999786376953,74.0999984741211,74.31999969482422,4977600
2012-12-14,74.33000183105469,74.66000366210938,73.87000274658203,74.0199966430664,4209300
2012-12-17,74.19999694824219,74.66000366210938,73.52999877929688,74.6500015258789,5537800
2012-12-18,74.30000305175781,75.69999694824219,74.13999938964844,75.5199966430664,5767500
2012-12-19,75.61000061035156,76.19000244140625,75.30000305175781,75.51000213623047,6075200
2012-12-20,75.75,76.23999786376953,75.51000213623047,76.19999694824219,4599300
2012-12-21,75.08000183105469,76.22000122070312,74.58000183105469,76.16999816894531,6831500
2012-12-24,75.88999938964844,76.55999755859375,75.52999877929688,75.97000122070312,1931900
2012-12-26,75.97000122070312,76.30000305175781,75.75,76.0199966430664,2710300
2012-12-27,76.01000213623047,76.30000305175781,75.01000213623047,75.83000183105469,4041400
2012-12-28,75.20999908447266,75.73999786376953,74.55999755859375,74.69000244140625,2970400
2012-12-31,74.61000061035156,75.41000366210938,74.0,75.36000061035156,4939000
2013-01-02,76.55000305175781,77.33000183105469,76.44999694824219,77.06999969482422,5036400
2013-01-03,76.98999786376953,77.9800033569336,76.37000274658203,77.47000122070312,3987000
2013-01-04,77.79000091552734,78.0199966430664,77.44000244140625,77.69000244140625,3431700
2013-01-07,77.54000091552734,77.69000244140625,75.33999633789062,76.12999725341797,7172600
2013-01-08,75.23999786376953,75.80999755859375,73.11000061035156,74.12999725341797,20268100
2013-01-09,74.91999816894531,76.80999755859375,74.91000366210938,76.76000213623047,10915800
2013-01-10,76.93000030517578,77.12000274658203,76.16000366210938,77.08999633789062,5026600
2013-01-11,75.70999908447266,76.0999984741211,74.5999984741211,75.16000366210938,9808500
2013-01-14,75.2300033569336,76.58999633789062,74.9000015258789,76.55000305175781,6221100
2013-01-15,76.20999908447266,76.9800033569336,76.18000030517578,76.94000244140625,3900600
2013-01-16,73.8499984741211,74.63999938964844,73.55999755859375,74.33999633789062,18212000
2013-01-17,72.77999877929688,75.62999725341797,72.68000030517578,75.26000213623047,21849200
2013-01-18,75.16000366210938,75.16000366210938,74.29000091552734,75.04000091552734,10829000
2013-01-22,74.12000274658203,74.2699966430664,73.7699966430664,74.16000366210938,9161900
2013-01-23,73.98999786376953,74.58999633789062,73.44999694824219,74.29000091552734,7784900
2013-01-24,74.41000366210938,75.54000091552734,74.41000366210938,75.31999969482422,7292200
2013-01-25,75.29000091552734,75.41999816894531,74.79000091552734,75.02999877929688,6163200
2013-01-28,73.9000015258789,74.6500015258789,73.88999938964844,74.0,7759000
2013-01-29,74.23999786376953,74.23999786376953,73.0,73.6500015258789,9296800
2013-01-30,74.41999816894531,74.75,73.7300033569336,74.58999633789062,10048600
2013-01-31,74.5,74.62000274658203,73.76000213623047,73.87000274658203,7639000
2013-02-01,74.48999786376953,75.06999969482422,74.2300033569336,74.87000274658203,6749300
2013-02-04,74.29000091552734,75.52999877929688,74.25,75.20999908447266,5799800
2013-02-05,75.69000244140625,76.9800033569336,75.61000061035156,75.88999938964844,6831200
2013-02-06,75.47000122070312,76.30000305175781,75.4000015258789,76.29000091552734,4716600
2013-02-07,76.31999969482422,77.54000091552734,76.27999877929688,77.43000030517578,7773000
2013-02-08,77.23999786376953,77.38999938964844,76.27999877929688,76.55999755859375,5100400
2013-02-11,76.41999816894531,76.44000244140625,75.8499984741211,75.87000274658203,3677100
2013-02-12,76.05999755859375,76.25,75.83000183105469,75.98999786376953,3597400
2013-02-13,75.66999816894531,75.83000183105469,74.62999725341797,74.77999877929688,4313500
2013-02-14,74.69000244140625,75.30999755859375,74.54000091552734,74.93000030517578,3830400
2013-02-15,75.26000213623047,75.26000213623047,74.72000122070312,75.02999877929688,3650700
2013-02-19,74.98999786376953,75.19000244140625,74.2699966430664,74.6500015258789,3882500
2013-02-20,75.63999938964844,76.25,74.75,74.77999877929688,7551300
2013-02-21,74.95999908447266,76.18000030517578,74.91000366210938,76.01000213623047,7438600
2013-02-22,76.69999694824219,77.02999877929688,76.4800033569336,76.66000366210938,5391200
2013-02-25,76.83000183105469,76.9000015258789,75.02999877929688,75.02999877929688,4936300
2013-02-26,75.43000030517578,75.91000366210938,75.13999938964844,75.6500015258789,3436700
2013-02-27,75.52999877929688,77.93000030517578,75.52999877929688,77.36000061035156,7160000
2013-02-28,77.23999786376953,77.7300033569336,76.4000015258789,76.9000015258789,5593400
2013-03-01,76.69999694824219,77.58999633789062,76.58000183105469,77.27999877929688,6024200
2013-03-04,76.94999694824219,77.4000015258789,76.16999816894531,77.08999633789062,4748600
2013-03-05,77.44999694824219,78.8499984741211,77.11000061035156,78.66000366210938,5693200
2013-03-06,78.66999816894531,79.27999877929688,78.48999786376953,79.08000183105469,3826100
2013-03-07,79.37000274658203,81.94999694824219,79.37000274658203,81.05000305175781,10029900
2013-03-08,81.16000366210938,81.69999694824219,80.72000122070312,81.2300033569336,5231700
2013-03-11,81.01000213623047,83.02999877929688,80.95999908447266,82.94000244140625,5087300
2013-03-12,83.0999984741211,84.62000274658203,83.0,84.16000366210938,6600800
2013-03-13,84.37999725341797,84.8499984741211,83.5199966430664,84.75,7750900
2013-03-14,84.62000274658203,85.0999984741211,84.12999725341797,84.62000274658203,5027800
2013-03-15,84.75,86.48999786376953,84.5,86.43000030517578,8205400
2013-03-18,85.06999969482422,85.7699966430664,85.04000091552734,85.18000030517578,4803900
2013-03-19,85.52999877929688,86.0,85.23999786376953,85.51000213623047,5381200
2013-03-20,85.8499984741211,86.13999938964844,85.18000030517578,85.37000274658203,3783500
2013-03-21,85.19999694824219,85.83000183105469,84.18000030517578,84.33000183105469,3672400
2013-03-22,84.5199966430664,85.0999984741211,84.5199966430664,84.81999969482422,2841600
2013-03-25,85.02999877929688,85.4800033569336,84.33999633789062,84.8499984741211,3528400
2013-03-26,85.43000030517578,86.83999633789062,85.41000366210938,86.62000274658203,5083400
2013-03-27,85.75,86.41999816894531,85.05000305175781,86.19999694824219,3185700
2013-03-28,86.41000366210938,86.5,85.41999816894531,85.8499984741211,4884300
2013-04-01,85.5999984741211,86.19000244140625,85.02999877929688,85.25,2867200
2013-04-02,85.38999938964844,85.5,83.80000305175781,84.08999633789062,4764900
2013-04-03,84.30000305175781,85.3499984741211,84.06999969482422,84.36000061035156,3885000
2013-04-04,84.79000091552734,85.0199966430664,84.20999908447266,84.94999694824219,3352500
2013-04-05,84.06999969482422,86.30000305175781,83.91000366210938,86.16999816894531,6109500
2013-04-08,86.04000091552734,86.80999755859375,85.37999725341797,86.75,5003600
2013-04-09,87.12000274658203,87.48999786376953,86.19000244140625,87.20999908447266,6058400
2013-04-10,87.33999633789062,88.55999755859375,87.05999755859375,87.81999969482422,4635200
2013-04-11,87.95999908447266,89.45999908447266,87.83999633789062,88.52999877929688,5394200
2013-04-12,88.29000091552734,88.93000030517578,88.0,88.88999938964844,2588300
2013-04-15,88.44000244140625,88.7699966430664,86.7699966430664,86.7699966430664,4324000
2013-04-16,87.44999694824219,88.3499984741211,86.43000030517578,86.88999938964844,5233900
2013-04-17,86.47000122070312,87.0,85.77999877929688,86.69000244140625,3781100
2013-04-18,87.05999755859375,87.16000366210938,85.75,86.12000274658203,2792800
2013-04-19,87.56999969482422,88.08000183105469,86.56999969482422,87.95999908447266,6322200
2013-04-22,88.08000183105469,88.08000183105469,86.44000244140625,86.94000244140625,4248700
2013-04-23,87.3499984741211,88.51000213623047,87.19999694824219,88.18000030517578,3130700
2013-04-24,91.94999694824219,92.6500015258789,90.41999816894531,90.83000183105469,9231700
2013-04-25,91.3499984741211,92.62000274658203,90.06999969482422,91.66999816894531,5766100
2013-04-26,91.88999938964844,93.37999725341797,91.66999816894531,92.8499984741211,5910600
2013-04-29,91.4000015258789,92.41000366210938,91.19000244140625,91.9000015258789,6265900
2013-04-30,91.3499984741211,91.98999786376953,90.81999969482422,91.41000366210938,4714300
2013-05-01,91.08000183105469,91.75,90.72000122070312,91.18000030517578,4567300
2013-05-02,91.23999786376953,92.81999969482422,91.19999694824219,92.20999908447266,4514800
2013-05-03,92.8499984741211,93.94999694824219,92.66999816894531,93.73999786376953,4700100
2013-05-06,93.44000244140625,94.79000091552734,93.36000061035156,94.19000244140625,5504800
2013-05-07,94.30999755859375,95.04000091552734,94.05999755859375,94.79000091552734,3858400
2013-05-08,94.30999755859375,94.44000244140625,93.7699966430664,94.04000091552734,3204300
2013-05-09,94.06999969482422,95.1500015258789,94.04000091552734,94.61000061035156,3677500
2013-05-10,94.75,94.98999786376953,93.81999969482422,94.23999786376953,3918600
2013-05-13,94.12000274658203,95.16000366210938,94.0999984741211,94.76000213623047,3492000
2013-05-14,94.91999816894531,96.19000244140625,94.69999694824219,96.11000061035156,4646500
2013-05-15,95.69000244140625,97.47000122070312,95.5999984741211,97.0199966430664,4875100
2013-05-16,96.88999938964844,97.19999694824219,96.30000305175781,96.58000183105469,5036700
2013-05-17,97.0199966430664,99.04000091552734,97.0,98.91999816894531,7408900
2013-05-20,99.12000274658203,99.33000183105469,98.5199966430664,98.72000122070312,6535200
2013-05-21,98.58999633789062,99.05000305175781,97.9000015258789,98.75,4415400
2013-05-22,98.86000061035156,99.4800033569336,97.86000061035156,97.93000030517578,8399700
2013-05-23,97.18000030517578,99.98999786376953,97.05999755859375,99.75,6975700
2013-05-24,99.75,100.58000183105469,98.8499984741211,100.0,6746300
2013-05-28,100.8499984741211,101.47000122070312,100.11000061035156,100.11000061035156,5736000
2013-05-29,99.55999755859375,100.02999877929688,98.9000015258789,99.08999633789062,4405800
2013-05-30,99.29000091552734,100.98999786376953,99.05999755859375,100.54000091552734,4784400
2013-05-31,100.20999908447266,100.94999694824219,99.0199966430664,99.0199966430664,4218700
2013-06-03,99.36000061035156,100.9000015258789,99.30000305175781,100.73999786376953,6472900
2013-06-04,100.4800033569336,100.91999816894531,99.08000183105469,99.61000061035156,3769800
2013-06-05,99.33999633789062,99.70999908447266,98.05000305175781,98.48999786376953,5151000
2013-06-06,98.6500015258789,99.80999755859375,98.41999816894531,99.76000213623047,4131700
2013-06-07,100.25,102.58999633789062,100.05999755859375,102.48999786376953,5732900
2013-06-10,102.51000213623047,102.94999694824219,101.51000213623047,102.23999786376953,4047500
2013-06-11,101.61000061035156,102.77999877929688,100.9000015258789,101.75,3144100
2013-06-12,102.19000244140625,102.41999816894531,100.61000061035156,100.87999725341797,2936500
2013-06-13,100.95999908447266,102.33999633789062,100.8499984741211,102.16000366210938,4076500
2013-06-14,102.16000366210938,103.22000122070312,101.5,101.83000183105469,3944400
2013-06-17,102.69000244140625,103.5199966430664,102.5199966430664,103.02999877929688,4217400
2013-06-18,103.22000122070312,104.1500015258789,102.6500015258789,104.08000183105469,4035700
2013-06-19,103.83000183105469,104.1500015258789,102.23999786376953,102.25,4186900
2013-06-20,101.45999908447266,101.86000061035156,99.37999725341797,99.63999938964844,7114800
2013-06-21,100.08000183105469,100.13999938964844,97.41999816894531,99.9800033569336,10328800
2013-06-24,99.05999755859375,99.45999908447266,96.30999755859375,97.8499984741211,5585200
2013-06-25,99.19999694824219,99.66000366210938,98.18000030517578,98.66999816894531,3557900
2013-06-26,99.6500015258789,101.38999938964844,99.56999969482422,100.75,5267300
2013-06-27,102.41000366210938,103.5199966430664,102.01000213623047,103.1500015258789,6577700
2013-06-28,102.86000061035156,103.48999786376953,102.31999969482422,102.44000244140625,5432500
2013-07-01,102.93000030517578,104.0199966430664,102.93000030517578,103.23999786376953,4091200
2013-07-02,103.22000122070312,103.25,100.81999969482422,101.47000122070312,4147000
2013-07-03,101.01000213623047,103.04000091552734,100.77999877929688,102.88999938964844,2891700
2013-07-05,103.69999694824219,104.19999694824219,102.75,104.19999694824219,3671700
2013-07-08,104.0,105.0999984741211,103.44000244140625,104.37000274658203,4222700
2013-07-09,105.2699966430664,105.75,104.45999908447266,104.68000030517578,3991800
2013-07-10,104.5,105.5999984741211,104.41000366210938,105.5,3872700
2013-07-11,106.43000030517578,107.45999908447266,106.29000091552734,106.87999725341797,4529800
2013-07-12,106.86000061035156,108.1500015258789,98.98999786376953,101.87000274658203,44391800
2013-07-15,103.83000183105469,105.87000274658203,103.0999984741211,105.66000366210938,13169900
2013-07-16,105.69000244140625,105.80000305175781,103.77999877929688,104.2300033569336,5839100
2013-07-17,104.44999694824219,105.43000030517578,104.41999816894531,104.79000091552734,3931800
2013-07-18,104.95999908447266,107.9800033569336,104.80000305175781,107.62999725341797,8046400
2013-07-19,107.12999725341797,107.12999725341797,105.61000061035156,106.95999908447266,5992000
2013-07-22,107.2699966430664,107.31999969482422,106.44999694824219,106.86000061035156,4168800
2013-07-23,107.18000030517578,107.9800033569336,106.33999633789062,107.79000091552734,5081600
2013-07-24,109.23999786376953,109.48999786376953,106.26000213623047,106.94999694824219,7723500
2013-07-25,106.36000061035156,107.12000274658203,105.8499984741211,106.69999694824219,5267100
2013-07-26,106.22000122070312,106.22000122070312,105.30999755859375,105.5999984741211,4216100
2013-07-29,103.5199966430664,105.12000274658203,103.5,104.80999755859375,4041800
2013-07-30,104.94000244140625,106.01000213623047,104.80000305175781,105.7300033569336,5022700
2013-07-31,105.91999816894531,106.27999877929688,104.98999786376953,105.0999984741211,4487800
2013-08-01,105.98999786376953,107.0,105.77999877929688,106.69999694824219,4910800
2013-08-02,106.0,107.94999694824219,106.0,107.9000015258789,4226200
2013-08-05,107.13999938964844,107.80000305175781,107.13999938964844,107.5,3559200
2013-08-06,107.3499984741211,107.70999908447266,106.62000274658203,107.04000091552734,5199900
2013-08-07,106.20999908447266,106.68000030517578,105.52999877929688,106.41999816894531,3158600
2013-08-08,106.68000030517578,107.23999786376953,105.83000183105469,105.83999633789062,3741400
2013-08-09,105.37000274658203,106.1500015258789,104.87999725341797,105.33000183105469,3326500
2013-08-12,104.86000061035156,105.06999969482422,104.05000305175781,104.23999786376953,3830800
2013-08-13,104.30999755859375,106.55000305175781,104.2699966430664,106.2300033569336,3578300
2013-08-14,106.16000366210938,106.16000366210938,104.06999969482422,104.16000366210938,4481100
2013-08-15,103.19000244140625,103.29000091552734,101.7699966430664,102.7300033569336,4359400
2013-08-16,102.81999969482422,103.94000244140625,102.69999694824219,103.47000122070312,3469100
2013-08-19,103.0,105.19999694824219,102.87999725341797,104.72000122070312,3512200
2013-08-20,104.69000244140625,105.08000183105469,104.55000305175781,104.62999725341797,3448900
2013-08-21,104.47000122070312,104.76000213623047,103.5999984741211,103.91000366210938,3645600
2013-08-22,103.87999725341797,105.5,103.87999725341797,105.13999938964844,2857800
2013-08-23,105.5,105.5,104.80000305175781,105.4800033569336,3016100
2013-08-26,105.75,106.5199966430664,105.20999908447266,105.52999877929688,2480400
2013-08-27,104.4000015258789,105.13999938964844,103.05999755859375,103.20999908447266,4376900
2013-08-28,103.0999984741211,103.81999969482422,102.56999969482422,103.2699966430664,2816300
2013-08-29,103.27999877929688,105.44000244140625,103.0,104.93000030517578,3095400
2013-08-30,104.91999816894531,104.95999908447266,103.5999984741211,103.91999816894531,2723800
2013-09-03,105.12999725341797,105.83000183105469,104.66000366210938,105.01000213623047,3659800
2013-09-04,105.05000305175781,107.12000274658203,104.62000274658203,106.37000274658203,3837500
2013-09-05,106.16000366210938,106.9800033569336,105.66999816894531,106.6500015258789,2590500
2013-09-06,107.0,107.37999725341797,105.11000061035156,106.06999969482422,3265200
2013-09-09,106.58000183105469,107.37999725341797,106.55999755859375,107.19000244140625,2907600
2013-09-10,107.63999938964844,108.44999694824219,107.4000015258789,108.16999816894531,3848000
2013-09-11,108.25,109.2300033569336,107.80000305175781,109.2300033569336,3313700
2013-09-12,109.19000244140625,110.22000122070312,109.13999938964844,109.80000305175781,4766800
2013-09-13,109.93000030517578,111.33000183105469,109.55999755859375,111.33000183105469,3503400
2013-09-16,113.7300033569336,115.88999938964844,113.26000213623047,115.66999816894531,7711200
2013-09-17,115.77999877929688,117.4800033569336,115.58999633789062,117.11000061035156,5308300
2013-09-18,117.27999877929688,119.5199966430664,116.55000305175781,118.4000015258789,6330600
2013-09-19,119.22000122070312,120.37999725341797,118.80999755859375,119.04000091552734,5766700
2013-09-20,119.1500015258789,119.22000122070312,116.62999725341797,116.62999725341797,8745400
2013-09-23,117.1500015258789,118.37000274658203,115.80000305175781,117.51000213623047,5450200
2013-09-24,117.19000244140625,119.88999938964844,116.80000305175781,119.0,5020000
2013-09-25,119.31999969482422,119.61000061035156,118.16000366210938,118.51000213623047,3566600
2013-09-26,118.70999908447266,119.5,118.51000213623047,119.37999725341797,2820400
2013-09-27,118.51000213623047,119.16999816894531,117.79000091552734,118.73999786376953,2848900
2013-09-30,117.3499984741211,117.88999938964844,116.37000274658203,117.5,4032900
2013-10-01,117.97000122070312,118.30000305175781,117.08000183105469,117.75,2880700
2013-10-02,117.37999725341797,117.83999633789062,116.27999877929688,117.83999633789062,2871900
2013-10-03,117.3499984741211,117.48999786376953,114.7300033569336,115.23999786376953,4455100
2013-10-04,115.2699966430664,117.26000213623047,115.25,117.19999694824219,3998000
2013-10-07,115.51000213623047,117.16999816894531,115.4000015258789,116.69000244140625,3822000
2013-10-08,116.66999816894531,117.31999969482422,115.41999816894531,115.44000244140625,4574000
2013-10-09,115.4000015258789,115.4000015258789,113.33999633789062,114.47000122070312,4722200
2013-10-10,116.0999984741211,119.0,115.91000366210938,118.9000015258789,5635400
2013-10-11,118.5999984741211,119.4000015258789,117.83000183105469,117.9800033569336,4505500
2013-10-14,117.41999816894531,119.55000305175781,116.69000244140625,119.45999908447266,3617800
2013-10-15,119.41999816894531,119.58999633789062,118.13999938964844,118.18000030517578,2749700
2013-10-16,118.77999877929688,120.66000366210938,118.75,120.33999633789062,4036900
2013-10-17,119.80999755859375,122.38999938964844,119.80999755859375,122.29000091552734,4114200
2013-10-18,122.5,122.86000061035156,121.25,122.5199966430664,3924200
2013-10-21,122.69000244140625,122.73999786376953,121.05999755859375,121.47000122070312,3207900
2013-10-22,122.0,123.80000305175781,121.87999725341797,122.4800033569336,4431200
2013-10-23,126.0,129.99000549316406,125.9000015258789,129.02000427246094,10766300
2013-10-24,129.00999450683594,129.57000732421875,127.94000244140625,128.97999572753906,4976200
2013-10-25,129.25,131.42999267578125,128.22000122070312,131.19000244140625,5467600
2013-10-28,128.75,130.47000122070312,128.63999938964844,129.8800048828125,4655800
2013-10-29,129.35000610351562,129.8800048828125,128.75999450683594,129.66000366210938,3608700
2013-10-30,129.55999755859375,131.42999267578125,129.02000427246094,129.67999267578125,4122100
2013-10-31,129.83999633789062,131.8800048828125,129.5500030517578,130.5,4931800
2013-11-01,130.89999389648438,133.5,130.89999389648438,133.02999877929688,4582400
2013-11-04,133.75,133.99000549316406,132.4600067138672,132.7899932861328,3915800
2013-11-05,132.02999877929688,133.74000549316406,130.58999633789062,133.57000732421875,4069200
2013-11-06,134.02000427246094,134.5800018310547,132.67999267578125,133.08999633789062,3747700
2013-11-07,133.44000244140625,133.92999267578125,131.35000610351562,131.50999450683594,3826800
2013-11-08,131.27999877929688,133.89999389648438,130.9499969482422,133.49000549316406,4790900
2013-11-11,133.13999938964844,133.3300018310547,132.1199951171875,132.52999877929688,2962200
2013-11-12,132.39999389648438,133.0800018310547,131.97000122070312,132.3300018310547,2851000
2013-11-13,131.9199981689453,133.49000549316406,131.10000610351562,133.1699981689453,3577100
2013-11-14,133.6999969482422,135.3800048828125,133.1699981689453,135.08999633789062,3279600
2013-11-15,135.36000061035156,136.57000732421875,134.5399932861328,136.0800018310547,4495100
2013-11-18,140.25,142.0,137.77000427246094,138.36000061035156,8158800
2013-11-19,138.5,138.7899932861328,136.6999969482422,136.97999572753906,3954000
2013-11-20,135.8000030517578,135.88999938964844,132.2899932861328,132.4499969482422,8634900
2013-11-21,132.4499969482422,133.2899932861328,131.1999969482422,132.92999267578125,4700600
2013-11-22,133.49000549316406,136.1199951171875,133.42999267578125,135.97000122070312,4290200
2013-11-25,134.00999450683594,134.86000061035156,130.5800018310547,133.0,7181700
2013-11-26,133.0,135.44000244140625,132.55999755859375,134.77999877929688,4200800
2013-11-27,135.0500030517578,136.3000030517578,134.1699981689453,134.72000122070312,3350900
2013-11-29,134.82000732421875,135.22999572753906,134.17999267578125,134.25,1680900
2013-12-02,134.99000549316406,135.4600067138672,133.6199951171875,134.16000366210938,3378100
2013-12-03,133.92999267578125,133.92999267578125,131.9199981689453,132.0,5171900
2013-12-04,131.72999572753906,132.14999389648438,130.5500030517578,131.5,5137100
2013-12-05,131.25999450683594,133.10000610351562,131.25,132.72999572753906,3665100
2013-12-06,134.5800018310547,135.75,134.0,135.17999267578125,5341800
2013-12-09,135.49000549316406,135.9499969482422,134.57000732421875,134.67999267578125,3799000
2013-12-10,133.64999389648438,135.0399932861328,132.17999267578125,133.6999969482422,4061300
2013-12-11,133.6999969482422,133.80999755859375,132.44000244140625,132.55999755859375,3358300
2013-12-12,132.11000061035156,133.64999389648438,131.89999389648438,132.9600067138672,3617700
2013-12-13,133.4499969482422,134.25,133.13999938964844,133.8300018310547,3139400
2013-12-16,134.27000427246094,135.1999969482422,133.94000244140625,134.72000122070312,3979500
2013-12-17,137.9199981689453,138.10000610351562,135.36000061035156,135.8800048828125,6753000
2013-12-18,135.86000061035156,136.44000244140625,132.83999633789062,135.49000549316406,5632400
2013-12-19,135.0,136.22999572753906,133.94000244140625,135.1699981689453,3177100
2013-12-20,135.49000549316406,137.85000610351562,135.49000549316406,136.6699981689453,5454600
2013-12-23,137.69000244140625,138.08999633789062,136.32000732421875,136.39999389648438,2945100
2013-12-24,136.39999389648438,136.97999572753906,136.13999938964844,136.8300018310547,1203200
2013-12-26,137.17999267578125,138.58999633789062,137.1699981689453,138.27000427246094,2161300
2013-12-27,138.69000244140625,138.8800048828125,136.7899932861328,136.89999389648438,2204600
2013-12-30,137.16000366210938,137.3699951171875,135.5399932861328,135.9199981689453,2403500
2013-12-31,136.16000366210938,137.0500030517578,135.74000549316406,136.49000549316406,2096000
2014-01-02,136.00999450683594,137.25,135.50999450683594,136.6699981689453,3366700
2014-01-03,137.05999755859375,138.5,137.0500030517578,137.6199951171875,3177400
2014-01-06,139.39999389648438,139.75999450683594,137.8000030517578,138.41000366210938,4196500
2014-01-07,138.5800018310547,141.10000610351562,138.5,140.50999450683594,4238500
2014-01-08,140.69000244140625,141.39999389648438,139.36000061035156,140.82000732421875,4236100
2014-01-09,141.50999450683594,142.52000427246094,140.5399932861328,142.1300048828125,4052500
2014-01-10,142.7899932861328,142.8000030517578,140.89999389648438,141.89999389648438,4549500
2014-01-13,141.5500030517578,142.13999938964844,140.3800048828125,140.6999969482422,4462400
2014-01-14,140.85000610351562,141.6999969482422,137.8000030517578,140.00999450683594,8441600
2014-01-15,140.3000030517578,141.0800018310547,140.13999938964844,140.6199951171875,3030800
2014-01-16,140.3300018310547,141.4499969482422,140.07000732421875,140.2100067138672,3062900
2014-01-17,140.0800018310547,141.0,139.75,140.4600067138672,3382700
2014-01-21,141.4600067138672,142.4600067138672,140.80999755859375,141.6699981689453,3240600
2014-01-22,142.30999755859375,144.57000732421875,141.8699951171875,144.3699951171875,4388700
2014-01-23,143.10000610351562,143.88999938964844,141.10000610351562,141.30999755859375,4491400
2014-01-24,140.39999389648438,140.47000122070312,136.32000732421875,136.64999389648438,5856800
2014-01-27,136.6999969482422,138.4600067138672,135.64999389648438,137.36000061035156,5057800
2014-01-28,137.61000061035156,138.08999633789062,136.44000244140625,137.08999633789062,4606200
2014-01-29,131.6999969482422,131.75999450683594,128.07000732421875,129.77999877929688,15993400
2014-01-30,131.6999969482422,131.6999969482422,125.19999694824219,126.52999877929688,10406200
2014-01-31,124.45999908447266,126.87000274658203,123.08000183105469,125.26000213623047,9732700
2014-02-03,124.23999786376953,126.5199966430664,122.75,123.08000183105469,9309600
2014-02-04,123.06999969482422,123.80000305175781,120.52999877929688,122.04000091552734,9304100
2014-02-05,121.0,121.94000244140625,118.7699966430664,121.4000015258789,9689100
2014-02-06,121.79000091552734,122.72000122070312,121.51000213623047,122.66999816894531,6738800
2014-02-07,123.75,127.20999908447266,123.6500015258789,127.0199966430664,8906300
2014-02-10,128.9600067138672,128.97000122070312,126.3499984741211,127.16000366210938,8173500
2014-02-11,127.6500015258789,130.69000244140625,127.45999908447266,130.16000366210938,7874000
2014-02-12,130.2899932861328,130.5500030517578,128.0,128.1300048828125,5798800
2014-02-13,127.05999755859375,129.94000244140625,127.05999755859375,129.5,4203400
2014-02-14,129.08999633789062,130.41000366210938,128.02000427246094,130.16000366210938,4807700
2014-02-18,130.1300048828125,130.94000244140625,129.60000610351562,130.6300048828125,4645300
2014-02-19,130.11000061035156,130.5,128.3699951171875,128.38999938964844,5146600
2014-02-20,128.47999572753906,129.99000549316406,127.51000213623047,129.55999755859375,4466400
2014-02-21,129.8000030517578,129.8000030517578,128.11000061035156,128.27999877929688,5164000
2014-02-24,128.3800048828125,130.8000030517578,128.36000061035156,129.58999633789062,4635700
2014-02-25,129.3000030517578,129.75,126.20999908447266,126.77999877929688,7308800
2014-02-26,127.23999786376953,127.94000244140625,126.36000061035156,126.61000061035156,4803600
2014-02-27,126.47000122070312,128.55999755859375,126.26000213623047,128.55999755859375,4649700
2014-02-28,128.75,129.9499969482422,128.05999755859375,128.9199981689453,4361400
2014-03-03,127.18000030517578,128.44000244140625,126.5199966430664,128.22000122070312,4847100
2014-03-04,129.3800048828125,131.0,129.3300018310547,130.22999572753906,5422800
2014-03-05,130.39999389648438,130.8000030517578,128.69000244140625,128.7899932861328,4095200
2014-03-06,129.00999450683594,129.3699951171875,128.02999877929688,128.86000061035156,3595900
2014-03-07,129.75,130.16000366210938,128.07000732421875,128.5399932861328,4297800
2014-03-10,126.51000213623047,127.27999877929688,124.76000213623047,126.88999938964844,7039200
2014-03-11,127.02999877929688,127.2699966430664,125.62000274658203,125.66999816894531,4190000
2014-03-12,125.0,125.19999694824219,123.80999755859375,124.43000030517578,5040100
2014-03-13,124.6500015258789,125.61000061035156,121.62999725341797,121.88999938964844,6071200
2014-03-14,122.12000274658203,124.27999877929688,121.94999694824219,123.11000061035156,5698400
2014-03-17,123.97000122070312,125.81999969482422,123.91999816894531,125.41999816894531,4380500
2014-03-18,125.58999633789062,125.81999969482422,123.66000366210938,124.04000091552734,4151600
2014-03-19,124.31999969482422,125.19999694824219,121.37000274658203,122.23999786376953,6673000
2014-03-20,122.58999633789062,123.9000015258789,121.37999725341797,123.7300033569336,4601700
2014-03-21,124.05999755859375,124.44999694824219,122.5,122.58000183105469,7973600
2014-03-24,123.52999877929688,123.94999694824219,122.08000183105469,123.41999816894531,4472500
2014-03-25,124.45999908447266,125.0,123.55999755859375,124.0199966430664,3225100
2014-03-26,124.61000061035156,125.31999969482422,123.31999969482422,123.52999877929688,3091200
2014-03-27,123.01000213623047,124.30000305175781,121.80000305175781,123.20999908447266,3106000
2014-03-28,123.77999877929688,125.19000244140625,123.5199966430664,124.45999908447266,2863500
2014-03-31,125.36000061035156,126.04000091552734,124.80000305175781,125.48999786376953,2962000
2014-04-01,126.23999786376953,128.39999389648438,126.16999816894531,128.2100067138672,3952800
2014-04-02,128.6300048828125,128.77000427246094,127.4000015258789,128.30999755859375,2935200
2014-04-03,129.1699981689453,129.1699981689453,128.27999877929688,128.77999877929688,3303500
2014-04-04,129.3300018310547,129.9199981689453,127.2300033569336,127.37999725341797,4156600
2014-04-07,127.19000244140625,128.17999267578125,124.94999694824219,125.58999633789062,3753600
2014-04-08,125.27999877929688,125.7300033569336,124.05999755859375,124.1500015258789,4122200
2014-04-09,124.98999786376953,127.0199966430664,124.05000305175781,126.87999725341797,3689900
2014-04-10,126.81999969482422,126.86000061035156,123.63999938964844,123.63999938964844,3956900
2014-04-11,123.05000305175781,123.44999694824219,121.91999816894531,122.06999969482422,3854600
2014-04-14,123.08000183105469,123.7699966430664,122.18000030517578,123.25,3086300
2014-04-15,123.3499984741211,124.55000305175781,122.12999725341797,124.2699966430664,2746900
2014-04-16,125.0,126.04000091552734,124.7300033569336,126.04000091552734,2826100
2014-04-17,126.44000244140625,128.3699951171875,125.83000183105469,127.91999816894531,3449400
2014-04-21,128.0500030517578,128.44000244140625,127.37000274658203,127.81999969482422,2368500
2014-04-22,128.25,129.1300048828125,127.4800033569336,127.55000305175781,5015600
2014-04-23,130.6699981689453,131.5,129.3300018310547,130.6300048828125,7121600
2014-04-24,130.41000366210938,130.6199951171875,128.42999267578125,129.86000061035156,4177000
2014-04-25,129.83999633789062,130.0,128.3699951171875,128.66000366210938,2978500
2014-04-28,128.1999969482422,128.8699951171875,125.80000305175781,127.04000091552734,4354600
2014-04-29,127.19999694824219,128.57000732421875,126.52999877929688,128.3699951171875,3344100
2014-04-30,128.0500030517578,129.5,127.80000305175781,129.02000427246094,2773000
2014-05-01,128.74000549316406,129.60000610351562,128.27000427246094,128.4600067138672,2804100
2014-05-02,128.6999969482422,130.39999389648438,128.61000061035156,129.94000244140625,3762900
2014-05-05,129.0,132.3800048828125,128.9499969482422,131.9600067138672,4026500
2014-05-06,131.75,131.9199981689453,130.6999969482422,130.8300018310547,4032000
2014-05-07,130.77000427246094,131.10000610351562,129.1999969482422,130.35000610351562,2900600
2014-05-08,130.1699981689453,131.27000427246094,130.1699981689453,130.57000732421875,2988700
2014-05-09,130.25999450683594,131.3300018310547,129.8800048828125,131.10000610351562,2543800
2014-05-12,131.82000732421875,132.99000549316406,131.63999938964844,132.60000610351562,3288500
2014-05-13,133.00999450683594,133.8300018310547,132.86000061035156,133.4499969482422,3132200
2014-05-14,133.8000030517578,133.97000122070312,132.69000244140625,132.99000549316406,2883900
2014-05-15,132.6999969482422,132.86000061035156,130.55999755859375,131.2100067138672,3596800
2014-05-16,131.30999755859375,131.7100067138672,130.02999877929688,130.80999755859375,2963300
2014-05-19,130.4199981689453,132.07000732421875,130.35000610351562,131.35000610351562,2103100
2014-05-20,130.94000244140625,131.60000610351562,129.07000732421875,129.5800018310547,2995800
2014-05-21,130.42999267578125,131.42999267578125,130.0399932861328,130.9600067138672,2476100
2014-05-22,131.66000366210938,132.47999572753906,131.27000427246094,131.83999633789062,2370700
2014-05-23,132.0,132.5800018310547,131.92999267578125,132.41000366210938,1956200
2014-05-27,133.08999633789062,134.2100067138672,132.8699951171875,134.1699981689453,3085500
2014-05-28,134.1699981689453,135.14999389648438,134.1699981689453,134.3300018310547,2609400
2014-05-29,134.7100067138672,135.1999969482422,134.42999267578125,135.13999938964844,2234100
2014-05-30,134.6699981689453,135.44000244140625,134.0399932861328,135.25,2760300
2014-06-02,135.5,136.02999877929688,134.77000427246094,135.89999389648438,2629900
2014-06-03,135.8000030517578,136.52999877929688,135.6199951171875,135.8800048828125,2468800
2014-06-04,135.5399932861328,135.5500030517578,134.58999633789062,135.3300018310547,2601900
2014-06-05,135.64999389648438,137.3800048828125,135.64999389648438,136.82000732421875,3489900
2014-06-06,137.38999938964844,138.25,137.1199951171875,138.25,2710900
2014-06-09,138.25,138.38999938964844,137.5,137.9600067138672,2585000
2014-06-10,137.58999633789062,137.75,136.2899932861328,137.25,2370200
2014-06-11,135.25,135.52999877929688,133.82000732421875,134.10000610351562,5558000
2014-06-12,133.86000061035156,134.1699981689453,131.63999938964844,132.19000244140625,3826100
2014-06-13,132.52999877929688,132.9499969482422,131.5500030517578,132.2899932861328,2376600
2014-06-16,132.1999969482422,133.1300048828125,131.64999389648438,132.5399932861328,2163800
2014-06-17,132.10000610351562,133.0500030517578,131.72000122070312,132.4499969482422,2223200
2014-06-18,132.61000061035156,132.6699981689453,131.02999877929688,132.47999572753906,2859000
2014-06-19,132.47999572753906,132.92999267578125,131.8000030517578,132.82000732421875,2794900
2014-06-20,133.47999572753906,134.0800018310547,132.08999633789062,132.10000610351562,8083500
2014-06-23,132.32000732421875,132.52999877929688,130.64999389648438,130.85000610351562,4433000
2014-06-24,130.5,131.24000549316406,129.0,129.14999389648438,4319800
2014-06-25,129.0399932861328,129.13999938964844,126.27999877929688,127.05999755859375,7929700
2014-06-26,127.41000366210938,128.44000244140625,126.36000061035156,128.02000427246094,3929100
2014-06-27,128.07000732421875,128.77999877929688,127.55999755859375,128.5399932861328,3687900
2014-06-30,127.91000366210938,127.91000366210938,126.19999694824219,127.2300033569336,5712900
2014-07-01,127.66000366210938,128.3300018310547,127.36000061035156,128.14999389648438,3772500
2014-07-02,128.14999389648438,128.5,127.33999633789062,127.62000274658203,2859000
2014-07-03,127.98999786376953,128.6199951171875,127.69999694824219,128.50999450683594,1997500
2014-07-07,128.10000610351562,129.5,127.7699966430664,129.08999633789062,3157000
2014-07-08,128.88999938964844,128.97000122070312,125.91999816894531,126.79000091552734,5724300
2014-07-09,128.30999755859375,128.32000732421875,125.91000366210938,126.79000091552734,8023900
2014-07-10,125.54000091552734,127.62999725341797,125.12000274658203,126.79000091552734,3936900
2014-07-11,127.18000030517578,128.24000549316406,126.36000061035156,128.08999633789062,3193100
2014-07-14,128.91000366210938,130.5800018310547,128.75999450683594,129.52000427246094,5267500
2014-07-15,130.30999755859375,130.30999755859375,128.33999633789062,129.10000610351562,4916100
2014-07-16,129.55999755859375,129.55999755859375,127.13999938964844,127.41999816894531,5260800
2014-07-17,127.20999908447266,128.17999267578125,125.79000091552734,125.87999725341797,5292900
2014-07-18,126.37999725341797,127.81999969482422,126.25,127.63999938964844,3103300
2014-07-21,127.30000305175781,128.4199981689453,126.7699966430664,128.3000030517578,2738700
2014-07-22,128.99000549316406,130.00999450683594,128.5800018310547,129.74000549316406,5102200
2014-07-23,127.79000091552734,128.39999389648438,126.0199966430664,126.70999908447266,12326300
2014-07-24,125.91999816894531,126.05000305175781,124.0,124.4000015258789,10307200
2014-07-25,124.4800033569336,124.52999877929688,122.41000366210938,123.19999694824219,6121400
2014-07-28,123.44000244140625,124.55999755859375,122.16000366210938,123.05999755859375,4982400
2014-07-29,123.30999755859375,123.62999725341797,122.19999694824219,122.31999969482422,4101900
2014-07-30,123.19999694824219,123.80000305175781,121.76000213623047,122.29000091552734,4042900
2014-07-31,121.47000122070312,122.05000305175781,120.41000366210938,120.4800033569336,5588800
2014-08-01,120.44999694824219,121.70999908447266,119.63999938964844,120.37999725341797,5852700
2014-08-04,120.80000305175781,121.19000244140625,119.7699966430664,119.93000030517578,4671100
2014-08-05,119.66999816894531,121.9800033569336,119.66000366210938,121.2699966430664,6097900
2014-08-06,119.31999969482422,119.36000061035156,117.87000274658203,118.33999633789062,6239700
2014-08-07,119.0,120.22000122070312,118.87000274658203,119.83999633789062,4641800
2014-08-08,119.80000305175781,120.6500015258789,119.27999877929688,120.62999725341797,4348900
2014-08-11,121.1500015258789,121.76000213623047,120.75,120.80000305175781,2807900
2014-08-12,120.51000213623047,120.94000244140625,120.01000213623047,120.47000122070312,2303500
2014-08-13,120.66999816894531,122.2300033569336,120.62999725341797,121.9800033569336,2641100
2014-08-14,122.19999694824219,124.69000244140625,122.16000366210938,124.11000061035156,4825100
2014-08-15,124.5,124.5,122.1500015258789,123.16000366210938,4570000
2014-08-18,123.58000183105469,125.23999786376953,123.56999969482422,124.9800033569336,4196900
2014-08-19,125.22000122070312,125.79000091552734,125.11000061035156,125.58000183105469,2988300
2014-08-20,125.88999938964844,127.70999908447266,125.58000183105469,127.3499984741211,4331300
2014-08-21,127.54000091552734,127.77999877929688,126.73999786376953,127.5,2522300
2014-08-22,127.33000183105469,127.80000305175781,126.95999908447266,127.45999908447266,2394700
2014-08-25,128.0800018310547,128.49000549316406,127.77999877929688,128.3300018310547,2307100
2014-08-26,128.69000244140625,129.1300048828125,128.30999755859375,128.60000610351562,2329000
2014-08-27,128.77000427246094,128.99000549316406,127.94999694824219,128.1999969482422,3075200
2014-08-28,127.33999633789062,127.75,126.72000122070312,127.11000061035156,3070300
2014-08-29,127.3499984741211,127.3499984741211,126.05000305175781,126.80000305175781,3032700
2014-09-02,125.62000274658203,126.26000213623047,124.56999969482422,125.4800033569336,4576000
2014-09-03,125.45999908447266,126.23999786376953,125.19999694824219,125.94000244140625,3966500
2014-09-04,126.37999725341797,126.75,125.26000213623047,125.45999908447266,2975300
2014-09-05,125.43000030517578,125.55000305175781,124.0999984741211,124.69000244140625,4913800
2014-09-08,125.9000015258789,128.25,125.9000015258789,127.9800033569336,6103500
2014-09-09,127.80999755859375,128.67999267578125,127.62000274658203,128.2100067138672,4866400
2014-09-10,128.47000122070312,128.47000122070312,127.4800033569336,128.22000122070312,3068200
2014-09-11,127.81999969482422,127.98999786376953,127.19999694824219,127.63999938964844,1988200
2014-09-12,127.48999786376953,127.55999755859375,126.61000061035156,126.94999694824219,3107300
2014-09-15,126.91999816894531,126.94999694824219,125.69000244140625,126.30999755859375,3261700
2014-09-16,126.19999694824219,127.69999694824219,125.72000122070312,127.31999969482422,3377500
2014-09-17,128.25,128.3800048828125,127.19999694824219,127.76000213623047,3135300
2014-09-18,128.0,128.89999389648438,128.0,128.5800018310547,2721800
2014-09-19,129.27000427246094,129.6999969482422,128.9199981689453,129.35000610351562,5635700
2014-09-22,129.3699951171875,129.8699951171875,128.4600067138672,128.61000061035156,2890300
2014-09-23,128.27999877929688,128.5399932861328,127.02999877929688,127.37999725341797,2963100
2014-09-24,127.45999908447266,128.8000030517578,127.2300033569336,128.5800018310547,2891400
2014-09-25,128.30999755859375,128.49000549316406,127.01000213623047,127.13999938964844,2913100
2014-09-26,127.19000244140625,129.0,126.95999908447266,128.69000244140625,2524100
2014-09-29,127.20999908447266,129.52999877929688,127.0,128.77000427246094,3484900
2014-09-30,128.57000732421875,129.38999938964844,127.30999755859375,127.37999725341797,4000200
2014-10-01,127.37000274658203,127.37000274658203,124.30999755859375,124.66999816894531,5265200
2014-10-02,124.4000015258789,125.55000305175781,123.83999633789062,124.16999816894531,3204500
2014-10-03,124.66000366210938,126.87000274658203,124.66000366210938,126.36000061035156,3075900
2014-10-06,127.08999633789062,127.19000244140625,125.37999725341797,126.26000213623047,2681000
2014-10-07,125.5199966430664,125.5199966430664,123.29000091552734,123.31999969482422,3554900
2014-10-08,123.47000122070312,125.08999633789062,122.1500015258789,124.9800033569336,3610300
2014-10-09,124.72000122070312,124.75,122.30999755859375,122.76000213623047,4874700
2014-10-10,122.87000274658203,123.36000061035156,121.5,121.5,4214200
2014-10-13,122.05000305175781,123.19000244140625,120.26000213623047,120.44999694824219,3878600
2014-10-14,121.83999633789062,123.37000274658203,120.72000122070312,122.29000091552734,3768200
2014-10-15,121.05999755859375,121.12000274658203,116.31999969482422,120.19000244140625,7819000
2014-10-16,118.91000366210938,121.30000305175781,118.38999938964844,120.29000091552734,4492500
2014-10-17,122.05000305175781,123.87000274658203,121.77999877929688,123.23999786376953,4872400
2014-10-20,123.38999938964844,124.72000122070312,123.0,124.30999755859375,3676300
2014-10-21,125.20999908447266,127.23999786376953,124.93000030517578,127.12000274658203,5204500
2014-10-22,127.98999786376953,128.0,121.33999633789062,121.44999694824219,13844400
2014-10-23,121.2699966430664,122.87999725341797,121.05999755859375,122.02999877929688,7799700
2014-10-24,122.19999694824219,122.83999633789062,121.26000213623047,122.23999786376953,4013300
2014-10-27,122.12999725341797,122.2300033569336,121.26000213623047,122.12000274658203,2940300
2014-10-28,122.5,123.79000091552734,121.95999908447266,123.61000061035156,4159000
2014-10-29,124.4800033569336,124.4800033569336,122.55999755859375,123.08000183105469,3241700
2014-10-30,122.5199966430664,124.12000274658203,122.01000213623047,123.81999969482422,2569900
2014-10-31,125.02999877929688,125.88999938964844,124.7300033569336,124.91000366210938,4665300
2014-11-03,125.3499984741211,126.25,124.88999938964844,126.02999877929688,3902700
2014-11-04,125.94000244140625,126.70999908447266,125.26000213623047,125.83999633789062,3684600
2014-11-05,126.01000213623047,126.25,124.19999694824219,124.22000122070312,3334000
2014-11-06,124.4800033569336,124.80000305175781,123.37000274658203,124.58000183105469,2341900
2014-11-07,124.93000030517578,124.94000244140625,124.16999816894531,124.44999694824219,2366700
2014-11-10,124.87000274658203,124.98999786376953,123.80000305175781,124.63999938964844,2622700
2014-11-11,124.58000183105469,125.7300033569336,124.44999694824219,125.36000061035156,3053500
2014-11-12,124.51000213623047,126.19000244140625,124.47000122070312,125.87000274658203,3075000
2014-11-13,125.73999786376953,128.9600067138672,125.73999786376953,128.52999877929688,5813900
2014-11-14,128.52999877929688,129.77999877929688,127.8499984741211,128.86000061035156,6235600
2014-11-17,128.6999969482422,129.1699981689453,127.55000305175781,128.4199981689453,3752900
2014-11-18,128.5500030517578,131.3300018310547,128.0399932861328,130.66000366210938,5701200
2014-11-19,130.58999633789062,132.74000549316406,130.25,131.61000061035156,5037600
2014-11-20,130.94000244140625,132.39999389648438,130.7100067138672,131.6999969482422,4052800
2014-11-21,132.72000122070312,133.36000061035156,132.50999450683594,132.77999877929688,4227100
2014-11-24,133.4499969482422,134.74000549316406,133.44000244140625,134.61000061035156,4161500
2014-11-25,134.74000549316406,135.60000610351562,134.74000549316406,134.80999755859375,4301600
2014-11-26,134.9499969482422,135.3000030517578,134.38999938964844,134.77999877929688,2660100
2014-11-28,135.50999450683594,135.77999877929688,134.0399932861328,134.36000061035156,2090000
2014-12-01,134.30999755859375,134.39999389648438,132.1999969482422,132.38999938964844,3473700
2014-12-02,132.5,132.9600067138672,131.75,132.27999877929688,2904900
2014-12-03,132.64999389648438,133.27999877929688,131.42999267578125,131.97000122070312,4627500
2014-12-04,131.97000122070312,132.52000427246094,130.9199981689453,131.32000732421875,2785500
2014-12-05,131.72000122070312,132.6199951171875,131.52999877929688,132.2100067138672,2580200
2014-12-08,132.02000427246094,132.07000732421875,129.8699951171875,130.27999877929688,2862400
2014-12-09,128.55999755859375,129.72000122070312,127.73999786376953,129.66000366210938,3084600
2014-12-10,128.80999755859375,128.97999572753906,124.54000091552734,124.63999938964844,6651700
2014-12-11,125.22000122070312,125.6500015258789,123.0,123.37000274658203,6702100
2014-12-12,122.23999786376953,122.2699966430664,120.58000183105469,120.7699966430664,6661100
2014-12-15,121.4000015258789,122.87999725341797,120.5999984741211,122.08000183105469,6238800
2014-12-16,125.04000091552734,125.54000091552734,123.91000366210938,124.25,7919900
2014-12-17,124.27999877929688,125.37999725341797,123.41999816894531,125.05999755859375,6726500
2014-12-18,127.12999725341797,127.3499984741211,124.7699966430664,125.66999816894531,6485900
2014-12-19,125.62999725341797,127.41999816894531,125.5,126.2300033569336,7680800
2014-12-22,126.7300033569336,128.5399932861328,126.7300033569336,128.22000122070312,3189300
2014-12-23,129.0399932861328,130.64999389648438,128.64999389648438,130.02999877929688,4028900
2014-12-24,130.3000030517578,132.3300018310547,130.1699981689453,131.24000549316406,2116900
2014-12-26,131.2899932861328,131.92999267578125,130.22999572753906,131.6300048828125,2242900
2014-12-29,131.72000122070312,132.72999572753906,131.1699981689453,132.2899932861328,2718400
2014-12-30,132.0,132.27999877929688,131.52000427246094,131.8300018310547,2447700
2014-12-31,132.25,132.3000030517578,129.86000061035156,129.97999572753906,2712400
2015-01-02,131.07000732421875,131.83999633789062,129.08999633789062,129.9499969482422,4294200
2015-01-05,129.66000366210938,129.9199981689453,128.61000061035156,129.0500030517578,5024800
2015-01-06,129.0500030517578,129.6199951171875,126.18000030517578,127.52999877929688,4992800
2015-01-07,128.74000549316406,129.97000122070312,128.72000122070312,129.50999450683594,3573200
2015-01-08,130.60000610351562,131.99000549316406,130.39999389648438,131.8000030517578,4503400
2015-01-09,131.58999633789062,132.25999450683594,130.92999267578125,131.5399932861328,3056400
2015-01-12,132.24000549316406,132.25999450683594,129.9499969482422,130.8699951171875,3552700
2015-01-13,132.0,133.91000366210938,130.1699981689453,131.1699981689453,3441700
2015-01-14,129.02999877929688,131.2899932861328,128.9499969482422,130.3800048828125,3559500
2015-01-15,130.25,131.8300018310547,129.6999969482422,130.13999938964844,3902000
2015-01-16,129.75,131.02000427246094,129.11000061035156,130.77999877929688,4425600
2015-01-20,131.4499969482422,132.0,129.4499969482422,131.22000122070312,3143700
2015-01-21,130.8699951171875,132.8699951171875,130.57000732421875,132.41000366210938,2898000
2015-01-22,133.3800048828125,136.2100067138672,133.0500030517578,135.63999938964844,4971300
2015-01-23,135.57000732421875,135.77999877929688,134.60000610351562,134.6199951171875,3828300
2015-01-26,135.0,135.25,133.52999877929688,134.07000732421875,3900500
2015-01-27,132.39999389648438,132.99000549316406,130.74000549316406,132.47999572753906,5243900
2015-01-28,136.3000030517578,141.88999938964844,135.9199981689453,139.63999938964844,14355100
2015-01-29,139.69000244140625,148.25,139.6300048828125,147.77999877929688,15161700
2015-01-30,146.22000122070312,146.85000610351562,144.3699951171875,145.3699951171875,11271100
2015-02-02,143.72000122070312,146.58999633789062,143.0500030517578,146.25999450683594,6790900
2015-02-03,146.3699951171875,148.0,146.17999267578125,147.33999633789062,5978200
2015-02-04,145.97000122070312,148.38999938964844,145.92999267578125,147.22000122070312,4766200
2015-02-05,147.25999450683594,148.8699951171875,146.4600067138672,148.60000610351562,4252600
2015-02-06,148.6199951171875,148.88999938964844,147.6999969482422,148.0,4398800
2015-02-09,146.16000366210938,148.16000366210938,145.6300048828125,147.5800018310547,4202900
2015-02-10,148.1999969482422,148.7100067138672,147.5,148.0399932861328,4034900
2015-02-11,147.50999450683594,148.3800048828125,147.08999633789062,147.9199981689453,3272700
2015-02-12,148.25999450683594,148.57000732421875,147.67999267578125,148.08999633789062,2998900
2015-02-13,147.97999572753906,149.83999633789062,147.63999938964844,149.72999572753906,3418600
2015-02-17,148.72000122070312,149.9600067138672,148.52000427246094,149.9199981689453,3622400
2015-02-18,149.6999969482422,151.6199951171875,149.3699951171875,151.1699981689453,3722100
2015-02-19,151.0500030517578,154.24000549316406,151.0,153.75,4384000
2015-02-20,153.8000030517578,158.8300018310547,153.8000030517578,158.30999755859375,9366000
2015-02-23,155.0,155.9199981689453,153.36000061035156,154.74000549316406,8653700
2015-02-24,153.5,154.77999877929688,153.2100067138672,154.3800048828125,4391700
2015-02-25,154.30999755859375,154.74000549316406,152.13999938964844,153.00999450683594,4800500
2015-02-26,152.30999755859375,152.3800048828125,150.80999755859375,151.72999572753906,5149300
2015-02-27,151.0,151.88999938964844,150.4499969482422,150.85000610351562,4330700
2015-03-02,150.85000610351562,154.14999389648438,150.75,153.8000030517578,4622800
2015-03-03,154.7100067138672,156.91000366210938,154.1699981689453,155.57000732421875,8656600
2015-03-04,154.6199951171875,155.22000122070312,154.0,154.35000610351562,4476200
2015-03-05,154.86000061035156,155.97999572753906,154.30999755859375,154.47000122070312,3327200
2015-03-06,153.9199981689453,155.02999877929688,152.80999755859375,153.1199951171875,3556200
2015-03-09,153.3000030517578,155.61000061035156,153.14999389648438,154.75,3433000
2015-03-10,153.3000030517578,154.1300048828125,152.4199981689453,152.4199981689453,3839600
2015-03-11,152.50999450683594,152.69000244140625,151.1699981689453,151.1699981689453,3395400
2015-03-12,151.27999877929688,152.9199981689453,151.27999877929688,152.0399932861328,2965100
2015-03-13,151.88999938964844,152.38999938964844,149.7899932861328,151.57000732421875,3569600
2015-03-16,152.38999938964844,154.19000244140625,152.27000427246094,153.6699981689453,2742900
2015-03-17,152.8800048828125,155.0,152.72999572753906,154.50999450683594,2927200
2015-03-18,154.0399932861328,155.99000549316406,152.11000061035156,155.72999572753906,4053600
2015-03-19,154.91000366210938,155.3300018310547,153.66000366210938,154.11000061035156,2539000
2015-03-20,155.0399932861328,155.49000549316406,154.47999572753906,154.5,4464300
2015-03-23,154.97999572753906,154.97999572753906,152.80999755859375,152.80999755859375,3029700
2015-03-24,151.9600067138672,152.6199951171875,151.35000610351562,151.64999389648438,3319300
2015-03-25,151.39999389648438,152.0399932861328,148.1300048828125,148.22999572753906,3747900
2015-03-26,147.8300018310547,148.85000610351562,145.9600067138672,148.1699981689453,3627400
2015-03-27,148.58999633789062,149.30999755859375,147.49000549316406,148.85000610351562,2600300
2015-03-30,150.0800018310547,153.1699981689453,149.97999572753906,152.6999969482422,3738700
2015-03-31,152.22999572753906,152.25,149.94000244140625,150.0800018310547,2975600
2015-04-01,149.97000122070312,150.02000427246094,146.82000732421875,148.63999938964844,4167600
2015-04-02,149.13999938964844,150.5,148.30999755859375,149.27999877929688,2934200
2015-04-06,148.14999389648438,151.4499969482422,148.0,150.92999267578125,3371500
2015-04-07,151.27000427246094,153.5,151.13999938964844,152.32000732421875,4299500
2015-04-08,152.19000244140625,153.5,152.19000244140625,153.36000061035156,2763400
2015-04-09,152.6199951171875,153.6699981689453,151.6300048828125,153.4199981689453,3966800
2015-04-10,153.5500030517578,154.9600067138672,153.25,154.3800048828125,3183000
2015-04-13,153.7899932861328,155.5,152.9600067138672,153.24000549316406,3034000
2015-04-14,152.92999267578125,153.5399932861328,151.58999633789062,153.2100067138672,2845800
2015-04-15,154.3699951171875,154.3699951171875,152.2100067138672,152.42999267578125,3687400
2015-04-16,151.66000366210938,152.52999877929688,151.0500030517578,151.97000122070312,2559900
2015-04-17,150.8800048828125,151.42999267578125,149.44000244140625,149.60000610351562,4671600
2015-04-20,151.05999755859375,153.5500030517578,151.00999450683594,152.6699981689453,3169100
2015-04-21,153.50999450683594,154.08999633789062,152.0,153.3300018310547,3772900
2015-04-22,152.36000061035156,153.0,148.85000610351562,151.19000244140625,8468900
2015-04-23,150.8300018310547,150.8300018310547,149.72999572753906,149.8699951171875,4080800
2015-04-24,149.5399932861328,149.86000061035156,148.02000427246094,148.39999389648438,4889200
2015-04-27,148.58999633789062,149.0,147.7100067138672,147.8000030517578,4603500
2015-04-28,147.89999389648438,148.3699951171875,146.00999450683594,147.50999450683594,4352900
2015-04-29,147.07000732421875,147.4600067138672,145.89999389648438,146.14999389648438,4761700
2015-04-30,145.25,145.94000244140625,142.75,143.33999633789062,4925300
2015-05-01,144.41000366210938,145.07000732421875,143.83999633789062,144.6699981689453,3556800
2015-05-04,143.85000610351562,144.7899932861328,143.17999267578125,144.02000427246094,8977500
2015-05-05,143.75999450683594,144.6999969482422,142.27000427246094,142.91000366210938,3670400
2015-05-06,143.00999450683594,143.14999389648438,140.42999267578125,141.0399932861328,5313500
2015-05-07,140.55999755859375,142.17999267578125,140.47999572753906,141.49000549316406,4868700
2015-05-08,143.0,145.94000244140625,142.97999572753906,145.4600067138672,7068000
2015-05-11,145.5500030517578,146.7899932861328,145.1300048828125,145.88999938964844,3969000
2015-05-12,144.94000244140625,146.0800018310547,144.00999450683594,145.42999267578125,3543900
2015-05-13,145.41000366210938,146.52999877929688,145.10000610351562,145.6199951171875,2679400
2015-05-14,146.8800048828125,148.25,146.64999389648438,147.9600067138672,3495800
2015-05-15,148.0500030517578,148.3000030517578,146.33999633789062,146.8800048828125,3368900
2015-05-18,146.8800048828125,147.24000549316406,146.3000030517578,146.7100067138672,2153200
2015-05-19,147.17999267578125,147.77000427246094,146.72999572753906,147.0500030517578,2366400
2015-05-20,147.13999938964844,147.33999633789062,146.10000610351562,146.4199981689453,2104000
2015-05-21,146.55999755859375,147.7100067138672,146.10000610351562,147.35000610351562,2676400
2015-05-22,147.25999450683594,147.27000427246094,144.8000030517578,144.80999755859375,3878000
2015-05-26,144.33999633789062,144.42999267578125,142.16000366210938,142.8000030517578,3476800
2015-05-27,143.4199981689453,143.75,142.5800018310547,143.0,2837100
2015-05-28,142.50999450683594,145.2899932861328,141.5800018310547,142.3300018310547,3103200
2015-05-29,142.25999450683594,142.25999450683594,140.32000732421875,140.52000427246094,6199200
2015-06-01,141.4499969482422,142.0500030517578,140.27000427246094,141.25,3897000
2015-06-02,141.44000244140625,144.4600067138672,140.6300048828125,143.25,4986500
2015-06-03,143.77999877929688,145.05999755859375,142.88999938964844,143.80999755859375,3755800
2015-06-04,143.22000122070312,143.22999572753906,140.9499969482422,141.19000244140625,3239500
2015-06-05,141.0399932861328,141.3699951171875,140.0500030517578,140.72999572753906,3215600
2015-06-08,140.24000549316406,141.35000610351562,140.1999969482422,140.63999938964844,2756600
2015-06-09,140.5,140.99000549316406,139.89999389648438,140.10000610351562,2647600
2015-06-10,140.67999267578125,142.60000610351562,140.2899932861328,141.6199951171875,2784400
2015-06-11,142.00999450683594,143.97999572753906,141.75,142.9600067138672,2924500
2015-06-12,142.6199951171875,142.86000061035156,141.08999633789062,142.8000030517578,2395200
2015-06-15,142.0399932861328,142.58999633789062,141.27999877929688,142.2899932861328,2631400
2015-06-16,141.4199981689453,143.5800018310547,141.4199981689453,142.33999633789062,2450600
2015-06-17,142.8699951171875,144.0,141.89999389648438,143.42999267578125,2775400
2015-06-18,143.91000366210938,146.52999877929688,143.91000366210938,145.3800048828125,3728900
2015-06-19,145.19000244140625,146.10000610351562,144.9499969482422,145.1300048828125,4837300
2015-06-22,146.07000732421875,146.2100067138672,145.08999633789062,145.6999969482422,2086100
2015-06-23,146.3300018310547,146.4499969482422,143.8000030517578,144.42999267578125,2864400
2015-06-24,143.75999450683594,144.8000030517578,142.50999450683594,143.0,3989100
2015-06-25,143.27000427246094,143.75999450683594,142.33999633789062,142.4499969482422,2153800
2015-06-26,143.02999877929688,143.0399932861328,141.88999938964844,142.47999572753906,3153300
2015-06-29,140.9600067138672,141.32000732421875,138.5800018310547,138.72999572753906,3755500
2015-06-30,140.05999755859375,140.05999755859375,138.44000244140625,138.72000122070312,3434800
2015-07-01,140.47999572753906,141.13999938964844,140.02000427246094,140.72999572753906,3260900
2015-07-02,141.2899932861328,141.52000427246094,139.8800048828125,140.2100067138672,2116500
2015-07-06,139.02000427246094,140.72999572753906,139.0,140.52000427246094,2093400
2015-07-07,140.8000030517578,143.44000244140625,140.13999938964844,143.14999389648438,3712000
2015-07-08,142.5,143.14999389648438,141.52000427246094,141.9199981689453,3386500
2015-07-09,143.88999938964844,144.1999969482422,142.72999572753906,142.8000030517578,2486800
2015-07-10,144.13999938964844,145.19000244140625,143.8699951171875,144.47999572753906,2192100
2015-07-13,145.9600067138672,146.75,145.60000610351562,146.6199951171875,2194200
2015-07-14,146.75999450683594,148.3000030517578,146.4499969482422,147.75,3388800
2015-07-15,147.75,147.75,146.47999572753906,146.88999938964844,2653900
2015-07-16,147.7899932861328,148.8000030517578,147.77000427246094,148.49000549316406,2509600
2015-07-17,147.25,147.44000244140625,146.02000427246094,146.83999633789062,3127100
2015-07-20,147.11000061035156,147.1999969482422,145.91000366210938,146.72000122070312,3016100
2015-07-21,146.58999633789062,146.58999633789062,144.22000122070312,145.0,4452600
2015-07-22,148.89999389648438,149.17999267578125,145.11000061035156,146.47000122070312,6238400
2015-07-23,147.0,147.9499969482422,145.7899932861328,146.11000061035156,4116000
2015-07-24,145.80999755859375,146.47000122070312,143.97999572753906,144.05999755859375,2455000
2015-07-27,143.22000122070312,143.35000610351562,140.8000030517578,141.02999877929688,3532100
2015-07-28,141.61000061035156,142.1699981689453,139.50999450683594,141.80999755859375,4138200
2015-07-29,142.47999572753906,144.61000061035156,142.3699951171875,144.13999938964844,3260400
2015-07-30,143.35000610351562,143.9199981689453,142.2100067138672,143.00999450683594,2644000
2015-07-31,143.75999450683594,144.9199981689453,143.2899932861328,144.1699981689453,3163500
2015-08-03,144.44000244140625,144.75,142.58999633789062,143.69000244140625,3088000
2015-08-04,143.5500030517578,144.8699951171875,143.0399932861328,143.5399932861328,1973000
2015-08-05,143.89999389648438,145.60000610351562,143.77000427246094,144.9499969482422,2926100
2015-08-06,144.6999969482422,145.25,143.4199981689453,143.82000732421875,2457000
2015-08-07,143.22000122070312,143.83999633789062,141.6999969482422,142.4199981689453,2953200
2015-08-10,143.7899932861328,146.77000427246094,143.77999877929688,145.86000061035156,3432600
2015-08-11,144.13999938964844,144.92999267578125,143.27999877929688,144.0500030517578,2816700
2015-08-12,142.5500030517578,143.00999450683594,139.86000061035156,142.42999267578125,4355800
2015-08-13,142.02999877929688,145.4499969482422,141.52999877929688,144.80999755859375,5129500
2015-08-14,144.61000061035156,145.47000122070312,143.75999450683594,145.08999633789062,2927100
2015-08-17,144.60000610351562,144.86000061035156,142.92999267578125,144.44000244140625,3746000
2015-08-18,144.38999938964844,145.2100067138672,143.82000732421875,144.60000610351562,1955500
2015-08-19,143.4199981689453,144.47999572753906,142.32000732421875,142.72000122070312,2967700
2015-08-20,141.6199951171875,141.89999389648438,136.89999389648438,137.02000427246094,6601400
2015-08-21,134.8800048828125,135.08999633789062,131.4600067138672,131.7100067138672,7957600
2015-08-24,123.63999938964844,135.5,115.13999938964844,127.19000244140625,9425800
2015-08-25,130.0,130.72000122070312,125.43000030517578,125.48999786376953,7159100
2015-08-26,129.33999633789062,129.75999450683594,125.2300033569336,129.33999633789062,6428400
2015-08-27,131.0800018310547,132.36000061035156,129.4600067138672,131.8699951171875,5754600
2015-08-28,131.42999267578125,133.72000122070312,130.86000061035156,133.24000549316406,4508800
2015-08-31,132.3699951171875,132.6999969482422,130.38999938964844,130.67999267578125,4231700
2015-09-01,128.16000366210938,128.99000549316406,126.94000244140625,127.44000244140625,5772700
2015-09-02,128.7100067138672,130.6699981689453,127.73999786376953,130.6300048828125,4809300
2015-09-03,132.30999755859375,132.35000610351562,130.47999572753906,131.02000427246094,3379500
2015-09-04,129.5500030517578,130.49000549316406,128.66000366210938,129.75999450683594,3746700
2015-09-08,132.27000427246094,133.99000549316406,132.0,133.82000732421875,3505800
2015-09-09,135.58999633789062,136.25,132.2100067138672,132.64999389648438,4713900
2015-09-10,132.33999633789062,134.57000732421875,132.27000427246094,133.5500030517578,2932200
2015-09-11,133.16000366210938,134.86000061035156,132.88999938964844,134.6699981689453,2628200
2015-09-14,134.72000122070312,135.1300048828125,133.72999572753906,134.42999267578125,2389600
2015-09-15,134.52000427246094,137.0,134.52000427246094,136.3000030517578,3761800
2015-09-16,136.25999450683594,137.42999267578125,136.00999450683594,137.1999969482422,2505000
2015-09-17,137.36000061035156,139.91000366210938,136.94000244140625,137.4499969482422,3405600
2015-09-18,135.75,137.69000244140625,134.39999389648438,136.08999633789062,7302700
2015-09-21,136.4199981689453,137.4499969482422,134.94000244140625,136.02000427246094,2460900
2015-09-22,134.49000549316406,134.49000549316406,132.52000427246094,133.99000549316406,3465000
2015-09-23,134.66000366210938,135.0,131.61000061035156,131.6699981689453,4907500
2015-09-24,130.72000122070312,130.77000427246094,127.18000030517578,129.75,5297800
2015-09-25,131.57000732421875,131.72999572753906,129.27999877929688,131.00999450683594,4149900
2015-09-28,130.44000244140625,130.47999572753906,128.02999877929688,128.1300048828125,4160000
2015-09-29,128.11000061035156,129.14999389648438,127.47000122070312,128.75,2935100
2015-09-30,130.27000427246094,131.41000366210938,129.6199951171875,130.9499969482422,3062500
2015-10-01,131.32000732421875,131.7899932861328,128.97999572753906,130.61000061035156,2878400
2015-10-02,129.0,132.58999633789062,128.55999755859375,132.55999755859375,3020500
2015-10-05,132.27999877929688,134.14999389648438,131.35000610351562,134.02000427246094,4587500
2015-10-06,134.10000610351562,135.5399932861328,133.6699981689453,134.6300048828125,3059600
2015-10-07,135.69000244140625,137.72999572753906,135.25999450683594,137.02000427246094,3263800
2015-10-08,136.66000366210938,139.35000610351562,136.07000732421875,139.0399932861328,2835700
2015-10-09,139.0399932861328,140.24000549316406,138.36000061035156,139.6999969482422,3065700
2015-10-12,139.92999267578125,141.07000732421875,139.32000732421875,140.67999267578125,1942200
2015-10-13,139.44000244140625,140.5,139.42999267578125,140.2899932861328,2339700
2015-10-14,139.75,140.88999938964844,133.5800018310547,134.22000122070312,8752300
2015-10-15,135.16000366210938,137.6699981689453,135.0,137.38999938964844,6368300
2015-10-16,137.42999267578125,138.72999572753906,136.52000427246094,137.60000610351562,3173700
2015-10-19,137.60000610351562,138.61000061035156,136.38999938964844,138.4199981689453,4022000
2015-10-20,137.94000244140625,139.92999267578125,137.5800018310547,138.8800048828125,4202600
2015-10-21,141.6999969482422,142.14999389648438,136.61000061035156,141.19000244140625,8927200
2015-10-22,142.0,147.36000061035156,141.92999267578125,146.30999755859375,6976300
2015-10-23,147.3699951171875,147.75,144.91000366210938,146.6999969482422,4691200
2015-10-26,146.2100067138672,147.22999572753906,145.5500030517578,146.6999969482422,3143400
2015-10-27,146.22000122070312,148.99000549316406,146.00999450683594,148.4600067138672,3411300
2015-10-28,147.99000549316406,148.80999755859375,145.13999938964844,147.8800048828125,4408300
2015-10-29,147.5399932861328,147.8699951171875,145.8300018310547,147.17999267578125,3072100
2015-10-30,147.39999389648438,149.60000610351562,147.08999633789062,148.07000732421875,3938000
2015-11-02,148.3800048828125,149.47000122070312,147.55999755859375,148.39999389648438,2516700
2015-11-03,148.02999877929688,148.4600067138672,147.13999938964844,148.08999633789062,2470000
2015-11-04,147.25999450683594,148.75999450683594,147.17999267578125,148.19000244140625,2771500
2015-11-05,148.19000244140625,148.83999633789062,146.49000549316406,147.97000122070312,2545400
2015-11-06,146.5800018310547,148.1699981689453,146.00999450683594,147.94000244140625,2294100
2015-11-09,146.89999389648438,147.47999572753906,145.17999267578125,145.97999572753906,2980800
2015-11-10,145.27999877929688,146.13999938964844,144.02999877929688,145.14999389648438,2524100
2015-11-11,145.1999969482422,145.8300018310547,144.52000427246094,144.99000549316406,1579600
2015-11-12,143.0,144.39999389648438,141.58999633789062,142.5399932861328,3796800
2015-11-13,142.3300018310547,143.88999938964844,141.86000061035156,142.58999633789062,3063800
2015-11-16,142.5800018310547,144.5,142.3300018310547,144.4199981689453,2378300
2015-11-17,145.2899932861328,146.58999633789062,144.63999938964844,146.0800018310547,3038300
2015-11-18,146.24000549316406,148.38999938964844,146.22999572753906,148.27999877929688,3101100
2015-11-19,148.7899932861328,149.47999572753906,148.25999450683594,149.24000549316406,2492600
2015-11-20,149.83999633789062,150.58999633789062,149.1199951171875,149.39999389648438,3210200
2015-11-23,149.38999938964844,149.6999969482422,147.7100067138672,148.33999633789062,3183700
2015-11-24,147.49000549316406,149.58999633789062,147.22000122070312,148.64999389648438,2626600
2015-11-25,149.0399932861328,149.14999389648438,147.3800048828125,147.42999267578125,1852200
2015-11-27,147.5,147.97000122070312,146.67999267578125,146.9499969482422,1282100
2015-11-30,146.97000122070312,147.25999450683594,145.36000061035156,145.4499969482422,3176700
2015-12-01,146.5399932861328,149.39999389648438,146.47000122070312,147.74000549316406,3444300
2015-12-02,147.5500030517578,148.02999877929688,146.3800048828125,146.9600067138672,2648800
2015-12-03,147.0500030517578,147.6300048828125,144.27999877929688,145.55999755859375,3008700
2015-12-04,146.35000610351562,148.77999877929688,146.08999633789062,148.5,3892900
2015-12-07,148.3000030517578,149.5,147.32000732421875,148.4499969482422,3417700
2015-12-08,146.82000732421875,147.22999572753906,144.64999389648438,144.99000549316406,5021100
2015-12-09,144.60000610351562,145.69000244140625,142.27000427246094,144.24000549316406,5124600
2015-12-10,144.6199951171875,147.4600067138672,144.16000366210938,146.41000366210938,3278500
2015-12-11,145.0,145.6999969482422,143.72000122070312,144.6199951171875,3684700
2015-12-14,144.5,144.5,141.4600067138672,143.0,4845000
2015-12-15,145.66000366210938,147.10000610351562,144.1199951171875,146.52999877929688,4705300
2015-12-16,147.97999572753906,148.61000061035156,146.22999572753906,148.11000061035156,3316000
2015-12-17,148.85000610351562,149.8000030517578,145.5,145.55999755859375,3448800
2015-12-18,144.41000366210938,144.41000366210938,138.88999938964844,139.5800018310547,9952000
2015-12-21,140.2100067138672,141.94000244140625,139.6999969482422,140.89999389648438,3746400
2015-12-22,141.72000122070312,142.7899932861328,140.5,142.3800048828125,2791700
2015-12-23,143.0800018310547,144.07000732421875,142.80999755859375,144.05999755859375,3353900
2015-12-24,143.60000610351562,143.92999267578125,143.36000061035156,143.52999877929688,1185000
2015-12-28,143.25999450683594,144.6699981689453,142.85000610351562,144.5399932861328,1980000
2015-12-29,145.05999755859375,147.55999755859375,145.0,147.35000610351562,3133600
2015-12-30,147.22000122070312,148.0,146.00999450683594,146.41000366210938,1619000
2015-12-31,145.9600067138672,145.9600067138672,144.5,144.58999633789062,2105200
2016-01-04,141.3800048828125,141.6999969482422,139.42999267578125,140.5,5719500
2016-01-05,140.99000549316406,141.6999969482422,139.77000427246094,141.07000732421875,3357000
2016-01-06,138.8300018310547,139.35000610351562,137.25999450683594,138.8300018310547,4254100
2016-01-07,136.3800048828125,136.6699981689453,132.50999450683594,133.00999450683594,7013700
2016-01-08,133.6999969482422,135.10000610351562,129.8000030517578,129.99000549316406,5776900
2016-01-11,130.85000610351562,131.0,128.9199981689453,130.2100067138672,5551500
2016-01-12,131.5800018310547,132.1699981689453,129.63999938964844,131.9199981689453,4171500
2016-01-13,132.6999969482422,132.8800048828125,127.75,128.1199951171875,5073100
2016-01-14,129.58999633789062,130.07000732421875,125.80999755859375,129.1999969482422,6517800
2016-01-15,125.80000305175781,127.13999938964844,124.51000213623047,125.62999725341797,6678400
2016-01-19,127.05999755859375,127.22000122070312,125.11000061035156,126.05999755859375,5478900
2016-01-20,124.0,124.94000244140625,119.81999969482422,122.13999938964844,7636600
2016-01-21,122.7699966430664,125.9800033569336,121.54000091552734,123.4000015258789,5546200
2016-01-22,124.41999816894531,125.68000030517578,123.31999969482422,124.61000061035156,5259900
2016-01-25,124.5999984741211,125.23999786376953,123.4000015258789,124.01000213623047,4551600
2016-01-26,124.9800033569336,128.14999389648438,124.5,128.00999450683594,5432600
2016-01-27,119.9000015258789,120.11000061035156,115.0199966430664,116.58000183105469,27945900
2016-01-28,117.0999984741211,118.02999877929688,115.05999755859375,118.01000213623047,10708400
2016-01-29,118.13999938964844,120.18000030517578,118.0199966430664,120.12999725341797,9195700
2016-02-01,119.63999938964844,122.29000091552734,118.6500015258789,121.55999755859375,6812800
2016-02-02,119.69000244140625,120.27999877929688,117.37000274658203,117.5199966430664,8646700
2016-02-03,118.80000305175781,122.12999725341797,117.1500015258789,121.87000274658203,7361900
2016-02-04,121.12000274658203,124.91000366210938,121.12000274658203,123.61000061035156,5837000
2016-02-05,123.62999725341797,124.16999816894531,121.02999877929688,122.55999755859375,6186700
2016-02-08,120.66999816894531,121.33000183105469,117.25,119.47000122070312,6453600
2016-02-09,117.9800033569336,119.9800033569336,117.43000030517578,118.87999725341797,4137600
2016-02-10,118.16000366210938,119.45999908447266,116.2699966430664,116.36000061035156,4888600
2016-02-11,113.18000030517578,113.4000015258789,102.0999984741211,108.44000244140625,33735600
2016-02-12,105.12000274658203,109.83999633789062,105.0,108.62999725341797,12973400
2016-02-16,109.7300033569336,112.76000213623047,109.0,112.5999984741211,7587700
2016-02-17,114.02999877929688,116.83000183105469,113.98999786376953,116.33999633789062,6619600
2016-02-18,116.91000366210938,118.2300033569336,116.68000030517578,117.56999969482422,6489000
2016-02-19,117.30999755859375,117.33000183105469,114.41999816894531,115.16000366210938,6920600
2016-02-22,115.16000366210938,118.97000122070312,115.16000366210938,117.38999938964844,4930300
2016-02-23,116.97000122070312,118.5,115.93000030517578,116.9000015258789,3762300
2016-02-24,115.37000274658203,115.95999908447266,112.51000213623047,115.58999633789062,6859300
2016-02-25,116.3499984741211,117.5999984741211,115.77999877929688,116.81999969482422,4667100
2016-02-26,117.75,119.44999694824219,117.5,118.16000366210938,3757800
2016-02-29,118.12000274658203,119.47000122070312,117.5,118.18000030517578,4569700
2016-03-01,119.01000213623047,120.98999786376953,118.25,119.95999908447266,4595400
2016-03-02,119.62999725341797,120.75,118.5,119.6500015258789,4292500
2016-03-03,118.83999633789062,119.7300033569336,118.25,119.61000061035156,3404600
2016-03-04,120.16999816894531,122.2300033569336,119.8499984741211,121.06999969482422,4421500
2016-03-07,120.80000305175781,123.31999969482422,120.56999969482422,122.9000015258789,4504700
2016-03-08,121.9800033569336,122.97000122070312,121.30999755859375,122.3499984741211,5257300
2016-03-09,122.37999725341797,123.26000213623047,122.02999877929688,122.86000061035156,3380300
2016-03-10,123.13999938964844,123.81999969482422,121.43000030517578,122.94000244140625,4111300
2016-03-11,124.12999725341797,125.5,123.86000061035156,124.62999725341797,3260100
2016-03-14,123.93000030517578,127.0,123.86000061035156,126.33999633789062,4283400
2016-03-15,125.55000305175781,126.37000274658203,124.20999908447266,126.36000061035156,3717500
2016-03-16,126.23999786376953,128.1300048828125,125.75,127.56999969482422,5154700
2016-03-17,128.07000732421875,131.60000610351562,127.41999816894531,130.6999969482422,5801000
2016-03-18,131.24000549316406,134.67999267578125,131.00999450683594,133.9600067138672,9108400
2016-03-21,133.4600067138672,136.77999877929688,133.38999938964844,135.86000061035156,5671400
2016-03-22,135.13999938964844,136.10000610351562,134.77999877929688,135.1199951171875,4989000
2016-03-23,134.99000549316406,135.0,132.74000549316406,132.86000061035156,4361200
2016-03-24,131.61000061035156,132.22999572753906,130.02999877929688,132.1199951171875,4573100
2016-03-28,132.52999877929688,132.6199951171875,130.5500030517578,131.2899932861328,3352200
2016-03-29,129.8300018310547,130.92999267578125,128.17999267578125,130.8800048828125,4910200
2016-03-30,131.47999572753906,132.72999572753906,128.02000427246094,128.5800018310547,5949000
2016-03-31,128.08999633789062,128.3800048828125,125.25,126.94000244140625,8758300
2016-04-01,126.2300033569336,127.08999633789062,125.11000061035156,126.95999908447266,5328000
2016-04-04,126.54000091552734,127.97000122070312,125.87999725341797,126.33999633789062,5036500
2016-04-05,126.1500015258789,128.58999633789062,125.58000183105469,127.02999877929688,4660100
2016-04-06,127.16000366210938,128.0399932861328,125.75,127.93000030517578,3998000
2016-04-07,127.0,128.94000244140625,126.55999755859375,127.0,4596300
2016-04-08,128.0399932861328,130.02000427246094,127.61000061035156,127.87999725341797,3939800
2016-04-11,128.25,129.89999389648438,127.68000030517578,127.91000366210938,3611700
2016-04-12,127.62000274658203,130.3800048828125,126.68000030517578,129.47000122070312,4239200
2016-04-13,130.49000549316406,131.5,129.80999755859375,131.13999938964844,3514800
2016-04-14,131.5,131.9499969482422,130.52999877929688,130.85000610351562,4527600
2016-04-15,130.9499969482422,131.60000610351562,130.67999267578125,131.1300048828125,5008700
2016-04-18,131.1300048828125,132.25,130.32000732421875,131.97000122070312,3056000
2016-04-19,132.57000732421875,133.85000610351562,132.2100067138672,132.67999267578125,2931000
2016-04-20,128.5500030517578,131.36000061035156,128.49000549316406,130.57000732421875,6799000
2016-04-21,130.97999572753906,132.63999938964844,130.3000030517578,130.74000549316406,4799600
2016-04-22,131.08999633789062,131.8300018310547,130.5,131.0500030517578,3858100
2016-04-25,130.4499969482422,131.0,129.30999755859375,130.75,4600100
2016-04-26,131.25,133.27000427246094,131.05999755859375,133.24000549316406,6103400
2016-04-27,133.1999969482422,137.88999938964844,131.9499969482422,137.0800018310547,6930800
2016-04-28,136.2899932861328,137.72000122070312,134.5,134.8000030517578,4938800
2016-04-29,134.4199981689453,135.22999572753906,132.80999755859375,134.8000030517578,3716700
2016-05-02,134.3800048828125,135.0,133.22999572753906,134.00999450683594,3703800
2016-05-03,132.6999969482422,133.30999755859375,131.4600067138672,132.49000549316406,4028700
2016-05-04,131.58999633789062,132.30999755859375,130.52999877929688,130.88999938964844,3340500
2016-05-05,131.72999572753906,132.63999938964844,131.1199951171875,132.0800018310547,4199200
2016-05-06,132.11000061035156,133.6300048828125,131.75999450683594,133.25999450683594,2466000
2016-05-09,132.8000030517578,133.80999755859375,131.82000732421875,132.10000610351562,3431100
2016-05-10,133.17999267578125,135.24000549316406,132.7899932861328,134.72000122070312,3382700
2016-05-11,133.80999755859375,134.99000549316406,132.94000244140625,133.0,3284100
2016-05-12,133.49000549316406,135.0399932861328,133.49000549316406,134.4199981689453,4591300
2016-05-13,133.74000549316406,134.94000244140625,131.91000366210938,132.1199951171875,3965900
2016-05-16,131.6300048828125,134.41000366210938,131.5500030517578,134.13999938964844,3165400
2016-05-17,133.6199951171875,134.49000549316406,131.9600067138672,132.55999755859375,4032000
2016-05-18,132.4499969482422,133.17999267578125,130.33999633789062,130.99000549316406,4060400
2016-05-19,130.24000549316406,130.42999267578125,127.08999633789062,128.0800018310547,5061600
2016-05-20,129.1300048828125,129.25,127.20999908447266,127.38999938964844,3297700
2016-05-23,127.4000015258789,128.41000366210938,125.87999725341797,127.58000183105469,3977700
2016-05-24,127.76000213623047,128.80999755859375,126.31999969482422,127.5,5102400
2016-05-25,128.0,129.77999877929688,127.37000274658203,128.86000061035156,4656700
2016-05-26,128.47999572753906,129.89999389648438,128.32000732421875,129.30999755859375,2586300
2016-05-27,128.9600067138672,129.6999969482422,128.8300018310547,129.22000122070312,3043700
2016-05-31,129.8800048828125,129.97999572753906,126.04000091552734,126.1500015258789,6894400
2016-06-01,126.0,126.5,124.77999877929688,126.41000366210938,4679600
2016-06-02,126.6500015258789,127.02999877929688,125.31999969482422,126.8499984741211,4802100
2016-06-03,126.41999816894531,127.58000183105469,125.94999694824219,127.37999725341797,5485600
2016-06-06,127.5999984741211,132.0800018310547,127.44999694824219,131.89999389648438,6996200
2016-06-07,132.41000366210938,133.38999938964844,131.82000732421875,131.92999267578125,4424000
2016-06-08,132.52000427246094,133.52999877929688,132.0399932861328,133.0,3883700
2016-06-09,132.10000610351562,133.82000732421875,131.9199981689453,133.10000610351562,3811200
2016-06-10,131.75999450683594,132.1199951171875,130.3699951171875,131.13999938964844,3828600
2016-06-13,130.7899932861328,131.50999450683594,129.8800048828125,129.9199981689453,3645000
2016-06-14,129.6300048828125,130.60000610351562,128.5,130.5,3717000
2016-06-15,130.8800048828125,131.75999450683594,129.97000122070312,130.16000366210938,3324800
2016-06-16,129.32000732421875,129.88999938964844,126.9000015258789,129.3699951171875,4066100
2016-06-17,129.8300018310547,129.99000549316406,128.80999755859375,129.82000732421875,6739600
2016-06-20,131.36000061035156,133.89999389648438,131.2100067138672,132.75,4331900
2016-06-21,133.19000244140625,133.27999877929688,131.49000549316406,131.52000427246094,2841100
2016-06-22,132.10000610351562,133.16000366210938,131.5800018310547,131.77000427246094,2640800
2016-06-23,133.91000366210938,134.5500030517578,132.72999572753906,133.5500030517578,4113900
2016-06-24,128.13999938964844,129.38999938964844,126.20999908447266,126.5199966430664,9707300
2016-06-27,125.68000030517578,125.75,122.3499984741211,122.69999694824219,6169000
2016-06-28,124.5,124.76000213623047,122.69999694824219,123.88999938964844,4438100
2016-06-29,125.48999786376953,127.31999969482422,124.16000366210938,126.98999786376953,4916700
2016-06-30,127.08000183105469,129.8699951171875,127.08000183105469,129.8699951171875,4110800
2016-07-01,129.5399932861328,130.33999633789062,129.16000366210938,129.69000244140625,3247900
2016-07-05,128.42999267578125,129.0,126.62999725341797,126.97000122070312,4829400
2016-07-06,127.25,127.30999755859375,123.95999908447266,126.95999908447266,3981700
2016-07-07,126.91999816894531,128.1699981689453,126.26000213623047,127.16999816894531,3049400
2016-07-08,128.60000610351562,130.4600067138672,127.66000366210938,130.08999633789062,3597800
2016-07-11,130.83999633789062,133.25,130.8000030517578,132.0399932861328,3929900
2016-07-12,132.8000030517578,133.0,130.3300018310547,130.80999755859375,4318400
2016-07-13,131.27999877929688,131.38999938964844,129.3699951171875,130.11000061035156,3061400
2016-07-14,131.6300048828125,131.9199981689453,130.1999969482422,131.5500030517578,3984100
2016-07-15,131.8000030517578,132.75,131.4499969482422,132.38999938964844,2944900
2016-07-18,132.3800048828125,133.88999938964844,131.9499969482422,133.42999267578125,3338400
2016-07-19,132.91000366210938,135.6699981689453,132.8300018310547,134.66000366210938,3390000
2016-07-20,134.5500030517578,135.17999267578125,134.0399932861328,134.72000122070312,2669400
2016-07-21,134.75999450683594,134.97999572753906,133.02999877929688,133.52999877929688,2814100
2016-07-22,131.75,133.49000549316406,130.57000732421875,133.47000122070312,4844900
2016-07-25,133.17999267578125,133.3000030517578,132.3800048828125,132.94000244140625,3078600
2016-07-26,132.89999389648438,134.97000122070312,132.50999450683594,134.85000610351562,4667300
2016-07-27,136.13999938964844,139.4499969482422,135.7100067138672,135.9600067138672,5661700
2016-07-28,135.39999389648438,135.86000061035156,132.5500030517578,133.00999450683594,5142400
2016-07-29,133.0500030517578,133.8000030517578,132.3000030517578,133.66000366210938,3559100
2016-08-01,133.2100067138672,134.22999572753906,132.6999969482422,133.2100067138672,3067300
2016-08-02,132.9499969482422,133.39999389648438,131.35000610351562,131.60000610351562,3156800
2016-08-03,131.77000427246094,132.4499969482422,131.6199951171875,131.8699951171875,2359300
2016-08-04,132.0,132.5500030517578,130.9600067138672,131.2100067138672,3008500
2016-08-05,132.2100067138672,132.44000244140625,131.00999450683594,131.72999572753906,3119500
2016-08-08,132.13999938964844,132.9499969482422,131.75,132.19000244140625,2443800
2016-08-09,132.72999572753906,132.99000549316406,132.22999572753906,132.6199951171875,3013900
2016-08-10,132.10000610351562,133.52999877929688,131.7100067138672,132.27999877929688,2642200
2016-08-11,132.85000610351562,133.55999755859375,132.3000030517578,133.0,2275700
2016-08-12,132.89999389648438,133.77999877929688,132.6300048828125,133.10000610351562,2522600
2016-08-15,133.6999969482422,135.0,133.5500030517578,134.66000366210938,2812600
2016-08-16,134.14999389648438,135.2100067138672,133.39999389648438,135.0,2759200
2016-08-17,134.85000610351562,134.99000549316406,134.11000061035156,134.72000122070312,2854600
2016-08-18,134.72000122070312,135.9600067138672,134.52999877929688,135.0,2030800
2016-08-19,134.5,135.0,133.83999633789062,134.44000244140625,1922600
2016-08-22,134.3000030517578,135.6699981689453,133.83999633789062,134.99000549316406,2520500
2016-08-23,135.32000732421875,136.3699951171875,133.63999938964844,134.13999938964844,3481900
2016-08-24,134.00999450683594,134.64999389648438,133.07000732421875,133.2899932861328,2135900
2016-08-25,133.3000030517578,133.3000030517578,132.4199981689453,132.97999572753906,1921400
2016-08-26,133.5,134.0800018310547,131.82000732421875,132.22999572753906,1973700
2016-08-29,132.72000122070312,133.5800018310547,132.32000732421875,132.89999389648438,2380000
2016-08-30,133.19000244140625,133.44000244140625,130.67999267578125,130.80999755859375,3437300
2016-08-31,130.8300018310547,130.8300018310547,129.13999938964844,129.4499969482422,3639200
2016-09-01,130.02999877929688,130.02999877929688,128.36000061035156,129.89999389648438,2807200
2016-09-02,130.88999938964844,131.9600067138672,130.5800018310547,131.16000366210938,2631000
2016-09-06,131.6300048828125,132.99000549316406,131.27000427246094,132.99000549316406,4151800
2016-09-07,132.47999572753906,133.0800018310547,132.0,132.63999938964844,2198700
2016-09-08,132.32000732421875,132.91000366210938,131.50999450683594,132.89999389648438,2618300
2016-09-09,131.94000244140625,131.94000244140625,128.52000427246094,128.52999877929688,4892900
2016-09-12,126.87999725341797,130.67999267578125,126.30999755859375,130.1199951171875,6381100
2016-09-13,129.22000122070312,130.02000427246094,128.25999450683594,128.75999450683594,4552400
2016-09-14,128.91000366210938,129.30999755859375,127.33999633789062,127.66999816894531,3955400
2016-09-15,127.56999969482422,128.4600067138672,126.94000244140625,127.7699966430664,3462400
2016-09-16,127.70999908447266,127.70999908447266,126.33999633789062,126.69999694824219,8035600
2016-09-19,127.5,128.3000030517578,127.2699966430664,127.4800033569336,3168100
2016-09-20,127.94999694824219,128.5,127.56999969482422,127.79000091552734,2639300
2016-09-21,128.17999267578125,130.6300048828125,128.17999267578125,130.55999755859375,3227800
2016-09-22,131.4499969482422,132.47999572753906,131.1699981689453,131.8699951171875,3253100
2016-09-23,131.25,132.2899932861328,131.00999450683594,131.77999877929688,2330700
2016-09-26,131.07000732421875,131.5800018310547,130.42999267578125,130.57000732421875,2219900
2016-09-27,130.2899932861328,131.74000549316406,129.86000061035156,131.32000732421875,1939000
2016-09-28,131.58999633789062,132.36000061035156,130.58999633789062,132.22999572753906,1773000
2016-09-29,131.8000030517578,132.77999877929688,130.67999267578125,131.02999877929688,2199400
2016-09-30,132.08999633789062,132.6300048828125,131.27000427246094,131.74000549316406,3118900
2016-10-03,131.27999877929688,132.72000122070312,130.74000549316406,132.3800048828125,2439400
2016-10-04,132.77000427246094,133.22999572753906,131.69000244140625,132.25,2829200
2016-10-05,132.92999267578125,134.89999389648438,132.5500030517578,134.66000366210938,3137500
2016-10-06,134.8300018310547,135.0,133.67999267578125,134.4199981689453,3614900
2016-10-07,133.92999267578125,134.66000366210938,132.5399932861328,133.85000610351562,4302000
2016-10-10,134.58999633789062,136.8699951171875,134.58999633789062,135.83999633789062,3343300
2016-10-11,134.94000244140625,135.69000244140625,133.27000427246094,133.74000549316406,3607300
2016-10-12,133.75999450683594,134.27999877929688,133.0,133.16000366210938,2264200
2016-10-13,132.4199981689453,133.92999267578125,131.38999938964844,133.3800048828125,3544200
2016-10-14,134.55999755859375,135.25,133.47999572753906,133.5,2317400
2016-10-17,133.5,135.3800048828125,133.3300018310547,134.0,2435100
2016-10-18,135.02999877929688,135.74000549316406,134.9199981689453,135.10000610351562,2271000
2016-10-19,135.4199981689453,136.9499969482422,135.3300018310547,136.17999267578125,2265900
2016-10-20,135.9199981689453,136.75,135.3699951171875,135.83999633789062,2539700
2016-10-21,134.72000122070312,136.19000244140625,134.25,135.6300048828125,2205000
2016-10-24,136.41000366210938,138.8800048828125,136.41000366210938,137.4499969482422,3814200
2016-10-25,137.52999877929688,139.4199981689453,137.35000610351562,139.02000427246094,5209100
2016-10-26,138.42999267578125,146.19000244140625,136.72000122070312,145.5399932861328,13272000
2016-10-27,145.8300018310547,146.22999572753906,141.77999877929688,143.30999755859375,7857100
2016-10-28,143.72000122070312,144.0,142.1699981689453,143.00999450683594,4636100
2016-10-31,143.0500030517578,143.35000610351562,142.14999389648438,142.42999267578125,3075900
2016-11-01,142.9499969482422,143.89999389648438,141.80999755859375,142.41000366210938,3245000
2016-11-02,142.0,142.8699951171875,140.58999633789062,140.75,2782100
2016-11-03,140.75999450683594,140.89999389648438,139.35000610351562,140.02000427246094,2280800
2016-11-04,139.11000061035156,140.85000610351562,138.8000030517578,139.5399932861328,2951500
2016-11-07,141.5,143.10000610351562,141.49000549316406,143.02999877929688,3228200
2016-11-08,141.9199981689453,143.30999755859375,141.2899932861328,142.1999969482422,2823800
2016-11-09,141.60000610351562,145.85000610351562,141.5399932861328,145.08999633789062,5494400
2016-11-10,146.50999450683594,149.33999633789062,146.38999938964844,147.69000244140625,6508300
2016-11-11,147.1199951171875,148.60000610351562,146.55999755859375,148.52000427246094,3585200
2016-11-14,148.2100067138672,150.08999633789062,148.2100067138672,149.99000549316406,4490900
2016-11-15,148.44000244140625,149.4499969482422,147.19000244140625,148.11000061035156,3856600
2016-11-16,147.3000030517578,148.41000366210938,146.13999938964844,146.44000244140625,3559700
2016-11-17,146.8300018310547,147.1199951171875,145.0,145.3300018310547,3656100
2016-11-18,145.17999267578125,146.60000610351562,144.4600067138672,146.35000610351562,2214400
2016-11-21,147.2100067138672,148.49000549316406,146.52000427246094,147.02000427246094,2825900
2016-11-22,147.89999389648438,149.75999450683594,147.8800048828125,149.52000427246094,3770000
2016-11-23,149.61000061035156,150.80999755859375,149.02999877929688,149.74000549316406,2857500
2016-11-25,150.0,150.14999389648438,149.02999877929688,150.0399932861328,962300
2016-11-28,149.0,150.08999633789062,148.32000732421875,149.77000427246094,4728800
2016-11-29,149.8300018310547,152.11000061035156,149.11000061035156,151.63999938964844,3945600
2016-11-30,151.58999633789062,153.0800018310547,150.55999755859375,150.55999755859375,3991000
2016-12-01,150.74000549316406,152.69000244140625,150.38999938964844,152.38999938964844,2843900
2016-12-02,152.4499969482422,152.49000549316406,151.1199951171875,152.25,2105600
2016-12-05,153.24000549316406,153.75,151.85000610351562,152.16000366210938,2855900
2016-12-06,150.83999633789062,152.63999938964844,150.02000427246094,152.24000549316406,3476300
2016-12-07,151.6699981689453,154.30999755859375,151.07000732421875,154.13999938964844,2955800
2016-12-08,154.60000610351562,155.97000122070312,154.13999938964844,155.38999938964844,2928400
2016-12-09,155.64999389648438,156.8800048828125,155.4199981689453,156.49000549316406,2707900
2016-12-12,156.0,158.0,154.3000030517578,157.16000366210938,4250600
2016-12-13,159.10000610351562,160.07000732421875,154.8800048828125,156.66000366210938,5650400
2016-12-14,156.22999572753906,156.3699951171875,154.17999267578125,154.47000122070312,3640200
2016-12-15,153.92999267578125,155.24000549316406,153.05999755859375,153.77000427246094,2889300
2016-12-16,153.8800048828125,156.0,153.13999938964844,154.5,5888300
2016-12-19,155.16000366210938,157.10000610351562,155.07000732421875,156.17999267578125,3002800
2016-12-20,156.9600067138672,157.88999938964844,155.9499969482422,156.38999938964844,2270100
2016-12-21,156.69000244140625,158.5,156.64999389648438,157.47999572753906,2326000
2016-12-22,158.5,158.99000549316406,156.25,157.4600067138672,3958500
2016-12-23,158.27000427246094,158.27000427246094,156.50999450683594,157.80999755859375,2135800
2016-12-27,158.41000366210938,158.47999572753906,156.91000366210938,157.47999572753906,1858700
2016-12-28,157.1199951171875,157.35000610351562,156.00999450683594,156.10000610351562,1810400
2016-12-29,156.0,156.75,155.16000366210938,155.69000244140625,1804000
2016-12-30,156.49000549316406,156.7899932861328,154.9600067138672,155.67999267578125,2027700
2017-01-03,156.3000030517578,157.13999938964844,155.2100067138672,156.97000122070312,3426100
2017-01-04,157.80999755859375,159.22999572753906,157.80999755859375,158.6199951171875,3189800
2017-01-05,158.41000366210938,159.6999969482422,157.39999389648438,158.7100067138672,2796000
2017-01-06,158.97999572753906,159.66000366210938,157.88999938964844,159.10000610351562,2426000
2017-01-09,159.0,159.24000549316406,158.1699981689453,158.32000732421875,2839400
2017-01-10,158.9600067138672,159.94000244140625,158.57000732421875,159.07000732421875,2988300
2017-01-11,159.5399932861328,159.6999969482422,158.27999877929688,159.39999389648438,2416500
2017-01-12,159.14999389648438,159.16000366210938,156.6699981689453,158.2899932861328,3020500
2017-01-13,158.74000549316406,159.5800018310547,158.33999633789062,158.8300018310547,2435400
2017-01-17,158.1999969482422,159.0399932861328,157.22999572753906,157.6699981689453,2758800
2017-01-18,157.5500030517578,159.0500030517578,156.75,158.32000732421875,2087000
2017-01-19,158.8699951171875,159.8699951171875,157.91000366210938,159.0,3144000
2017-01-20,159.80999755859375,160.3000030517578,158.22999572753906,159.52999877929688,3384500
2017-01-23,158.94000244140625,159.5,157.2899932861328,157.83999633789062,3931200
2017-01-24,158.5800018310547,160.92999267578125,157.83999633789062,160.5500030517578,3927500
2017-01-25,163.58999633789062,168.64999389648438,163.24000549316406,167.36000061035156,7480000
2017-01-26,167.25,170.0,167.25,169.1199951171875,5436800
2017-01-27,169.2100067138672,169.8000030517578,167.00999450683594,167.6999969482422,4883200
2017-01-30,165.9199981689453,165.99000549316406,163.82000732421875,165.57000732421875,5456300
2017-01-31,164.9600067138672,165.10000610351562,163.22000122070312,163.4199981689453,5350700
2017-02-01,164.25,165.80999755859375,163.1199951171875,163.97000122070312,3138000
2017-02-02,163.22000122070312,163.97000122070312,160.82000732421875,162.25999450683594,3791700
2017-02-03,162.99000549316406,163.55999755859375,162.30999755859375,162.39999389648438,2981700
2017-02-06,162.4199981689453,164.0800018310547,162.3800048828125,163.97999572753906,3110500
2017-02-07,165.0,167.4199981689453,164.8699951171875,166.5,4243200
2017-02-08,165.0,165.24000549316406,163.69000244140625,163.80999755859375,3041600
2017-02-09,164.6699981689453,165.08999633789062,164.05999755859375,164.27999877929688,3451100
2017-02-10,165.25,166.4499969482422,164.47000122070312,166.22999572753906,2689700
2017-02-13,166.4499969482422,169.07000732421875,166.35000610351562,168.02999877929688,3765000
2017-02-14,167.6999969482422,168.8000030517578,167.22000122070312,168.5,2580300
2017-02-15,168.4199981689453,169.9499969482422,168.35000610351562,169.3000030517578,4033200
2017-02-16,169.74000549316406,170.80999755859375,168.75,170.80999755859375,3070100
2017-02-17,170.41000366210938,173.25,170.39999389648438,172.7100067138672,4982900
2017-02-21,173.9199981689453,176.1699981689453,173.67999267578125,175.55999755859375,4231700
2017-02-22,174.97999572753906,175.75,174.00999450683594,175.36000061035156,2832100
2017-02-23,175.97000122070312,177.0,175.6999969482422,176.86000061035156,3502600
2017-02-24,176.75,178.8000030517578,176.10000610351562,177.44000244140625,4197200
2017-02-27,178.0,179.8800048828125,177.5500030517578,179.42999267578125,2892600
2017-02-28,180.33999633789062,181.92999267578125,179.6699981689453,180.22999572753906,4785100
2017-03-01,181.85000610351562,184.8000030517578,181.82000732421875,183.91000366210938,5461800
2017-03-02,184.0,185.7100067138672,182.97000122070312,182.99000549316406,4909000
2017-03-03,182.99000549316406,183.5800018310547,181.4499969482422,182.17999267578125,3917500
2017-03-06,181.39999389648438,182.3000030517578,180.42999267578125,180.92999267578125,4244000
2017-03-07,180.63999938964844,182.83999633789062,180.6199951171875,182.02000427246094,2452000
2017-03-08,182.39999389648438,182.69000244140625,181.49000549316406,181.74000549316406,2321700
2017-03-09,181.42999267578125,182.58999633789062,179.5800018310547,180.57000732421875,3100500
2017-03-10,181.89999389648438,181.97000122070312,177.9199981689453,178.6999969482422,4595600
2017-03-13,177.16000366210938,179.19000244140625,177.07000732421875,179.0500030517578,3499000
2017-03-14,178.5399932861328,179.69000244140625,177.7100067138672,178.72999572753906,2346700
2017-03-15,179.0,179.24000549316406,177.97000122070312,178.7100067138672,3569000
2017-03-16,179.82000732421875,180.0,177.63999938964844,178.19000244140625,3100700
2017-03-17,178.30999755859375,180.3800048828125,178.1699981689453,180.10000610351562,5037400
2017-03-20,180.10000610351562,180.14999389648438,179.13999938964844,179.38999938964844,2062200
2017-03-21,179.99000549316406,180.25,175.5,175.9600067138672,3239600
2017-03-22,175.9600067138672,177.10000610351562,175.5,176.97999572753906,2505700
2017-03-23,177.33999633789062,177.85000610351562,176.58999633789062,177.25999450683594,2006400
2017-03-24,176.85000610351562,177.52999877929688,174.77000427246094,175.82000732421875,2386800
2017-03-27,174.3699951171875,176.44000244140625,173.75,176.10000610351562,2750700
2017-03-28,176.2899932861328,177.67999267578125,175.0,177.36000061035156,2412600
2017-03-29,177.39999389648438,177.99000549316406,176.97000122070312,177.6300048828125,1640600
2017-03-30,177.25,178.49000549316406,177.22000122070312,177.97999572753906,1737200
2017-03-31,178.02000427246094,178.17999267578125,176.80999755859375,176.86000061035156,2032700
2017-04-03,177.0800018310547,177.72999572753906,175.5,176.64999389648438,2934800
2017-04-04,176.8800048828125,178.7899932861328,176.75999450683594,178.6999969482422,2326500
2017-04-05,179.0,180.17999267578125,176.88999938964844,177.0800018310547,2567200
2017-04-06,177.55999755859375,178.22000122070312,177.1199951171875,177.3699951171875,2343600
2017-04-07,178.38999938964844,179.08999633789062,177.25999450683594,178.85000610351562,2806900
2017-04-10,179.0,179.97000122070312,177.47999572753906,177.55999755859375,2309300
2017-04-11,177.5,178.60000610351562,176.9600067138672,178.57000732421875,2266300
2017-04-12,178.25,178.25,175.94000244140625,176.0500030517578,2922700
2017-04-13,175.74000549316406,176.8800048828125,175.55999755859375,175.6199951171875,2024100
2017-04-17,175.83999633789062,179.0800018310547,175.64999389648438,179.02000427246094,2450200
2017-04-18,178.58999633789062,179.97000122070312,177.1199951171875,177.85000610351562,2960200
2017-04-19,178.47000122070312,179.89999389648438,178.16000366210938,178.39999389648438,2124500
2017-04-20,178.74000549316406,179.82000732421875,178.35000610351562,179.3000030517578,2335200
2017-04-21,179.4199981689453,180.92999267578125,179.4199981689453,180.3800048828125,3146600
2017-04-24,181.75,182.4600067138672,181.61000061035156,182.05999755859375,3141900
2017-04-25,182.52999877929688,183.85000610351562,182.52999877929688,183.50999450683594,3735400
2017-04-26,182.30999755859375,183.0,180.11000061035156,181.7100067138672,4471600
2017-04-27,182.58999633789062,183.75999450683594,182.58999633789062,183.22000122070312,3129100
2017-04-28,183.4199981689453,184.92999267578125,183.02000427246094,184.8300018310547,2181600
2017-05-01,184.22999572753906,184.49000549316406,181.8000030517578,182.38999938964844,3516700
2017-05-02,182.5399932861328,183.91000366210938,182.52999877929688,183.44000244140625,1979800
2017-05-03,183.4499969482422,183.75,182.25,183.38999938964844,2983200
2017-05-04,183.3300018310547,184.25,182.17999267578125,183.07000732421875,2289300
2017-05-05,183.16000366210938,185.07000732421875,183.16000366210938,185.00999450683594,2636900
2017-05-08,185.3800048828125,186.38999938964844,185.0,186.02000427246094,1963400
2017-05-09,186.11000061035156,187.2100067138672,186.0500030517578,186.91000366210938,3004000
2017-05-10,185.13999938964844,185.64999389648438,178.17999267578125,183.17999267578125,7060100
2017-05-11,182.89999389648438,184.3300018310547,182.1699981689453,183.94000244140625,2883800
2017-05-12,183.7100067138672,183.97999572753906,182.6300048828125,183.25,3479200
2017-05-15,183.3000030517578,184.11000061035156,182.27999877929688,182.38999938964844,3365000
2017-05-16,182.72999572753906,183.14999389648438,182.0399932861328,182.6999969482422,2156100
2017-05-17,182.6999969482422,182.6999969482422,178.67999267578125,178.77999877929688,2535700
2017-05-18,178.47999572753906,178.5,175.47000122070312,177.39999389648438,3118100
2017-05-19,177.72999572753906,181.4199981689453,176.77000427246094,180.75999450683594,4038900
2017-05-22,183.77999877929688,185.32000732421875,182.52000427246094,183.6699981689453,2946800
2017-05-23,184.0,184.4600067138672,182.86000061035156,183.49000549316406,2123800
2017-05-24,183.4600067138672,185.39999389648438,183.4600067138672,185.25,2424700
2017-05-25,185.6300048828125,187.4199981689453,185.58999633789062,187.07000732421875,2363300
2017-05-26,186.72999572753906,187.61000061035156,186.27000427246094,186.58999633789062,1735800
2017-05-30,186.75999450683594,187.4199981689453,186.19000244140625,186.8800048828125,2231600
2017-05-31,187.3699951171875,188.25999450683594,186.72000122070312,187.6300048828125,5186700
2017-06-01,187.41000366210938,187.91000366210938,184.52999877929688,187.32000732421875,2870200
2017-06-02,187.82000732421875,191.6999969482422,187.64999389648438,190.22999572753906,3034300
2017-06-05,190.07000732421875,190.74000549316406,188.80999755859375,188.9499969482422,2522100
2017-06-06,188.41000366210938,188.86000061035156,186.69000244140625,186.75,2725000
2017-06-07,186.85000610351562,188.5399932861328,186.38999938964844,188.10000610351562,2383500
2017-06-08,188.10000610351562,191.07000732421875,187.6999969482422,189.92999267578125,2340300
2017-06-09,190.0,190.99000549316406,189.25,190.02999877929688,3344900
2017-06-12,190.3000030517578,190.52999877929688,188.0500030517578,190.0,2730100
2017-06-13,190.0500030517578,191.55999755859375,189.35000610351562,191.08999633789062,1882700
2017-06-14,191.0500030517578,193.3800048828125,190.82000732421875,192.3800048828125,2210000
2017-06-15,191.42999267578125,195.5500030517578,191.3699951171875,195.4499969482422,2894100
2017-06-16,196.00999450683594,197.9499969482422,195.80999755859375,196.44000244140625,6939100
2017-06-19,197.8800048828125,199.47000122070312,197.0,199.0800018310547,2726400
2017-06-20,198.75,201.24000549316406,198.30999755859375,198.3300018310547,3077400
2017-06-21,199.5800018310547,199.7100067138672,197.55999755859375,199.1699981689453,3151100
2017-06-22,199.25,200.41000366210938,199.17999267578125,199.44000244140625,3339300
2017-06-23,199.25999450683594,202.35000610351562,198.67999267578125,202.22999572753906,4310100
2017-06-26,202.77000427246094,204.38999938964844,199.94000244140625,199.97999572753906,3077600
2017-06-27,199.8000030517578,200.9199981689453,198.88999938964844,198.88999938964844,2296900
2017-06-28,199.5,200.9499969482422,199.3000030517578,199.6199951171875,2096800
2017-06-29,199.6199951171875,199.75999450683594,196.4499969482422,197.4600067138672,2428900
2017-06-30,198.5,199.44000244140625,197.38999938964844,197.75,2225600
2017-07-03,198.07000732421875,199.44000244140625,197.75,198.58999633789062,1511200
2017-07-05,199.3000030517578,202.13999938964844,198.86000061035156,201.80999755859375,2716700
2017-07-06,201.63999938964844,202.49000549316406,200.77999877929688,201.47999572753906,2737400
2017-07-07,202.24000549316406,203.27999877929688,201.25999450683594,202.3699951171875,3090400
2017-07-10,202.32000732421875,204.5800018310547,202.19000244140625,203.9600067138672,2701900
2017-07-11,204.0,206.66000366210938,204.0,206.27000427246094,2815800
2017-07-12,206.9499969482422,208.61000061035156,206.32000732421875,206.44000244140625,2817400
2017-07-13,206.8000030517578,207.0,205.35000610351562,206.22999572753906,1943600
2017-07-14,206.8000030517578,208.72999572753906,206.74000549316406,208.50999450683594,3229000
2017-07-17,208.72999572753906,209.72000122070312,208.55999755859375,209.0,2416000
2017-07-18,209.11000061035156,209.19000244140625,207.52999877929688,208.24000549316406,1942300
2017-07-19,209.42999267578125,210.92999267578125,208.99000549316406,210.8800048828125,2258400
2017-07-20,211.10000610351562,211.25,209.9199981689453,210.27999877929688,2235100
2017-07-21,209.99000549316406,212.1999969482422,209.41000366210938,212.13999938964844,2098400
2017-07-24,212.0,212.63999938964844,211.39999389648438,212.17999267578125,2392700
2017-07-25,213.22000122070312,214.0,211.9499969482422,212.4600067138672,2889000
2017-07-26,223.47999572753906,233.97999572753906,223.02000427246094,233.4499969482422,14140000
2017-07-27,237.1300048828125,242.67999267578125,236.6999969482422,241.0,10860600
2017-07-28,240.82000732421875,242.0,238.5500030517578,241.27000427246094,4602400
2017-07-31,241.85000610351562,246.49000549316406,241.82000732421875,242.4600067138672,5777300
2017-08-01,243.3800048828125,243.99000549316406,239.16000366210938,239.44000244140625,5018400
2017-08-02,239.05999755859375,241.55999755859375,237.8800048828125,237.9499969482422,5119900
2017-08-03,237.05999755859375,239.58999633789062,236.0399932861328,238.25,5112700
2017-08-04,238.5800018310547,239.72999572753906,236.3800048828125,237.7100067138672,5590500
2017-08-07,237.60000610351562,241.42999267578125,237.2100067138672,240.22999572753906,3674700
2017-08-08,239.91000366210938,240.52000427246094,238.92999267578125,239.5,4871500
2017-08-09,238.00999450683594,238.6999969482422,234.10000610351562,234.30999755859375,5680400
2017-08-10,234.02999877929688,236.16000366210938,231.91000366210938,232.8800048828125,6817700
2017-08-11,232.75999450683594,235.39999389648438,230.94000244140625,234.8800048828125,3461700
2017-08-14,236.00999450683594,237.47999572753906,235.72000122070312,237.14999389648438,2953500
2017-08-15,237.2100067138672,239.63999938964844,236.00999450683594,239.1699981689453,2851100
2017-08-16,239.6999969482422,240.25999450683594,237.41000366210938,237.58999633789062,3012700
2017-08-17,237.3800048828125,237.60000610351562,235.25,235.58999633789062,2810900
2017-08-18,235.0,237.25999450683594,234.57000732421875,235.77000427246094,2939500
2017-08-21,235.77000427246094,236.94000244140625,234.35000610351562,235.67999267578125,2545400
2017-08-22,236.16000366210938,239.88999938964844,236.11000061035156,239.75,2915700
2017-08-23,239.36000061035156,239.36000061035156,237.19000244140625,238.08999633789062,2518300
2017-08-24,238.52000427246094,238.89999389648438,236.60000610351562,238.74000549316406,2553100
2017-08-25,239.0,239.08999633789062,235.60000610351562,235.88999938964844,2270300
2017-08-28,236.22000122070312,237.5500030517578,234.61000061035156,237.17999267578125,2395000
2017-08-29,237.2100067138672,241.1699981689453,236.0800018310547,240.49000549316406,3535500
2017-08-30,240.99000549316406,241.44000244140625,239.0,240.4600067138672,2801100
2017-08-31,241.0,241.10000610351562,238.41000366210938,239.66000366210938,3075800
2017-09-01,239.66000366210938,242.52999877929688,239.1699981689453,240.3300018310547,3270700
2017-09-05,240.3000030517578,240.36000061035156,236.22999572753906,237.0,3866600
2017-09-06,237.52999877929688,237.86000061035156,234.33999633789062,234.6199951171875,4252700
2017-09-07,234.75,236.5399932861328,234.2899932861328,236.30999755859375,2994500
2017-09-08,235.75,239.38999938964844,235.2100067138672,238.77999877929688,3404200
2017-09-11,239.5,241.85000610351562,239.30999755859375,240.58999633789062,3628100
2017-09-12,240.58999633789062,241.7100067138672,238.9499969482422,240.5800018310547,2702700
2017-09-13,240.0,243.47999572753906,237.08999633789062,241.92999267578125,4529100
2017-09-14,243.0,245.61000061035156,242.5,245.22999572753906,4995200
2017-09-15,247.36000061035156,249.9499969482422,246.2100067138672,249.0,9033300
2017-09-18,249.97000122070312,253.7899932861328,248.91000366210938,253.0800018310547,5193000
2017-09-19,253.0800018310547,255.1699981689453,251.6300048828125,252.4600067138672,4124700
2017-09-20,253.25999450683594,256.69000244140625,252.25,255.4600067138672,3853200
2017-09-21,256.1300048828125,256.989990234375,254.4199981689453,256.0400085449219,2809400
2017-09-22,256.30999755859375,259.29998779296875,256.1300048828125,256.45001220703125,3475600
2017-09-25,256.9700012207031,256.9700012207031,251.5,254.32000732421875,3479200
2017-09-26,254.60000610351562,256.4800109863281,253.5399932861328,253.6999969482422,2173600
2017-09-27,255.27000427246094,258.7699890136719,253.97000122070312,255.27999877929688,3840100
2017-09-28,254.11000061035156,255.8000030517578,251.1699981689453,254.27000427246094,2586100
2017-09-29,253.85000610351562,255.25999450683594,252.58999633789062,254.2100067138672,2531100
2017-10-02,254.64999389648438,255.99000549316406,253.52999877929688,255.99000549316406,2685100
2017-10-03,255.99000549316406,258.260009765625,254.69000244140625,255.4600067138672,3163400
2017-10-04,256.1199951171875,257.1300048828125,254.07000732421875,255.75999450683594,3031000
2017-10-05,255.27999877929688,258.989990234375,254.77999877929688,258.8900146484375,3940200
2017-10-06,258.0,258.8999938964844,257.05999755859375,258.5799865722656,2736400
2017-10-09,259.0,259.0,257.1099853515625,258.3900146484375,2146100
2017-10-10,259.739990234375,261.05999755859375,257.20001220703125,260.92999267578125,2740700
2017-10-11,261.32000732421875,261.6499938964844,259.0199890136719,261.44000244140625,2890300
2017-10-12,260.95001220703125,262.9800109863281,260.0,261.9100036621094,2577900
2017-10-13,262.8999938964844,263.7900085449219,260.739990234375,260.739990234375,2243900
2017-10-16,261.5,262.0,259.69000244140625,259.75,1818900
2017-10-17,256.489990234375,259.04998779296875,256.260009765625,258.6199951171875,2515900
2017-10-18,258.4700012207031,260.7300109863281,256.6600036621094,260.0400085449219,2051700
2017-10-19,258.9800109863281,259.1000061035156,256.0299987792969,259.0400085449219,2589200
2017-10-20,260.3599853515625,264.8299865722656,259.44000244140625,264.75,3955900
2017-10-23,265.1300048828125,265.9800109863281,262.1400146484375,262.32000732421875,3302400
2017-10-24,263.239990234375,267.2099914550781,263.239990234375,266.0,4401600
2017-10-25,264.7799987792969,266.0,254.5,258.4200134277344,7895300
2017-10-26,259.7200012207031,261.44000244140625,257.30999755859375,259.2699890136719,3419100
2017-10-27,258.260009765625,259.5,255.8000030517578,256.4599914550781,2899200
2017-10-30,255.4499969482422,260.4100036621094,255.3300018310547,259.25,3025900
2017-10-31,259.3399963378906,259.92999267578125,257.4700012207031,257.9800109863281,2742800
2017-11-01,258.2900085449219,259.4100036621094,256.239990234375,258.5,2929500
2017-11-02,258.30999755859375,263.239990234375,258.0,262.6300048828125,2529900
2017-11-03,262.4200134277344,263.7900085449219,260.0799865722656,261.75,2610800
2017-11-06,262.6199951171875,265.8399963378906,262.5299987792969,264.07000732421875,2911600
2017-11-07,264.07000732421875,267.2799987792969,264.07000732421875,266.1300048828125,3205400
2017-11-08,266.1400146484375,267.6199951171875,265.2900085449219,265.57000732421875,2841800
2017-11-09,265.010009765625,266.75,259.55999755859375,262.70001220703125,3215900
2017-11-10,262.1099853515625,262.5,259.6000061035156,260.8500061035156,1740600
2017-11-13,261.6700134277344,263.3599853515625,260.489990234375,262.4200134277344,2604100
2017-11-14,262.0,262.3999938964844,260.20001220703125,261.760009765625,2358200
2017-11-15,261.4200134277344,264.7699890136719,260.1499938964844,262.8599853515625,2510500
2017-11-16,263.760009765625,265.0400085449219,263.3399963378906,263.70001220703125,2710200
2017-11-17,262.82000732421875,263.739990234375,262.0299987792969,262.260009765625,1724800
2017-11-20,263.0,265.6199951171875,262.760009765625,264.6300048828125,2447400
2017-11-21,266.239990234375,267.0,264.7099914550781,266.989990234375,2267100
2017-11-22,267.0,267.4800109863281,264.5299987792969,265.1499938964844,1471400
2017-11-24,265.260009765625,266.57000732421875,264.5299987792969,265.8800048828125,788900
2017-11-27,265.3800048828125,266.8399963378906,264.7200012207031,265.5799865722656,1772200
2017-11-28,267.0,268.010009765625,265.2300109863281,267.989990234375,2262100
2017-11-29,269.4800109863281,269.67999267578125,266.1499938964844,269.29998779296875,3029100
2017-11-30,269.9100036621094,277.0400085449219,269.42999267578125,276.79998779296875,4820300
2017-12-01,277.510009765625,278.7300109863281,270.6000061035156,271.3800048828125,4592500
2017-12-04,276.1600036621094,281.8299865722656,276.0,277.9700012207031,5523000
2017-12-05,279.010009765625,279.44000244140625,274.8599853515625,275.5400085449219,2806100
2017-12-06,276.5799865722656,279.1400146484375,274.0,278.2699890136719,2538100
2017-12-07,282.80999755859375,284.7900085449219,277.79998779296875,281.9700012207031,4264400
2017-12-08,285.010009765625,287.32000732421875,283.55999755859375,285.8999938964844,4440500
2017-12-11,286.2099914550781,286.489990234375,279.8999938964844,283.1600036621094,4065200
2017-12-12,291.3399963378906,292.79998779296875,287.7200012207031,289.94000244140625,5517600
2017-12-13,290.5,295.8500061035156,289.70001220703125,291.8399963378906,5003300
2017-12-14,293.3500061035156,296.82000732421875,292.6000061035156,293.8800048828125,3913400
2017-12-15,295.8699951171875,297.3699951171875,293.0199890136719,293.94000244140625,6933500
2017-12-18,296.0,297.1400146484375,294.5199890136719,296.1400146484375,2901600
2017-12-19,296.5,297.5799865722656,294.17999267578125,297.25,2728400
2017-12-20,298.70001220703125,299.3299865722656,297.1099853515625,297.8999938964844,2533700
2017-12-21,298.04998779296875,298.3900146484375,294.1300048828125,295.0299987792969,5398300
2017-12-22,296.3299865722656,296.5199890136719,293.010009765625,295.1000061035156,2257400
2017-12-26,295.5400085449219,297.44000244140625,294.6499938964844,295.3599853515625,1394700
2017-12-27,296.4100036621094,296.79998779296875,294.79998779296875,295.6199951171875,1447800
2017-12-28,295.80999755859375,296.989990234375,294.739990234375,296.3500061035156,1436800
2017-12-29,296.94000244140625,297.29998779296875,294.8299865722656,294.9100036621094,1824600
2018-01-02,295.75,296.989990234375,295.3999938964844,296.8399963378906,2978900
2018-01-03,295.94000244140625,298.5,295.4700012207031,297.79998779296875,3211200
2018-01-04,297.94000244140625,298.4200134277344,295.4700012207031,296.6700134277344,4171700
2018-01-05,296.7699890136719,308.8900146484375,296.7200012207031,308.8399963378906,6177700
2018-01-08,308.6600036621094,310.8599853515625,305.75,310.1499938964844,4124900
2018-01-09,310.5899963378906,319.9100036621094,310.489990234375,318.42999267578125,5641300
2018-01-10,317.489990234375,322.1499938964844,315.5,320.260009765625,4479300
2018-01-11,322.1300048828125,328.3999938964844,321.19000244140625,328.1199951171875,4635300
2018-01-12,330.3800048828125,336.8800048828125,330.3800048828125,336.2099914550781,6559300
2018-01-16,339.8999938964844,347.7300109863281,331.3299865722656,335.1600036621094,12305500
2018-01-17,337.7300109863281,352.2300109863281,336.4100036621094,351.010009765625,9699900
2018-01-18,350.70001220703125,350.8299865722656,339.1499938964844,340.1600036621094,9458600
2018-01-19,341.6700134277344,344.0,335.75,337.7300109863281,7264400
2018-01-22,335.2900085449219,341.3800048828125,332.0400085449219,338.0,6792900
2018-01-23,338.3399963378906,338.94000244140625,334.80999755859375,335.5899963378906,4537800
2018-01-24,336.20001220703125,338.989990234375,334.1400146484375,334.69000244140625,4205400
2018-01-25,336.2099914550781,343.6199951171875,335.29998779296875,343.1099853515625,4747500
2018-01-26,344.3299865722656,345.9800109863281,341.25,343.2200012207031,5236300
2018-01-29,341.2300109863281,344.4800109863281,340.1000061035156,340.82000732421875,3324900
2018-01-30,339.1700134277344,339.9800109863281,334.1600036621094,337.7099914550781,4983100
2018-01-31,360.5,360.9700012207031,351.6199951171875,354.3699951171875,11409600
2018-02-01,352.95001220703125,361.45001220703125,352.0400085449219,356.94000244140625,6067600
2018-02-02,354.0,355.20001220703125,348.70001220703125,348.9100036621094,5486100
2018-02-05,342.6700134277344,350.0,317.3900146484375,328.8800048828125,10511300
2018-02-06,320.0,341.6700134277344,317.6499938964844,340.9100036621094,11935100
2018-02-07,340.5199890136719,353.5899963378906,339.8699951171875,348.1199951171875,7946700
2018-02-08,348.0,349.0,329.3999938964844,329.6600036621094,8295900
2018-02-09,333.54998779296875,337.80999755859375,319.25,332.8299865722656,8833000
2018-02-12,336.57000732421875,347.75,335.1300048828125,343.79998779296875,6885000
2018-02-13,340.45001220703125,347.8800048828125,340.2900085449219,343.1600036621094,4030200
2018-02-14,341.3399963378906,347.42999267578125,341.1700134277344,344.8500061035156,4340200
2018-02-15,348.4700012207031,356.54998779296875,348.04998779296875,356.4599914550781,5827500
2018-02-16,356.5899963378906,359.5,353.510009765625,355.0400085449219,5211600
2018-02-20,352.0,357.7900085449219,351.3999938964844,353.3500061035156,4303400
2018-02-21,352.55999755859375,360.80999755859375,351.75,352.3699951171875,5258600
2018-02-22,354.6499938964844,358.07000732421875,352.6400146484375,355.9200134277344,3414300
2018-02-23,358.17999267578125,358.7699890136719,353.07000732421875,356.6600036621094,3355400
2018-02-26,359.5,364.04998779296875,358.2099914550781,363.4800109863281,4148100
2018-02-27,364.6000061035156,369.8900146484375,363.29998779296875,364.6400146484375,4774100
2018-02-28,366.79998779296875,371.6000061035156,362.2099914550781,362.2099914550781,5472900
2018-03-01,362.3299865722656,362.739990234375,346.3999938964844,349.69000244140625,8978000
2018-03-02,341.82000732421875,346.0899963378906,335.29998779296875,344.6700134277344,10021300
2018-03-05,338.0,354.7699890136719,336.6099853515625,352.75,8140200
2018-03-06,354.239990234375,355.2099914550781,346.0199890136719,348.9200134277344,4888300
2018-03-07,341.5199890136719,348.4100036621094,339.5,347.0400085449219,4575700
2018-03-08,349.510009765625,352.5,343.95001220703125,348.7300109863281,4319900
2018-03-09,352.6499938964844,354.8900146484375,350.2300109863281,354.5199890136719,3538300
2018-03-12,355.20001220703125,355.2300109863281,343.260009765625,344.19000244140625,6088800
2018-03-13,345.32000732421875,347.8800048828125,337.6099853515625,338.6700134277344,5443800
2018-03-14,339.7900085449219,340.5199890136719,322.29998779296875,330.260009765625,13057900
2018-03-15,332.29998779296875,332.9200134277344,322.9100036621094,329.9800109863281,8766000
2018-03-16,329.82000732421875,330.8299865722656,325.6300048828125,330.4700012207031,9329000
2018-03-19,327.45001220703125,333.3299865722656,326.7799987792969,331.760009765625,6328900
2018-03-20,331.8399963378906,339.70001220703125,331.0,337.6300048828125,6500500
2018-03-21,337.07000732421875,341.9100036621094,335.1700134277344,337.1000061035156,4056300
2018-03-22,330.1099853515625,332.67999267578125,319.010009765625,319.6099853515625,7282200
2018-03-23,320.1499938964844,331.1400146484375,318.32000732421875,321.0,7237500
2018-03-26,330.4800109863281,331.94000244140625,323.5899963378906,328.9700012207031,5392900
2018-03-27,331.510009765625,334.8800048828125,319.0,321.1199951171875,5355500
2018-03-28,321.8500061035156,323.239990234375,311.1700134277344,320.0199890136719,5634700
2018-03-29,323.3800048828125,330.4800109863281,322.0,327.8800048828125,3652100
2018-04-02,325.20001220703125,329.94000244140625,317.1700134277344,322.44000244140625,5024900
2018-04-03,324.760009765625,331.1000061035156,323.0899963378906,330.82000732421875,4783100
2018-04-04,312.29998779296875,327.80999755859375,311.8800048828125,327.44000244140625,8235700
2018-04-05,330.5899963378906,338.9599914550781,330.260009765625,336.3999938964844,6220000
2018-04-06,330.6099853515625,334.5899963378906,322.2099914550781,326.1199951171875,5713600
2018-04-09,332.25,334.8800048828125,322.04998779296875,322.4800109863281,4931700
2018-04-10,331.3500061035156,336.69000244140625,329.54998779296875,334.8299865722656,5552000
2018-04-11,331.6000061035156,337.57000732421875,326.30999755859375,327.3599853515625,4573500
2018-04-12,331.9800109863281,338.3500061035156,330.4599914550781,337.4800109863281,4325000
2018-04-13,338.989990234375,339.6700134277344,326.6000061035156,329.2799987792969,4733500
2018-04-16,332.3399963378906,333.2200012207031,327.6300048828125,331.7699890136719,3901400
2018-04-17,334.7300109863281,339.739990234375,333.6499938964844,336.7200012207031,3381800
2018-04-18,338.3299865722656,342.3999938964844,337.17999267578125,341.0,3117500
2018-04-19,340.19000244140625,342.4100036621094,337.5,340.6400146484375,3006800
2018-04-20,340.7300109863281,341.3999938964844,335.04998779296875,338.6700134277344,3038000
2018-04-23,339.54998779296875,341.260009765625,336.0,338.8399963378906,2765600
2018-04-24,343.1700134277344,347.6700134277344,323.2799987792969,329.05999755859375,7051800
2018-04-25,338.1199951171875,344.9100036621094,330.5199890136719,342.8599853515625,11023600
2018-04-26,344.010009765625,345.6499938964844,338.3299865722656,342.7900085449219,5273600
2018-04-27,341.25,342.9200134277344,337.7699890136719,340.8800048828125,3390400
2018-04-30,341.1700134277344,342.5799865722656,333.3999938964844,333.55999755859375,3721600
2018-05-01,332.5,333.9100036621094,324.17999267578125,329.5400085449219,4313100
2018-05-02,329.5,330.7099914550781,323.9800109863281,324.19000244140625,3436100
2018-05-03,322.9700012207031,332.6300048828125,319.1300048828125,330.69000244140625,6383200
2018-05-04,328.0400085449219,335.8900146484375,328.0400085449219,334.42999267578125,3655100
2018-05-07,335.2300109863281,342.9800109863281,335.2099914550781,340.42999267578125,4192200
2018-05-08,339.7699890136719,341.94000244140625,336.6099853515625,338.3699951171875,4014100
2018-05-09,339.489990234375,346.92999267578125,338.5799865722656,344.5,4347000
2018-05-10,343.989990234375,348.57000732421875,342.4100036621094,344.07000732421875,3920400
2018-05-11,343.7699890136719,345.4200134277344,341.04998779296875,342.4599914550781,2332200
2018-05-14,344.0,347.739990234375,343.8900146484375,344.5899963378906,2520300
2018-05-15,343.0,343.8500061035156,340.260009765625,342.1199951171875,3009100
2018-05-16,342.0,343.55999755859375,340.29998779296875,340.9700012207031,2230100
2018-05-17,340.4700012207031,344.7699890136719,340.25,344.1400146484375,2483300
2018-05-18,345.6000061035156,352.04998779296875,345.19000244140625,351.2300109863281,4327700
2018-05-21,358.4599914550781,365.0,358.45001220703125,363.9200134277344,6785400
2018-05-22,364.0,364.8500061035156,354.5199890136719,355.0199890136719,5389400
2018-05-23,352.2799987792969,359.6000061035156,351.6199951171875,359.2099914550781,4497500
2018-05-24,358.45001220703125,360.6600036621094,354.3699951171875,359.0,3932100
2018-05-25,358.1199951171875,360.6000061035156,357.04998779296875,360.0899963378906,2463700
2018-05-29,357.7099914550781,360.9700012207031,350.6600036621094,352.4800109863281,4249600
2018-05-30,355.6499938964844,358.9200134277344,354.1000061035156,358.19000244140625,2825200
2018-05-31,356.8299865722656,356.8299865722656,351.6199951171875,352.1600036621094,4406300
2018-06-01,355.7900085449219,358.1499938964844,354.4599914550781,356.7200012207031,2657800
2018-06-04,358.9700012207031,363.3900146484375,358.8500061035156,360.7300109863281,2950300
2018-06-05,360.5,363.3699951171875,358.8500061035156,360.1000061035156,2567800
2018-06-06,362.4599914550781,371.6000061035156,360.989990234375,371.55999755859375,4488400
2018-06-07,372.0,374.4800109863281,366.04998779296875,368.5299987792969,4517800
2018-06-08,368.1400146484375,371.4200134277344,365.4599914550781,369.5,3292900
2018-06-11,371.0,373.3299865722656,368.79998779296875,370.94000244140625,2468500
2018-06-12,371.239990234375,372.7300109863281,367.989990234375,370.6199951171875,2440400
2018-06-13,370.6700134277344,371.0,363.2900085449219,363.8500061035156,3867600
2018-06-14,366.1499938964844,367.6400146484375,358.8299865722656,362.4200134277344,4039500
2018-06-15,358.1499938964844,361.6600036621094,353.4700012207031,357.8800048828125,9946000
2018-06-18,353.19000244140625,357.6499938964844,352.3699951171875,354.739990234375,3363200
2018-06-19,347.1700134277344,347.1700134277344,338.57000732421875,341.1199951171875,6857300
2018-06-20,346.0,346.9800109863281,340.4599914550781,342.69000244140625,4540000
2018-06-21,341.1499938964844,341.1499938964844,336.20001220703125,337.6600036621094,4048300
2018-06-22,340.42999267578125,340.94000244140625,336.6000061035156,338.9100036621094,3192000
2018-06-25,332.5199890136719,333.8500061035156,327.6000061035156,331.20001220703125,5006200
2018-06-26,332.3900146484375,334.3999938964844,330.4800109863281,331.29998779296875,3112400
2018-06-27,334.8500061035156,341.4200134277344,329.760009765625,329.82000732421875,4578900
2018-06-28,330.0,337.5400085449219,327.2900085449219,334.6499938964844,3348000
2018-06-29,337.19000244140625,340.0,335.3599853515625,335.510009765625,3108500
2018-07-02,330.69000244140625,336.3299865722656,329.32000732421875,336.0799865722656,2820700
2018-07-03,338.17999267578125,339.69000244140625,332.0,332.92999267578125,1464400
2018-07-05,336.1499938964844,337.2799987792969,329.1000061035156,333.17999267578125,2427900
2018-07-06,332.8399963378906,336.1000061035156,330.45001220703125,334.6400146484375,2105100
2018-07-09,337.5,343.0400085449219,336.510009765625,341.9200134277344,3128700
2018-07-10,342.7799987792969,348.0,342.7799987792969,347.1600036621094,3278300
2018-07-11,341.7300109863281,344.3900146484375,339.19000244140625,340.6000061035156,3056900
2018-07-12,345.2799987792969,346.6000061035156,342.739990234375,346.0299987792969,2030700
2018-07-13,347.0,351.239990234375,346.20001220703125,350.7900085449219,2272300
2018-07-16,353.9700012207031,356.3399963378906,352.3500061035156,356.1000061035156,2889000
2018-07-17,357.6099853515625,359.0,355.0400085449219,356.8800048828125,2730500
2018-07-18,359.0,361.8599853515625,354.260009765625,360.2300109863281,3090100
2018-07-19,357.69000244140625,359.3900146484375,355.260009765625,355.3299865722656,2711700
2018-07-20,353.0400085449219,356.989990234375,353.0,354.8999938964844,1816700
2018-07-23,355.0,355.0,352.3900146484375,353.2699890136719,1943700
2018-07-24,356.75,359.4700012207031,354.6400146484375,358.2699890136719,3182000
2018-07-25,351.5199890136719,356.29998779296875,345.5,355.9200134277344,7378100
2018-07-26,355.3800048828125,360.20001220703125,355.2699890136719,359.32000732421875,3191200
2018-07-27,361.05999755859375,364.5400085449219,359.4700012207031,360.6499938964844,2914700
2018-07-30,361.989990234375,362.45001220703125,350.4700012207031,351.05999755859375,3080400
2018-07-31,354.3800048828125,359.0199890136719,354.05999755859375,356.29998779296875,2728400
2018-08-01,354.0899963378906,357.9100036621094,350.5,352.760009765625,2717800
2018-08-02,348.6199951171875,350.7300109863281,346.0299987792969,349.7300109863281,2655900
2018-08-03,349.5,350.989990234375,345.6700134277344,348.44000244140625,2285200
2018-08-06,347.3699951171875,347.3699951171875,343.1199951171875,346.57000732421875,3251100
2018-08-07,348.04998779296875,352.1199951171875,345.5,350.760009765625,2267400
2018-08-08,350.5,351.6199951171875,346.25,347.7799987792969,2333600
2018-08-09,346.07000732421875,346.8399963378906,343.1199951171875,343.7200012207031,2301800
2018-08-10,341.0,341.0,336.45001220703125,339.4100036621094,2745700
2018-08-13,339.6000061035156,342.1499938964844,337.3399963378906,338.3599853515625,1877200
2018-08-14,339.1199951171875,340.1499938964844,337.6199951171875,339.1400146484375,2017300
2018-08-15,336.57000732421875,337.1400146484375,328.0299987792969,331.760009765625,3798600
2018-08-16,339.05999755859375,347.7200012207031,338.29998779296875,345.9800109863281,5867900
2018-08-17,346.0,348.5,341.6700134277344,346.3999938964844,3069200
2018-08-20,348.6000061035156,352.6099853515625,347.1000061035156,350.739990234375,3018200
2018-08-21,351.0,354.45001220703125,349.6300048828125,353.7699890136719,2967200
2018-08-22,354.32000732421875,355.8699951171875,349.8399963378906,350.0299987792969,2682900
2018-08-23,349.1499938964844,350.2799987792969,345.4599914550781,347.4800109863281,1833400
2018-08-24,348.7699890136719,350.6300048828125,348.1000061035156,349.3800048828125,1954100
2018-08-27,352.1099853515625,355.0,351.010009765625,353.739990234375,2279500
2018-08-28,355.0,355.67999267578125,350.6099853515625,351.2099914550781,2475100
2018-08-29,352.260009765625,352.3500061035156,349.2099914550781,350.19000244140625,1850100
2018-08-30,350.3500061035156,350.95001220703125,345.75,346.8999938964844,3257700
2018-08-31,345.04998779296875,345.8500061035156,341.5799865722656,342.7900085449219,3462700
2018-09-04,341.6000061035156,346.32000732421875,339.2799987792969,346.25,2699400
2018-09-05,345.7699890136719,347.25,343.1600036621094,346.67999267578125,2959000
2018-09-06,347.54998779296875,353.3500061035156,346.5799865722656,351.2699890136719,3585900
2018-09-07,348.82000732421875,350.010009765625,344.4599914550781,349.2799987792969,3921900
2018-09-10,349.489990234375,350.75,341.67999267578125,341.8599853515625,3065500
2018-09-11,339.010009765625,346.6199951171875,337.30999755859375,345.25,2731800
2018-09-12,345.0,355.0400085449219,344.6099853515625,353.4100036621094,4003800
2018-09-13,356.3599853515625,360.4200134277344,354.29998779296875,355.4599914550781,3166500
2018-09-14,356.44000244140625,362.260009765625,356.1000061035156,359.79998779296875,2835800
2018-09-17,359.2799987792969,361.29998779296875,354.5400085449219,355.9599914550781,2554500
2018-09-18,357.29998779296875,365.80999755859375,356.1000061035156,363.5799865722656,3003500
2018-09-19,363.5799865722656,371.2300109863281,363.19000244140625,365.2200012207031,4753400
2018-09-20,368.739990234375,371.7300109863281,365.6700134277344,367.4599914550781,4011100
2018-09-21,369.3999938964844,372.57000732421875,366.04998779296875,372.2300109863281,7144000
2018-09-24,371.0,371.8900146484375,367.3299865722656,367.989990234375,2800200
2018-09-25,369.0799865722656,370.4599914550781,366.8800048828125,367.2300109863281,2969200
2018-09-26,367.5,368.55999755859375,364.32000732421875,365.0299987792969,2368600
2018-09-27,368.3999938964844,368.9700012207031,364.3999938964844,367.3900146484375,2355900
2018-09-28,368.6300048828125,374.2200012207031,366.2200012207031,371.8999938964844,3600500
2018-10-01,375.1600036621094,383.2099914550781,375.0,382.2900085449219,4755700
2018-10-02,380.8500061035156,388.6199951171875,379.7699890136719,386.3699951171875,4622600
2018-10-03,388.8999938964844,394.2799987792969,386.69000244140625,392.29998779296875,4794300
2018-10-04,390.739990234375,391.0899963378906,385.2900085449219,389.989990234375,3822300
2018-10-05,389.0,392.3900146484375,383.0299987792969,386.4700012207031,2899700
2018-10-08,383.8399963378906,386.7300109863281,377.3500061035156,385.7699890136719,3324000
2018-10-09,384.3699951171875,386.82000732421875,381.1400146484375,385.44000244140625,2862700
2018-10-10,382.9599914550781,383.79998779296875,367.0899963378906,367.4700012207031,6033100
2018-10-11,363.44000244140625,369.8500061035156,355.1000061035156,358.1099853515625,6266800
2018-10-12,366.010009765625,367.1199951171875,352.260009765625,360.1099853515625,5509700
2018-10-15,359.4599914550781,362.54998779296875,355.5,358.8800048828125,2979800
2018-10-16,360.45001220703125,368.57000732421875,358.54998779296875,368.25,2822500
2018-10-17,368.0,368.5,362.70001220703125,365.5,2238200
2018-10-18,364.82000732421875,367.760009765625,356.760009765625,359.3500061035156,3254900
2018-10-19,359.79998779296875,359.8699951171875,354.2099914550781,356.260009765625,3491600
2018-10-22,357.8500061035156,358.760009765625,352.4599914550781,355.9800109863281,2263500
2018-10-23,349.5,353.55999755859375,342.8299865722656,350.04998779296875,4389600
2018-10-24,361.5899963378906,364.6000061035156,351.69000244140625,354.6499938964844,8442600
2018-10-25,357.29998779296875,364.3900146484375,354.9700012207031,363.7699890136719,4003500
2018-10-26,360.70001220703125,363.29998779296875,354.1199951171875,359.2699890136719,4073000
2018-10-29,360.54998779296875,361.7099914550781,328.6300048828125,335.5899963378906,7462000
2018-10-30,330.3500061035156,351.04998779296875,329.7699890136719,349.9100036621094,5774000
2018-10-31,352.510009765625,363.4100036621094,352.510009765625,354.8599853515625,4175600
2018-11-01,357.4700012207031,364.57000732421875,353.20001220703125,363.07000732421875,3760700
2018-11-02,366.9700012207031,371.5400085449219,356.760009765625,357.75,4029800
2018-11-05,359.760009765625,363.2900085449219,356.4800109863281,361.9800109863281,2253900
2018-11-06,362.4100036621094,368.44000244140625,362.1099853515625,366.4700012207031,2471900
2018-11-07,367.6400146484375,372.8500061035156,359.5,372.0199890136719,4015300
2018-11-08,369.3299865722656,373.70001220703125,365.54998779296875,370.7699890136719,2751800
2018-11-09,367.8299865722656,371.0,366.1199951171875,369.3399963378906,2590300
2018-11-12,370.2099914550781,370.4800109863281,355.989990234375,357.0299987792969,3088700
2018-11-13,349.54998779296875,355.3800048828125,342.0400085449219,349.510009765625,4960000
2018-11-14,352.0899963378906,355.8500061035156,343.8900146484375,344.7200012207031,3445800
2018-11-15,341.1199951171875,347.9800109863281,336.510009765625,341.57000732421875,4863000
2018-11-16,339.0,340.19000244140625,331.1600036621094,335.95001220703125,4425200
2018-11-19,335.54998779296875,336.0400085449219,317.20001220703125,320.94000244140625,6782800
2018-11-20,302.1000061035156,322.17999267578125,296.6099853515625,317.70001220703125,6875900
2018-11-21,325.07000732421875,326.8900146484375,315.57000732421875,317.32000732421875,4401000
2018-11-23,315.0,317.0,311.8699951171875,312.32000732421875,1599400
2018-11-26,315.55999755859375,318.5899963378906,310.6600036621094,316.3599853515625,3362300
2018-11-27,315.2799987792969,318.55999755859375,310.9599914550781,318.0299987792969,2946400
2018-11-28,325.7200012207031,334.010009765625,321.7300109863281,333.5,6117600
2018-11-29,335.9700012207031,343.2300109863281,334.05999755859375,342.55999755859375,5331900
2018-11-30,341.94000244140625,347.5799865722656,337.5,346.760009765625,5374000
2018-12-03,364.30999755859375,369.0,356.3699951171875,359.9599914550781,6573400
2018-12-04,357.0,358.32000732421875,341.739990234375,342.5,5199100
2018-12-06,329.989990234375,333.6300048828125,317.29998779296875,331.8999938964844,9297400
2018-12-07,332.3500061035156,337.6099853515625,321.3900146484375,323.2200012207031,4526300
2018-12-10,321.2699890136719,327.20001220703125,315.510009765625,326.3500061035156,4400500
2018-12-11,333.25,334.489990234375,318.75,322.0299987792969,3566400
2018-12-12,327.3800048828125,331.8999938964844,324.6600036621094,326.69000244140625,3424800
2018-12-13,328.3999938964844,328.739990234375,324.1700134277344,325.4700012207031,2247700
2018-12-14,322.45001220703125,323.9100036621094,315.55999755859375,318.75,3298400
2018-12-17,316.9100036621094,327.2200012207031,314.44000244140625,316.1300048828125,4968400
2018-12-18,325.4599914550781,332.0899963378906,323.20001220703125,328.05999755859375,5881100
2018-12-19,329.3299865722656,333.4800109863281,316.1000061035156,319.54998779296875,4871500
2018-12-20,317.0,321.82000732421875,308.0,313.04998779296875,5368600
2018-12-21,309.0899963378906,314.9700012207031,304.010009765625,304.54998779296875,7641700
2018-12-24,300.6499938964844,303.0,294.1600036621094,294.1600036621094,3435300
2018-12-26,298.6099853515625,314.0899963378906,292.4700012207031,313.92999267578125,4843400
2018-12-27,309.0400085449219,317.1400146484375,302.239990234375,317.1400146484375,4341100
2018-12-28,319.739990234375,321.5299987792969,315.1499938964844,316.3800048828125,3725200
2018-12-31,320.5,323.6400146484375,318.75,322.5,3557700
2019-01-02,316.19000244140625,323.95001220703125,313.7099914550781,323.80999755859375,3292200
2019-01-03,319.489990234375,319.739990234375,309.3999938964844,310.8999938964844,5705600
2019-01-04,316.69000244140625,328.44000244140625,316.0799865722656,327.0799865722656,4448800
2019-01-07,330.5199890136719,330.69000244140625,323.3500061035156,328.1099853515625,4030300
2019-01-08,334.1099853515625,341.25,332.6499938964844,340.5299987792969,4736500
2019-01-09,342.9599914550781,347.20001220703125,340.8699951171875,343.8299865722656,4213900
2019-01-10,346.510009765625,353.4700012207031,343.0,352.6099853515625,5358100
2019-01-11,348.55999755859375,354.3599853515625,348.0899963378906,352.8999938964844,3158900
2019-01-14,348.20001220703125,352.80999755859375,347.010009765625,350.3599853515625,2476400
2019-01-15,352.0,353.32000732421875,347.9800109863281,352.239990234375,2940900
2019-01-16,352.5,355.0,351.55999755859375,352.05999755859375,2731100
2019-01-17,350.75,363.8299865722656,350.7300109863281,359.0899963378906,4270400
2019-01-18,363.8800048828125,367.32000732421875,361.32000732421875,364.7300109863281,4256500
2019-01-22,362.8599853515625,364.20001220703125,354.2300109863281,357.8999938964844,4336500
2019-01-23,361.9100036621094,362.20001220703125,353.6700134277344,358.6099853515625,2924900
2019-01-24,358.9100036621094,363.17999267578125,356.8999938964844,358.2699890136719,2801300
2019-01-25,362.489990234375,366.94000244140625,360.3299865722656,364.20001220703125,3185600
2019-01-28,360.6499938964844,363.1700134277344,357.5,362.9700012207031,3128900
2019-01-29,363.07000732421875,367.7799987792969,362.4100036621094,364.9100036621094,3202700
2019-01-30,387.3999938964844,391.9700012207031,380.5,387.7200012207031,12705300
2019-01-31,387.1600036621094,388.989990234375,382.0799865722656,385.6199951171875,6878500
2019-02-01,386.1099853515625,392.79998779296875,384.7300109863281,387.42999267578125,5625700
2019-02-04,388.9700012207031,397.07000732421875,388.1199951171875,397.0,4256600
2019-02-05,400.75,410.75,399.54998779296875,410.17999267578125,7230400
2019-02-06,411.510009765625,413.8800048828125,405.6600036621094,411.1099853515625,5356000
2019-02-07,407.92999267578125,410.3500061035156,402.2900085449219,405.1700134277344,5211400
2019-02-08,400.0,404.9599914550781,397.79998779296875,404.9100036621094,4570900
2019-02-11,408.1000061035156,409.8299865722656,402.69000244140625,403.95001220703125,3046900
2019-02-12,407.0,411.2099914550781,405.3999938964844,410.7200012207031,3263300
2019-02-13,412.5199890136719,412.7200012207031,407.6700134277344,410.5799865722656,3078700
2019-02-14,408.92999267578125,412.2200012207031,407.79998779296875,409.82000732421875,2724300
2019-02-15,412.4800109863281,418.04998779296875,411.42999267578125,417.9700012207031,4017300
2019-02-19,415.5,417.94000244140625,414.5400085449219,416.260009765625,3051500
2019-02-20,417.1400146484375,421.8399963378906,417.1099853515625,421.54998779296875,3990100
2019-02-21,421.5799865722656,422.4100036621094,415.67999267578125,417.5799865722656,2880500
2019-02-22,419.70001220703125,424.4700012207031,419.1400146484375,424.04998779296875,3132300
2019-02-25,427.489990234375,429.9200134277344,426.5199890136719,426.8699951171875,3276100
2019-02-26,426.0,429.0,424.25,426.7699890136719,2503700
2019-02-27,427.1700134277344,436.3299865722656,427.1499938964844,435.44000244140625,4603800
2019-02-28,438.70001220703125,441.4200134277344,437.0799865722656,439.9599914550781,5063100
2019-03-01,446.010009765625,446.010009765625,440.19000244140625,440.6199951171875,5124200
2019-03-04,443.2200012207031,444.5,426.6300048828125,432.69000244140625,5971000
2019-03-05,431.0400085449219,433.8500061035156,428.6400146484375,430.1199951171875,2844300
2019-03-06,429.70001220703125,432.0,422.0799865722656,424.4599914550781,4159400
2019-03-07,423.3599853515625,434.3500061035156,416.44000244140625,422.55999755859375,4893600
2019-03-08,416.7699890136719,423.42999267578125,415.5,422.5400085449219,3794900
2019-03-11,371.2699890136719,402.6700134277344,365.54998779296875,400.010009765625,34742200
2019-03-12,384.7099914550781,390.0,368.0,375.4100036621094,36922600
2019-03-13,378.42999267578125,381.7699890136719,363.3299865722656,377.1400146484375,32662300
2019-03-14,374.989990234375,380.3900146484375,372.1000061035156,373.29998779296875,13514100
2019-03-15,370.8800048828125,385.7099914550781,366.45001220703125,378.989990234375,26697700
2019-03-18,370.0,373.07000732421875,367.20001220703125,372.2799987792969,13119200
2019-03-19,371.1400146484375,378.7699890136719,371.010009765625,373.42999267578125,9856100
2019-03-20,374.70001220703125,380.79998779296875,373.67999267578125,376.1600036621094,8737600
2019-03-21,374.0400085449219,377.0,372.2300109863281,372.70001220703125,6951000
2019-03-22,368.7900085449219,369.8599853515625,361.5299987792969,362.1700134277344,10143900
2019-03-25,365.0,371.2099914550781,362.8900146484375,370.4599914550781,7939600
2019-03-26,375.5799865722656,375.6000061035156,367.6000061035156,370.3800048828125,6479700
2019-03-27,371.8900146484375,376.6600036621094,365.54998779296875,374.2099914550781,9600000
2019-03-28,376.6000061035156,376.6600036621094,372.3299865722656,374.44000244140625,4921300
2019-03-29,376.5199890136719,382.17999267578125,374.739990234375,381.4200134277344,7694700
2019-04-01,385.79998779296875,392.8999938964844,383.1000061035156,391.5400085449219,7735700
2019-04-02,388.5,394.8299865722656,388.5,390.75,6401000
2019-04-03,389.67999267578125,391.5400085449219,384.07000732421875,384.739990234375,7350300
2019-04-04,385.989990234375,397.05999755859375,385.1000061035156,395.8599853515625,9388100
2019-04-05,398.07000732421875,398.6600036621094,390.95001220703125,391.92999267578125,6857200
2019-04-08,376.20001220703125,379.79998779296875,371.8599853515625,374.5199890136719,14482600
2019-04-09,370.2900085449219,372.239990234375,367.75,369.0400085449219,7980100
2019-04-10,368.3999938964844,368.7900085449219,362.9200134277344,364.94000244140625,8285000
2019-04-11,364.6199951171875,371.0799865722656,364.2099914550781,370.1600036621094,6598400
2019-04-12,375.75,379.95001220703125,372.0,379.6400146484375,7334600
2019-04-15,376.70001220703125,377.8999938964844,373.67999267578125,375.4599914550781,3822100
2019-04-16,376.510009765625,384.6400146484375,375.0299987792969,381.7200012207031,7083800
2019-04-17,384.1000061035156,384.19000244140625,377.4800109863281,377.5199890136719,4424400
2019-04-18,377.5199890136719,382.1700134277344,377.5199890136719,380.07000732421875,4703100
2019-04-22,375.69000244140625,378.95001220703125,374.8999938964844,375.1700134277344,4147700
2019-04-23,375.5400085449219,376.8699951171875,372.6099853515625,374.0199890136719,4894500
2019-04-24,377.8900146484375,381.1499938964844,373.6600036621094,375.4599914550781,9855100
2019-04-25,376.010009765625,384.79998779296875,372.760009765625,382.79998779296875,6615000
2019-04-26,383.8900146484375,384.0,378.1400146484375,380.7900085449219,4259600
2019-04-29,378.489990234375,385.29998779296875,376.760009765625,379.04998779296875,5457300
2019-04-30,379.5,381.1400146484375,375.04998779296875,377.69000244140625,3732800
2019-05-01,378.5299987792969,381.20001220703125,376.3800048828125,376.79998779296875,2765600
2019-05-02,375.5,377.6499938964844,373.25,375.79998779296875,2438800
2019-05-03,376.0799865722656,377.8999938964844,374.2200012207031,376.4599914550781,2953800
2019-05-06,367.8800048828125,372.4800109863281,365.6300048828125,371.6000061035156,4747600
2019-05-07,366.3299865722656,367.7099914550781,355.0199890136719,357.2300109863281,9740300
2019-05-08,357.7699890136719,361.5199890136719,353.3299865722656,359.75,6030000
2019-05-09,354.760009765625,355.6499938964844,347.4700012207031,354.1300048828125,6075200
2019-05-10,351.8699951171875,355.5400085449219,347.54998779296875,354.6700134277344,4574100
2019-05-13,344.510009765625,346.6300048828125,337.0,337.3699951171875,7757800
2019-05-14,339.8999938964844,346.1000061035156,337.2300109863281,343.0400085449219,4747800
2019-05-15,339.79998779296875,348.79998779296875,337.6400146484375,345.6400146484375,4810000
2019-05-16,348.6400146484375,356.5,345.82000732421875,353.80999755859375,6036500
2019-05-17,351.5,359.989990234375,351.1600036621094,355.0199890136719,5282900
2019-05-20,353.0,355.94000244140625,350.5299987792969,352.7900085449219,3219900
2019-05-21,358.0299987792969,360.7699890136719,354.8800048828125,358.75,4022600
2019-05-22,357.2200012207031,357.57000732421875,351.75,352.7799987792969,3841400
2019-05-23,345.9200134277344,351.4700012207031,341.1499938964844,350.54998779296875,5305400
2019-05-24,355.0,361.3999938964844,353.0,354.8999938964844,5387500
2019-05-28,355.2900085449219,359.30999755859375,354.8800048828125,354.8800048828125,3504300
2019-05-29,352.5899963378906,352.7900085449219,346.04998779296875,348.79998779296875,4160500
2019-05-30,350.0,351.9200134277344,347.94000244140625,349.8699951171875,2183900
2019-05-31,345.8500061035156,345.8500061035156,341.3599853515625,341.6099853515625,3217600
2019-06-03,338.20001220703125,339.1099853515625,330.6700134277344,338.8900146484375,5148000
2019-06-04,342.57000732421875,346.4100036621094,340.1199951171875,344.6199951171875,3592300
2019-06-05,346.2200012207031,353.25,332.489990234375,348.75,3188400
2019-06-06,348.17999267578125,351.6400146484375,345.5799865722656,350.6400146484375,2582300
2019-06-07,352.29998779296875,355.2799987792969,352.29998779296875,353.70001220703125,2470700
2019-06-10,356.0,357.3999938964844,353.54998779296875,353.79998779296875,2560800
2019-06-11,355.4200134277344,355.4700012207031,348.1300048828125,349.3299865722656,2702700
2019-06-12,349.0,349.2699890136719,342.79998779296875,347.0299987792969,2738300
2019-06-13,347.25,349.05999755859375,344.1000061035156,348.8599853515625,2621300
2019-06-14,348.0,349.1700134277344,345.8900146484375,347.1600036621094,2258400
2019-06-17,348.6199951171875,356.04998779296875,347.04998779296875,354.8999938964844,3746400
2019-06-18,357.6099853515625,374.6499938964844,357.6000061035156,373.9599914550781,9199200
2019-06-19,375.3999938964844,379.30999755859375,368.3500061035156,368.55999755859375,5716000
2019-06-20,373.0,375.7900085449219,368.9599914550781,374.8800048828125,3794500
2019-06-21,374.3900146484375,376.1099853515625,371.7200012207031,371.8399963378906,4923700
2019-06-24,372.95001220703125,375.489990234375,372.1000061035156,373.989990234375,2323200
2019-06-25,374.75,375.25,368.0299987792969,369.32000732421875,3005400
2019-06-26,371.0199890136719,378.9800109863281,370.0,374.94000244140625,4542000
2019-06-27,367.5400085449219,369.92999267578125,362.3500061035156,364.0199890136719,8980000
2019-06-28,363.9200134277344,366.2300109863281,361.57000732421875,364.010009765625,4737100
2019-07-01,364.8800048828125,365.2300109863281,353.32000732421875,356.4599914550781,6392600
2019-07-02,355.6300048828125,356.7799987792969,352.69000244140625,354.1600036621094,3774700
2019-07-03,354.5,354.8500061035156,352.260009765625,354.4700012207031,2164900
2019-07-05,354.0,357.25,351.42999267578125,355.8599853515625,3208200
2019-07-08,350.4100036621094,352.9599914550781,349.3999938964844,351.1199951171875,3262300
2019-07-09,349.04998779296875,353.8500061035156,347.8999938964844,353.0899963378906,4828200
2019-07-10,354.489990234375,356.5199890136719,351.25,352.29998779296875,2946700
2019-07-11,352.6199951171875,359.260009765625,350.70001220703125,359.0,5059200
2019-07-12,360.0,365.45001220703125,358.1400146484375,365.3299865722656,3592800
2019-07-15,360.5,362.8500061035156,359.0199890136719,361.6099853515625,4814600
2019-07-16,361.260009765625,365.3500061035156,361.20001220703125,362.75,2960400
2019-07-17,362.75,369.75,362.0,369.5199890136719,4010000
2019-07-18,367.6000061035156,368.45001220703125,359.75,361.1099853515625,4582800
2019-07-19,370.6700134277344,378.3999938964844,368.5,377.3599853515625,9504000
2019-07-22,376.94000244140625,382.4800109863281,371.8900146484375,373.4200134277344,4265100
2019-07-23,374.2699890136719,376.42999267578125,370.67999267578125,373.07000732421875,3354900
2019-07-24,370.2799987792969,371.3599853515625,360.0299987792969,361.42999267578125,7447900
2019-07-25,356.17999267578125,357.69000244140625,345.7099914550781,348.0899963378906,9663700
2019-07-26,346.20001220703125,348.42999267578125,342.0,345.0,4441100
2019-07-29,344.989990234375,346.0799865722656,339.1099853515625,340.2099914550781,4116600
2019-07-30,339.8399963378906,347.489990234375,336.55999755859375,347.4599914550781,4528000
2019-07-31,348.489990234375,351.2900085449219,341.04998779296875,341.17999267578125,5219700
2019-08-01,341.9100036621094,344.2900085449219,333.0,334.2900085449219,6465300
2019-08-02,334.55999755859375,340.5400085449219,332.32000732421875,339.55999755859375,4675400
2019-08-05,332.4599914550781,333.3699951171875,326.9599914550781,331.05999755859375,5876100
2019-08-06,333.989990234375,335.70001220703125,329.1400146484375,332.45001220703125,3653300
2019-08-07,328.6000061035156,333.6499938964844,324.57000732421875,331.3800048828125,4187600
2019-08-08,331.29998779296875,336.42999267578125,328.8599853515625,336.3500061035156,3673000
2019-08-09,334.05999755859375,339.0799865722656,333.1700134277344,337.54998779296875,3102900
2019-08-12,333.67999267578125,336.010009765625,331.3699951171875,332.94000244140625,2683400
2019-08-13,331.82000732421875,337.3999938964844,330.5,332.8599853515625,3689700
2019-08-14,328.3500061035156,329.5400085449219,320.4100036621094,320.4200134277344,5110400
2019-08-15,323.0,328.07000732421875,319.54998779296875,328.0,4721800
2019-08-16,330.2200012207031,331.1600036621094,326.4800109863281,330.45001220703125,3866600
2019-08-19,334.17999267578125,335.9100036621094,331.3999938964844,333.7799987792969,2335600
2019-08-20,332.4700012207031,333.5,328.8800048828125,331.75,2039000
2019-08-21,335.4800109863281,342.5799865722656,333.2099914550781,339.989990234375,3265600
2019-08-22,342.42999267578125,356.44000244140625,341.010009765625,354.4100036621094,8320900
2019-08-23,355.3500061035156,369.69000244140625,354.3500061035156,356.010009765625,11518700
2019-08-26,365.0400085449219,367.3399963378906,356.8900146484375,359.0400085449219,4661100
2019-08-27,359.4200134277344,361.30999755859375,353.6199951171875,354.7300109863281,3740300
2019-08-28,353.30999755859375,360.19000244140625,351.17999267578125,359.9700012207031,2402000
2019-08-29,363.8500061035156,366.0400085449219,360.1700134277344,362.739990234375,2717500
2019-08-30,364.3699951171875,366.3699951171875,362.3999938964844,364.0899963378906,3147000
2019-09-03,354.1099853515625,355.32000732421875,350.6099853515625,354.4200134277344,4272200
2019-09-04,357.67999267578125,358.0299987792969,354.42999267578125,356.5299987792969,2737100
2019-09-05,360.1400146484375,364.7099914550781,359.1300048828125,360.29998779296875,3643300
2019-09-06,361.6099853515625,364.9100036621094,359.1199951171875,363.0,3022600
2019-09-09,357.9800109863281,360.92999267578125,354.7300109863281,358.7799987792969,4183300
2019-09-10,359.0,369.489990234375,358.54998779296875,369.489990234375,4547200
2019-09-11,368.739990234375,383.5,368.0,382.94000244140625,8437000
2019-09-12,383.7099914550781,384.0,374.30999755859375,375.6300048828125,4495300
2019-09-13,377.3900146484375,381.75,377.04998779296875,379.760009765625,3628900
2019-09-16,378.1400146484375,381.6300048828125,375.0,378.8500061035156,3055500
2019-09-17,378.4100036621094,385.30999755859375,377.79998779296875,384.20001220703125,3269500
2019-09-18,383.25,386.739990234375,379.79998779296875,386.4100036621094,4186400
2019-09-19,386.1400146484375,388.5199890136719,382.8999938964844,384.44000244140625,2928800
2019-09-20,384.1099853515625,384.7300109863281,377.9200134277344,379.3900146484375,6643000
2019-09-23,376.6099853515625,380.1000061035156,374.4200134277344,377.0299987792969,2674900
2019-09-24,379.5400085449219,381.8900146484375,375.30999755859375,381.6499938964844,3533300
2019-09-25,384.9100036621094,391.0,383.1000061035156,386.20001220703125,4705500
2019-09-26,387.1000061035156,388.2300109863281,383.3299865722656,386.8900146484375,2520400
2019-09-27,388.19000244140625,389.69000244140625,381.30999755859375,382.8599853515625,2730800
2019-09-30,383.0,383.7699890136719,376.69000244140625,380.4700012207031,3183300
2019-10-01,381.70001220703125,382.8500061035156,374.6300048828125,374.94000244140625,2943800
2019-10-02,371.8500061035156,372.989990234375,363.7699890136719,367.3599853515625,3698300
2019-10-03,366.2099914550781,372.25,363.2300109863281,372.07000732421875,2623900
2019-10-04,372.25,376.1300048828125,371.7200012207031,375.70001220703125,2008400
2019-10-07,374.05999755859375,378.1499938964844,373.05999755859375,376.5400085449219,1931800
2019-10-08,371.04998779296875,377.3399963378906,368.6400146484375,374.1000061035156,4030200
2019-10-09,376.0,377.8599853515625,373.5,374.9599914550781,2774100
2019-10-10,373.70001220703125,374.5400085449219,370.3299865722656,371.0,2723700
2019-10-11,373.0,376.94000244140625,370.0799865722656,374.9200134277344,3935400
2019-10-14,374.25,378.70001220703125,372.67999267578125,373.17999267578125,2124500
2019-10-15,372.5799865722656,373.5299987792969,370.5299987792969,370.9599914550781,2836600
2019-10-16,370.2200012207031,377.4200134277344,369.239990234375,372.42999267578125,3657100
2019-10-17,372.4200134277344,373.79998779296875,369.05999755859375,369.05999755859375,2397100
2019-10-18,369.0,369.3500061035156,344.0,344.0,13544300
2019-10-21,332.8900146484375,334.239990234375,324.3999938964844,331.05999755859375,15493100
2019-10-22,336.07000732421875,341.4800109863281,334.4599914550781,337.0,7949700
2019-10-23,345.0,350.79998779296875,336.5,340.5,10960800
2019-10-24,341.70001220703125,345.739990234375,337.7699890136719,344.54998779296875,5382700
2019-10-25,342.9200134277344,343.3699951171875,338.8999938964844,339.8299865722656,4058000
2019-10-28,341.5,344.9800109863281,339.489990234375,340.8800048828125,3234500
2019-10-29,340.19000244140625,349.7200012207031,339.2200012207031,348.92999267578125,6113600
2019-10-30,346.6300048828125,350.0,343.2699890136719,346.05999755859375,3997600
2019-10-31,344.70001220703125,346.05999755859375,339.45001220703125,339.9100036621094,3868400
2019-11-01,340.5899963378906,345.19000244140625,339.5,345.19000244140625,3538200
2019-11-04,346.4599914550781,351.45001220703125,346.04998779296875,351.0899963378906,3703000
2019-11-05,355.2300109863281,361.6099853515625,353.19000244140625,358.2900085449219,5468900
2019-11-06,358.8599853515625,359.3999938964844,353.1300048828125,354.19000244140625,3815700
2019-11-07,356.1199951171875,359.3999938964844,355.04998779296875,357.30999755859375,2834500
2019-11-08,356.3999938964844,357.0,350.54998779296875,351.0,3218200
2019-11-11,349.0400085449219,369.75,345.55999755859375,366.9599914550781,11483400
2019-11-12,366.489990234375,367.1099853515625,360.010009765625,362.8800048828125,5769700
2019-11-13,361.8699951171875,366.6199951171875,361.1199951171875,362.5,3453700
2019-11-14,363.1000061035156,368.4800109863281,361.4800109863281,367.44000244140625,5339600
2019-11-15,370.0,373.4800109863281,369.29998779296875,371.67999267578125,5493100
2019-11-18,371.6700134277344,375.6000061035156,367.8999938964844,369.4599914550781,3823800
2019-11-19,373.510009765625,374.8299865722656,361.6099853515625,367.0,6670200
2019-11-20,366.0,370.989990234375,365.75,370.9100036621094,3774800
2019-11-21,369.75,370.760009765625,366.260009765625,366.44000244140625,2703800
2019-11-22,368.2699890136719,373.54998779296875,366.6099853515625,371.3399963378906,3915700
2019-11-25,372.5199890136719,374.29998779296875,369.20001220703125,373.1300048828125,3324400
2019-11-26,373.6600036621094,374.7699890136719,371.3599853515625,373.510009765625,2859000
2019-11-27,369.9599914550781,371.8299865722656,366.79998779296875,368.0,4145000
2019-11-29,367.5,368.29998779296875,366.17999267578125,366.17999267578125,1390900
2019-12-02,367.0799865722656,367.3800048828125,355.1600036621094,355.17999267578125,4794500
2019-12-03,352.0899963378906,355.55999755859375,347.6099853515625,352.0799865722656,4683500
2019-12-04,354.70001220703125,355.2900085449219,348.82000732421875,348.8399963378906,3014200
2019-12-05,350.2200012207031,350.4200134277344,345.5899963378906,345.67999267578125,4719600
2019-12-06,347.739990234375,354.3999938964844,347.1099853515625,354.0899963378906,2856100
2019-12-09,352.6700134277344,353.6000061035156,349.57000732421875,351.2099914550781,2844600
2019-12-10,350.1499938964844,351.3999938964844,347.45001220703125,347.8999938964844,2920900
2019-12-11,342.1000061035156,350.0299987792969,338.5,350.0,7369100
2019-12-12,348.25,351.07000732421875,341.0,346.2900085449219,5970000
2019-12-13,346.29998779296875,349.30999755859375,341.1000061035156,341.6700134277344,4526300
2019-12-16,328.5299987792969,336.2300109863281,326.42999267578125,327.0,16488200
2019-12-17,322.05999755859375,330.95001220703125,320.6099853515625,327.0,13526400
2019-12-18,328.7200012207031,335.25,328.1400146484375,330.67999267578125,7029300
2019-12-19,332.8999938964844,334.80999755859375,330.9800109863281,333.5,5492600
2019-12-20,334.6199951171875,335.5,328.0,328.0,9489400
2019-12-23,336.75,340.5899963378906,334.20001220703125,337.54998779296875,9534800
2019-12-24,339.510009765625,339.75,332.6199951171875,333.0,4120100
2019-12-26,332.70001220703125,333.3599853515625,329.29998779296875,329.9200134277344,4593400
2019-12-27,330.20001220703125,333.6499938964844,329.1700134277344,330.1400146484375,4124000
2019-12-30,330.5,330.6300048828125,325.7099914550781,326.3999938964844,4525500
2019-12-31,325.4100036621094,326.57000732421875,323.32000732421875,325.760009765625,4958800
2020-01-02,328.54998779296875,333.3500061035156,327.70001220703125,333.32000732421875,4544400
2020-01-03,330.6300048828125,334.8900146484375,330.29998779296875,332.760009765625,3875900
2020-01-06,329.29998779296875,334.8599853515625,327.8800048828125,333.739990234375,5355000
2020-01-07,334.260009765625,344.19000244140625,330.7099914550781,337.2799987792969,9898600
2020-01-08,332.3999938964844,334.0299987792969,329.6000061035156,331.3699951171875,8239200
2020-01-09,334.95001220703125,341.7300109863281,332.04998779296875,336.3399963378906,8175600
2020-01-10,335.55999755859375,337.70001220703125,329.45001220703125,329.9200134277344,7161700
2020-01-13,332.3999938964844,334.1000061035156,330.0799865722656,330.2200012207031,5648500
2020-01-14,330.760009765625,335.3500061035156,328.2799987792969,332.3500061035156,6945300
2020-01-15,332.3500061035156,333.1099853515625,329.69000244140625,329.79998779296875,4578300
2020-01-16,331.04998779296875,332.8699951171875,329.30999755859375,332.0,4024100
2020-01-17,332.3900146484375,332.5,323.0,324.1499938964844,11061700
2020-01-21,322.6000061035156,326.6000061035156,305.75,313.3699951171875,19318000
2020-01-22,309.82000732421875,312.8399963378906,302.7200012207031,309.0,18792600
2020-01-23,308.5,318.1700134277344,307.70001220703125,317.7900085449219,9702100
2020-01-24,322.0,326.20001220703125,312.510009765625,323.04998779296875,17798200
2020-01-27,316.2099914550781,321.260009765625,314.5799865722656,316.6000061035156,7468100
2020-01-28,318.04998779296875,319.3599853515625,314.0,316.55999755859375,5502200
2020-01-29,324.3500061035156,327.17999267578125,319.1400146484375,322.0199890136719,12454700
2020-01-30,320.5,325.3500061035156,317.6400146484375,323.29998779296875,6022000
2020-01-31,321.75,321.92999267578125,316.989990234375,318.2699890136719,4999600
2020-02-03,318.75,320.739990234375,314.8800048828125,316.0,4841800
2020-02-04,318.2799987792969,319.4800109863281,315.0299987792969,317.94000244140625,3779800
2020-02-05,320.5,329.67999267578125,319.2300109863281,329.54998779296875,6071800
2020-02-06,330.9100036621094,343.44000244140625,325.6600036621094,341.42999267578125,12845500
2020-02-07,340.3699951171875,340.739990234375,335.69000244140625,336.75,5337800
2020-02-10,337.2200012207031,345.94000244140625,336.32000732421875,344.6700134277344,5876400
2020-02-11,347.6400146484375,348.07000732421875,342.1000061035156,344.4200134277344,5311500
2020-02-12,346.4200134277344,349.95001220703125,345.8500061035156,347.45001220703125,4421500
2020-02-13,344.32000732421875,347.8900146484375,342.6300048828125,342.82000732421875,3783100
2020-02-14,342.29998779296875,344.5,338.0,340.489990234375,4199800
2020-02-18,338.7699890136719,339.989990234375,336.1000061035156,338.8800048828125,2904600
2020-02-19,338.1199951171875,341.4700012207031,335.8599853515625,338.29998779296875,4935700
2020-02-20,338.2900085449219,341.239990234375,335.3900146484375,336.2799987792969,2807500
2020-02-21,334.04998779296875,334.6600036621094,330.2300109863281,330.3800048828125,3709900
2020-02-24,320.0,321.739990234375,316.3299865722656,317.8999938964844,6073200
2020-02-25,318.260009765625,320.6400146484375,303.6300048828125,304.1400146484375,8052500
2020-02-26,307.0,315.2200012207031,304.05999755859375,305.5899963378906,6987300
2020-02-27,300.3699951171875,301.0,284.2900085449219,287.760009765625,10982400
2020-02-28,278.07000732421875,282.8599853515625,269.6000061035156,275.1099853515625,15364300
2020-03-02,279.5400085449219,291.7099914550781,274.2900085449219,289.2699890136719,11012300
2020-03-03,292.0,297.44000244140625,278.0799865722656,280.6199951171875,7499300
2020-03-04,284.54998779296875,285.9100036621094,277.010009765625,283.1199951171875,6986100
2020-03-05,275.7900085449219,276.30999755859375,259.6499938964844,260.3699951171875,14669100
2020-03-06,253.6999969482422,264.2900085449219,249.8000030517578,262.3299865722656,12861800
2020-03-09,238.0,241.47999572753906,224.3699951171875,227.1699981689453,11585500
2020-03-10,237.0,237.8300018310547,215.0,231.00999450683594,13059600
2020-03-11,222.99000549316406,226.99000549316406,187.0,189.0800018310547,28503500
2020-03-12,160.52999877929688,189.85000610351562,154.80999755859375,154.83999633789062,31734400
2020-03-13,174.97000122070312,178.27999877929688,161.3800048828125,170.1999969482422,21168500
2020-03-16,149.4199981689453,151.0,128.75999450683594,129.61000061035156,26844400
2020-03-17,132.50999450683594,134.9600067138672,101.25,124.13999938964844,54492200
2020-03-18,99.86000061035156,107.8499984741211,89.0,101.88999938964844,61943200
2020-03-19,98.80000305175781,103.56999969482422,90.3499984741211,97.70999908447266,40210600
2020-03-20,99.8499984741211,107.0,94.27999877929688,95.01000213623047,41370700
2020-03-23,98.75,114.48999786376953,93.55999755859375,105.62000274658203,46140100
2020-03-24,123.68000030517578,127.95999908447266,116.12999725341797,127.68000030517578,43683100
2020-03-25,154.89999389648438,174.77000427246094,141.0,158.72999572753906,77826000
2020-03-26,172.2899932861328,186.47999572753906,167.17999267578125,180.5500030517578,63267300
2020-03-27,172.0,172.9199981689453,155.5399932861328,162.0,47880200
2020-03-30,153.80999755859375,153.80999755859375,140.67999267578125,152.27999877929688,51052500
2020-03-31,155.0,160.63999938964844,149.0,149.13999938964844,29954000
2020-04-01,138.91000366210938,144.3800048828125,130.0,130.6999969482422,41899700
2020-04-02,128.50999450683594,136.67999267578125,120.0199966430664,123.2699966430664,42372400
2020-04-03,125.0,131.2899932861328,122.5,124.5199966430664,37347400
2020-04-06,133.6999969482422,149.69000244140625,129.2100067138672,148.77000427246094,51085500
2020-04-07,162.0,164.8000030517578,140.25999450683594,141.5800018310547,56699100
2020-04-08,147.50999450683594,154.0,144.5500030517578,146.8699951171875,41351000
2020-04-09,154.7100067138672,157.97999572753906,150.08999633789062,151.83999633789062,37874200
2020-04-13,155.5,156.0,146.25999450683594,147.3300018310547,26034100
2020-04-14,150.50999450683594,152.39999389648438,140.0,141.0,33970500
2020-04-15,139.0,148.69000244140625,132.89999389648438,145.97999572753906,39297600
2020-04-16,141.4600067138672,143.24000549316406,134.0,134.24000549316406,41364800
2020-04-17,149.41000366210938,154.0,145.0,154.0,52389400
2020-04-20,147.2100067138672,151.6300048828125,142.5,143.61000061035156,34983800
2020-04-21,139.00999450683594,141.89999389648438,135.4499969482422,136.3300018310547,27043800
2020-04-22,140.4199981689453,140.82000732421875,134.52000427246094,134.97000122070312,22734500
2020-04-23,136.5,142.3800048828125,136.0500030517578,137.74000549316406,25936400
2020-04-24,137.0,137.57000732421875,128.3300018310547,128.97999572753906,35884700
2020-04-27,129.97000122070312,131.1999969482422,123.83000183105469,128.67999267578125,34563000
2020-04-28,133.8800048828125,137.1999969482422,127.73999786376953,131.3000030517578,37806900
2020-04-29,138.0800018310547,147.17999267578125,135.25,139.0,60454400
2020-04-30,137.6699981689453,144.64999389648438,132.30999755859375,141.02000427246094,37876600
2020-05-01,143.22999572753906,143.7100067138672,132.83999633789062,133.3699951171875,36613100
2020-05-04,127.12000274658203,131.5,124.3499984741211,131.4600067138672,30708900
2020-05-05,132.8800048828125,133.8000030517578,125.0,125.4000015258789,30621000
2020-05-06,125.80000305175781,126.86000061035156,121.37000274658203,121.86000061035156,29627700
2020-05-07,122.80999755859375,130.7100067138672,122.36000061035156,128.64999389648438,29525000
2020-05-08,132.57000732421875,135.5500030517578,131.55999755859375,133.44000244140625,22695700
2020-05-11,130.9199981689453,131.0,127.94999694824219,128.91000366210938,20055400
2020-05-12,129.72000122070312,133.1199951171875,125.19999694824219,125.22000122070312,22579000
2020-05-13,125.0,125.06999969482422,119.33000183105469,121.5,26002000
2020-05-14,118.9800033569336,122.61000061035156,113.88999938964844,122.5199966430664,37499200
2020-05-15,118.33000183105469,121.88999938964844,117.77999877929688,120.0,26756800
2020-05-18,126.18000030517578,136.1999969482422,125.80000305175781,135.44000244140625,43781800
2020-05-19,137.0,137.0399932861328,130.27999877929688,130.44000244140625,32373000
2020-05-20,133.27000427246094,135.4499969482422,131.30999755859375,133.32000732421875,21835500
2020-05-21,137.0,144.24000549316406,136.14999389648438,139.0,48263900
2020-05-22,141.00999450683594,141.0800018310547,135.77999877929688,137.52999877929688,21098800
2020-05-26,145.2100067138672,145.91000366210938,142.61000061035156,144.72999572753906,30338300
2020-05-27,149.13999938964844,149.64999389648438,141.24000549316406,149.52000427246094,32799900
2020-05-28,156.10000610351562,156.6999969482422,149.0500030517578,149.82000732421875,34734300
2020-05-29,145.3000030517578,152.0,142.94000244140625,145.85000610351562,33853900
2020-06-01,145.4499969482422,153.5500030517578,144.5500030517578,151.38999938964844,27127300
2020-06-02,154.0,155.85000610351562,151.80999755859375,153.30999755859375,24780500
2020-06-03,157.10000610351562,173.77999877929688,155.49000549316406,173.16000366210938,66486400
2020-06-04,181.27999877929688,188.60000610351562,177.39999389648438,184.3000030517578,67155600
2020-06-05,205.0,218.7899932861328,197.36000061035156,205.42999267578125,99846000
2020-06-08,222.94000244140625,234.1999969482422,218.92999267578125,230.5,80902800
2020-06-09,222.13999938964844,227.0,213.0800018310547,216.74000549316406,66688700
2020-06-10,211.1699981689453,213.02999877929688,197.39999389648438,203.41000366210938,90384900
2020-06-11,179.35000610351562,192.17999267578125,166.00999450683594,170.0,103212800
2020-06-12,187.14999389648438,191.3000030517578,176.25999450683594,189.50999450683594,89550100
2020-06-15,177.17999267578125,193.22999572753906,175.88999938964844,190.94000244140625,78612900
2020-06-16,207.14999389648438,208.3000030517578,192.60000610351562,197.77000427246094,76496900
2020-06-17,194.52000427246094,196.42999267578125,191.25,192.5399932861328,53085400
2020-06-18,188.24000549316406,198.02999877929688,187.1999969482422,192.2899932861328,60849900
2020-06-19,197.89999389648438,197.9600067138672,184.57000732421875,187.02000427246094,67262100
2020-06-22,184.55999755859375,188.6999969482422,181.89999389648438,188.52000427246094,53901500
2020-06-23,189.3000030517578,190.1199951171875,183.5500030517578,187.8800048828125,50281300
2020-06-24,183.61000061035156,185.1999969482422,176.07000732421875,176.69000244140625,56534800
2020-06-25,169.8699951171875,177.5,169.58999633789062,174.8800048828125,57335700
2020-06-26,173.4199981689453,173.85000610351562,167.60000610351562,170.00999450683594,50644400
2020-06-29,181.0,194.5,176.27000427246094,194.49000549316406,78499900
2020-06-30,188.02000427246094,188.49000549316406,180.3800048828125,183.3000030517578,65493100
2020-07-01,185.8800048828125,190.61000061035156,180.0399932861328,180.32000732421875,49036700
2020-07-02,185.5800018310547,187.7899932861328,180.42999267578125,180.80999755859375,41792300
2020-07-06,184.52000427246094,189.36000061035156,181.60000610351562,187.91000366210938,49471700
2020-07-07,185.07000732421875,185.07000732421875,178.64999389648438,178.8800048828125,37105300
2020-07-08,179.0500030517578,181.5800018310547,175.50999450683594,180.0800018310547,38116200
2020-07-09,179.6699981689453,180.75,172.80999755859375,173.27999877929688,33514500
2020-07-10,171.6999969482422,179.3300018310547,169.75,178.44000244140625,40955600
2020-07-13,180.1999969482422,183.25,174.36000061035156,175.64999389648438,43364700
2020-07-14,177.0,181.3000030517578,173.41000366210938,179.9600067138672,39256200
2020-07-15,185.5399932861328,189.52999877929688,181.25,187.94000244140625,48044800
2020-07-16,184.32000732421875,184.58999633789062,177.33999633789062,178.6999969482422,35050000
2020-07-17,178.41000366210938,181.10000610351562,175.5500030517578,175.66000366210938,26170500
2020-07-20,175.1300048828125,176.57000732421875,171.6199951171875,174.4199981689453,25294300
2020-07-21,178.42999267578125,182.64999389648438,176.75,178.6300048828125,40740500
2020-07-22,176.42999267578125,182.9499969482422,175.38999938964844,179.7899932861328,29790300
2020-07-23,178.0,182.5,175.4199981689453,176.4499969482422,29587200
2020-07-24,175.67999267578125,181.10000610351562,173.60000610351562,173.75999450683594,28548000
2020-07-27,173.19000244140625,174.13999938964844,169.0,170.2100067138672,30243800
2020-07-28,168.5,173.74000549316406,168.22999572753906,170.83999633789062,25349100
2020-07-29,172.89999389648438,173.00999450683594,162.25,166.00999450683594,51709600
2020-07-30,162.8800048828125,164.5500030517578,160.63999938964844,161.9499969482422,29140000
2020-07-31,161.5500030517578,163.39999389648438,156.25999450683594,158.0,30263100
2020-08-03,156.50999450683594,163.5800018310547,153.41000366210938,162.27000427246094,38520500
2020-08-04,164.6300048828125,167.39999389648438,163.00999450683594,165.07000732421875,30853500
2020-08-05,167.60000610351562,174.97999572753906,166.39999389648438,174.27999877929688,46189200
2020-08-06,172.8000030517578,175.57000732421875,170.60000610351562,172.1999969482422,32921600
2020-08-07,171.5,171.86000061035156,168.6999969482422,170.02000427246094,19318000
2020-08-10,171.36000061035156,179.7899932861328,171.3300018310547,179.41000366210938,35857700
2020-08-11,184.50999450683594,189.97000122070312,179.52999877929688,180.1300048828125,61036600
2020-08-12,184.00999450683594,184.14999389648438,173.19000244140625,175.44000244140625,40674400
2020-08-13,173.6199951171875,179.47000122070312,172.42999267578125,174.72999572753906,22958800
2020-08-14,173.08999633789062,179.47000122070312,172.35000610351562,178.0800018310547,32414100
2020-08-17,178.24000549316406,178.2899932861328,171.41000366210938,172.00999450683594,23352100
2020-08-18,172.00999450683594,173.24000549316406,169.00999450683594,170.22999572753906,21488500
2020-08-19,170.44000244140625,174.10000610351562,169.08999633789062,169.27000427246094,25601500
2020-08-20,168.5399932861328,170.83999633789062,165.86000061035156,169.5800018310547,23213400
2020-08-21,168.35000610351562,170.0800018310547,167.27000427246094,167.5,16945900
2020-08-24,168.77999877929688,178.27000427246094,167.92999267578125,178.27000427246094,39317100
2020-08-25,180.4600067138672,180.6300048828125,172.44000244140625,174.72999572753906,31318500
2020-08-26,173.8000030517578,174.42999267578125,171.35000610351562,171.89999389648438,16189800
2020-08-27,174.7100067138672,181.30999755859375,173.55999755859375,174.1999969482422,29548100
2020-08-28,175.11000061035156,177.27999877929688,172.57000732421875,175.8000030517578,20383900
2020-08-31,174.64999389648438,175.27000427246094,171.6999969482422,171.82000732421875,16264300
2020-09-01,170.7100067138672,175.49000549316406,169.25,172.10000610351562,18977300
2020-09-02,172.74000549316406,175.0,171.4499969482422,174.77999877929688,16552100
2020-09-03,175.0,180.85000610351562,168.1199951171875,168.77000427246094,27799400
2020-09-04,171.30999755859375,172.8300018310547,164.0,171.0500030517578,18867300
2020-09-08,165.8000030517578,166.89999389648438,160.5,161.0800018310547,22622700
2020-09-09,161.61000061035156,163.05999755859375,157.0,160.77999877929688,21951400
2020-09-10,160.9600067138672,163.77999877929688,157.57000732421875,157.69000244140625,14532600
2020-09-11,158.0,161.36000061035156,156.32000732421875,160.22999572753906,14722400
2020-09-14,161.75,165.94000244140625,158.89999389648438,165.35000610351562,17228400
2020-09-15,166.64999389648438,168.83999633789062,163.3300018310547,163.49000549316406,14881700
2020-09-16,161.9499969482422,170.57000732421875,160.30999755859375,167.4600067138672,21851400
2020-09-17,164.6300048828125,168.4600067138672,161.0500030517578,167.52999877929688,19717800
2020-09-18,165.66000366210938,169.72000122070312,161.02000427246094,161.13999938964844,22057100
2020-09-21,157.8300018310547,158.8300018310547,154.1999969482422,156.35000610351562,23125300
2020-09-22,156.80999755859375,160.07000732421875,154.9499969482422,156.8000030517578,17768900
2020-09-23,157.3300018310547,160.4199981689453,150.88999938964844,151.17999267578125,18247500
2020-09-24,150.2899932861328,150.30999755859375,145.02000427246094,146.0500030517578,27098100
2020-09-25,146.85000610351562,156.30999755859375,146.4199981689453,156.02999877929688,29123000
2020-09-28,160.3300018310547,168.0,159.1999969482422,166.0800018310547,38868200
2020-09-29,164.77000427246094,165.5,162.00999450683594,163.60000610351562,19874700
2020-09-30,164.5,170.97999572753906,164.11000061035156,165.25999450683594,38436700
2020-10-01,170.14999389648438,172.75999450683594,165.57000732421875,167.86000061035156,30677100
2020-10-02,161.86000061035156,169.77999877929688,161.8000030517578,168.0800018310547,31773800
2020-10-05,169.49000549316406,172.0800018310547,167.50999450683594,171.1999969482422,19082100
2020-10-06,173.0399932861328,175.55999755859375,159.3300018310547,159.5399932861328,47132500
2020-10-07,163.7100067138672,166.33999633789062,162.3800048828125,164.61000061035156,26019100
2020-10-08,166.22000122070312,168.08999633789062,163.5399932861328,168.0,20598600
2020-10-09,169.92999267578125,170.0,166.82000732421875,167.3300018310547,17406000
2020-10-12,167.75,169.1999969482422,165.9499969482422,167.35000610351562,12176600
2020-10-13,165.36000061035156,165.52999877929688,162.08999633789062,162.13999938964844,15182600
2020-10-14,162.6999969482422,165.1699981689453,162.49000549316406,163.24000549316406,10505500
2020-10-15,161.00999450683594,164.5399932861328,158.72999572753906,164.24000549316406,13226800
2020-10-16,171.22000122070312,173.4199981689453,167.27000427246094,167.35000610351562,31780600
2020-10-19,169.08999633789062,170.83999633789062,166.11000061035156,167.11000061035156,16519600
2020-10-20,168.2899932861328,169.2899932861328,166.17999267578125,167.24000549316406,12319900
2020-10-21,166.44000244140625,167.6300048828125,163.82000732421875,163.86000061035156,11450600
2020-10-22,164.6999969482422,169.6300048828125,164.10000610351562,169.07000732421875,14238200
2020-10-23,169.99000549316406,170.25999450683594,166.0500030517578,167.36000061035156,10024200
2020-10-26,164.9499969482422,165.5,159.0500030517578,160.8300018310547,16151100
2020-10-27,159.16000366210938,160.25,155.0,155.24000549316406,15491900
2020-10-28,153.0,153.9499969482422,148.0,148.13999938964844,20279800
2020-10-29,148.02999877929688,150.10000610351562,146.60000610351562,148.2899932861328,14554300
2020-10-30,147.1999969482422,149.1699981689453,141.5800018310547,144.38999938964844,15374700
2020-11-02,145.75,149.58999633789062,143.3800048828125,148.60000610351562,13854600
2020-11-03,151.8300018310547,154.82000732421875,150.63999938964844,153.64999389648438,12249800
2020-11-04,153.1699981689453,155.39999389648438,151.1699981689453,151.6300048828125,11344700
2020-11-05,152.47999572753906,157.6300048828125,152.10000610351562,157.08999633789062,12328300
2020-11-06,156.3300018310547,158.47000122070312,154.52000427246094,157.74000549316406,8995600
2020-11-09,179.0,184.4600067138672,172.16000366210938,179.36000061035156,49014400
2020-11-10,182.8000030517578,193.9499969482422,180.3800048828125,188.69000244140625,46404300
2020-11-11,189.88999938964844,190.0,180.41000366210938,182.14999389648438,29907800
2020-11-12,178.9499969482422,184.58999633789062,176.25,176.72000122070312,20288400
2020-11-13,179.0,187.27000427246094,178.7100067138672,187.11000061035156,19724500
2020-11-16,194.55999755859375,202.94000244140625,191.35000610351562,202.39999389648438,40562800
2020-11-17,200.25,211.1999969482422,196.0500030517578,210.0500030517578,38299300
2020-11-18,223.02000427246094,223.02000427246094,203.0,203.3000030517578,65990700
2020-11-19,200.4499969482422,209.44000244140625,199.89999389648438,205.6699981689453,34236100
2020-11-20,204.58999633789062,206.5800018310547,199.1699981689453,199.6199951171875,18230900
2020-11-23,203.24000549316406,214.2100067138672,201.8699951171875,211.52999877929688,28372400
2020-11-24,219.42999267578125,222.9499969482422,215.75999450683594,218.49000549316406,31132000
2020-11-25,217.7100067138672,221.0,213.08999633789062,217.61000061035156,19254100
2020-11-27,218.25,219.92999267578125,216.0399932861328,216.5,9970200
2020-11-30,215.6999969482422,217.77999877929688,208.52000427246094,210.7100067138672,16501900
2020-12-01,214.30999755859375,218.08999633789062,213.0,213.00999450683594,15754200
2020-12-02,213.00999450683594,224.99000549316406,210.3000030517578,223.85000610351562,25912300
2020-12-03,228.3000030517578,242.0,226.52999877929688,237.1999969482422,45945100
2020-12-04,236.36000061035156,238.17999267578125,230.25,232.7100067138672,29378400
2020-12-07,238.5,244.0800018310547,237.11000061035156,238.1699981689453,33246700
2020-12-08,238.6999969482422,241.6999969482422,234.4600067138672,236.57000732421875,19682000
2020-12-09,238.63999938964844,240.83999633789062,228.27999877929688,232.05999755859375,19043600
2020-12-10,228.10000610351562,237.00999450683594,228.02000427246094,234.42999267578125,16185000
2020-12-11,232.82000732421875,236.22000122070312,228.3300018310547,230.3300018310547,17311800
2020-12-14,235.0,237.6300048828125,228.3699951171875,228.6199951171875,19231200
2020-12-15,230.0,232.5,224.36000061035156,229.5,18993700
2020-12-16,229.3300018310547,232.3699951171875,225.3000030517578,225.8699951171875,17858400
2020-12-17,227.24000549316406,228.49000549316406,220.52999877929688,221.24000549316406,17465600
2020-12-18,222.0500030517578,223.4600067138672,218.61000061035156,219.75,19092800
2020-12-21,212.33999633789062,219.42999267578125,211.10000610351562,219.30999755859375,18726500
2020-12-22,223.27999877929688,223.88999938964844,217.6999969482422,218.77999877929688,13280000
2020-12-23,219.5500030517578,224.39999389648438,219.32000732421875,219.69000244140625,10869000
2020-12-24,219.6199951171875,219.8800048828125,216.0500030517578,217.14999389648438,6398500
2020-12-28,218.19000244140625,219.1999969482422,215.16000366210938,216.08999633789062,9090600
2020-12-29,218.3000030517578,221.67999267578125,215.39999389648438,216.25,14593800
2020-12-30,216.36000061035156,218.5500030517578,214.3699951171875,216.6699981689453,10812600
2020-12-31,216.24000549316406,216.89999389648438,212.6999969482422,214.05999755859375,10487600
2021-01-04,210.0,210.1999969482422,202.49000549316406,202.72000122070312,21225600
2021-01-05,204.74000549316406,213.35000610351562,204.60000610351562,211.6300048828125,19338300
2021-01-06,210.22000122070312,215.61000061035156,209.33999633789062,211.02999877929688,16202200
2021-01-07,213.38999938964844,216.60000610351562,211.77999877929688,212.7100067138672,14474100
2021-01-08,213.61000061035156,214.10000610351562,208.16000366210938,209.89999389648438,14144000
2021-01-11,203.02999877929688,207.77999877929688,201.00999450683594,206.7899932861328,16770300
2021-01-12,206.64999389648438,209.05999755859375,204.80999755859375,208.41000366210938,12836200
2021-01-13,207.14999389648438,208.7899932861328,204.85000610351562,207.2100067138672,8570500
2021-01-14,208.7899932861328,214.19000244140625,208.2100067138672,209.91000366210938,12446800
2021-01-15,208.9600067138672,209.25,204.1999969482422,204.32000732421875,11103300
2021-01-19,206.99000549316406,211.52000427246094,206.52000427246094,210.7100067138672,11947200
2021-01-20,213.24000549316406,215.58999633789062,211.2100067138672,211.4499969482422,9727000
2021-01-21,211.72000122070312,211.92999267578125,206.33999633789062,207.41000366210938,11091300
2021-01-22,205.5500030517578,206.6999969482422,204.27000427246094,205.83999633789062,7514600
2021-01-25,203.27000427246094,203.8000030517578,199.3000030517578,203.36000061035156,14276200
2021-01-26,205.33999633789062,208.35000610351562,201.7899932861328,202.05999755859375,11011800
2021-01-27,196.89999389648438,199.47000122070312,191.85000610351562,194.02999877929688,20948500
2021-01-28,198.0500030517578,200.4199981689453,196.0,197.22999572753906,10403200
2021-01-29,198.3000030517578,201.57000732421875,193.1199951171875,194.19000244140625,13683700
2021-02-01,196.0,197.3800048828125,192.86000061035156,195.83999633789062,9061900
2021-02-02,198.97999572753906,203.02999877929688,198.08999633789062,200.94000244140625,11130600
2021-02-03,202.0,208.16000366210938,201.25999450683594,207.38999938964844,11836900
2021-02-04,209.8699951171875,212.47999572753906,208.02000427246094,210.63999938964844,11869900
2021-02-05,212.25,213.1999969482422,206.66000366210938,207.92999267578125,9546100
2021-02-08,209.5500030517578,211.99000549316406,208.3000030517578,211.9499969482422,11182100
2021-02-09,210.60000610351562,216.72999572753906,208.89999389648438,215.1199951171875,13615700
2021-02-10,215.64999389648438,217.49000549316406,211.1199951171875,211.9199981689453,11510700
2021-02-11,212.24000549316406,213.99000549316406,208.57000732421875,210.66000366210938,7140200
2021-02-12,210.36000061035156,213.16000366210938,209.6699981689453,210.97999572753906,6010800
2021-02-16,213.0800018310547,217.39999389648438,212.3300018310547,217.17999267578125,10171100
2021-02-17,215.52000427246094,218.7100067138672,212.67999267578125,215.52000427246094,9276000
2021-02-18,213.4499969482422,214.33999633789062,208.0800018310547,208.47999572753906,9121300
2021-02-19,209.97000122070312,217.63999938964844,209.14999389648438,217.47000122070312,12415300
2021-02-22,211.88999938964844,220.38999938964844,210.8000030517578,212.8800048828125,21413700
2021-02-23,214.14999389648438,214.75,206.60000610351562,212.1199951171875,15996700
2021-02-24,212.10000610351562,229.61000061035156,211.60000610351562,229.33999633789062,30709300
2021-02-25,227.8000030517578,228.5,214.7100067138672,216.4499969482422,19283000
2021-02-26,218.50999450683594,220.66000366210938,211.2899932861328,212.00999450683594,12838400
2021-03-01,219.60000610351562,226.97999572753906,219.02000427246094,224.38999938964844,18735400
2021-03-02,224.7899932861328,227.19000244140625,222.14999389648438,223.13999938964844,11114400
2021-03-03,226.36000061035156,235.39999389648438,225.0399932861328,228.55999755859375,30426000
2021-03-04,232.72999572753906,237.10000610351562,218.6999969482422,224.7100067138672,26645100
2021-03-05,229.00999450683594,229.9199981689453,213.8000030517578,223.22000122070312,20026600
2021-03-08,226.6699981689453,229.88999938964844,223.7100067138672,224.02999877929688,13836800
2021-03-09,226.80999755859375,234.05999755859375,222.5800018310547,230.61000061035156,21001200
2021-03-10,233.80999755859375,246.8000030517578,232.8800048828125,245.33999633789062,27753400
2021-03-11,248.77000427246094,256.6499938964844,246.5500030517578,252.0,30139200
2021-03-12,253.86000061035156,269.7200012207031,253.5,269.19000244140625,35264300
2021-03-15,274.1499938964844,278.57000732421875,264.3299865722656,265.6300048828125,34816700
2021-03-16,263.2300109863281,264.1700134277344,254.02000427246094,255.2100067138672,28785800
2021-03-17,254.6999969482422,263.6099853515625,253.67999267578125,263.5899963378906,23785500
2021-03-18,261.32000732421875,267.3699951171875,254.72999572753906,256.05999755859375,24595500
2021-03-19,257.75,258.8800048828125,251.30999755859375,255.82000732421875,17330800
2021-03-22,255.82000732421875,257.6700134277344,250.16000366210938,251.22999572753906,15230000
2021-03-23,249.25999450683594,251.3000030517578,239.42999267578125,241.25,21358200
2021-03-24,243.75,248.8000030517578,239.05999755859375,239.24000549316406,24055100
2021-03-25,234.33999633789062,247.5800018310547,231.6999969482422,247.19000244140625,27553600
2021-03-26,249.6199951171875,250.89999389648438,240.3000030517578,244.8699951171875,17157100
2021-03-29,251.3000030517578,254.7100067138672,248.02999877929688,250.52000427246094,22198800
2021-03-30,251.24000549316406,253.5,248.91000366210938,252.00999450683594,12577300
2021-03-31,254.6999969482422,257.8800048828125,253.36000061035156,254.72000122070312,14138500
2021-04-01,256.6700134277344,257.8800048828125,251.30999755859375,252.9600067138672,10934500
2021-04-05,256.55999755859375,260.4800109863281,256.25,259.3599853515625,13750300
2021-04-06,257.2099914550781,259.3500061035156,254.66000366210938,255.1699981689453,11180300
2021-04-07,255.30999755859375,255.89999389648438,250.8300018310547,252.5800018310547,9925700
2021-04-08,251.6999969482422,254.9499969482422,249.30999755859375,254.9499969482422,9899900
2021-04-09,250.50999450683594,252.83999633789062,249.44000244140625,252.36000061035156,12255900
2021-04-12,250.57000732421875,251.5500030517578,246.2899932861328,249.52000427246094,10383600
2021-04-13,248.3300018310547,254.49000549316406,246.10000610351562,253.27000427246094,15901400
2021-04-14,255.32000732421875,258.3699951171875,251.27999877929688,252.42999267578125,12661800
2021-04-15,253.55999755859375,254.1199951171875,249.42999267578125,251.11000061035156,9479000
2021-04-16,252.0,253.0500030517578,246.22999572753906,248.17999267578125,14606000
2021-04-19,247.0,247.0,242.22000122070312,244.14999389648438,9249300
2021-04-20,241.02999877929688,241.08999633789062,232.33999633789062,234.05999755859375,19483600
2021-04-21,232.22000122070312,236.75999450683594,230.22000122070312,235.9199981689453,12847000
2021-04-22,235.9600067138672,239.64999389648438,233.3800048828125,234.3300018310547,13854400
2021-04-23,233.88999938964844,238.5800018310547,233.11000061035156,238.3800048828125,11533100
2021-04-26,240.24000549316406,244.64999389648438,240.10000610351562,241.44000244140625,10599600
2021-04-27,241.8800048828125,243.49000549316406,239.41000366210938,242.47000122070312,10583300
2021-04-28,239.0,239.64999389648438,232.85000610351562,235.4600067138672,19054100
2021-04-29,237.0,237.67999267578125,231.8000030517578,235.94000244140625,12296100
2021-04-30,233.67999267578125,236.77000427246094,232.6999969482422,234.30999755859375,10380400
2021-05-03,234.11000061035156,237.10000610351562,233.80999755859375,235.19000244140625,9887800
2021-05-04,235.75,236.64999389648438,225.64999389648438,233.6300048828125,17807200
2021-05-05,232.4499969482422,233.49000549316406,227.55999755859375,228.17999267578125,14913500
2021-05-06,229.3000030517578,231.1699981689453,226.5500030517578,229.80999755859375,11857100
2021-05-07,229.8000030517578,235.91000366210938,227.99000549316406,235.47000122070312,12823000
2021-05-10,236.83999633789062,241.10000610351562,232.5,232.92999267578125,14813900
2021-05-11,226.55999755859375,230.1300048828125,223.85000610351562,228.8800048828125,16273200
2021-05-12,227.25,229.74000549316406,220.6300048828125,220.77999877929688,14931200
2021-05-13,223.0,229.27000427246094,219.07000732421875,222.63999938964844,16503400
2021-05-14,225.99000549316406,228.80999755859375,224.35000610351562,228.47000122070312,10162400
2021-05-17,226.24000549316406,228.25999450683594,223.5800018310547,227.97999572753906,9559300
2021-05-18,227.25,232.27000427246094,226.42999267578125,227.5500030517578,10081100
2021-05-19,223.17999267578125,225.1199951171875,220.27999877929688,224.4199981689453,13162700
2021-05-20,225.1300048828125,228.44000244140625,223.77000427246094,227.64999389648438,9218900
2021-05-21,232.89999389648438,236.3000030517578,231.38999938964844,234.82000732421875,16579000
2021-05-24,235.13999938964844,238.5,232.60000610351562,237.44000244140625,10106000
2021-05-25,240.0,243.77999877929688,239.22999572753906,240.74000549316406,12908000
2021-05-26,241.6999969482422,242.49000549316406,239.8699951171875,241.3699951171875,7240200
2021-05-27,248.11000061035156,252.60000610351562,247.19000244140625,250.6999969482422,18404400
2021-05-28,247.47999572753906,248.97999572753906,245.3699951171875,247.02000427246094,11197400
2021-06-01,253.0,255.63999938964844,251.52000427246094,254.72999572753906,13562800
2021-06-02,255.60000610351562,258.3999938964844,254.6199951171875,255.6199951171875,10820400
2021-06-03,252.97999572753906,254.8000030517578,249.69000244140625,250.32000732421875,10402000
2021-06-04,251.50999450683594,251.8000030517578,248.49000549316406,249.9199981689453,8799000
2021-06-07,251.5,253.1999969482422,248.80999755859375,252.66000366210938,10606000
2021-06-08,256.260009765625,256.30999755859375,250.0,252.75999450683594,15113900
2021-06-09,251.1999969482422,253.1699981689453,247.91000366210938,248.05999755859375,10693200
2021-06-10,251.72000122070312,255.13999938964844,248.10000610351562,248.33999633789062,14519200
2021-06-11,250.35000610351562,251.1199951171875,245.77999877929688,247.27999877929688,9934200
2021-06-14,246.44000244140625,249.1999969482422,244.39999389648438,245.13999938964844,9344400
2021-06-15,245.36000061035156,248.50999450683594,244.94000244140625,246.5399932861328,10630900
2021-06-16,245.25,246.05999755859375,241.5500030517578,242.27000427246094,10529200
2021-06-17,241.9600067138672,243.5,237.3300018310547,239.22000122070312,10774400
2021-06-18,237.7899932861328,239.30999755859375,235.8000030517578,237.35000610351562,11965000
2021-06-21,238.66000366210938,245.6199951171875,237.25,245.27999877929688,15301800
2021-06-22,244.5,244.6300048828125,241.0800018310547,243.77999877929688,10042500
2021-06-23,244.8000030517578,246.8699951171875,243.1699981689453,243.57000732421875,9874700
2021-06-24,245.1999969482422,250.74000549316406,243.6999969482422,250.57000732421875,13755600
2021-06-25,250.75,252.3000030517578,248.25,248.3800048828125,9625800
2021-06-28,244.72999572753906,245.0800018310547,238.8800048828125,239.9600067138672,18152000
2021-06-29,243.74000549316406,244.3699951171875,235.66000366210938,235.75999450683594,16743900
2021-06-30,236.24000549316406,241.1699981689453,236.0,239.55999755859375,12089100
2021-07-01,240.36000061035156,241.8000030517578,238.61000061035156,239.72999572753906,9516200
2021-07-02,239.5500030517578,240.11000061035156,233.47000122070312,236.67999267578125,15706600
2021-07-06,236.85000610351562,237.1699981689453,233.47000122070312,236.13999938964844,11045800
2021-07-07,235.1699981689453,238.00999450683594,230.52000427246094,231.77999877929688,11497000
2021-07-08,227.47999572753906,237.47000122070312,226.16000366210938,236.77000427246094,17964300
2021-07-09,237.77000427246094,240.3800048828125,236.22000122070312,239.58999633789062,12385400
2021-07-12,237.99000549316406,240.77000427246094,236.4600067138672,238.2899932861328,9071500
2021-07-13,232.27000427246094,234.49000549316406,228.16000366210938,228.1999969482422,21029500
2021-07-14,229.02000427246094,230.52000427246094,224.3000030517578,224.4499969482422,12137000
2021-07-15,222.8800048828125,226.6699981689453,220.8000030517578,222.75999450683594,12228600
2021-07-16,223.11000061035156,224.0,217.02999877929688,217.74000549316406,12413400
2021-07-19,211.17999267578125,211.5500030517578,204.8000030517578,206.99000549316406,24123600
2021-07-20,208.10000610351562,217.3699951171875,206.6199951171875,217.14999389648438,17027300
2021-07-21,219.5,224.08999633789062,218.89999389648438,222.5399932861328,11437600
2021-07-22,221.52000427246094,222.25,218.30999755859375,220.8699951171875,9768900
2021-07-23,222.97000122070312,224.6300048828125,220.94000244140625,221.52000427246094,9379500
2021-07-26,220.0,226.1199951171875,219.88999938964844,225.85000610351562,8933200
2021-07-27,223.1699981689453,225.6999969482422,220.4199981689453,222.27000427246094,8784200
2021-07-28,234.0500030517578,237.49000549316406,231.3300018310547,231.57000732421875,19330500
2021-07-29,233.69000244140625,234.82000732421875,231.1199951171875,231.6300048828125,8667900
2021-07-30,229.38999938964844,231.17999267578125,225.39999389648438,226.47999572753906,9940100
2021-08-02,227.19000244140625,230.47000122070312,224.8699951171875,225.33999633789062,8889100
2021-08-03,225.89999389648438,229.10000610351562,221.3000030517578,229.08999633789062,7326400
2021-08-04,226.4199981689453,232.35000610351562,225.3300018310547,226.6300048828125,9756300
2021-08-05,226.67999267578125,231.5399932861328,226.49000549316406,229.94000244140625,8362600
2021-08-06,231.5500030517578,233.57000732421875,230.4199981689453,231.3300018310547,6061900
2021-08-09,229.0,233.57000732421875,226.88999938964844,232.27000427246094,8358600
2021-08-10,231.97000122070312,236.85000610351562,231.6199951171875,235.77999877929688,9603500
2021-08-11,236.61000061035156,239.58999633789062,234.5800018310547,239.49000549316406,9664000
2021-08-12,240.0,241.14999389648438,236.50999450683594,238.17999267578125,6810000
2021-08-13,238.00999450683594,239.69000244140625,234.27999877929688,234.4600067138672,6390300
2021-08-16,231.89999389648438,232.02999877929688,227.13999938964844,229.05999755859375,7622000
2021-08-17,226.1999969482422,226.24000549316406,219.8000030517578,222.22000122070312,13124000
2021-08-18,221.72999572753906,223.64999389648438,218.89999389648438,219.0,9000900
2021-08-19,216.3000030517578,218.3000030517578,211.72999572753906,212.16000366210938,11404400
2021-08-20,212.30999755859375,214.74000549316406,210.94000244140625,212.6699981689453,9335700
2021-08-23,215.8300018310547,220.17999267578125,215.3800048828125,219.39999389648438,10392100
2021-08-24,220.11000061035156,223.10000610351562,219.8000030517578,221.42999267578125,8942600
2021-08-25,221.5,222.3000030517578,219.10000610351562,221.02999877929688,6528900
2021-08-26,221.41000366210938,222.89999389648438,215.91000366210938,216.5,8341400
2021-08-27,217.47000122070312,222.42999267578125,216.86000061035156,221.75,7684900
2021-08-30,222.35000610351562,222.3699951171875,217.52999877929688,217.66000366210938,7587800
2021-08-31,217.3300018310547,221.3300018310547,217.08999633789062,219.5,6764500
2021-09-01,220.0,221.75999450683594,217.6199951171875,218.1199951171875,7157400
2021-09-02,218.9499969482422,223.83999633789062,218.0800018310547,220.8300018310547,8899500
2021-09-03,219.4499969482422,221.17999267578125,217.4600067138672,218.1699981689453,6393500
2021-09-07,215.91000366210938,216.7100067138672,212.1699981689453,214.24000549316406,13196100
2021-09-08,213.60000610351562,216.0800018310547,210.50999450683594,211.3800048828125,8877600
2021-09-09,211.14999389648438,216.61000061035156,210.72000122070312,213.94000244140625,9242800
2021-09-10,215.16000366210938,215.88999938964844,210.1199951171875,210.3000030517578,6959700
2021-09-13,211.35000610351562,215.63999938964844,209.8800048828125,214.47999572753906,10175900
2021-09-14,215.83999633789062,216.11000061035156,210.7100067138672,211.57000732421875,9947000
2021-09-15,211.7899932861328,214.35000610351562,210.32000732421875,214.22000122070312,7916300
2021-09-16,213.9600067138672,216.30999755859375,213.30999755859375,213.36000061035156,6370900
2021-09-17,213.1199951171875,215.3699951171875,211.91000366210938,213.36000061035156,7932700
2021-09-20,210.80999755859375,212.42999267578125,206.52999877929688,209.5,10567400
2021-09-21,210.25,211.75999450683594,207.72000122070312,208.50999450683594,7139000
2021-09-22,210.0,217.99000549316406,209.64999389648438,216.97999572753906,10953000
2021-09-23,217.80999755859375,222.6199951171875,217.14999389648438,221.10000610351562,9344600
2021-09-24,219.1300048828125,222.41000366210938,218.66000366210938,221.38999938964844,6498200
2021-09-27,224.0,228.60000610351562,223.8800048828125,224.16000366210938,9749200
2021-09-28,222.89999389648438,224.5800018310547,216.4199981689453,218.41000366210938,9639800
2021-09-29,227.8000030517578,229.94000244140625,224.86000061035156,225.36000061035156,16808000
2021-09-30,226.0800018310547,226.14999389648438,219.4600067138672,219.94000244140625,10366900
2021-10-01,222.85000610351562,226.72000122070312,220.60000610351562,226.0,9113600
2021-10-04,225.67999267578125,227.97000122070312,222.0,223.7899932861328,6946100
2021-10-05,224.27000427246094,226.4499969482422,222.4199981689453,224.4199981689453,5687300
2021-10-06,221.0800018310547,225.07000732421875,219.1999969482422,224.99000549316406,7157600
2021-10-07,227.33999633789062,229.0,225.89999389648438,226.47999572753906,7748500
2021-10-08,226.75,228.7100067138672,225.39999389648438,226.38999938964844,4515000
2021-10-11,226.5,232.10000610351562,225.32000732421875,226.4499969482422,7287000
2021-10-12,226.0,228.66000366210938,223.1199951171875,223.57000732421875,8486800
2021-10-13,224.0,224.3000030517578,219.36000061035156,221.77999877929688,8240200
2021-10-14,221.07000732421875,222.17999267578125,217.0399932861328,217.44000244140625,10427300
2021-10-15,218.1699981689453,219.61000061035156,216.27999877929688,217.0399932861328,8773400
2021-10-18,216.0,217.27999877929688,214.0500030517578,216.97999572753906,6553500
2021-10-19,217.47000122070312,217.66000366210938,215.27999877929688,215.97000122070312,5963400
2021-10-20,215.49000549316406,218.66000366210938,214.35000610351562,216.1699981689453,8485200
2021-10-21,216.5399932861328,218.11000061035156,213.80999755859375,214.33999633789062,8691500
2021-10-22,214.60000610351562,216.72000122070312,212.5800018310547,212.97000122070312,7077600
2021-10-25,213.25,213.97999572753906,211.6999969482422,212.8699951171875,7239100
2021-10-26,213.19000244140625,214.85000610351562,208.17999267578125,209.80999755859375,11014500
2021-10-27,212.85000610351562,212.89999389648438,205.63999938964844,206.61000061035156,14761700
2021-10-28,206.0,208.74000549316406,204.60000610351562,207.85000610351562,8825500
2021-10-29,206.83999633789062,208.24000549316406,205.2899932861328,207.02999877929688,8559500
2021-11-01,207.0,214.69000244140625,206.80999755859375,214.5800018310547,9284900
2021-11-02,213.8300018310547,215.72000122070312,210.6999969482422,212.77000427246094,6160200
2021-11-03,211.47000122070312,213.75999450683594,210.8699951171875,213.3800048828125,4636100
2021-11-04,213.8000030517578,214.82000732421875,211.8699951171875,213.02999877929688,5849600
2021-11-05,217.6999969482422,224.5800018310547,217.6999969482422,224.4600067138672,16936300
2021-11-08,225.24000549316406,226.99000549316406,222.11000061035156,222.67999267578125,9456100
2021-11-09,222.49000549316406,222.85000610351562,217.5399932861328,220.7899932861328,6863700
2021-11-10,219.36000061035156,225.67999267578125,217.27000427246094,218.5,8197600
2021-11-11,220.5,222.64999389648438,218.89999389648438,219.3800048828125,6567300
2021-11-12,219.72000122070312,223.75,218.89999389648438,220.9600067138672,6419900
2021-11-15,227.3699951171875,233.94000244140625,226.9199981689453,233.08999633789062,21921900
2021-11-16,232.94000244140625,232.9499969482422,225.50999450683594,225.8000030517578,10120200
2021-11-17,229.5399932861328,231.32000732421875,224.1999969482422,226.6199951171875,10750900
2021-11-18,230.3000030517578,231.5,224.9499969482422,227.25,10983700
2021-11-19,225.07000732421875,225.3300018310547,213.22999572753906,214.1300048828125,20844100
2021-11-22,215.0,215.02000427246094,208.9499969482422,209.89999389648438,10764300
2021-11-23,211.5,212.99000549316406,207.77000427246094,209.1300048828125,8882800
2021-11-24,207.52000427246094,211.22000122070312,206.8699951171875,210.60000610351562,5437600
2021-11-26,197.57000732421875,199.4199981689453,194.0,199.2100067138672,17636600
2021-11-29,201.8699951171875,204.27999877929688,195.3300018310547,198.5,12276200
2021-11-30,196.02000427246094,198.82000732421875,193.85000610351562,197.85000610351562,12638900
2021-12-01,200.80999755859375,201.6199951171875,188.0,188.19000244140625,13268700
2021-12-02,196.8000030517578,202.5399932861328,192.41000366210938,202.3800048828125,20435400
2021-12-03,198.6999969482422,199.89999389648438,195.4199981689453,198.49000549316406,10742700
2021-12-06,199.77000427246094,206.4199981689453,199.1999969482422,205.8800048828125,11587900
2021-12-07,207.05999755859375,211.64999389648438,206.3800048828125,208.8300018310547,10387900
2021-12-08,209.17999267578125,212.67999267578125,207.7100067138672,211.02999877929688,6986800
2021-12-09,207.52999877929688,208.5500030517578,205.1999969482422,207.55999755859375,7011000
2021-12-10,208.80999755859375,209.0,203.47999572753906,205.05999755859375,6040000
2021-12-13,202.5,202.80999755859375,195.5500030517578,197.39999389648438,10619600
2021-12-14,195.60000610351562,200.5,195.17999267578125,195.5,8445100
2021-12-15,195.27999877929688,196.5800018310547,190.32000732421875,195.42999267578125,10535900
2021-12-16,197.0,198.32000732421875,190.44000244140625,190.7899932861328,8216800
2021-12-17,190.27000427246094,194.77000427246094,187.8800048828125,192.6300048828125,12618300
2021-12-20,188.11000061035156,190.36000061035156,185.25999450683594,188.47999572753906,10256400
2021-12-21,190.27999877929688,199.69000244140625,190.0399932861328,199.52000427246094,12082300
2021-12-22,199.4600067138672,202.92999267578125,197.94000244140625,201.69000244140625,8145300
2021-12-23,202.1300048828125,205.1300048828125,201.32000732421875,204.22000122070312,7415200
2021-12-27,201.99000549316406,203.42999267578125,199.10000610351562,203.1699981689453,7818900
2021-12-28,202.22999572753906,208.94000244140625,201.64999389648438,206.1300048828125,8879700
2021-12-29,205.36000061035156,205.41000366210938,202.60000610351562,203.66000366210938,6119000
2021-12-30,203.0,206.0,202.60000610351562,202.7100067138672,7012600
2021-12-31,202.1999969482422,203.69000244140625,200.02999877929688,201.32000732421875,8053000
2022-01-03,204.0,210.5500030517578,203.33999633789062,207.86000061035156,9060200
2022-01-04,211.3000030517578,214.55999755859375,209.77999877929688,213.6300048828125,11414600
2022-01-05,216.63999938964844,218.92999267578125,211.80999755859375,213.07000732421875,11564700
2022-01-06,214.63999938964844,216.0,207.86000061035156,211.33999633789062,7142200
2022-01-07,212.97999572753906,218.32000732421875,212.3800048828125,215.5,9526400
2022-01-10,214.25999450683594,215.27999877929688,207.1300048828125,209.30999755859375,8229000
2022-01-11,209.0,217.02999877929688,208.41000366210938,216.02000427246094,8098400
2022-01-12,217.08999633789062,221.24000549316406,216.3000030517578,217.4499969482422,9134500
2022-01-13,222.25,226.88999938964844,220.0500030517578,223.89999389648438,17628000
2022-01-14,222.16000366210938,226.1999969482422,220.25,225.9600067138672,8053500
2022-01-18,224.5,229.6699981689453,224.25999450683594,225.00999450683594,8930700
2022-01-19,225.10000610351562,225.4199981689453,216.94000244140625,217.0800018310547,9382800
2022-01-20,217.3800048828125,221.9499969482422,213.4199981689453,214.19000244140625,7636800
2022-01-21,213.7899932861328,213.7899932861328,204.57000732421875,205.44000244140625,11548500
2022-01-24,199.85000610351562,204.8000030517578,192.50999450683594,204.1999969482422,13796500
2022-01-25,200.10000610351562,205.6300048828125,197.5500030517578,204.10000610351562,8824500
2022-01-26,206.2100067138672,206.2100067138672,191.9199981689453,194.27000427246094,19974400
2022-01-27,196.3800048828125,199.7100067138672,188.63999938964844,189.75,12670100
2022-01-28,188.77999877929688,190.72000122070312,183.77000427246094,190.57000732421875,10966700
2022-01-31,190.72999572753906,200.33999633789062,190.0,200.24000549316406,15504600
2022-02-01,202.47999572753906,208.88999938964844,200.5,208.33999633789062,12265100
2022-02-02,205.42999267578125,208.38999938964844,203.2100067138672,207.52000427246094,7843700
2022-02-03,206.05999755859375,209.10000610351562,204.25999450683594,206.38999938964844,7054700
2022-02-04,205.0,208.25,203.10000610351562,206.4499969482422,5952600
2022-02-07,205.7899932861328,214.3699951171875,205.4199981689453,211.9199981689453,11816900
2022-02-08,212.67999267578125,213.8699951171875,209.69000244140625,213.27000427246094,7356200
2022-02-09,214.91000366210938,217.0399932861328,213.3000030517578,215.86000061035156,7587700
2022-02-10,213.7100067138672,223.22999572753906,213.6999969482422,218.75,11695900
2022-02-11,217.8699951171875,221.4199981689453,210.27000427246094,212.3000030517578,11443700
2022-02-14,213.0,215.6300048828125,208.75999450683594,210.0399932861328,6481400
2022-02-15,214.83999633789062,219.5399932861328,213.69000244140625,217.72999572753906,10448500
2022-02-16,216.10000610351562,219.67999267578125,215.27999877929688,218.92999267578125,5698900
2022-02-17,218.47000122070312,218.5800018310547,212.6699981689453,213.5800018310547,6176600
2022-02-18,212.55999755859375,214.72999572753906,208.60000610351562,209.02999877929688,6973600
2022-02-22,205.0,206.89999389648438,197.82000732421875,198.74000549316406,10382100
2022-02-23,201.1300048828125,203.25,195.91000366210938,196.4199981689453,7326300
2022-02-24,189.2899932861328,198.86000061035156,186.8800048828125,198.42999267578125,12207600
2022-02-25,201.08999633789062,204.07000732421875,199.10000610351562,201.47999572753906,8730300
2022-02-28,198.5800018310547,207.30999755859375,196.75,205.33999633789062,9859300
2022-03-01,203.11000061035156,203.5,192.92999267578125,194.91000366210938,11799500
2022-03-02,196.27000427246094,199.85000610351562,194.63999938964844,197.80999755859375,7463400
2022-03-03,197.94000244140625,198.5,188.7100067138672,188.85000610351562,12424500
2022-03-04,187.3699951171875,188.32000732421875,178.97000122070312,180.83999633789062,13084000
2022-03-07,181.02999877929688,182.72000122070312,169.05999755859375,169.1699981689453,12847500
2022-03-08,169.72999572753906,180.82000732421875,167.5800018310547,173.8000030517578,13715500
2022-03-09,179.8000030517578,182.8699951171875,177.41000366210938,178.55999755859375,10062100
2022-03-10,175.75999450683594,182.02000427246094,175.38999938964844,178.38999938964844,8364100
2022-03-11,183.58999633789062,184.86000061035156,175.9499969482422,176.22999572753906,9373600
2022-03-14,175.8800048828125,178.22999572753906,172.57000732421875,175.52000427246094,8138900
2022-03-15,176.3000030517578,180.5,175.60000610351562,179.88999938964844,8051500
2022-03-16,183.38999938964844,189.60000610351562,182.3000030517578,188.99000549316406,12077500
2022-03-17,186.36000061035156,190.24000549316406,185.27000427246094,190.19000244140625,8126600
2022-03-18,192.07000732421875,193.3800048828125,190.10000610351562,192.8300018310547,12849600
2022-03-21,184.39999389648438,187.27000427246094,180.61000061035156,185.89999389648438,27369600
2022-03-22,185.24000549316406,192.86000061035156,184.52000427246094,191.0399932861328,14378500
2022-03-23,189.6699981689453,190.16000366210938,185.02999877929688,186.0399932861328,8297800
2022-03-24,186.35000610351562,189.19000244140625,184.72000122070312,189.0500030517578,7094400
2022-03-25,187.75999450683594,191.6999969482422,186.92999267578125,188.9499969482422,6365600
2022-03-28,188.42999267578125,189.25999450683594,184.47000122070312,188.16000366210938,6904100
2022-03-29,191.6199951171875,196.36000061035156,191.1999969482422,193.8000030517578,8438700
2022-03-30,192.32000732421875,197.4499969482422,191.36000061035156,194.91000366210938,9959300
2022-03-31,195.0,197.5800018310547,191.4499969482422,191.5,6447900
2022-04-01,192.5800018310547,192.6199951171875,188.77999877929688,190.75999450683594,4862100
2022-04-04,190.02000427246094,191.83999633789062,186.91000366210938,191.17999267578125,7792100
2022-04-05,189.6999969482422,192.35000610351562,182.52000427246094,182.64999389648438,9371600
2022-04-06,180.39999389648438,180.57000732421875,176.5800018310547,178.72000122070312,8173900
2022-04-07,178.1300048828125,178.66000366210938,173.8699951171875,177.97000122070312,7517800
2022-04-08,176.5399932861328,178.1300048828125,174.24000549316406,175.1999969482422,6524100
2022-04-11,173.83999633789062,179.6699981689453,173.39999389648438,175.02999877929688,6001100
2022-04-12,175.5,178.5,174.52999877929688,176.27999877929688,6125100
2022-04-13,176.9600067138672,183.4600067138672,176.9600067138672,182.8699951171875,7399900
2022-04-14,182.75,185.5399932861328,181.63999938964844,181.94000244140625,5144600
2022-04-18,181.4499969482422,182.4600067138672,178.5500030517578,179.85000610351562,5042600
2022-04-19,180.36000061035156,187.61000061035156,180.27999877929688,185.97999572753906,7485600
2022-04-20,187.24000549316406,187.33999633789062,182.86000061035156,183.5500030517578,6824300
2022-04-21,188.72999572753906,189.85000610351562,180.5500030517578,181.02000427246094,7446100
2022-04-22,180.77999877929688,182.6699981689453,176.5,176.9199981689453,6372400
2022-04-25,174.50999450683594,176.0800018310547,172.4499969482422,175.91000366210938,6293100
2022-04-26,174.75999450683594,174.8699951171875,166.85000610351562,167.0399932861328,9277300
2022-04-27,161.25,161.25,146.0,154.4600067138672,40371700
2022-04-28,156.61000061035156,156.7899932861328,149.0,154.22000122070312,13518800
2022-04-29,153.44000244140625,157.02999877929688,148.52000427246094,148.83999633789062,10880300
2022-05-02,148.02000427246094,149.4499969482422,143.3800048828125,148.61000061035156,12399200
2022-05-03,149.08999633789062,154.4499969482422,147.91000366210938,153.5800018310547,10149500
2022-05-04,152.91000366210938,157.13999938964844,150.77000427246094,156.97000122070312,9550600
2022-05-05,155.69000244140625,157.99000549316406,149.0500030517578,150.47000122070312,7950800
2022-05-06,149.9600067138672,150.89999389648438,145.85000610351562,148.89999389648438,7697900
2022-05-09,146.0,146.9499969482422,132.64999389648438,133.30999755859375,12593800
2022-05-10,136.75999450683594,137.83999633789062,130.3300018310547,132.9499969482422,11781400
2022-05-11,132.9499969482422,138.9600067138672,129.11000061035156,129.38999938964844,11388400
2022-05-12,126.88999938964844,128.52999877929688,120.27999877929688,123.13999938964844,15891300
2022-05-13,124.9800033569336,130.8000030517578,122.37999725341797,127.19999694824219,20891500
2022-05-16,127.05000305175781,131.1199951171875,122.3499984741211,124.05000305175781,10631600
2022-05-17,126.91000366210938,132.8300018310547,125.79000091552734,132.0500030517578,12154200
2022-05-18,130.33999633789062,132.10000610351562,124.36000061035156,125.5199966430664,9567600
2022-05-19,124.4000015258789,128.39999389648438,123.69999694824219,127.13999938964844,8075800
2022-05-20,128.77000427246094,128.85000610351562,117.08000183105469,120.69999694824219,18822200
2022-05-23,121.69999694824219,124.4800033569336,120.33999633789062,124.06999969482422,9341500
2022-05-24,122.44000244140625,122.69999694824219,117.29000091552734,119.4000015258789,9092400
2022-05-25,119.16999816894531,122.5999984741211,118.76000213623047,122.05999755859375,7707900
2022-05-26,123.0999984741211,128.83999633789062,122.73999786376953,127.7300033569336,8333900
2022-05-27,128.77000427246094,132.22999572753906,128.32000732421875,132.22999572753906,7261500
2022-05-31,131.02999877929688,132.99000549316406,128.86000061035156,131.39999389648438,7953700
2022-06-01,133.0,134.3300018310547,127.01000213623047,130.64999389648438,9991600
2022-06-02,132.13999938964844,140.5500030517578,131.8699951171875,140.5,12777000
2022-06-03,138.52000427246094,140.6999969482422,137.58999633789062,139.25,10091800
2022-06-06,139.99000549316406,141.13999938964844,136.8300018310547,139.24000549316406,6354800
2022-06-07,137.49000549316406,141.24000549316406,135.91000366210938,140.82000732421875,5436100
2022-06-08,139.1300048828125,142.2100067138672,138.44000244140625,139.6300048828125,5833700
2022-06-09,139.35000610351562,139.66000366210938,133.6999969482422,133.72999572753906,6010100
2022-06-10,130.27000427246094,132.19000244140625,126.8499984741211,127.0,7770700
2022-06-13,123.0,123.25,114.13999938964844,115.86000061035156,16778500
2022-06-14,116.6500015258789,122.19000244140625,113.0199966430664,122.16000366210938,17549800
2022-06-15,124.3499984741211,134.99000549316406,123.83000183105469,133.72000122070312,25997800
2022-06-16,131.6999969482422,135.33999633789062,131.25999450683594,133.36000061035156,19543600
2022-06-17,132.25,138.97999572753906,131.5,136.8000030517578,16042500
2022-06-21,139.1699981689453,140.94000244140625,135.83999633789062,136.75,10519900
2022-06-22,134.02999877929688,138.7899932861328,133.27999877929688,137.16000366210938,7713300
2022-06-23,136.4199981689453,137.4199981689453,130.08999633789062,133.97000122070312,10746900
2022-06-24,135.00999450683594,141.8699951171875,134.9499969482422,141.52999877929688,13626200
2022-06-27,140.27999877929688,140.57000732421875,136.22000122070312,138.72000122070312,8457400
2022-06-28,140.88999938964844,147.17999267578125,138.5399932861328,138.6999969482422,12125400
2022-06-29,138.61000061035156,138.9199981689453,134.83999633789062,138.4499969482422,7489200
2022-06-30,134.3000030517578,137.49000549316406,131.60000610351562,136.72000122070312,8455100
2022-07-01,135.8800048828125,141.7899932861328,135.39999389648438,139.83999633789062,7627100
2022-07-05,136.25,138.07000732421875,131.2899932861328,137.6999969482422,10065900
2022-07-06,137.5399932861328,138.7100067138672,134.4600067138672,136.30999755859375,6608000
2022-07-07,137.92999267578125,142.27999877929688,137.89999389648438,139.97000122070312,7674400
2022-07-08,139.6999969482422,140.74000549316406,137.3699951171875,139.07000732421875,5655500
2022-07-11,137.77000427246094,139.24000549316406,134.88999938964844,136.99000549316406,6176500
2022-07-12,136.86000061035156,149.32000732421875,136.80999755859375,147.14999389648438,18598200
2022-07-13,142.7899932861328,146.41000366210938,142.17999267578125,143.9499969482422,9038700
2022-07-14,141.11000061035156,147.49000549316406,140.61000061035156,147.14999389648438,9456100
2022-07-15,149.1699981689453,149.74000549316406,144.64999389648438,147.74000549316406,7910400
2022-07-18,153.30999755859375,155.94000244140625,147.1999969482422,147.72000122070312,13948500
2022-07-19,149.61000061035156,156.27999877929688,148.97000122070312,156.1300048828125,14183000
2022-07-20,156.0,159.39999389648438,154.25999450683594,158.3800048828125,8668600
2022-07-21,158.88999938964844,161.66000366210938,156.19000244140625,161.41000366210938,8044100
2022-07-22,161.8000030517578,163.33999633789062,157.77000427246094,158.16000366210938,7594900
2022-07-25,156.94000244140625,157.30999755859375,152.83999633789062,156.63999938964844,5764700
2022-07-26,155.24000549316406,158.17999267578125,154.5,155.9199981689453,6053100
2022-07-27,161.1199951171875,162.74000549316406,152.8000030517578,156.08999633789062,16356600
2022-07-28,154.02000427246094,160.10000610351562,153.02999877929688,159.08999633789062,8729100
2022-07-29,157.9499969482422,159.83999633789062,155.5399932861328,159.30999755859375,5743500
2022-08-01,165.9499969482422,171.75999450683594,164.25,169.07000732421875,18321600
2022-08-02,167.0,167.3300018310547,163.13999938964844,163.27999877929688,10874300
2022-08-03,164.50999450683594,167.52000427246094,162.3300018310547,166.63999938964844,6709100
2022-08-04,165.77000427246094,168.1199951171875,164.41000366210938,166.5,5039600
2022-08-05,164.39999389648438,167.07000732421875,163.92999267578125,165.0399932861328,4709100
2022-08-08,166.41000366210938,171.08999633789062,164.7100067138672,165.88999938964844,11293200
2022-08-09,166.50999450683594,166.50999450683594,163.4499969482422,164.85000610351562,6064800
2022-08-10,168.35000610351562,171.13999938964844,167.25,169.02000427246094,7181700
2022-08-11,170.5,171.75999450683594,167.0500030517578,167.8800048828125,4996800
2022-08-12,168.38999938964844,170.11000061035156,167.57000732421875,169.99000549316406,4345200
2022-08-15,169.2899932861328,172.5500030517578,168.32000732421875,170.47000122070312,4734700
2022-08-16,170.0,173.85000610351562,169.14999389648438,172.0800018310547,5259600
2022-08-17,169.61000061035156,169.85000610351562,166.08999633789062,167.1999969482422,6533500
2022-08-18,167.1999969482422,169.17999267578125,165.77000427246094,168.69000244140625,4404600
2022-08-19,166.3300018310547,166.83999633789062,162.5800018310547,162.9199981689453,5736100
2022-08-22,159.39999389648438,160.27000427246094,157.91000366210938,158.97999572753906,5312300
2022-08-23,159.13999938964844,161.69000244140625,159.0800018310547,160.07000732421875,3425200
2022-08-24,162.27000427246094,164.13999938964844,161.3800048828125,163.60000610351562,4211300
2022-08-25,164.55999755859375,169.64999389648438,163.6999969482422,169.3800048828125,4949400
2022-08-26,170.0,171.3699951171875,164.27000427246094,164.52999877929688,4957400
2022-08-29,162.27999877929688,166.89999389648438,162.1999969482422,165.4199981689453,4727600
2022-08-30,167.27000427246094,169.9199981689453,160.72000122070312,162.2100067138672,6248600
2022-08-31,163.0,163.5500030517578,160.13999938964844,160.25,4123500
2022-09-01,158.0,158.89999389648438,150.82000732421875,153.66000366210938,7652000
2022-09-02,155.19000244140625,156.99000549316406,151.47999572753906,151.82000732421875,5262800
2022-09-06,152.38999938964844,154.47999572753906,150.4600067138672,152.38999938964844,5210500
2022-09-07,151.25999450683594,156.35000610351562,150.8699951171875,155.9499969482422,5298600
2022-09-08,155.0,158.3000030517578,153.83999633789062,157.7899932861328,4949100
2022-09-09,158.0,159.75,156.9499969482422,157.52000427246094,5775800
2022-09-12,158.4600067138672,160.97000122070312,157.4499969482422,158.72000122070312,5363100
2022-09-13,153.60000610351562,155.19000244140625,147.1300048828125,147.30999755859375,8724900
2022-09-14,146.89999389648438,149.6999969482422,144.3000030517578,149.25999450683594,8478000
2022-09-15,147.8800048828125,153.4499969482422,147.27999877929688,149.77999877929688,9792800
2022-09-16,145.22999572753906,145.6300048828125,141.35000610351562,144.2899932861328,10310700
2022-09-19,142.6199951171875,146.99000549316406,142.35000610351562,144.8800048828125,5150700
2022-09-20,145.25999450683594,147.6699981689453,143.89999389648438,145.94000244140625,6737600
2022-09-21,146.77000427246094,149.8699951171875,143.2100067138672,143.2899932861328,6244300
2022-09-22,143.1300048828125,143.6999969482422,138.2899932861328,138.7100067138672,6311800
2022-09-23,135.64999389648438,136.19000244140625,129.5,131.25999450683594,8927900
2022-09-26,129.77000427246094,132.4499969482422,126.87999725341797,127.33999633789062,7095100
2022-09-27,129.32000732421875,130.4499969482422,125.5999984741211,127.51000213623047,6682300
2022-09-28,128.0399932861328,133.88999938964844,127.4000015258789,133.44000244140625,10257200
2022-09-29,131.1999969482422,131.61000061035156,123.80000305175781,125.33000183105469,8905400
2022-09-30,123.13999938964844,125.4800033569336,120.98999786376953,121.08000183105469,8383000
2022-10-03,122.0,127.1500015258789,121.0199966430664,126.05000305175781,7962400
2022-10-04,129.39999389648438,133.57000732421875,129.3300018310547,133.50999450683594,7235700
2022-10-05,130.27999877929688,133.5500030517578,128.25999450683594,132.11000061035156,6268300
2022-10-06,131.1300048828125,133.30999755859375,129.74000549316406,132.1999969482422,4454700
2022-10-07,130.36000061035156,130.61000061035156,128.02000427246094,129.7899932861328,5097400
2022-10-10,131.4199981689453,135.74000549316406,130.1999969482422,131.89999389648438,6829900
2022-10-11,132.9600067138672,135.36000061035156,129.50999450683594,131.57000732421875,8508400
2022-10-12,128.42999267578125,131.33999633789062,127.86000061035156,130.4199981689453,6393000
2022-10-13,126.5,134.6999969482422,124.16999816894531,132.39999389648438,7842300
2022-10-14,135.58999633789062,136.41000366210938,131.3699951171875,133.14999389648438,6093900
2022-10-17,136.97999572753906,137.27999877929688,133.25999450683594,136.08999633789062,9073500
2022-10-18,139.0,139.4199981689453,135.22000122070312,137.33999633789062,6146300
2022-10-19,137.1699981689453,141.1999969482422,136.6300048828125,138.38999938964844,6321900
2022-10-20,138.36000061035156,141.8800048828125,138.36000061035156,139.1300048828125,4331700
2022-10-21,138.47999572753906,141.3300018310547,136.6199951171875,141.32000732421875,5451300
2022-10-24,142.85000610351562,142.8800048828125,139.27999877929688,142.0500030517578,5177800
2022-10-25,142.08999633789062,146.8800048828125,141.8800048828125,146.64999389648438,6515600
2022-10-26,147.0500030517578,150.13999938964844,132.2100067138672,133.7899932861328,29406500
2022-10-27,137.10000610351562,143.10000610351562,136.6199951171875,139.75999450683594,13754900
2022-10-28,141.16000366210938,144.72999572753906,139.92999267578125,143.83999633789062,7941100
2022-10-31,141.8800048828125,144.4499969482422,139.52000427246094,142.50999450683594,6212200
2022-11-01,143.99000549316406,145.25,141.83999633789062,143.3800048828125,5758600
2022-11-02,142.1199951171875,153.58999633789062,141.5399932861328,147.41000366210938,20236100
2022-11-03,148.7899932861328,158.69000244140625,147.5,156.75,16212600
2022-11-04,156.66000366210938,160.97999572753906,154.5,160.00999450683594,9396200
2022-11-07,161.39999389648438,166.6999969482422,160.6300048828125,164.91000366210938,10220300
2022-11-08,166.0,170.5500030517578,164.91000366210938,169.6199951171875,11274500
2022-11-09,169.2899932861328,171.6199951171875,166.86000061035156,168.74000549316406,8893800
2022-11-10,172.13999938964844,179.32000732421875,171.75,177.5800018310547,12375000
2022-11-11,176.39999389648438,178.02999877929688,172.99000549316406,177.49000549316406,8894300
2022-11-14,176.5,178.19000244140625,173.5,173.5500030517578,5598300
2022-11-15,175.49000549316406,176.69000244140625,172.75,175.35000610351562,7207900
2022-11-16,174.11000061035156,174.7899932861328,171.85000610351562,172.69000244140625,4438600
2022-11-17,169.3000030517578,173.14999389648438,168.52000427246094,172.77999877929688,4878600
2022-11-18,173.97999572753906,175.19000244140625,171.52999877929688,173.88999938964844,4693200
2022-11-21,172.52999877929688,174.72000122070312,171.1199951171875,172.94000244140625,3501800
2022-11-22,173.64999389648438,174.99000549316406,171.0,172.5,4370600
2022-11-23,172.08999633789062,175.0,171.77000427246094,174.85000610351562,3523500
2022-11-25,174.35000610351562,178.4600067138672,174.02999877929688,178.36000061035156,3476900
2022-11-28,176.1699981689453,177.13999938964844,171.6999969482422,171.8300018310547,5355500
2022-11-29,172.8800048828125,175.9499969482422,172.55999755859375,175.32000732421875,5077800
2022-11-30,178.0,179.97999572753906,174.1999969482422,178.8800048828125,6778700
2022-12-01,178.8800048828125,179.6999969482422,174.69000244140625,175.77999877929688,4517500
2022-12-02,173.1199951171875,183.4499969482422,172.85000610351562,182.8699951171875,10563800
2022-12-05,182.0,188.4499969482422,180.8000030517578,185.10000610351562,10456300
2022-12-06,184.00999450683594,184.7899932861328,177.00999450683594,178.42999267578125,8236900
2022-12-07,176.27999877929688,178.42999267578125,174.6199951171875,176.5,5871200
2022-12-08,179.32000732421875,184.8800048828125,178.61000061035156,179.0800018310547,6707700
2022-12-09,180.75,183.88999938964844,179.25,179.5399932861328,6359000
2022-12-12,180.8000030517578,186.69000244140625,180.5,186.27000427246094,8098400
2022-12-13,191.11000061035156,191.11000061035156,184.85000610351562,187.1300048828125,10975300
2022-12-14,187.3300018310547,189.6699981689453,185.41000366210938,188.25,5814900
2022-12-15,186.25,187.97999572753906,181.27999877929688,183.72000122070312,5343200
2022-12-16,182.7899932861328,186.61000061035156,181.3000030517578,184.6999969482422,7906800
2022-12-19,184.9199981689453,188.0399932861328,184.7100067138672,185.67999267578125,6605400
2022-12-20,186.17999267578125,189.91000366210938,185.74000549316406,188.2899932861328,6156800
2022-12-21,190.0399932861328,196.39999389648438,189.72000122070312,196.0,9175400
2022-12-22,193.82000732421875,194.1699981689453,185.6699981689453,188.25,6924800
2022-12-23,188.25,189.42999267578125,184.72000122070312,189.05999755859375,3983600
2022-12-27,189.5800018310547,192.44000244140625,187.6199951171875,189.39999389648438,5014800
2022-12-28,189.32000732421875,191.32000732421875,187.42999267578125,188.3800048828125,4426300
2022-12-29,189.0,190.25,186.19000244140625,188.91000366210938,4518900
2022-12-30,187.5,190.64999389648438,187.0399932861328,190.49000549316406,4007400
2023-01-03,192.9499969482422,197.17999267578125,192.39999389648438,195.38999938964844,8624600
2023-01-04,195.17999267578125,203.75999450683594,195.17999267578125,203.63999938964844,9746900
2023-01-05,201.72000122070312,204.99000549316406,200.77999877929688,204.99000549316406,6913300
2023-01-06,205.3000030517578,213.0399932861328,203.5500030517578,213.0,11256400
2023-01-09,212.36000061035156,213.8800048828125,207.91000366210938,208.57000732421875,9005600
2023-01-10,203.89999389648438,209.60000610351562,203.4600067138672,206.69000244140625,8183200
2023-01-11,209.8699951171875,210.47000122070312,206.69000244140625,208.02999877929688,7190700
2023-01-12,209.5800018310547,214.9199981689453,207.3699951171875,214.32000732421875,8208100
2023-01-13,212.0,216.63999938964844,211.5800018310547,214.1300048828125,6213200
2023-01-17,212.7100067138672,213.33999633789062,209.07000732421875,211.41000366210938,6150700
2023-01-18,212.89999389648438,213.4199981689453,209.1999969482422,209.41000366210938,5403100
2023-01-19,206.77000427246094,209.6699981689453,204.82000732421875,207.08999633789062,5813500
2023-01-20,207.47000122070312,207.99000549316406,204.77999877929688,206.75999450683594,5475400
2023-01-23,208.36000061035156,211.08999633789062,206.99000549316406,209.97000122070312,5481900
2023-01-24,205.0,212.14999389648438,205.0,211.97999572753906,4753700
2023-01-25,205.8000030517578,214.75,203.11000061035156,212.67999267578125,16106500
2023-01-26,213.47999572753906,213.7899932861328,207.1999969482422,212.72999572753906,7288100
2023-01-27,211.32000732421875,212.8800048828125,209.4199981689453,211.1699981689453,5237900
2023-01-30,209.19000244140625,211.36000061035156,207.7100067138672,209.6699981689453,6066800
2023-01-31,210.14999389648438,213.11000061035156,208.24000549316406,213.0,5163000
2023-02-01,212.11000061035156,218.97000122070312,211.89999389648438,214.75,8462100
2023-02-02,215.14999389648438,215.2899932861328,208.3000030517578,209.33999633789062,6513400
2023-02-03,207.7100067138672,210.75,205.6199951171875,206.00999450683594,5400300
2023-02-06,205.19000244140625,208.2100067138672,203.69000244140625,206.80999755859375,3903000
2023-02-07,208.0399932861328,215.14999389648438,206.9199981689453,214.75999450683594,7311200
2023-02-08,213.07000732421875,215.77000427246094,211.77999877929688,213.5,4229800
2023-02-09,214.4600067138672,215.4499969482422,210.05999755859375,211.99000549316406,5018900
2023-02-10,212.00999450683594,214.5,210.5,212.88999938964844,4862900
2023-02-13,213.60000610351562,216.36000061035156,211.5,215.64999389648438,5193300
2023-02-14,214.02000427246094,221.3300018310547,213.14999389648438,218.4499969482422,10033100
2023-02-15,217.16000366210938,218.25,214.60000610351562,217.44000244140625,4846800
2023-02-16,215.0,216.52000427246094,212.1699981689453,212.2100067138672,4388000
2023-02-17,211.2100067138672,211.75999450683594,207.6199951171875,211.66000366210938,4985700
2023-02-21,208.99000549316406,210.83999633789062,205.0500030517578,205.52000427246094,4663800
2023-02-22,205.30999755859375,207.6699981689453,204.64999389648438,205.75999450683594,2920000
2023-02-23,207.4499969482422,209.69000244140625,205.75999450683594,208.1300048828125,4139400
2023-02-24,200.0,201.6999969482422,197.36000061035156,198.14999389648438,9658700
2023-02-27,199.8699951171875,203.1300048828125,199.05999755859375,200.4600067138672,4318900
2023-02-28,201.0,202.3800048828125,199.32000732421875,201.5500030517578,3589900
2023-03-01,201.47000122070312,205.44000244140625,200.85000610351562,204.5500030517578,4402300
2023-03-02,203.77999877929688,210.3300018310547,203.14999389648438,210.05999755859375,5451500
2023-03-03,210.25,216.1199951171875,209.39999389648438,215.11000061035156,7496800
2023-03-06,214.1199951171875,214.75,209.60000610351562,211.9199981689453,7004400
2023-03-07,211.30999755859375,213.17999267578125,207.77999877929688,207.9199981689453,4619700
2023-03-08,208.25,208.8800048828125,205.94000244140625,207.1999969482422,2406900
2023-03-09,208.32000732421875,209.02000427246094,200.3000030517578,201.24000549316406,4284000
2023-03-10,201.42999267578125,205.0,197.7899932861328,203.07000732421875,8547100
2023-03-13,200.1999969482422,207.0800018310547,197.11000061035156,203.3699951171875,6671200
2023-03-14,207.52999877929688,213.55999755859375,205.0,207.27999877929688,8245700
2023-03-15,201.9199981689453,202.2100067138672,192.41000366210938,198.2100067138672,10894200
2023-03-16,196.2100067138672,203.91000366210938,194.42999267578125,203.19000244140625,6747300
2023-03-17,201.35000610351562,202.8300018310547,199.0,201.0500030517578,9858900
2023-03-20,201.1199951171875,205.8699951171875,200.8699951171875,204.77000427246094,4764000
2023-03-21,207.3000030517578,207.86000061035156,203.88999938964844,204.6999969482422,4673300
2023-03-22,203.67999267578125,203.8300018310547,196.00999450683594,196.16000366210938,7311600
2023-03-23,197.89999389648438,201.5,195.13999938964844,197.89999389648438,6266900
2023-03-24,195.5,197.57000732421875,193.9199981689453,197.52999877929688,4511600
2023-03-27,198.6300048828125,201.5500030517578,198.6300048828125,200.57000732421875,3891700
2023-03-28,200.82000732421875,206.3000030517578,200.49000549316406,204.9600067138672,5460600
2023-03-29,206.5,208.64999389648438,205.8800048828125,207.97000122070312,3572200
2023-03-30,208.97000122070312,212.8699951171875,206.52000427246094,211.0399932861328,6583400
2023-03-31,211.75,214.8000030517578,211.38999938964844,212.42999267578125,5147500
2023-04-03,212.8000030517578,218.57000732421875,212.52999877929688,215.38999938964844,6085900
2023-04-04,212.0,213.99000549316406,209.1199951171875,213.89999389648438,6192300
2023-04-05,212.22999572753906,214.22999572753906,208.6699981689453,210.0,4138400
2023-04-06,210.0,212.3699951171875,208.22000122070312,211.3699951171875,5618100
2023-04-10,211.0,214.10000610351562,209.72999572753906,210.77999877929688,3729300
2023-04-11,213.2899932861328,214.5,211.86000061035156,212.32000732421875,5277500
2023-04-12,213.66000366210938,214.3000030517578,210.1300048828125,212.33999633789062,4600300
2023-04-13,213.0,213.67999267578125,211.5,213.58999633789062,4501600
2023-04-14,202.58999633789062,204.27999877929688,198.14999389648438,201.7100067138672,19066500
2023-04-17,202.0,206.10000610351562,200.8000030517578,205.02999877929688,6306800
2023-04-18,205.5,208.94000244140625,203.72000122070312,208.3699951171875,7445800
2023-04-19,207.1199951171875,210.8699951171875,206.94000244140625,208.7100067138672,4757400
2023-04-20,207.4199981689453,209.8800048828125,206.0800018310547,207.22999572753906,3322900
2023-04-21,208.0,208.3800048828125,204.17999267578125,205.14999389648438,3432300
2023-04-24,204.8699951171875,206.5,203.25,205.77000427246094,3058900
2023-04-25,204.5399932861328,204.94000244140625,201.1199951171875,202.19000244140625,4699500
2023-04-26,208.25,211.6999969482422,202.67999267578125,203.02999877929688,9137200
2023-04-27,204.64999389648438,209.08999633789062,203.52999877929688,206.0399932861328,5105200
2023-04-28,204.50999450683594,206.9499969482422,202.89999389648438,206.77999877929688,3716100
2023-05-01,206.25,208.52000427246094,203.6199951171875,203.8699951171875,3776800
2023-05-02,203.0,204.19000244140625,200.08999633789062,203.25,3970800
2023-05-03,204.36000061035156,206.10000610351562,200.5500030517578,200.92999267578125,4537900
2023-05-04,200.64999389648438,201.25,193.27000427246094,197.0500030517578,6934100
2023-05-05,198.08999633789062,199.0399932861328,196.75999450683594,198.33999633789062,3872200
2023-05-08,199.16000366210938,199.66000366210938,196.39999389648438,197.25999450683594,4677400
2023-05-09,201.2100067138672,204.61000061035156,198.77999877929688,201.8800048828125,9329500
2023-05-10,203.13999938964844,203.1999969482422,198.25,200.83999633789062,3923700
2023-05-11,199.38999938964844,202.5500030517578,198.07000732421875,201.83999633789062,3322000
2023-05-12,201.83999633789062,203.11000061035156,198.82000732421875,200.6999969482422,3169800
2023-05-15,200.00999450683594,203.32000732421875,198.64999389648438,202.77000427246094,2842700
2023-05-16,201.82000732421875,202.36000061035156,199.94000244140625,200.8699951171875,3012100
2023-05-17,202.7100067138672,208.5800018310547,202.7100067138672,206.8699951171875,6641900
2023-05-18,206.4499969482422,208.1699981689453,204.00999450683594,207.24000549316406,4349700
2023-05-19,208.11000061035156,208.3699951171875,204.6300048828125,205.49000549316406,3896200
2023-05-22,205.50999450683594,206.97999572753906,203.89999389648438,205.91000366210938,3094300
2023-05-23,204.5800018310547,207.49000549316406,202.4499969482422,202.60000610351562,4011100
2023-05-24,201.32000732421875,201.32000732421875,197.5,199.27000427246094,4371600
2023-05-25,199.99000549316406,201.75,196.60000610351562,200.8699951171875,3909200
2023-05-26,201.60000610351562,204.8000030517578,201.17999267578125,203.6300048828125,3820300
2023-05-30,204.08999633789062,207.8000030517578,203.30999755859375,204.69000244140625,3978200
2023-05-31,203.5,206.19000244140625,200.91000366210938,205.6999969482422,5461600
2023-06-01,206.4600067138672,210.22999572753906,206.0,207.9600067138672,5125100
2023-06-02,210.0,215.24000549316406,210.0,213.32000732421875,7486300
2023-06-05,213.27999877929688,213.27999877929688,207.5,208.77999877929688,4996800
2023-06-06,208.3699951171875,211.67999267578125,200.61000061035156,207.2899932861328,10957200
2023-06-07,207.99000549316406,212.3800048828125,207.1999969482422,211.92999267578125,6462400
2023-06-08,212.33999633789062,220.0,212.0500030517578,218.11000061035156,9359300
2023-06-09,217.99000549316406,219.16000366210938,215.69000244140625,217.30999755859375,5297800
2023-06-12,217.16000366210938,223.91000366210938,216.6300048828125,221.55999755859375,8065400
2023-06-13,222.35000610351562,223.1199951171875,219.35000610351562,220.3800048828125,5881000
2023-06-14,221.39999389648438,221.58999633789062,216.02999877929688,216.89999389648438,5629100
2023-06-15,217.1699981689453,220.61000061035156,215.30999755859375,219.41000366210938,5001400
2023-06-16,220.72000122070312,223.8699951171875,218.97999572753906,219.99000549316406,7803900
2023-06-20,218.88999938964844,219.2899932861328,211.8800048828125,212.3699951171875,8226400
2023-06-21,211.8300018310547,212.99000549316406,209.38999938964844,212.0800018310547,5356400
2023-06-22,205.61000061035156,208.5,203.64999389648438,205.61000061035156,7057500
2023-06-23,204.02000427246094,205.61000061035156,202.5500030517578,205.41000366210938,6338200
2023-06-26,206.11000061035156,207.08999633789062,204.66000366210938,205.5800018310547,3444900
2023-06-27,206.14999389648438,209.66000366210938,206.0800018310547,209.42999267578125,4465500
2023-06-28,211.2100067138672,212.19000244140625,209.4499969482422,210.72000122070312,4276100
2023-06-29,211.1199951171875,213.22000122070312,210.22999572753906,211.8300018310547,3443600
2023-06-30,213.13999938964844,213.24000549316406,209.3800048828125,211.16000366210938,5488700
2023-07-03,210.5,212.1699981689453,210.24000549316406,210.9199981689453,2143000
2023-07-05,210.0,214.27999877929688,207.88999938964844,213.30999755859375,4921000
2023-07-06,212.47999572753906,213.61000061035156,209.5800018310547,212.6199951171875,4674700
2023-07-07,212.94000244140625,215.66000366210938,211.8300018310547,212.10000610351562,4893600
2023-07-10,211.83999633789062,213.58999633789062,211.22000122070312,213.30999755859375,3497100
2023-07-11,212.9199981689453,218.97999572753906,211.35000610351562,218.75999450683594,7451400
2023-07-12,219.50999450683594,221.55999755859375,216.9199981689453,217.11000061035156,5123200
2023-07-13,218.1300048828125,218.89999389648438,216.3000030517578,216.85000610351562,4291700
2023-07-14,217.0,217.02000427246094,212.80999755859375,213.1199951171875,4294800
2023-07-17,212.5,214.22999572753906,211.74000549316406,211.8699951171875,3621500
2023-07-18,211.0,213.0399932861328,209.57000732421875,211.57000732421875,5895800
2023-07-19,211.1199951171875,211.8699951171875,208.24000549316406,208.60000610351562,4814100
2023-07-20,208.8300018310547,215.10000610351562,208.8000030517578,213.61000061035156,5782200
2023-07-21,213.88999938964844,215.60000610351562,211.63999938964844,211.8000030517578,4056800
2023-07-24,212.05999755859375,215.94000244140625,211.4600067138672,215.8699951171875,4898300
2023-07-25,214.1999969482422,214.82000732421875,210.80999755859375,214.1199951171875,6513300
2023-07-26,222.16000366210938,233.08999633789062,221.77000427246094,232.8000030517578,24923800
2023-07-27,235.25,238.6699981689453,231.8300018310547,233.75,12018300
2023-07-28,236.1199951171875,240.1300048828125,235.6999969482422,238.69000244140625,7054600
2023-07-31,238.99000549316406,239.07000732421875,236.2100067138672,238.85000610351562,4894900
2023-08-01,237.5500030517578,243.10000610351562,237.30999755859375,238.00999450683594,4975200
2023-08-02,234.99000549316406,236.67999267578125,230.69000244140625,231.3800048828125,5326700
2023-08-03,231.0,233.5800018310547,230.39999389648438,231.36000061035156,3282900
2023-08-04,232.2899932861328,234.91000366210938,230.0800018310547,231.36000061035156,3500700
2023-08-07,232.74000549316406,238.97999572753906,232.74000549316406,238.25,6068000
2023-08-08,236.52000427246094,240.72999572753906,236.0,238.0399932861328,5149200
2023-08-09,238.5399932861328,241.24000549316406,236.41000366210938,237.86000061035156,4044400
2023-08-10,238.4499969482422,241.5800018310547,237.0399932861328,238.25999450683594,3710800
2023-08-11,237.61000061035156,238.25999450683594,235.1199951171875,235.72000122070312,2652100
2023-08-14,237.0,238.64999389648438,235.75,236.7100067138672,2486300
2023-08-15,235.0,235.55999755859375,231.5399932861328,232.25999450683594,3201900
2023-08-16,231.5,234.6699981689453,229.60000610351562,229.9499969482422,2273300
2023-08-17,230.57000732421875,231.63999938964844,224.25999450683594,224.5399932861328,4359400
2023-08-18,222.22999572753906,226.7899932861328,221.67999267578125,226.64999389648438,3583200
2023-08-21,226.8000030517578,227.69000244140625,225.10000610351562,227.22000122070312,2734600
2023-08-22,228.0800018310547,230.47999572753906,226.92999267578125,230.07000732421875,3011000
2023-08-23,230.0,230.5399932861328,227.11000061035156,228.5800018310547,3004500
2023-08-24,222.50999450683594,224.1999969482422,217.08999633789062,217.30999755859375,9132600
2023-08-25,218.41000366210938,223.77000427246094,212.8800048828125,223.41000366210938,12352300
2023-08-28,224.2100067138672,227.4499969482422,223.2899932861328,227.05999755859375,4641800
2023-08-29,225.8800048828125,229.39999389648438,225.66000366210938,227.25,3716700
2023-08-30,227.0800018310547,231.1699981689453,226.64999389648438,228.85000610351562,3328300
2023-08-31,229.3300018310547,230.42999267578125,222.92999267578125,224.02999877929688,6953800
2023-09-01,226.0,226.22999572753906,221.9499969482422,223.39999389648438,3658400
2023-09-05,223.10000610351562,224.08999633789062,221.1999969482422,222.57000732421875,3246500
2023-09-06,221.77000427246094,222.7899932861328,216.4199981689453,217.9499969482422,4233500
2023-09-07,217.5,220.5500030517578,214.86000061035156,216.0500030517578,4929600
2023-09-08,215.8300018310547,216.0,210.50999450683594,211.27000427246094,5752000
2023-09-11,213.75999450683594,214.1999969482422,208.77000427246094,211.00999450683594,4522300
2023-09-12,209.35000610351562,212.25999450683594,208.5800018310547,210.64999389648438,3256500
2023-09-13,210.0,212.17999267578125,207.75,208.39999389648438,3538100
2023-09-14,209.13999938964844,210.44000244140625,208.10000610351562,209.0500030517578,3974800
2023-09-15,209.27999877929688,209.8300018310547,206.8800048828125,208.11000061035156,4670600
2023-09-18,207.91000366210938,207.91000366210938,204.97999572753906,205.1199951171875,4299200
2023-09-19,205.39999389648438,205.66000366210938,202.38999938964844,204.47999572753906,4039900
2023-09-20,205.8699951171875,206.25,202.30999755859375,202.3699951171875,3738800
2023-09-21,201.0,203.60000610351562,199.7100067138672,199.9499969482422,4745700
2023-09-22,199.9600067138672,200.74000549316406,197.13999938964844,197.7100067138672,4450900
2023-09-25,196.83999633789062,198.97999572753906,195.19000244140625,198.77999877929688,3527100
2023-09-26,197.7899932861328,199.38999938964844,195.4199981689453,195.63999938964844,3666300
2023-09-27,196.00999450683594,196.39999389648438,192.77000427246094,195.4600067138672,4015500
2023-09-28,193.6999969482422,195.25999450683594,190.02999877929688,190.42999267578125,8009500
2023-09-29,191.9199981689453,192.9499969482422,190.1699981689453,191.67999267578125,5158400
2023-10-02,191.47000122070312,192.44000244140625,186.92999267578125,187.8300018310547,5244700
2023-10-03,188.6300048828125,192.49000549316406,188.1999969482422,188.9199981689453,7285500
2023-10-04,188.85000610351562,190.6300048828125,184.33999633789062,186.72999572753906,7419800
2023-10-05,186.16000366210938,188.10000610351562,184.13999938964844,186.2899932861328,4331700
2023-10-06,185.3699951171875,188.63999938964844,182.5500030517578,187.3800048828125,5364300
2023-10-09,188.0,189.49000549316406,185.67999267578125,188.49000549316406,4575800
2023-10-10,190.00999450683594,194.3000030517578,188.75999450683594,193.52999877929688,8062400
2023-10-11,195.47000122070312,199.6199951171875,194.27000427246094,196.07000732421875,7394000
2023-10-12,195.10000610351562,195.6999969482422,189.9600067138672,191.3000030517578,5668300
2023-10-13,186.27000427246094,187.2899932861328,183.17999267578125,184.91000366210938,8215700
2023-10-16,185.91000366210938,186.22999572753906,182.5,184.92999267578125,4701000
2023-10-17,183.75,188.3300018310547,183.3000030517578,185.60000610351562,5121800
2023-10-18,187.22000122070312,190.25,185.0500030517578,185.69000244140625,6268100
2023-10-19,185.5,187.0500030517578,182.5399932861328,182.7899932861328,4043700
2023-10-20,182.67999267578125,183.38999938964844,179.85000610351562,180.0399932861328,4523500
2023-10-23,179.44000244140625,183.72000122070312,178.42999267578125,181.02999877929688,4146200
2023-10-24,183.2100067138672,184.35000610351562,181.8000030517578,182.36000061035156,4652900
2023-10-25,186.0,187.0,176.25,177.72999572753906,13806400
2023-10-26,177.11000061035156,182.9499969482422,176.52999877929688,179.08999633789062,6961800
2023-10-27,180.0,182.3300018310547,179.00999450683594,179.69000244140625,4606300
2023-10-30,179.4199981689453,184.16000366210938,179.4199981689453,182.35000610351562,5507100
2023-10-31,183.3800048828125,187.2899932861328,181.32000732421875,186.82000732421875,5043000
2023-11-01,189.69000244140625,190.77999877929688,187.5,189.3800048828125,5832200
2023-11-02,190.89999389648438,192.94000244140625,190.33999633789062,192.00999450683594,4313000
2023-11-03,194.0,197.13999938964844,193.7100067138672,195.0500030517578,4485100
2023-11-06,195.8800048828125,196.14999389648438,192.4600067138672,192.9499969482422,4222200
2023-11-07,192.1699981689453,192.1699981689453,189.57000732421875,191.41000366210938,4012900
2023-11-08,191.4499969482422,192.44000244140625,190.13999938964844,191.8300018310547,2984200
2023-11-09,193.02999877929688,197.07000732421875,192.55999755859375,193.3300018310547,4576300
2023-11-10,195.0,197.25999450683594,194.2100067138672,196.64999389648438,4788500
2023-11-13,203.49000549316406,206.85000610351562,202.50999450683594,204.5399932861328,13040300
2023-11-14,207.25,208.55999755859375,205.97999572753906,207.47000122070312,7280100
2023-11-15,208.2100067138672,211.08999633789062,207.60000610351562,208.7100067138672,5205900
2023-11-16,207.5,207.88999938964844,204.80999755859375,206.60000610351562,4655100
2023-11-17,208.36000061035156,209.4199981689453,206.82000732421875,208.0399932861328,3564600
2023-11-20,211.00999450683594,218.8800048828125,210.94000244140625,217.7100067138672,11568100
2023-11-21,216.5,219.3800048828125,216.07000732421875,218.27000427246094,5362100
2023-11-22,218.0,221.5,217.6999969482422,219.91000366210938,5384400
2023-11-24,220.61000061035156,221.58999633789062,218.9600067138672,220.0,2312100
2023-11-27,218.80999755859375,219.52999877929688,217.66000366210938,219.3000030517578,3691200
2023-11-28,222.00999450683594,224.8000030517578,219.41000366210938,222.3699951171875,7817800
2023-11-29,223.35000610351562,224.99000549316406,221.33999633789062,224.42999267578125,5424400
2023-11-30,225.0,233.0,225.0,231.6300048828125,8736200
2023-12-01,231.77000427246094,235.3800048828125,231.3800048828125,233.8699951171875,6956200
2023-12-04,231.3000030517578,234.94000244140625,230.07000732421875,234.8699951171875,5228500
2023-12-05,233.5399932861328,234.74000549316406,231.49000549316406,234.16000366210938,3589800
2023-12-06,234.77999877929688,239.22999572753906,234.42999267578125,236.88999938964844,4740600
2023-12-07,236.89999389648438,238.3000030517578,230.0,237.3300018310547,6363700
2023-12-08,237.32000732421875,244.6999969482422,237.32000732421875,244.6999969482422,7171200
2023-12-11,243.5,248.0800018310547,243.30999755859375,248.0800018310547,7545000
2023-12-12,247.9499969482422,250.57000732421875,247.39999389648438,248.6300048828125,5719200
2023-12-13,249.10000610351562,251.8699951171875,247.52999877929688,250.91000366210938,5513400
2023-12-14,250.91000366210938,257.1199951171875,249.25999450683594,256.239990234375,7883600
2023-12-15,255.6999969482422,265.5199890136719,255.6999969482422,264.2699890136719,14995900
2023-12-18,260.6300048828125,263.1300048828125,260.25,260.4100036621094,6140100
2023-12-19,261.0400085449219,265.3399963378906,260.79998779296875,263.510009765625,6089500
2023-12-20,262.25,266.1300048828125,260.1499938964844,260.25,5151700
2023-12-21,265.95001220703125,267.5400085449219,260.19000244140625,262.0199890136719,6487200
2023-12-22,261.8299865722656,262.8399963378906,259.20001220703125,260.44000244140625,4434000
2023-12-26,259.79998779296875,263.760009765625,259.5400085449219,262.7900085449219,3938600
2023-12-27,262.6300048828125,264.6600036621094,260.8999938964844,262.1000061035156,3484900
2023-12-28,261.5299987792969,262.1000061035156,257.67999267578125,260.3500061035156,5096400
2023-12-29,260.6700134277344,262.2200012207031,259.55999755859375,260.6600036621094,3686600
2024-01-02,257.2799987792969,258.5899963378906,250.8699951171875,251.75999450683594,5815200
2024-01-03,248.32000732421875,250.1300048828125,243.0,243.91000366210938,7219900
2024-01-04,244.5800018310547,248.27999877929688,244.17999267578125,244.94000244140625,5170700
2024-01-05,245.0399932861328,250.19000244140625,245.0399932861328,249.0,3849700
2024-01-08,228.0,233.85000610351562,225.7899932861328,229.0,40730400
2024-01-09,225.66000366210938,228.7899932861328,223.1999969482422,225.75999450683594,20687500
2024-01-10,226.89999389648438,231.61000061035156,226.63999938964844,227.83999633789062,12883700
2024-01-11,228.07000732421875,228.27999877929688,222.6199951171875,222.66000366210938,11830500
2024-01-12,219.97000122070312,222.07000732421875,217.0399932861328,217.6999969482422,11285500
2024-01-16,210.07000732421875,210.97999572753906,199.5,200.52000427246094,35290000
2024-01-17,202.6300048828125,206.3000030517578,201.64999389648438,203.05999755859375,20140100
2024-01-18,205.63999938964844,213.0399932861328,203.32000732421875,211.61000061035156,20046800
2024-01-19,210.88999938964844,215.16000366210938,209.22999572753906,215.02000427246094,14345400
2024-01-22,213.07000732421875,217.0,212.36000061035156,214.92999267578125,10760800
2024-01-23,215.35000610351562,216.85000610351562,211.1300048828125,211.5,9076900
2024-01-24,209.8300018310547,217.58999633789062,209.36000061035156,214.1300048828125,15119100
2024-01-25,208.1999969482422,208.72999572753906,198.32000732421875,201.8800048828125,22112500
2024-01-26,203.0800018310547,206.75,203.0,205.47000122070312,9911200
2024-01-29,206.05999755859375,207.0399932861328,203.85000610351562,205.19000244140625,7535400
2024-01-30,203.64999389648438,203.97999572753906,199.13999938964844,200.44000244140625,13321200
2024-01-31,204.9199981689453,213.77000427246094,203.25,211.0399932861328,22409400
2024-02-01,213.83999633789062,214.6300048828125,206.80999755859375,209.80999755859375,10679200
2024-02-02,209.05999755859375,209.5399932861328,206.35000610351562,209.3800048828125,6275300
2024-02-05,204.63999938964844,207.33999633789062,202.0,206.6300048828125,8682500
2024-02-06,206.02000427246094,210.63999938964844,203.88999938964844,208.5800018310547,7556900
2024-02-07,208.75999450683594,213.77000427246094,207.99000549316406,211.9199981689453,7747700
2024-02-08,212.39999389648438,213.10000610351562,208.72000122070312,209.22000122070312,5787700
2024-02-09,209.77000427246094,211.44000244140625,207.89999389648438,209.1999969482422,4349700
2024-02-12,208.6999969482422,209.8000030517578,207.60000610351562,209.3300018310547,4077400
2024-02-13,206.89999389648438,207.80999755859375,202.3300018310547,204.4600067138672,8263600
2024-02-14,205.9499969482422,206.5800018310547,202.2100067138672,203.3800048828125,6503000
2024-02-15,204.1199951171875,206.5500030517578,203.39999389648438,205.3300018310547,5309100
2024-02-16,204.8800048828125,205.0500030517578,202.80999755859375,203.88999938964844,5986500
2024-02-20,203.5500030517578,205.5800018310547,202.7100067138672,203.3699951171875,5248400
2024-02-21,202.89999389648438,203.6300048828125,201.2100067138672,201.57000732421875,4171600
2024-02-22,202.0,204.10000610351562,200.39999389648438,201.5,6513500
2024-02-23,200.99000549316406,202.07000732421875,197.14999389648438,200.8300018310547,7433400
2024-02-26,201.00999450683594,202.75,200.0,200.5399932861328,4807200
2024-02-27,200.92999267578125,202.0,200.0399932861328,201.39999389648438,3932900
2024-02-28,201.13999938964844,208.10000610351562,200.17999267578125,207.0,9654700
2024-02-29,206.44000244140625,206.6199951171875,202.6999969482422,203.72000122070312,6670300
2024-03-01,204.0,205.05999755859375,199.00999450683594,200.0,11609500
2024-03-04,199.5,201.5399932861328,196.9199981689453,200.5399932861328,7213900
2024-03-05,199.49000549316406,202.85000610351562,198.6999969482422,201.13999938964844,5034700
2024-03-06,201.77000427246094,202.35000610351562,199.86000061035156,201.0,4736600
2024-03-07,200.6999969482422,203.72999572753906,200.57000732421875,203.02999877929688,5965300
2024-03-08,201.83999633789062,203.8000030517578,198.4600067138672,198.49000549316406,9010200
2024-03-11,194.2100067138672,196.07000732421875,189.8000030517578,192.49000549316406,14160600
2024-03-12,188.24000549316406,188.5800018310547,183.16000366210938,184.24000549316406,18714800
2024-03-13,183.16000366210938,185.97000122070312,182.0800018310547,182.35000610351562,10196100
2024-03-14,182.0,184.94000244140625,180.52000427246094,181.14999389648438,10016200
2024-03-15,180.99000549316406,184.17999267578125,180.91000366210938,182.52999877929688,10800700
2024-03-18,180.25999450683594,181.19000244140625,177.52000427246094,179.83999633789062,9497800
2024-03-19,180.11000061035156,181.86000061035156,179.74000549316406,181.13999938964844,7648000
2024-03-20,178.99000549316406,188.3000030517578,178.60000610351562,187.77999877929688,12770000
2024-03-21,189.7899932861328,190.3800048828125,187.5500030517578,187.6999969482422,7436400
2024-03-22,188.75,192.94000244140625,188.19000244140625,188.85000610351562,7827000
2024-03-25,196.00999450683594,196.17999267578125,189.5,191.41000366210938,12953000
2024-03-26,192.02000427246094,192.02999877929688,186.80999755859375,187.5,8972200
2024-03-27,188.83999633789062,191.99000549316406,188.3300018310547,191.9499969482422,7372800
2024-03-28,192.0,193.3800048828125,191.1999969482422,192.99000549316406,4471700
2024-04-01,192.24000549316406,192.8699951171875,189.02999877929688,189.5,5107800
2024-04-02,189.0,189.22999572753906,187.1300048828125,188.0399932861328,4477200
2024-04-03,187.67999267578125,188.77999877929688,184.27000427246094,184.9199981689453,6609300
2024-04-04,185.92999267578125,188.0,182.80999755859375,183.2899932861328,6513800
2024-04-05,184.16000366210938,184.66000366210938,182.44000244140625,183.13999938964844,4130400
2024-04-08,182.13999938964844,184.5500030517578,181.49000549316406,181.55999755859375,6176400
2024-04-09,181.50999450683594,183.0500030517578,176.57000732421875,178.1199951171875,11427800
2024-04-10,176.30999755859375,178.10000610351562,172.44000244140625,174.6300048828125,9727700
2024-04-11,174.47000122070312,174.6999969482422,171.3800048828125,173.36000061035156,7625100
2024-04-12,172.1999969482422,173.24000549316406,169.3699951171875,169.5500030517578,7568300
2024-04-15,170.74000549316406,171.17999267578125,167.52999877929688,167.82000732421875,6490700
2024-04-16,168.13999938964844,170.63999938964844,167.75,170.5500030517578,7986700
2024-04-17,170.0,170.85000610351562,168.1199951171875,170.2100067138672,8162600
2024-04-18,169.47999572753906,172.0399932861328,169.10000610351562,170.22999572753906,5123000
2024-04-19,170.0,172.0,169.64999389648438,169.82000732421875,4693900
2024-04-22,169.82000732421875,172.14999389648438,168.16000366210938,170.47999572753906,4724900
2024-04-23,170.9499969482422,171.17999267578125,168.42999267578125,169.17999267578125,7632100
2024-04-24,176.5,177.63999938964844,162.74000549316406,164.3300018310547,20889300
2024-04-25,163.58999633789062,168.1300048828125,159.6999969482422,166.80999755859375,12504700
2024-04-26,165.97999572753906,168.64999389648438,164.92999267578125,167.22000122070312,7208100
2024-04-29,167.89999389648438,173.80999755859375,167.5500030517578,173.49000549316406,7788600
2024-04-30,171.49000549316406,174.07000732421875,167.75999450683594,167.83999633789062,8248800
2024-05-01,167.5,173.86000061035156,167.5,171.4600067138672,6191900
2024-05-02,173.0,178.89999389648438,172.25,178.85000610351562,10223700
2024-05-03,179.58999633789062,180.49000549316406,177.89999389648438,179.7899932861328,5416300
2024-05-06,180.8800048828125,183.97999572753906,174.7100067138672,178.35000610351562,11913400
2024-05-07,177.22000122070312,178.35000610351562,176.1300048828125,176.7100067138672,5097500
2024-05-08,175.9499969482422,181.66000366210938,175.9499969482422,180.35000610351562,4956800
2024-05-09,179.5500030517578,181.75,179.30999755859375,181.25,5107400
2024-05-10,181.25,181.8800048828125,177.9199981689453,178.50999450683594,3715500
2024-05-13,179.0399932861328,180.75,178.07000732421875,178.44000244140625,3105200
2024-05-14,180.22999572753906,183.66000366210938,179.6300048828125,180.75999450683594,4686500
2024-05-15,180.13999938964844,180.6699981689453,176.1699981689453,176.99000549316406,5858900
2024-05-16,177.60000610351562,183.75999450683594,177.25,182.9600067138672,6993200
2024-05-17,183.25,185.3800048828125,181.22000122070312,184.9499969482422,5562400
2024-05-20,184.64999389648438,188.6300048828125,184.00999450683594,186.61000061035156,6228600
2024-05-21,185.3000030517578,186.38999938964844,183.11000061035156,184.77999877929688,4349100
2024-05-22,184.60000610351562,186.82000732421875,183.41000366210938,186.27999877929688,3785400
2024-05-23,185.7899932861328,186.0,171.61000061035156,172.2100067138672,17116000
2024-05-24,173.1999969482422,174.86000061035156,169.57000732421875,174.52000427246094,9489400
2024-05-28,174.72999572753906,178.49000549316406,173.3800048828125,175.0800018310547,5274400
2024-05-29,173.61000061035156,175.8300018310547,171.61000061035156,171.64999389648438,3666400
2024-05-30,172.63999938964844,174.67999267578125,171.5500030517578,172.75,3924700
2024-05-31,173.1199951171875,177.89999389648438,172.2100067138672,177.61000061035156,5774500
2024-06-03,178.08999633789062,186.00999450683594,178.02000427246094,184.57000732421875,8951600
2024-06-04,185.0500030517578,188.83999633789062,183.25,188.6199951171875,7176800
2024-06-05,187.89999389648438,190.33999633789062,186.52999877929688,189.85000610351562,5944000
2024-06-06,188.8300018310547,192.10000610351562,187.35000610351562,191.4199981689453,5942200
2024-06-07,190.4600067138672,191.97999572753906,189.66000366210938,190.24000549316406,3374500
2024-06-10,190.0,192.6300048828125,189.60000610351562,190.1199951171875,4385000
2024-06-11,189.32000732421875,189.32000732421875,182.75,185.5,5010100
2024-06-12,186.5,187.16000366210938,181.7100067138672,182.6699981689453,5245200
2024-06-13,181.74000549316406,183.8699951171875,178.99000549316406,180.6999969482422,4201000
2024-06-14,178.89999389648438,180.2899932861328,175.22000122070312,177.27000427246094,5106000
2024-06-17,176.75,180.4499969482422,176.32000732421875,178.38999938964844,4790000
2024-06-18,177.61000061035156,178.0,173.82000732421875,174.99000549316406,6179900
2024-06-20,173.02000427246094,176.64999389648438,172.0500030517578,176.3000030517578,5479300
2024-06-21,176.8300018310547,178.41000366210938,175.66000366210938,176.55999755859375,8628200
2024-06-24,176.14999389648438,180.60000610351562,175.58999633789062,179.10000610351562,7388300
2024-06-25,176.2899932861328,178.75999450683594,173.2899932861328,175.10000610351562,7434000
2024-06-26,174.9600067138672,178.82000732421875,173.75999450683594,178.5,6553900
2024-06-27,178.91000366210938,183.67999267578125,178.00999450683594,182.50999450683594,8199000
2024-06-28,182.60000610351562,184.44000244140625,180.64999389648438,182.00999450683594,5899900
2024-07-01,182.1999969482422,189.47000122070312,182.1999969482422,186.6999969482422,9056700
2024-07-02,186.33999633789062,189.22999572753906,184.52000427246094,185.4199981689453,4110500
2024-07-03,185.0500030517578,185.4199981689453,182.85000610351562,184.30999755859375,2764800
2024-07-05,184.0,185.3800048828125,182.22999572753906,184.8300018310547,3290400
2024-07-08,186.94000244140625,191.5,182.27999877929688,185.83999633789062,9878100
2024-07-09,185.11000061035156,186.25,183.14999389648438,183.24000549316406,3942900
2024-07-10,183.60000610351562,184.89999389648438,182.8000030517578,183.72999572753906,3583200
2024-07-11,184.1699981689453,186.10000610351562,183.39999389648438,183.91000366210938,4840600
2024-07-12,183.72999572753906,184.49000549316406,180.4499969482422,182.30999755859375,5129300
2024-07-15,183.5,183.72000122070312,178.8800048828125,179.11000061035156,5189000
2024-07-16,180.0500030517578,187.44000244140625,179.1999969482422,186.0500030517578,8546400
2024-07-17,185.32000732421875,188.4499969482422,183.7899932861328,184.83999633789062,4899600
2024-07-18,184.24000549316406,187.3699951171875,179.8800048828125,180.22999572753906,5354800
2024-07-19,181.39999389648438,181.5,177.38999938964844,179.6699981689453,5121300
2024-07-22,181.36000061035156,182.72000122070312,177.22999572753906,178.89999389648438,4883500
2024-07-23,179.10000610351562,187.0399932861328,179.0,186.47999572753906,7614300
2024-07-24,185.6199951171875,187.0,179.97000122070312,180.07000732421875,5109100
2024-07-25,179.4499969482422,188.35000610351562,179.4499969482422,184.35000610351562,6128000
2024-07-26,185.86000061035156,189.58999633789062,184.6300048828125,186.88999938964844,6272000
2024-07-29,186.6999969482422,187.0800018310547,183.8300018310547,185.42999267578125,3608600
2024-07-30,186.10000610351562,188.1300048828125,185.14999389648438,186.86000061035156,4789000
2024-07-31,189.8800048828125,196.9499969482422,183.86000061035156,190.60000610351562,15417000
2024-08-01,190.0,191.1699981689453,176.69000244140625,178.30999755859375,13887000
2024-08-02,175.22000122070312,175.4600067138672,167.25,169.9499969482422,11742800
2024-08-05,162.52000427246094,167.67999267578125,162.5,167.02999877929688,9255100
2024-08-06,168.88999938964844,169.19000244140625,163.38999938964844,165.0399932861328,5817300
2024-08-07,167.0,167.97999572753906,162.99000549316406,163.24000549316406,5186400
2024-08-08,164.22999572753906,169.35000610351562,164.0,168.8699951171875,6063800
2024-08-09,168.38999938964844,169.85000610351562,166.89999389648438,167.91000366210938,3635600
2024-08-12,167.72999572753906,168.0500030517578,163.52000427246094,164.1300048828125,4715600
2024-08-13,164.5,168.8800048828125,162.6199951171875,168.75999450683594,6475500
2024-08-14,167.88999938964844,169.75,167.3300018310547,168.5,3852700
2024-08-15,170.0,176.55999755859375,169.97999572753906,176.41000366210938,5942200
2024-08-16,176.3000030517578,180.50999450683594,176.3000030517578,179.99000549316406,6731500
2024-08-19,180.0399932861328,180.6999969482422,177.6300048828125,179.63999938964844,3894200
2024-08-20,176.49000549316406,177.5,170.0399932861328,172.10000610351562,9549100
2024-08-21,173.0,174.1999969482422,171.0399932861328,173.42999267578125,4493600
2024-08-22,173.0,175.2100067138672,172.3000030517578,172.75999450683594,2788000
2024-08-23,173.8800048828125,176.9199981689453,173.1699981689453,174.9600067138672,4405900
2024-08-26,173.0,174.9199981689453,172.3000030517578,173.47999572753906,4034300
2024-08-27,173.6199951171875,173.92999267578125,171.25,173.0500030517578,3295800
2024-08-28,172.3000030517578,174.25,170.14999389648438,170.7100067138672,4550300
2024-08-29,171.7100067138672,175.27999877929688,170.6199951171875,172.25999450683594,4119500
2024-08-30,173.13999938964844,174.36000061035156,171.49000549316406,173.74000549316406,4146200
2024-09-03,167.02999877929688,169.60000610351562,158.3000030517578,161.02000427246094,17925400
2024-09-04,160.27999877929688,166.6999969482422,160.27999877929688,163.22000122070312,7316300
2024-09-05,164.14999389648438,164.6199951171875,160.10000610351562,162.14999389648438,4717500
2024-09-06,162.5,162.85000610351562,156.6999969482422,157.6199951171875,7328600
2024-09-09,162.3000030517578,164.5500030517578,161.11000061035156,162.91000366210938,9091500
2024-09-10,162.61000061035156,163.89999389648438,157.92999267578125,160.07000732421875,6367100
2024-09-11,159.7899932861328,161.8699951171875,156.10000610351562,161.3300018310547,6664800
2024-09-12,159.4199981689453,163.5,159.05999755859375,162.77000427246094,4742700
2024-09-13,159.77999877929688,162.88999938964844,155.60000610351562,156.77000427246094,19003400
2024-09-16,156.25,157.75999450683594,154.02000427246094,155.5500030517578,9955200
2024-09-17,156.1699981689453,158.8800048828125,155.13999938964844,156.38999938964844,8123200
2024-09-18,157.0,158.4499969482422,154.8000030517578,155.11000061035156,7714400
2024-09-19,157.0,157.17999267578125,154.27000427246094,154.58999633789062,9570000
2024-09-20,154.00999450683594,154.63999938964844,152.60000610351562,153.2899932861328,13919400
2024-09-23,153.0,158.42999267578125,151.64999389648438,156.3000030517578,12476800
2024-09-24,155.8000030517578,155.89999389648438,153.69000244140625,155.80999755859375,7414900
2024-09-25,156.4199981689453,157.22000122070312,152.0399932861328,152.22000122070312,9587700
2024-09-26,153.94000244140625,157.3300018310547,152.66000366210938,154.5800018310547,11414400
2024-09-27,155.3699951171875,157.3300018310547,154.38999938964844,156.32000732421875,7637000
2024-09-30,154.7899932861328,155.3000030517578,151.24000549316406,152.0399932861328,10902200
2024-10-01,151.4600067138672,156.39999389648438,149.49000549316406,154.22000122070312,12588800
2024-10-02,153.75999450683594,154.85000610351562,152.83999633789062,152.88999938964844,4357000
2024-10-03,152.1199951171875,152.74000549316406,150.50999450683594,150.52000427246094,5704800
2024-10-04,152.25999450683594,155.0,150.85000610351562,155.0,6657500
2024-10-07,155.0,158.75999450683594,154.67999267578125,155.91000366210938,6267900
2024-10-08,155.99000549316406,156.6999969482422,154.13999938964844,154.64999389648438,5336300
2024-10-09,152.0500030517578,152.19000244140625,148.8000030517578,149.3699951171875,12488500
2024-10-10,149.07000732421875,149.11000061035156,146.25999450683594,146.6199951171875,11275800
2024-10-11,146.3000030517578,151.1199951171875,146.3000030517578,151.02000427246094,10688600
2024-10-14,148.0,150.08999633789062,146.02000427246094,148.99000549316406,9737000
2024-10-15,150.5,153.9499969482422,148.5500030517578,152.35000610351562,11241700
2024-10-16,151.91000366210938,154.99000549316406,151.33999633789062,154.89999389648438,8356200
2024-10-17,155.0,157.13999938964844,154.25,155.30999755859375,6291800
2024-10-18,155.83999633789062,156.3699951171875,153.89999389648438,155.0,6030200
2024-10-21,160.25,163.44000244140625,158.36000061035156,159.82000732421875,13277600
2024-10-22,160.5,160.66000366210938,158.3699951171875,159.8800048828125,7380800
2024-10-23,160.0,161.47000122070312,153.52999877929688,157.05999755859375,15931500
2024-10-24,152.61000061035156,155.88999938964844,151.97999572753906,155.1999969482422,9774400
2024-10-25,156.1999969482422,157.47999572753906,154.52000427246094,155.00999450683594,8153000
2024-10-28,153.5,155.1999969482422,150.61000061035156,150.69000244140625,20992500
2024-10-29,147.86000061035156,155.99000549316406,147.5800018310547,152.97999572753906,66387700
2024-10-30,152.50999450683594,156.91000366210938,152.50999450683594,154.2899932861328,50738400
2024-10-31,154.30999755859375,154.47999572753906,147.8800048828125,149.30999755859375,29388200
2024-11-01,152.77999877929688,156.0,151.22999572753906,154.58999633789062,18894500
2024-11-04,154.6199951171875,156.72000122070312,152.4600067138672,155.07000732421875,10290400
2024-11-05,157.47000122070312,157.66000366210938,150.64999389648438,151.0,23126600
2024-11-06,152.3000030517578,153.1999969482422,144.1300048828125,147.16000366210938,28069300
2024-11-07,148.8000030517578,152.8000030517578,148.02999877929688,150.97999572753906,14709200
2024-11-08,151.1199951171875,152.60000610351562,149.42999267578125,151.67999267578125,12996800
2024-11-11,152.0,152.5,148.07000732421875,148.9600067138672,12799100
2024-11-12,148.39999389648438,148.5,143.85000610351562,145.1699981689453,16746700
2024-11-13,145.5800018310547,145.5800018310547,139.10000610351562,139.97000122070312,21249600
2024-11-14,140.8000030517578,141.5500030517578,137.22000122070312,138.13999938964844,15646700
2024-11-15,138.13999938964844,140.32000732421875,137.02999877929688,140.19000244140625,12120100
2024-11-18,140.25999450683594,144.69000244140625,138.1999969482422,143.8699951171875,12251600
2024-11-19,143.0,145.99000549316406,142.69000244140625,145.60000610351562,8247300
2024-11-20,146.0399932861328,147.3000030517578,145.02000427246094,146.0800018310547,9232100
2024-11-21,146.38999938964844,146.4199981689453,141.33999633789062,143.41000366210938,7845100
2024-11-22,143.61000061035156,150.33999633789062,143.49000549316406,149.2899932861328,13353100
2024-11-25,150.6999969482422,153.27999877929688,150.25999450683594,153.10000610351562,11479400
2024-11-26,152.5,153.13999938964844,149.8000030517578,150.75999450683594,8235000
2024-11-27,151.11000061035156,152.91000366210938,150.25,152.39999389648438,5210100
2024-11-29,153.0,157.5,152.85000610351562,155.44000244140625,7100100
2024-12-02,155.91000366210938,160.35000610351562,155.6999969482422,156.5399932861328,10097900
2024-12-03,156.0,156.64999389648438,154.4199981689453,155.0,6130300
2024-12-04,155.8800048828125,160.1999969482422,154.2100067138672,158.27999877929688,9269300
2024-12-05,158.5,160.02000427246094,156.0500030517578,156.6699981689453,7119800
2024-12-06,157.02999877929688,158.9499969482422,153.3699951171875,153.92999267578125,8182700
2024-12-09,154.27000427246094,161.9499969482422,154.27000427246094,157.0399932861328,13540000
2024-12-10,160.0,166.67999267578125,159.4199981689453,164.10000610351562,17149200
2024-12-11,165.52000427246094,169.3000030517578,164.3800048828125,165.9600067138672,13116600
2024-12-12,168.22999572753906,168.82000732421875,165.64999389648438,167.75,10617700
2024-12-13,168.0,170.42999267578125,166.3300018310547,169.64999389648438,9754900
2024-12-16,168.08999633789062,175.1999969482422,166.10000610351562,173.1699981689453,13050700
2024-12-17,173.0399932861328,175.7899932861328,171.7100067138672,173.02999877929688,13557100
2024-12-18,173.27999877929688,177.94000244140625,171.0,172.6199951171875,15437200
2024-12-19,175.0,179.5800018310547,173.72000122070312,177.0399932861328,14777100
2024-12-20,176.86000061035156,182.0,175.30999755859375,177.35000610351562,23233700
2024-12-23,178.1199951171875,179.64999389648438,174.2899932861328,177.69000244140625,8486400
2024-12-24,177.69000244140625,180.9499969482422,177.5,179.33999633789062,4317000
2024-12-26,178.97999572753906,182.57000732421875,178.3300018310547,180.3800048828125,5905700
2024-12-27,180.00999450683594,181.42999267578125,179.39999389648438,180.72000122070312,6806900
2024-12-30,173.72000122070312,178.1699981689453,170.14999389648438,176.5500030517578,18082300
2024-12-31,177.5399932861328,179.35000610351562,175.82000732421875,177.0,9748600
2025-01-02,178.30999755859375,179.19000244140625,169.82000732421875,171.8699951171875,12450000
2025-01-03,171.39999389648438,173.97999572753906,169.8000030517578,169.89999389648438,10513800
2025-01-06,173.5,173.94000244140625,170.19000244140625,170.77999877929688,11133400
2025-01-07,171.1699981689453,175.02000427246094,170.8000030517578,172.50999450683594,7045000
2025-01-08,171.14999389648438,173.77999877929688,169.61000061035156,171.75999450683594,5108700
2025-01-10,171.49000549316406,173.5399932861328,167.41000366210938,172.0,7556800
2025-01-13,171.17999267578125,172.5,167.91000366210938,170.57000732421875,6049600
2025-01-14,171.3699951171875,171.8800048828125,164.6199951171875,167.02000427246094,7966900
2025-01-15,169.00999450683594,169.99000549316406,165.97000122070312,166.1999969482422,6451000
2025-01-16,166.7899932861328,170.63999938964844,166.57000732421875,168.92999267578125,5812300
2025-01-17,169.8000030517578,171.77000427246094,169.4499969482422,171.08999633789062,9557100
2025-01-21,172.3800048828125,177.08999633789062,171.92999267578125,175.55999755859375,8755300
2025-01-22,175.2899932861328,176.22999572753906,173.8800048828125,174.8000030517578,5134400
2025-01-23,174.00999450683594,178.6699981689453,173.75,178.5,7097300
2025-01-24,176.0,180.42999267578125,174.3699951171875,176.05999755859375,9304200
2025-01-27,175.5500030517578,178.17999267578125,174.39999389648438,175.16000366210938,7148600
2025-01-28,181.30999755859375,188.47999572753906,174.02000427246094,177.77999877929688,22768900
2025-01-29,179.1300048828125,182.5500030517578,170.64999389648438,173.66000366210938,12263500
2025-01-30,174.58999633789062,179.94000244140625,173.72000122070312,179.52999877929688,6996300
2025-01-31,180.50999450683594,181.77999877929688,175.74000549316406,176.52000427246094,6104000
2025-02-03,174.11000061035156,178.1999969482422,173.1300048828125,175.8699951171875,6501700
2025-02-04,176.89999389648438,177.4499969482422,174.25,176.22999572753906,4503600
2025-02-05,176.0,181.86000061035156,175.50999450683594,181.83999633789062,7430400
2025-02-06,182.0,185.85000610351562,182.0,184.8000030517578,6919400
2025-02-07,185.25999450683594,186.11000061035156,180.92999267578125,181.49000549316406,5392300
2025-02-10,183.1199951171875,183.5500030517578,179.89999389648438,180.5500030517578,3989100
2025-02-11,179.77999877929688,182.13999938964844,177.60000610351562,180.44000244140625,4366700
2025-02-12,178.33999633789062,186.27000427246094,178.25,186.25,7686800
2025-02-13,187.0,188.24000549316406,185.08999633789062,185.44000244140625,6846300
2025-02-14,186.75,186.82000732421875,183.5800018310547,184.4199981689453,5044700
2025-02-18,185.67999267578125,188.66000366210938,184.22000122070312,184.97000122070312,6929600
2025-02-19,185.30999755859375,187.22999572753906,181.8300018310547,186.14999389648438,7264800
2025-02-20,185.5800018310547,185.8000030517578,180.11000061035156,180.8800048828125,7863000
2025-02-21,181.27999877929688,182.1999969482422,174.7100067138672,177.14999389648438,8980300
2025-02-24,177.47999572753906,183.0399932861328,176.5500030517578,179.91000366210938,8392900
2025-02-25,180.4499969482422,181.8800048828125,176.33999633789062,178.27000427246094,5613900
2025-02-26,179.49000549316406,179.49000549316406,171.8300018310547,173.0399932861328,7111700
2025-02-27,174.52000427246094,177.14999389648438,173.58999633789062,173.8300018310547,4695200
2025-02-28,174.36000061035156,176.3000030517578,173.47999572753906,174.6300048828125,5803300
2025-03-03,177.02000427246094,178.39999389648438,169.4600067138672,170.05999755859375,6045600
2025-03-04,167.3699951171875,168.3800048828125,156.69000244140625,158.89999389648438,15870200
2025-03-05,159.9600067138672,164.3300018310547,158.80999755859375,163.16000366210938,7355800
2025-03-06,161.4199981689453,162.69000244140625,157.94000244140625,158.42999267578125,6892600
2025-03-07,157.19000244140625,158.36000061035156,149.0500030517578,154.17999267578125,12526700
2025-03-10,150.02999877929688,150.38999938964844,146.3000030517578,148.14999389648438,10204000
2025-03-11,148.0,155.00999450683594,145.4499969482422,154.05999755859375,10030500
2025-03-12,157.0,159.5399932861328,153.61000061035156,158.8000030517578,8706900
2025-03-13,159.22000122070312,161.74000549316406,157.25,159.32000732421875,5701600
2025-03-14,160.9199981689453,162.32000732421875,159.1999969482422,161.80999755859375,5215100
2025-03-17,160.5,162.77000427246094,159.6199951171875,161.85000610351562,5602700
2025-03-18,161.44000244140625,162.22999572753906,158.7899932861328,161.57000732421875,4195200
2025-03-19,165.32000732421875,174.1999969482422,165.0,172.6199951171875,14114800
2025-03-20,171.13999938964844,173.10000610351562,170.30999755859375,172.8300018310547,4934400
2025-03-21,172.05999755859375,183.4600067138672,170.77000427246094,178.11000061035156,26802400
2025-03-24,182.02999877929688,184.39999389648438,180.44000244140625,180.89999389648438,9986100
2025-03-25,182.16000366210938,183.85000610351562,180.36000061035156,182.58999633789062,7174400
2025-03-26,182.52999877929688,183.22999572753906,177.27999877929688,178.5500030517578,6615900
2025-03-27,178.52999877929688,182.22000122070312,178.02999877929688,179.11000061035156,4788600
2025-03-28,177.75,178.5,172.4499969482422,173.30999755859375,8211100
2025-03-31,170.64999389648438,172.2100067138672,166.7899932861328,170.5500030517578,7477500
2025-04-01,170.0,170.97999572753906,164.22000122070312,168.1699981689453,8252800
2025-04-02,166.39999389648438,170.3800048828125,165.5500030517578,168.55999755859375,5826600
2025-04-03,160.0,160.2100067138672,150.41000366210938,150.91000366210938,15877400
2025-04-04,143.3000030517578,146.0,132.7899932861328,136.58999633789062,22282000
2025-04-07,132.0500030517578,143.97000122070312,128.8800048828125,138.86000061035156,18825000
2025-04-08,146.85000610351562,147.77000427246094,137.39999389648438,139.38999938964844,14527900
2025-04-09,138.85000610351562,162.42999267578125,137.94000244140625,160.82000732421875,16775200
2025-04-10,154.97999572753906,157.35000610351562,149.41000366210938,155.52000427246094,10375000
2025-04-11,154.6199951171875,157.58999633789062,152.0,156.83999633789062,8810700
2025-04-14,159.82000732421875,162.5500030517578,157.60000610351562,159.27999877929688,7288700
2025-04-15,155.27999877929688,159.1199951171875,155.27999877929688,155.52000427246094,11541100
2025-04-16,154.3699951171875,157.66000366210938,153.5399932861328,156.47000122070312,6809600
2025-04-17,157.1300048828125,163.89999389648438,157.0,161.89999389648438,9227300
2025-04-21,160.0,160.0,156.47000122070312,159.33999633789062,5703800
2025-04-22,162.5,163.08999633789062,158.5,162.52000427246094,9147300
2025-04-23,174.0,176.5800018310547,169.91000366210938,172.3699951171875,16264700
2025-04-24,171.1999969482422,177.39999389648438,169.0,176.25999450683594,10984200
2025-04-25,176.5,180.3300018310547,175.86000061035156,177.9499969482422,7644200
2025-04-28,182.75,184.52999877929688,180.75,182.3000030517578,9302600
2025-04-29,182.52000427246094,184.25,181.1999969482422,182.0,6795000
2025-04-30,178.47000122070312,183.7899932861328,177.6300048828125,183.24000549316406,6266800
2025-05-01,182.85000610351562,184.75,182.02999877929688,182.88999938964844,7322900
2025-05-02,185.0,187.5800018310547,184.0800018310547,185.4600067138672,8695900
2025-05-05,184.38999938964844,187.5800018310547,184.38999938964844,186.4600067138672,5413700
2025-05-06,184.7100067138672,186.1999969482422,183.6300048828125,185.9600067138672,4948000
2025-05-07,185.0,186.72000122070312,183.5,185.55999755859375,6094800
2025-05-08,186.75999450683594,194.75,186.22000122070312,191.6999969482422,15344100
2025-05-09,193.5500030517578,195.3000030517578,192.17999267578125,194.85000610351562,7669900
2025-05-12,198.16000366210938,198.77999877929688,193.05999755859375,198.52999877929688,9340700
2025-05-13,200.3000030517578,205.72999572753906,199.6699981689453,203.4199981689453,13509500
2025-05-14,205.8000030517578,209.66000366210938,204.0500030517578,204.72000122070312,16872300
2025-05-15,207.35000610351562,208.60000610351562,205.4199981689453,206.24000549316406,9583900
2025-05-16,205.69000244140625,206.24000549316406,203.02000427246094,205.82000732421875,8496800
2025-05-19,203.0,205.60000610351562,202.3000030517578,205.25,5740200
2025-05-20,205.0,208.6199951171875,205.0,207.6699981689453,5876000
2025-05-21,206.60000610351562,207.1199951171875,202.42999267578125,203.2100067138672,6616300
2025-05-22,202.52999877929688,204.72999572753906,201.85000610351562,203.41000366210938,3634500
2025-05-23,199.9499969482422,203.1999969482422,198.75,202.36000061035156,5255200
2025-05-27,204.27999877929688,205.0,200.8800048828125,201.02999877929688,5857900
2025-05-28,201.9499969482422,202.4499969482422,200.22000122070312,201.5,5481500
2025-05-29,201.77999877929688,212.27999877929688,201.5,208.17999267578125,16334000
2025-05-30,206.77000427246094,207.6999969482422,204.35000610351562,207.32000732421875,7485100
2025-06-02,210.97999572753906,212.33999633789062,207.89999389648438,211.47000122070312,7561800
2025-06-03,212.0,215.8000030517578,211.77000427246094,213.42999267578125,8106100
2025-06-04,214.77000427246094,214.99000549316406,211.02999877929688,211.97999572753906,5705300
2025-06-05,212.5,212.99000549316406,208.22000122070312,209.02000427246094,4733800
2025-06-06,210.24000549316406,211.11000061035156,208.0399932861328,210.8000030517578,6079700
2025-06-09,211.22999572753906,218.8000030517578,211.08999633789062,217.50999450683594,9419200
2025-06-10,217.5800018310547,217.89999389648438,213.25,215.72999572753906,8190100
2025-06-11,215.5,216.2100067138672,212.2100067138672,214.0,5398800
2025-06-12,202.1699981689453,206.33999633789062,201.27999877929688,203.75,30586600
2025-06-13,200.67999267578125,202.22999572753906,195.27999877929688,200.32000732421875,16093500
2025-06-16,200.57000732421875,204.0,199.0800018310547,201.6999969482422,6902700
2025-06-17,201.30999755859375,205.30999755859375,198.8699951171875,200.25999450683594,10844600
2025-06-18,199.0,201.05999755859375,196.8000030517578,197.67999267578125,7928300
2025-06-20,198.66000366210938,200.67999267578125,197.4499969482422,198.75,8934700
2025-06-23,197.8300018310547,202.1999969482422,197.47000122070312,201.30999755859375,5875200
2025-06-24,203.0,203.50999450683594,200.17999267578125,200.94000244140625,5900900
2025-06-25,201.0,201.1300048828125,198.3000030517578,198.89999389648438,4690900
2025-06-26,200.41000366210938,204.38999938964844,199.75999450683594,202.5800018310547,6931700
2025-06-27,205.11000061035156,214.80999755859375,204.3800048828125,214.5500030517578,14805400
2025-06-30,213.8800048828125,214.7100067138672,208.02000427246094,209.52999877929688,9087100
2025-07-01,209.5,211.86000061035156,206.77000427246094,209.7899932861328,5978900
2025-07-02,210.39999389648438,214.39999389648438,208.25,212.02999877929688,5870900
2025-07-03,211.7899932861328,217.67999267578125,211.6699981689453,215.9199981689453,4476100
2025-07-07,215.60000610351562,218.6300048828125,214.5,218.6300048828125,5807400
2025-07-08,219.0,220.0,214.72000122070312,218.52000427246094,6769600
2025-07-09,220.1199951171875,230.1999969482422,220.00999450683594,226.60000610351562,16462300
2025-07-10,226.64999389648438,228.5,223.92999267578125,226.08999633789062,6116600
2025-07-11,225.42999267578125,228.74000549316406,225.42999267578125,226.83999633789062,6632000
2025-07-14,231.39999389648438,233.0399932861328,227.27000427246094,230.50999450683594,8750200
2025-07-15,230.1199951171875,233.61000061035156,228.4199981689453,230.0,9156800
2025-07-16,232.1300048828125,233.57000732421875,227.3000030517578,229.89999389648438,7474300
2025-07-17,230.11000061035156,232.58999633789062,227.75,231.0,7892600
2025-07-18,231.42999267578125,232.25,227.52000427246094,229.33999633789062,5974500
2025-07-21,229.39999389648438,232.5,228.02000427246094,229.32000732421875,4183300
2025-07-22,228.3000030517578,230.30999755859375,225.5500030517578,228.47999572753906,4737700
2025-07-23,230.32000732421875,235.27000427246094,229.30999755859375,233.8800048828125,7302900
2025-07-24,233.91000366210938,235.22999572753906,231.0500030517578,231.27000427246094,6160200
2025-07-25,232.02000427246094,233.30999755859375,228.83999633789062,233.05999755859375,4628500
2025-07-28,233.24000549316406,236.6300048828125,232.91000366210938,236.41000366210938,7923800
2025-07-29,239.5,242.69000244140625,225.25999450683594,226.0800018310547,20163600
2025-07-30,227.83999633789062,231.72000122070312,224.35000610351562,225.83999633789062,9354600
2025-07-31,224.02000427246094,225.0,221.14999389648438,221.83999633789062,7825000
2025-08-01,219.4499969482422,222.4600067138672,215.89999389648438,221.89999389648438,8572200
2025-08-04,220.14999389648438,222.85000610351562,218.02999877929688,222.33999633789062,5997300
2025-08-05,222.3699951171875,226.02999877929688,221.07000732421875,224.86000061035156,5687400
2025-08-06,225.6999969482422,226.57000732421875,224.0399932861328,225.0399932861328,3898800
2025-08-07,226.14999389648438,230.38999938964844,224.5800018310547,227.3300018310547,4563100
2025-08-08,227.5,230.89999389648438,227.3800048828125,229.1199951171875,4724200
2025-08-11,229.0,229.32000732421875,225.1699981689453,225.9600067138672,4872700
2025-08-12,226.9499969482422,232.61000061035156,226.4600067138672,232.61000061035156,7396400
2025-08-13,233.25,235.60000610351562,229.3300018310547,233.3699951171875,6670400
2025-08-14,231.64999389648438,233.97000122070312,230.86000061035156,233.19000244140625,5320800
2025-08-15,233.36000061035156,236.4499969482422,231.42999267578125,235.25999450683594,6291400
2025-08-18,234.47000122070312,235.16000366210938,229.11000061035156,232.41000366210938,8456000
2025-08-19,232.0,232.42999267578125,223.75,225.0,9061100
2025-08-20,224.49000549316406,226.3699951171875,223.60000610351562,225.6199951171875,5016000
2025-08-21,227.1300048828125,227.5800018310547,223.7100067138672,224.4600067138672,6101100
2025-08-22,225.41000366210938,233.6999969482422,225.24000549316406,230.1199951171875,8678400
2025-08-25,229.60000610351562,230.25,226.60000610351562,226.8699951171875,4757600
2025-08-26,228.0,234.8300018310547,227.97999572753906,234.8300018310547,7380200
2025-08-27,235.36000061035156,236.33999633789062,232.39999389648438,235.6199951171875,4757400
2025-08-28,235.85000610351562,237.35000610351562,234.5,236.16000366210938,4039600
2025-08-29,236.1300048828125,238.0500030517578,233.1699981689453,234.67999267578125,5008600
2025-09-02,231.27999877929688,238.3300018310547,230.8000030517578,237.3800048828125,6339100
2025-09-03,237.05999755859375,237.05999755859375,230.75999450683594,232.3800048828125,5999000
2025-09-04,233.00999450683594,233.10000610351562,229.2100067138672,230.75,4093200
2025-09-05,231.8000030517578,232.22999572753906,225.5,229.61000061035156,8203600
2025-09-08,231.6999969482422,232.1999969482422,228.08999633789062,230.9499969482422,5955000
2025-09-09,231.00999450683594,232.27999877929688,228.4499969482422,229.52000427246094,5510400
2025-09-10,229.60000610351562,230.10000610351562,226.58999633789062,227.52000427246094,4949500
2025-09-11,228.0,229.69000244140625,219.64999389648438,219.99000549316406,12010800
2025-09-12,219.88999938964844,220.0,215.6999969482422,215.94000244140625,11094900
2025-09-15,216.25,217.25999450683594,214.07000732421875,215.75,6896200
2025-09-16,216.86000061035156,217.1300048828125,213.75,215.02000427246094,6330600
2025-09-17,215.58999633789062,218.0500030517578,213.1300048828125,214.6300048828125,6019500
2025-09-18,215.22999572753906,217.39999389648438,213.6999969482422,215.66000366210938,6414000
2025-09-19,217.72999572753906,217.72999572753906,213.6199951171875,215.64999389648438,10513700
2025-09-22,215.1699981689453,215.89999389648438,211.42999267578125,212.08999633789062,7467700
2025-09-23,217.1199951171875,219.82000732421875,214.00999450683594,216.33999633789062,12760900
2025-09-24,217.55999755859375,218.17999267578125,214.77000427246094,215.10000610351562,7354800
2025-09-25,214.8699951171875,216.86000061035156,211.97999572753906,213.52999877929688,6649300
2025-09-26,223.36000061035156,224.10000610351562,219.11000061035156,221.25999450683594,17281700
2025-09-29,222.3699951171875,222.80999755859375,215.1199951171875,217.0800018310547,11290600
2025-09-30,217.10000610351562,217.67999267578125,212.8300018310547,215.8300018310547,9289300
2025-10-01,214.00999450683594,215.6300048828125,213.6999969482422,215.1999969482422,7178000
2025-10-02,215.4499969482422,218.86000061035156,215.30999755859375,217.42999267578125,8281100
2025-10-03,216.75,218.8300018310547,215.25,216.3000030517578,6634100
2025-10-06,217.8699951171875,221.8000030517578,215.89999389648438,219.72999572753906,7665300
2025-10-07,220.11000061035156,223.9499969482422,219.1999969482422,221.82000732421875,7610600
2025-10-08,222.72999572753906,226.19000244140625,221.47000122070312,225.32000732421875,6189700
2025-10-09,225.6999969482422,225.6999969482422,215.89999389648438,216.0,12974800
2025-10-10,217.0,217.89999389648438,210.72999572753906,210.72999572753906,10647900
2025-10-13,212.08999633789062,215.8000030517578,212.05999755859375,215.55999755859375,5657300
2025-10-14,213.5399932861328,217.9499969482422,212.24000549316406,214.3000030517578,5975700
2025-10-15,215.0399932861328,215.92999267578125,212.47999572753906,214.0,5055600
2025-10-16,214.66000366210938,214.9600067138672,210.66000366210938,211.88999938964844,5555200
2025-10-17,210.91000366210938,214.67999267578125,210.75,212.94000244140625,6482700
2025-10-20,215.1300048828125,217.3800048828125,214.55999755859375,216.82000732421875,5865100
2025-10-21,217.2100067138672,217.6999969482422,215.5500030517578,217.25999450683594,4209500
2025-10-22,216.67999267578125,217.39999389648438,213.8000030517578,216.58999633789062,6310300
2025-10-23,216.39999389648438,219.3000030517578,216.25,217.77000427246094,5356200
2025-10-24,219.0399932861328,221.74000549316406,218.50999450683594,221.35000610351562,5238100
2025-10-27,222.77999877929688,223.5800018310547,221.82000732421875,223.0,6084300
2025-10-28,224.36000061035156,225.55999755859375,222.60000610351562,223.3300018310547,7027200
2025-10-29,221.36000061035156,221.89999389648438,212.5,213.5800018310547,20940100
2025-10-30,210.00999450683594,210.27999877929688,200.02000427246094,200.0800018310547,19417000
2025-10-31,201.25,202.60000610351562,198.3000030517578,201.02000427246094,10696600
2025-11-03,202.0399932861328,205.66000366210938,201.5800018310547,204.5500030517578,8103900
2025-11-04,201.8000030517578,202.22000122070312,197.57000732421875,198.0500030517578,8619600
2025-11-05,197.75,198.50999450683594,195.30999755859375,197.6199951171875,9885700
2025-11-06,198.10000610351562,201.27000427246094,195.4499969482422,196.5,7740500
2025-11-07,195.5,195.85000610351562,191.49000549316406,194.61000061035156,7869500
2025-11-10,195.88999938964844,196.44000244140625,193.19000244140625,194.80999755859375,7447400
2025-11-11,194.74000549316406,196.39999389648438,194.35000610351562,195.2100067138672,5783400
2025-11-12,195.75,196.66000366210938,193.8000030517578,195.5,8288300
2025-11-13,195.6300048828125,196.1999969482422,193.11000061035156,194.5800018310547,6739300
2025-11-14,192.8800048828125,197.02999877929688,192.14999389648438,194.52000427246094,6189800
2025-11-17,194.83999633789062,194.83999633789062,190.22999572753906,191.80999755859375,5877800
2025-11-18,190.0,191.16000366210938,187.85000610351562,189.6300048828125,8195800
2025-11-19,189.2100067138672,189.2100067138672,183.00999450683594,185.6999969482422,12550400
2025-11-20,187.74000549316406,188.10000610351562,178.4199981689453,179.3800048828125,13706400
2025-11-21,180.55999755859375,181.42999267578125,176.77000427246094,179.6999969482422,10134000
2025-11-24,180.30999755859375,180.30999755859375,177.3000030517578,179.1199951171875,9386000
2025-11-25,179.49000549316406,183.47999572753906,177.52000427246094,182.44000244140625,9676200
2025-11-26,184.0,188.17999267578125,183.02999877929688,186.9199981689453,7644500
2025-11-28,187.8699951171875,189.75,186.91000366210938,189.0,3757000
2025-12-01,188.9600067138672,189.9499969482422,186.41000366210938,186.4600067138672,6763700
2025-12-02,198.3000030517578,205.77999877929688,195.50999450683594,205.3800048828125,22624000
2025-12-03,204.60000610351562,205.85000610351562,197.39999389648438,202.5399932861328,14139900
2025-12-04,202.85000610351562,202.88999938964844,198.52999877929688,201.8699951171875,9513300
2025-12-05,201.39999389648438,202.9499969482422,200.55999755859375,201.88999938964844,6857200
2025-12-08,203.61000061035156,206.86000061035156,202.55999755859375,206.27000427246094,8823900
2025-12-09,205.35000610351562,207.10000610351562,200.02000427246094,200.3699951171875,9101900
2025-12-10,200.3699951171875,201.35000610351562,198.35000610351562,198.72000122070312,15159600
2025-12-11,198.72999572753906,201.86000061035156,198.0500030517578,200.7100067138672,7917800
2025-12-12,202.1999969482422,206.1199951171875,201.5800018310547,204.3800048828125,7069700
2025-12-15,204.3800048828125,206.6300048828125,203.1699981689453,205.5,6721600
2025-12-16,205.0,208.64999389648438,204.38999938964844,206.7100067138672,6120200
2025-12-17,206.77999877929688,210.66000366210938,205.82000732421875,206.3300018310547,7301100
2025-12-18,207.99000549316406,210.5500030517578,207.66000366210938,208.27000427246094,5652100
2025-12-19,209.75999450683594,215.97999572753906,209.27000427246094,214.0800018310547,14793700
2025-12-22,215.33999633789062,217.14999389648438,214.22000122070312,216.83999633789062,5458900
2025-12-23,216.89999389648438,217.55999755859375,215.32000732421875,216.85000610351562,4496300
2025-12-24,217.0,219.27000427246094,216.19000244140625,218.16000366210938,2943500
2025-12-26,218.0500030517578,218.6699981689453,216.13999938964844,216.44000244140625,2801500
2025-12-29,215.89999389648438,218.13999938964844,215.11000061035156,217.25,5292000
2025-12-30,219.13999938964844,221.8800048828125,218.39999389648438,218.5,5653500
2025-12-31,218.92999267578125,219.32000732421875,216.13999938964844,217.1199951171875,5563000
2026-01-02,218.14999389648438,227.77000427246094,215.24000549316406,227.77000427246094,11261000
2026-01-05,228.7899932861328,230.9600067138672,227.5,228.1300048828125,8278800
2026-01-06,229.22999572753906,231.63999938964844,228.60000610351562,229.83999633789062,6714300
2026-01-07,232.14999389648438,233.57000732421875,227.30999755859375,228.1199951171875,9693100
2026-01-08,231.7899932861328,233.11000061035156,225.10000610351562,227.3800048828125,7126800
2026-01-09,228.33999633789062,235.13999938964844,228.3000030517578,234.52999877929688,8621600
2026-01-12,234.2899932861328,239.9499969482422,234.0,239.80999755859375,7894000
2026-01-13,241.1199951171875,247.39999389648438,240.10000610351562,244.5500030517578,11460500
2026-01-14,244.44000244140625,244.88999938964844,239.60000610351562,242.61000061035156,7748600
2026-01-15,244.3800048828125,248.75,243.97000122070312,247.74000549316406,6517200
2026-01-16,247.75,248.19000244140625,244.9600067138672,247.67999267578125,5944200
2026-01-20,244.39999389648438,249.52000427246094,243.6999969482422,249.0,11293200
2026-01-21,248.88999938964844,251.30999755859375,244.67999267578125,250.07000732421875,8160700
2026-01-22,252.0,254.13999938964844,249.77999877929688,251.41000366210938,9742600
2026-01-23,252.74000549316406,253.77000427246094,249.02000427246094,252.14999389648438,7078700
2026-01-26,251.49000549316406,251.58999633789062,247.41000366210938,248.42999267578125,8469200
2026-01-27,242.5,254.35000610351562,238.75,244.55999755859375,20509200
2026-01-28,244.08999633789062,245.86000061035156,237.10000610351562,241.58999633789062,9999200
2026-01-29,242.0800018310547,243.77000427246094,233.35000610351562,234.0399932861328,9142500
2026-01-30,233.5,234.64999389648438,229.94000244140625,233.72000122070312,6916100
2026-02-02,232.63999938964844,236.2899932861328,230.3300018310547,233.02000427246094,6105300
2026-02-03,236.4199981689453,238.85000610351562,228.9600067138672,233.14999389648438,7655200
2026-02-04,233.24000549316406,236.57000732421875,229.91000366210938,235.9499969482422,7053400
2026-02-05,234.11000061035156,240.3300018310547,232.60000610351562,236.9499969482422,7377300
2026-02-06,239.39999389648438,246.3000030517578,239.39999389648438,243.02999877929688,6701200
2026-02-09,242.0,245.83999633789062,240.5,244.7100067138672,4707200
2026-02-10,245.0,247.86000061035156,240.86000061035156,242.58999633789062,5184400
2026-02-11,244.47999572753906,244.6999969482422,235.5,236.25999450683594,5791000
2026-02-12,239.25999450683594,245.6699981689453,235.97000122070312,239.35000610351562,6980800
2026-02-13,241.24000549316406,246.50999450683594,240.72000122070312,242.9600067138672,6835400
2026-02-17,243.61000061035156,245.4199981689453,238.92999267578125,244.0399932861328,4864700
2026-02-18,244.5500030517578,245.0800018310547,238.60000610351562,238.92999267578125,4923000
2026-02-19,238.91000366210938,240.0,233.4199981689453,233.7100067138672,5827500
2026-02-20,232.6300048828125,236.0800018310547,231.13999938964844,232.02999877929688,5460900
2026-02-23,231.5,233.5,227.4600067138672,230.44000244140625,5380000
2026-02-24,229.27000427246094,236.1300048828125,228.38999938964844,233.38999938964844,4408900
2026-02-25,234.10000610351562,234.16000366210938,229.19000244140625,230.36000061035156,4442600
2026-02-26,230.3800048828125,230.66000366210938,225.6699981689453,229.41000366210938,4613300
2026-02-27,227.47000122070312,228.8000030517578,224.91000366210938,227.52999877929688,6278100
2026-03-02,226.0,230.22999572753906,223.6199951171875,229.74000549316406,4709000
2026-03-03,225.75,226.5,221.11000061035156,224.1199951171875,6211600
2026-03-04,226.3800048828125,227.52999877929688,221.7899932861328,227.30999755859375,5068700
2026-03-05,226.1199951171875,227.67999267578125,218.1300048828125,222.05999755859375,7199300
2026-03-06,219.47999572753906,231.9600067138672,218.63999938964844,231.11000061035156,10684700
2026-03-09,226.75,227.58999633789062,220.4499969482422,225.0,8400100
2026-03-10,224.10000610351562,226.11000061035156,217.02999877929688,217.75999450683594,9285300
2026-03-11,217.94000244140625,217.94000244140625,213.52999877929688,214.10000610351562,7937400
2026-03-12,212.2100067138672,212.61000061035156,204.3000030517578,204.75999450683594,10758600
2026-03-13,205.0,210.83999633789062,204.9199981689453,209.88999938964844,8926600
2026-03-16,210.75,216.14999389648438,210.75,213.47000122070312,7347100
2026-03-17,214.67999267578125,217.14999389648438,206.6699981689453,210.82000732421875,7308100
2026-03-18,209.0,210.5,205.75,205.99000549316406,5881900
2026-03-19,203.0500030517578,203.0500030517578,197.4600067138672,201.17999267578125,9967600
2026-03-20,201.0500030517578,201.99000549316406,192.5399932861328,195.1199951171875,12925400
2026-03-23,198.91000366210938,201.69000244140625,197.19000244140625,198.41000366210938,6247900
2026-03-24,196.11000061035156,197.6199951171875,194.36000061035156,196.4199981689453,5691800
2026-03-25,198.19000244140625,200.75,198.0,199.61000061035156,5055900
2026-03-26,197.3000030517578,198.24000549316406,194.27000427246094,194.36000061035156,5772600
2026-03-27,192.92999267578125,193.63999938964844,189.27999877929688,190.52000427246094,6000100
2026-03-30,191.47999572753906,192.5,187.72000122070312,189.2100067138672,6606100
2026-03-31,191.1300048828125,199.3300018310547,190.35000610351562,199.02999877929688,9668300
2026-04-01,203.5,210.27999877929688,203.5,207.32000732421875,9664500
2026-04-02,203.0,208.77999877929688,202.3000030517578,208.22000122070312,6698600
2026-04-06,207.3699951171875,212.39999389648438,207.3699951171875,212.3000030517578,4172300
2026-04-07,211.00999450683594,211.99000549316406,206.9199981689453,210.0,4084800
2026-04-08,218.94000244140625,220.85000610351562,216.0,217.8000030517578,6267200
2026-04-09,216.0,221.2899932861328,216.0,220.05999755859375,4768700
2026-04-10,220.1699981689453,220.3699951171875,216.66000366210938,217.6300048828125,4829000
2026-04-13,216.25,222.2100067138672,215.4600067138672,222.13999938964844,4136900
2026-04-14,221.69000244140625,225.10000610351562,221.32000732421875,223.77000427246094,4820900
2026-04-15,224.17999267578125,224.72000122070312,221.64999389648438,223.92999267578125,4397700
2026-04-16,225.0,225.10000610351562,215.39999389648438,218.8800048828125,7089600
2026-04-17,223.07000732421875,230.24000549316406,222.5,223.3800048828125,8874900
2026-04-20,222.22999572753906,225.3699951171875,220.35000610351562,225.0800018310547,5014500
2026-04-21,223.2899932861328,225.66000366210938,218.89999389648438,219.16000366210938,7566300
2026-04-22,227.0500030517578,232.60000610351562,221.22000122070312,231.27999877929688,15779500
2026-04-23,231.50999450683594,235.91000366210938,228.77000427246094,234.14999389648438,8087600
2026-04-24,234.99000549316406,236.4499969482422,232.07000732421875,232.44000244140625,5732700
2026-04-27,233.0,235.4499969482422,229.38999938964844,231.3300018310547,4402600
2026-04-28,231.0500030517578,231.3300018310547,227.07000732421875,230.72000122070312,3807800
2026-04-29,230.22000122070312,230.25999450683594,221.14999389648438,224.11000061035156,6377700
2026-04-30,225.89999389648438,229.5500030517578,224.61000061035156,229.02999877929688,4841300
2026-05-01,230.39999389648438,231.50999450683594,227.25999450683594,227.3800048828125,3494200
2026-05-04,226.49000549316406,227.8699951171875,221.0399932861328,221.3000030517578,4860900
2026-05-05,223.10000610351562,225.55999755859375,221.74000549316406,224.3800048828125,3852100
2026-05-06,230.92999267578125,232.0800018310547,228.10000610351562,229.92999267578125,7166900
2026-05-07,231.4499969482422,236.6300048828125,229.60000610351562,231.02999877929688,8489800
2026-05-08,233.8000030517578,238.5399932861328,231.75,237.36000061035156,7525300
2026-05-11,239.44000244140625,241.2100067138672,236.52000427246094,238.2100067138672,6267000
2026-05-12,239.0,239.02000427246094,231.11000061035156,236.8699951171875,7041000
2026-05-13,237.22999572753906,242.27000427246094,234.39999389648438,240.60000610351562,7438700
2026-05-14,243.52000427246094,244.07000732421875,227.5,229.2100067138672,17761100
2026-05-15,226.85000610351562,226.85000610351562,220.4499969482422,220.49000549316406,9479900
2026-05-18,220.47999572753906,221.1699981689453,216.7899932861328,220.61000061035156,6568200
2026-05-19,218.83999633789062,220.0500030517578,214.0,215.00999450683594,5355300
2026-05-20,216.8000030517578,223.02000427246094,216.5,222.1999969482422,7708500
2026-05-21,219.38999938964844,221.1699981689453,215.72000122070312,219.61000061035156,6412800
2026-05-22,220.85000610351562,221.11000061035156,217.1699981689453,219.02000427246094,4647100
2026-05-26,221.3000030517578,222.41000366210938,217.91000366210938,218.89999389648438,5908000
2026-05-27,221.5,226.89999389648438,220.6999969482422,224.3000030517578,11049100
2026-05-28,224.0,229.91000366210938,222.85000610351562,228.77999877929688,6526400
2026-05-29,228.44000244140625,232.3000030517578,226.25,231.14999389648438,6938100
2026-06-01,228.36000061035156,228.8000030517578,222.2100067138672,224.3000030517578,6400900
2026-06-02,222.52000427246094,224.69000244140625,215.00999450683594,217.6999969482422,7655600
2026-06-03,216.10000610351562,216.35000610351562,209.6300048828125,210.5800018310547,9105900
2026-06-04,213.0,221.60000610351562,212.8000030517578,217.4199981689453,8055000
2026-06-05,216.5800018310547,218.3699951171875,213.6300048828125,215.4499969482422,4804000
2026-06-08,216.3000030517578,217.7899932861328,215.0,215.9199981689453,3711700
2026-06-09,216.5,220.00999450683594,212.22999572753906,214.50999450683594,5198800
2026-06-10,213.07000732421875,213.6999969482422,207.9499969482422,209.0,7038100
2026-06-11,209.83999633789062,221.77000427246094,209.8000030517578,221.6300048828125,6651500
2026-06-12,222.3699951171875,223.50999450683594,216.6999969482422,219.0500030517578,5665800
2026-06-15,225.3000030517578,231.33999633789062,225.22000122070312,228.9499969482422,8596000
2026-06-16,229.47000122070312,230.3000030517578,225.3000030517578,227.49000549316406,3705900
2026-06-17,227.02000427246094,230.5399932861328,225.3000030517578,225.6300048828125,5006800
2026-06-18,227.75,228.99000549316406,220.1199951171875,222.72000122070312,8822500
2026-06-22,223.0,223.5500030517578,220.11000061035156,220.8300018310547,4300300
2026-06-23,218.88999938964844,221.47999572753906,216.63999938964844,216.7100067138672,4572500
2026-06-24,218.19000244140625,222.25,217.67999267578125,220.25,4354300
2026-06-25,220.60000610351562,224.1300048828125,217.16000366210938,218.1199951171875,4687600
2026-06-26,217.5500030517578,222.5800018310547,215.36000061035156,217.25,11704500
2026-06-29,218.6300048828125,219.50999450683594,213.9499969482422,214.69000244140625,5848500
2026-06-30,216.5,219.22999572753906,214.72999572753906,216.47000122070312,7013700
2026-07-01,217.25999450683594,220.75,216.16000366210938,218.5800018310547,4205600
2026-07-02,221.0,227.52000427246094,220.67999267578125,226.49000549316406,6050800
2026-07-06,227.14999389648438,234.85000610351562,227.0,234.5399932861328,7029200
2026-07-07,235.89999389648438,237.47999572753906,230.4600067138672,231.67999267578125,4364700
2026-07-08,227.0,228.89999389648438,222.75,224.9499969482422,4732800
2026-07-09,225.3000030517578,225.5,222.69000244140625,223.11000061035156,3474500
2026-07-10,223.69000244140625,223.83999633789062,219.57000732421875,222.27999877929688,3828300
2026-07-13,222.0,222.0,215.11000061035156,215.50999450683594,4675700
2026-07-14,216.9600067138672,220.2899932861328,216.3800048828125,217.11000061035156,3849700
2026-07-15,217.7899932861328,221.92999267578125,217.25,218.1199951171875,3305100
2026-07-16,216.52000427246094,217.9600067138672,214.1999969482422,214.33999633789062,4763900
2026-07-17,211.5,216.9600067138672,211.0,214.02999877929688,4220500
2026-07-20,216.17999267578125,216.72999572753906,208.6999969482422,209.47999572753906,5896700
2026-07-21,209.47999572753906,211.6999969482422,203.89999389648438,204.8000030517578,10037900
2026-07-22,205.0,209.25,204.8800048828125,208.64999389648438,6061400
2026-07-23,206.0,211.3000030517578,205.05999755859375,209.22999572753906,4853800
2026-07-24,210.08999633789062,212.49000549316406,208.39999389648438,209.52000427246094,3742700
2026-07-27,212.5399932861328,215.22000122070312,211.14999389648438,211.5,6657300
2026-07-28,214.0,223.77000427246094,209.35000610351562,221.55999755859375,10465400
2026-07-29,218.5,219.7899932861328,210.5399932861328,214.00999450683594,9030600
2026-07-30,214.94000244140625,221.63999938964844,213.0,220.89999389648438,5661300
2026-07-31,221.16000366210938,221.5,211.3000030517578,216.13999938964844,7320700
2026-08-03,221.0,234.08999633789062,219.2100067138672,233.49000549316406,10994600
2026-08-04,236.75999450683594,238.1699981689453,232.8800048828125,237.16000366210938,7932100
2026-08-05,237.9499969482422,241.08999633789062,236.6199951171875,240.19000244140625,6574700
2026-08-06,240.0,240.3699951171875,231.3300018310547,232.19000244140625,7130500
2026-08-07,234.05999755859375,235.60000610351562,230.86000061035156,234.4199981689453,4107500
2026-08-10,234.25,236.49000549316406,231.67999267578125,232.7899932861328,3678100
2026-08-11,235.61000061035156,237.11000061035156,232.8300018310547,233.24000549316406,2771900
2026-08-12,234.3000030517578,234.58999633789062,229.25,231.1999969482422,3372800
2026-08-13,232.27000427246094,233.5800018310547,228.17999267578125,230.3300018310547,2971400
2026-08-14,231.6300048828125,233.42999267578125,229.8800048828125,231.6699981689453,2649100
2026-08-17,230.33999633789062,231.35000610351562,225.9499969482422,225.9499969482422,5020300
2026-08-18,225.10000610351562,226.11000061035156,222.5800018310547,223.05999755859375,4772500
2026-08-19,223.50999450683594,224.1999969482422,220.1999969482422,222.1999969482422,5797500
2026-08-20,220.39999389648438,221.11000061035156,214.1199951171875,215.10000610351562,7860600
2026-08-21,215.6699981689453,216.4600067138672,212.75,214.1999969482422,6233400
2026-08-24,212.86000061035156,213.30999755859375,208.6999969482422,210.4600067138672,7144100
2026-08-25,212.5,212.94000244140625,210.11000061035156,211.0800018310547,4854600
2026-08-26,211.77999877929688,212.60000610351562,209.66000366210938,212.08999633789062,4365800
2026-08-27,211.50999450683594,211.94000244140625,209.11000061035156,209.88999938964844,4455700
2026-08-28,209.99000549316406,210.61000061035156,207.5500030517578,209.82000732421875,4564100
2026-08-31,208.5,208.77000427246094,206.27000427246094,207.77999877929688,5212300
2026-09-01,206.6999969482422,208.11000061035156,205.5,205.66000366210938,5010400
2026-09-02,207.0,210.64999389648438,206.4199981689453,208.8699951171875,6426300
2026-09-03,209.94000244140625,211.05999755859375,205.8300018310547,210.50999450683594,6252300
2026-09-04,209.44000244140625,212.25999450683594,208.8000030517578,212.25,4585700
