date,open,high,low,close,volume
2008-01-02,43.54999923706055,43.790000915527344,42.0,42.16999816894531,22122300
2008-01-03,42.34000015258789,42.650001525878906,41.7599983215332,41.880001068115234,17150700
2008-01-04,41.40999984741211,41.79999923706055,40.630001068115234,40.93000030517578,25873800
2008-01-07,41.099998474121094,41.58000183105469,40.15999984741211,41.34000015258789,25644100
2008-01-08,41.459999084472656,41.58000183105469,39.41999816894531,39.70000076293945,33646000
2008-01-09,39.59000015258789,40.34000015258789,38.540000915527344,40.2599983215332,33546300
2008-01-10,39.77000045776367,42.13999938964844,39.29999923706055,41.33000183105469,41863600
2008-01-11,40.880001068115234,42.099998474121094,40.38999938964844,40.86000061035156,37520500
2008-01-14,41.27000045776367,41.75,40.599998474121094,41.36000061035156,22817000
2008-01-15,40.72999954223633,40.72999954223633,38.849998474121094,39.16999816894531,45240000
2008-01-16,40.459999084472656,42.650001525878906,40.209999084472656,41.43000030517578,63183100
2008-01-17,41.56999969482422,41.68000030517578,39.79999923706055,40.040000915527344,39647200
2008-01-18,40.2400016784668,40.66999816894531,38.52000045776367,39.59000015258789,51919100
2008-01-22,37.65999984741211,42.0,37.65999984741211,40.86000061035156,57178600
2008-01-23,40.400001525878906,46.150001525878906,40.0,45.720001220703125,77137000
2008-01-24,45.83000183105469,46.0099983215332,44.2599983215332,44.959999084472656,52062600
2008-01-25,45.66999816894531,45.84000015258789,43.209999084472656,43.63999938964844,38410900
2008-01-28,43.790000915527344,45.61000061035156,43.400001525878906,45.56999969482422,29739100
2008-01-29,45.939998626708984,47.79999923706055,44.75,47.45000076293945,56112700
2008-01-30,47.099998474121094,49.290000915527344,46.31999969482422,47.349998474121094,68343800
2008-01-31,46.40999984741211,48.189998626708984,45.849998474121094,47.400001525878906,55500600
2008-02-01,47.2599983215332,48.70000076293945,46.900001525878906,48.25,48834500
2008-02-04,47.83000183105469,48.13999938964844,46.029998779296875,46.220001220703125,28310200
2008-02-05,45.04999923706055,45.47999954223633,43.849998474121094,43.88999938964844,39045100
2008-02-06,44.27000045776367,44.7400016784668,43.27000045776367,43.720001220703125,27274800
2008-02-07,43.38999938964844,45.58000183105469,43.25,45.11000061035156,36818000
2008-02-08,44.959999084472656,44.959999084472656,43.2599983215332,43.81999969482422,26058300
2008-02-11,43.88999938964844,44.0,42.81999969482422,43.349998474121094,25874000
2008-02-12,43.65999984741211,44.45000076293945,42.75,43.310001373291016,27193400
2008-02-13,43.54999923706055,44.16999816894531,43.0099983215332,44.099998474121094,26533400
2008-02-14,44.04999923706055,44.099998474121094,42.470001220703125,42.61000061035156,31180000
2008-02-15,42.40999984741211,43.25,42.0099983215332,43.25,29031400
2008-02-19,43.540000915527344,44.04999923706055,42.16999816894531,42.83000183105469,25811900
2008-02-20,42.369998931884766,43.34000015258789,41.849998474121094,43.150001525878906,30149700
2008-02-21,43.13999938964844,43.689998626708984,42.220001220703125,43.06999969482422,32878200
2008-02-22,43.060001373291016,44.02000045776367,41.90999984741211,43.93000030517578,30452700
2008-02-25,43.43000030517578,44.459999084472656,42.7599983215332,44.029998779296875,27917200
2008-02-26,43.72999954223633,44.540000915527344,43.40999984741211,43.720001220703125,24989300
2008-02-27,43.06999969482422,44.4900016784668,42.619998931884766,44.40999984741211,38566000
2008-02-28,44.0,44.02000045776367,42.38999938964844,42.439998626708984,36606500
2008-02-29,41.880001068115234,41.970001220703125,40.380001068115234,40.650001525878906,36856600
2008-03-03,40.54999923706055,40.630001068115234,39.43000030517578,39.81999969482422,31481900
2008-03-04,39.369998931884766,39.58000183105469,38.220001220703125,39.189998626708984,56449300
2008-03-05,39.36000061035156,39.58000183105469,38.11000061035156,38.7400016784668,36325600
2008-03-06,38.18000030517578,38.22999954223633,37.150001525878906,37.369998931884766,44356900
2008-03-07,36.88999938964844,39.08000183105469,36.61000061035156,37.560001373291016,43258700
2008-03-10,37.72999954223633,38.2599983215332,36.310001373291016,36.47999954223633,41281300
2008-03-11,38.47999954223633,39.2599983215332,37.15999984741211,38.84000015258789,58401200
2008-03-12,38.849998474121094,40.22999954223633,38.400001525878906,38.61000061035156,44572400
2008-03-13,37.84000015258789,38.95000076293945,36.630001068115234,38.11000061035156,45537900
2008-03-14,38.79999923706055,38.79999923706055,36.0099983215332,36.540000915527344,77776000
2008-03-17,37.0,41.09000015258789,37.0,40.310001373291016,125296300
2008-03-18,42.189998626708984,42.880001068115234,41.25,42.709999084472656,76994300
2008-03-19,43.2599983215332,44.88999938964844,42.439998626708984,42.470001220703125,70593300
2008-03-20,42.90999984741211,46.45000076293945,42.849998474121094,45.970001220703125,72777200
2008-03-24,45.41999816894531,48.15999984741211,45.02000045776367,46.54999923706055,66011200
2008-03-25,46.02000045776367,46.650001525878906,44.90999984741211,46.060001373291016,54485500
2008-03-26,45.27000045776367,45.369998931884766,43.970001220703125,44.11000061035156,41122700
2008-03-27,44.220001220703125,44.4900016784668,42.86000061035156,42.86000061035156,32154500
2008-03-28,43.20000076293945,43.84000015258789,42.650001525878906,42.709999084472656,29011900
2008-03-31,42.709999084472656,44.25,42.61000061035156,42.95000076293945,28920400
2008-04-01,45.130001068115234,47.0,44.65999984741211,47.0,54562600
2008-04-02,47.08000183105469,47.560001373291016,45.939998626708984,46.2400016784668,36597900
2008-04-03,45.369998931884766,47.029998779296875,45.31999969482422,46.279998779296875,30314400
2008-04-04,45.849998474121094,46.439998626708984,45.119998931884766,45.56999969482422,29875900
2008-04-07,46.43000030517578,46.7400016784668,45.470001220703125,45.540000915527344,24069200
2008-04-08,45.2400016784668,45.61000061035156,44.43000030517578,44.86000061035156,29187700
2008-04-09,45.18000030517578,45.18000030517578,44.08000183105469,44.29999923706055,28476400
2008-04-10,44.20000076293945,44.810001373291016,43.58000183105469,43.86000061035156,30230100
2008-04-11,43.31999969482422,43.900001525878906,42.43000030517578,42.529998779296875,41959900
2008-04-14,42.400001525878906,42.79999923706055,41.16999816894531,41.5,33774900
2008-04-15,42.18000030517578,42.70000076293945,41.279998779296875,42.119998931884766,37271800
2008-04-16,43.529998779296875,44.959999084472656,43.099998474121094,44.959999084472656,52568400
2008-04-17,44.34000015258789,45.31999969482422,44.16999816894531,45.119998931884766,30302500
2008-04-18,46.33000183105469,46.86000061035156,45.41999816894531,45.7599983215332,31398100
2008-04-21,45.290000915527344,45.47999954223633,44.599998474121094,45.22999954223633,23513400
2008-04-22,44.959999084472656,45.79999923706055,44.75,45.650001525878906,23703800
2008-04-23,45.40999984741211,46.040000915527344,44.689998626708984,45.150001525878906,23260300
2008-04-24,45.369998931884766,47.34000015258789,45.34000015258789,46.970001220703125,37769300
2008-04-25,47.290000915527344,47.869998931884766,46.540000915527344,47.790000915527344,24266600
2008-04-28,47.66999816894531,48.09000015258789,46.810001373291016,47.34000015258789,27175000
2008-04-29,47.34000015258789,47.7400016784668,46.619998931884766,47.08000183105469,20738700
2008-04-30,47.25,48.63999938964844,46.72999954223633,47.650001525878906,36280800
2008-05-01,47.68000030517578,49.47999954223633,47.68000030517578,49.25,31723700
2008-05-02,49.900001525878906,49.95000076293945,48.029998779296875,48.65999984741211,27942900
2008-05-05,48.31999969482422,48.63999938964844,47.849998474121094,48.0,19276100
2008-05-06,47.34000015258789,48.70000076293945,47.25,48.20000076293945,25441400
2008-05-07,48.220001220703125,48.43000030517578,46.38999938964844,46.56999969482422,27636400
2008-05-08,46.97999954223633,47.0,45.310001373291016,46.04999923706055,26106000
2008-05-09,45.75,46.93000030517578,45.52000045776367,46.56999969482422,21730400
2008-05-12,46.81999969482422,47.290000915527344,46.5099983215332,47.2400016784668,20295600
2008-05-13,47.040000915527344,47.2400016784668,45.220001220703125,45.47999954223633,27485300
2008-05-14,46.0,46.369998931884766,45.29999923706055,45.90999984741211,24138200
2008-05-15,46.04999923706055,47.040000915527344,45.58000183105469,47.02000045776367,27289500
2008-05-16,47.31999969482422,47.31999969482422,46.04999923706055,46.529998779296875,20871400
2008-05-19,46.54999923706055,47.220001220703125,45.869998931884766,45.9900016784668,19402200
2008-05-20,45.65999984741211,45.65999984741211,43.5,43.70000076293945,48996100
2008-05-21,43.79999923706055,44.04999923706055,42.33000183105469,42.41999816894531,40611900
2008-05-22,42.400001525878906,43.72999954223633,42.099998474121094,43.04999923706055,28883300
2008-05-23,42.720001220703125,42.900001525878906,42.119998931884766,42.31999969482422,21440900
2008-05-27,42.400001525878906,43.400001525878906,42.29999923706055,43.0099983215332,28457800
2008-05-28,43.38999938964844,43.43000030517578,41.900001525878906,42.86000061035156,31688700
2008-05-29,42.689998626708984,44.060001373291016,42.290000915527344,43.56999969482422,22789000
2008-05-30,43.959999084472656,43.9900016784668,42.869998931884766,43.0,21391600
2008-06-02,42.630001068115234,42.77000045776367,41.65999984741211,42.150001525878906,30620500
2008-06-03,42.529998779296875,42.689998626708984,41.189998626708984,41.88999938964844,28503100
2008-06-04,41.7400016784668,42.349998474121094,41.15999984741211,41.630001068115234,30800100
2008-06-05,41.900001525878906,42.31999969482422,41.400001525878906,42.099998474121094,27755300
2008-06-06,41.790000915527344,41.790000915527344,39.95000076293945,40.09000015258789,39887900
2008-06-09,40.31999969482422,40.33000183105469,36.41999816894531,37.5099983215332,74856700
2008-06-10,37.22999954223633,39.22999954223633,37.15999984741211,38.290000915527344,54412400
2008-06-11,38.5,38.75,37.06999969482422,37.130001068115234,50965800
2008-06-12,37.709999084472656,38.75,37.630001068115234,38.0099983215332,53247700
2008-06-13,38.38999938964844,39.59000015258789,37.79999923706055,39.58000183105469,40465600
2008-06-16,39.47999954223633,40.650001525878906,39.099998474121094,39.939998626708984,34860200
2008-06-17,40.36000061035156,40.75,38.95000076293945,39.040000915527344,32510200
2008-06-18,38.529998779296875,39.25,37.93000030517578,38.7400016784668,35513700
2008-06-19,38.790000915527344,39.029998779296875,36.81999969482422,38.650001525878906,59944400
2008-06-20,37.689998626708984,39.189998626708984,36.95000076293945,37.86000061035156,55374100
2008-06-23,37.9900016784668,37.9900016784668,36.5099983215332,36.869998931884766,37741100
2008-06-24,36.810001373291016,38.2599983215332,36.25,37.720001220703125,43526200
2008-06-25,37.939998626708984,39.31999969482422,37.5,37.90999984741211,42317900
2008-06-26,37.15999984741211,37.58000183105469,36.20000076293945,36.31999969482422,45708400
2008-06-27,36.45000076293945,36.88999938964844,34.20000076293945,35.04999923706055,69316700
2008-06-30,34.86000061035156,35.5,33.959999084472656,34.310001373291016,50792600
2008-07-01,33.689998626708984,34.34000015258789,32.33000183105469,34.02000045776367,74620100
2008-07-02,34.36000061035156,35.75,34.22999954223633,34.599998474121094,51750200
2008-07-03,35.119998931884766,36.09000015258789,34.4900016784668,35.310001373291016,33028500
2008-07-07,35.5,35.95000076293945,33.560001373291016,34.040000915527344,48883600
2008-07-08,34.29999923706055,36.04999923706055,33.41999816894531,35.77000045776367,62285100
2008-07-09,35.7400016784668,36.7400016784668,34.09000015258789,34.279998779296875,50971000
2008-07-10,34.0,35.79999923706055,33.54999923706055,34.5099983215332,47807900
2008-07-11,33.380001068115234,34.45000076293945,32.09000015258789,33.15999984741211,71316700
2008-07-14,34.189998626708984,34.349998474121094,31.68000030517578,31.690000534057617,50370200
2008-07-15,30.729999542236328,32.81999969482422,29.239999771118164,31.020000457763672,88717800
2008-07-16,32.29999923706055,35.939998626708984,31.5,35.939998626708984,79957800
2008-07-17,38.04999923706055,40.9900016784668,37.79999923706055,40.79999923706055,132114600
2008-07-18,41.20000076293945,41.31999969482422,39.20000076293945,40.02000045776367,65409900
2008-07-21,40.34000015258789,40.95000076293945,38.349998474121094,38.650001525878906,41354400
2008-07-22,38.15999984741211,41.040000915527344,37.61000061035156,40.86000061035156,50104200
2008-07-23,40.90999984741211,43.0,39.369998931884766,41.959999084472656,59345600
2008-07-24,42.060001373291016,42.279998779296875,39.040000915527344,39.13999938964844,47454600
2008-07-25,39.16999816894531,40.439998626708984,38.47999954223633,39.52000045776367,35188000
2008-07-28,39.40999984741211,40.650001525878906,37.40999984741211,37.65999984741211,41673200
2008-07-29,37.939998626708984,40.75,37.18000030517578,40.75,50527400
2008-07-30,41.40999984741211,42.06999969482422,39.970001220703125,41.56999969482422,47954900
2008-07-31,40.630001068115234,41.959999084472656,40.29999923706055,40.630001068115234,37394100
2008-08-01,41.11000061035156,41.75,39.77000045776367,40.7599983215332,30773300
2008-08-04,40.13999938964844,40.88999938964844,38.90999984741211,40.13999938964844,27748000
2008-08-05,41.27000045776367,42.0,40.209999084472656,41.88999938964844,35763100
2008-08-06,41.349998474121094,42.27000045776367,40.34000015258789,41.38999938964844,33009400
2008-08-07,40.68000030517578,41.54999923706055,39.47999954223633,39.810001373291016,42712200
2008-08-08,39.5099983215332,41.650001525878906,39.400001525878906,41.06999969482422,37174200
2008-08-11,40.790000915527344,42.849998474121094,40.369998931884766,41.88999938964844,34643900
2008-08-12,40.9900016784668,41.0099983215332,37.02000045776367,37.91999816894531,65248300
2008-08-13,37.63999938964844,37.650001525878906,36.150001525878906,36.90999984741211,48575900
2008-08-14,36.59000015258789,38.43000030517578,36.41999816894531,37.810001373291016,41142300
2008-08-15,38.04999923706055,38.709999084472656,37.369998931884766,38.06999969482422,36656900
2008-08-18,37.91999816894531,38.029998779296875,36.650001525878906,36.7400016784668,32193100
2008-08-19,36.0099983215332,36.400001525878906,35.0,35.58000183105469,41424300
2008-08-20,35.52000045776367,37.06999969482422,35.02000045776367,37.0,39065000
2008-08-21,36.18000030517578,36.599998474121094,35.790000915527344,36.2599983215332,30564500
2008-08-22,37.220001220703125,38.25,36.86000061035156,37.66999816894531,36022700
2008-08-25,37.400001525878906,37.45000076293945,36.08000183105469,36.130001068115234,27081000
2008-08-26,36.16999816894531,37.119998931884766,35.900001525878906,36.61000061035156,28810800
2008-08-27,36.54999923706055,37.220001220703125,35.869998931884766,37.13999938964844,23812300
2008-08-28,37.65999984741211,38.880001068115234,37.22999954223633,38.880001068115234,34724300
2008-08-29,38.5099983215332,38.939998626708984,38.09000015258789,38.4900016784668,23327100
2008-09-02,39.560001373291016,40.02000045776367,38.5,38.9900016784668,33267600
2008-09-03,38.90999984741211,39.75,38.439998626708984,39.709999084472656,28787600
2008-09-04,39.29999923706055,39.779998779296875,37.83000183105469,37.90999984741211,41510300
2008-09-05,37.5,39.75,37.349998474121094,39.599998474121094,42100300
2008-09-08,42.38999938964844,43.65999984741211,40.0,41.54999923706055,85629900
2008-09-09,40.810001373291016,41.939998626708984,39.45000076293945,39.470001220703125,56435300
2008-09-10,39.9900016784668,40.439998626708984,38.790000915527344,39.400001525878906,46100400
2008-09-11,38.25,41.689998626708984,37.91999816894531,41.650001525878906,57012300
2008-09-12,40.84000015258789,41.959999084472656,40.189998626708984,41.16999816894531,51417100
2008-09-15,38.38999938964844,41.849998474121094,37.0,37.0,92112900
2008-09-16,35.58000183105469,40.95000076293945,35.02000045776367,40.7400016784668,90368100
2008-09-17,39.08000183105469,40.68000030517578,35.5,35.77000045776367,104396300
2008-09-18,36.529998779296875,41.04999923706055,34.040000915527344,40.29999923706055,132982000
2008-09-19,47.0,48.0,42.54999923706055,47.04999923706055,88523900
2008-09-22,45.689998626708984,45.900001525878906,40.75,40.79999923706055,44934200
2008-09-23,40.54999923706055,42.18000030517578,40.060001373291016,40.560001373291016,32404400
2008-09-24,41.5,42.5,40.220001220703125,40.5,27186400
2008-09-25,42.25,45.0,41.29999923706055,43.459999084472656,36831300
2008-09-26,40.54999923706055,49.0,40.47999954223633,48.2400016784668,148081400
2008-09-29,46.58000183105469,47.5,41.0,41.0,79528000
2008-09-30,44.630001068115234,47.38999938964844,43.77000045776367,46.70000076293945,66987800
2008-10-01,46.90999984741211,50.0,46.29999923706055,49.630001068115234,59424300
2008-10-02,49.25,49.849998474121094,46.720001220703125,49.849998474121094,53944700
2008-10-03,50.310001373291016,50.630001068115234,45.22999954223633,45.900001525878906,68639000
2008-10-06,43.4900016784668,45.150001525878906,41.70000076293945,44.0,63065300
2008-10-07,45.43000030517578,45.7400016784668,39.310001373291016,39.31999969482422,62396200
2008-10-08,38.93000030517578,43.54999923706055,38.5,39.29999923706055,75686800
2008-10-09,41.029998779296875,42.689998626708984,36.68000030517578,36.68000030517578,88790300
2008-10-10,35.029998779296875,42.0,35.02000045776367,41.63999938964844,112976400
2008-10-13,43.90999984741211,44.08000183105469,39.65999984741211,41.9900016784668,81628900
2008-10-14,43.33000183105469,43.54999923706055,39.65999984741211,40.709999084472656,95288900
2008-10-15,39.33000183105469,41.790000915527344,38.0,38.4900016784668,84755700
2008-10-16,39.02000045776367,41.0,36.310001373291016,40.4900016784668,75112400
2008-10-17,39.630001068115234,41.38999938964844,39.060001373291016,39.33000183105469,60991200
2008-10-20,40.0099983215332,40.70000076293945,38.79999923706055,40.65999984741211,44732100
2008-10-21,39.91999816894531,41.27000045776367,39.599998474121094,39.7400016784668,41780700
2008-10-22,39.150001525878906,40.04999923706055,36.0099983215332,37.16999816894531,60825200
2008-10-23,37.36000061035156,38.75,35.81999969482422,37.849998474121094,63917000
2008-10-24,35.119998931884766,37.72999954223633,34.5099983215332,35.43000030517578,61968800
2008-10-27,35.099998474121094,35.900001525878906,33.33000183105469,34.0,62712700
2008-10-28,34.95000076293945,37.720001220703125,32.52000045776367,37.599998474121094,73082500
2008-10-29,37.11000061035156,38.380001068115234,35.5099983215332,35.709999084472656,61823300
2008-10-30,36.88999938964844,38.0,36.029998779296875,37.619998931884766,47372000
2008-10-31,37.290000915527344,41.25,37.279998779296875,41.25,86948900
2008-11-03,41.25,41.25,40.20000076293945,40.72999954223633,45059900
2008-11-04,41.25,42.41999816894531,40.880001068115234,42.16999816894531,48917100
2008-11-05,41.72999954223633,42.5,38.619998931884766,39.220001220703125,53524900
2008-11-06,38.959999084472656,39.7599983215332,37.86000061035156,38.2599983215332,56467100
2008-11-07,38.22999954223633,38.52000045776367,36.470001220703125,37.75,50210800
2008-11-10,38.279998779296875,38.47999954223633,35.650001525878906,36.40999984741211,41558500
2008-11-11,35.81999969482422,37.45000076293945,35.27000045776367,36.349998474121094,61577400
2008-11-12,35.41999816894531,36.29999923706055,34.310001373291016,34.56999969482422,56726100
2008-11-13,34.650001525878906,37.5,33.5,37.189998626708984,74523600
2008-11-14,36.33000183105469,36.90999984741211,34.15999984741211,34.470001220703125,55941000
2008-11-17,33.81999969482422,34.869998931884766,32.5,32.77000045776367,57560400
2008-11-18,32.7599983215332,33.099998474121094,30.360000610351562,32.13999938964844,67807700
2008-11-19,31.690000534057617,32.02000045776367,28.280000686645508,28.469999313354492,90226200
2008-11-20,27.739999771118164,28.709999084472656,22.31999969482422,23.3799991607666,160729900
2008-11-21,23.739999771118164,24.420000076293945,19.690000534057617,22.719999313354492,194075000
2008-11-24,23.920000076293945,28.34000015258789,22.5,27.579999923706055,137382200
2008-11-25,29.6299991607666,30.709999084472656,28.5,29.770000457763672,105430800
2008-11-26,28.760000228881836,30.75,28.170000076293945,30.6200008392334,55644900
2008-11-28,30.360000610351562,31.93000030517578,30.1299991607666,31.65999984741211,22787500
2008-12-01,30.670000076293945,30.700000762939453,26.020000457763672,26.1200008392334,70984500
2008-12-02,26.540000915527344,28.899999618530273,24.610000610351562,28.530000686645508,81316000
2008-12-03,27.440000534057617,30.739999771118164,27.040000915527344,30.25,64914200
2008-12-04,29.84000015258789,32.900001525878906,29.75,31.079999923706055,80719600
2008-12-05,30.40999984741211,34.0,29.729999542236328,33.349998474121094,73599200
2008-12-08,33.970001220703125,37.70000076293945,33.599998474121094,36.4900016784668,84589300
2008-12-09,35.66999816894531,35.70000076293945,33.65999984741211,33.959999084472656,65827700
2008-12-10,34.400001525878906,34.959999084472656,33.08000183105469,33.52000045776367,47919600
2008-12-11,32.599998474121094,32.7599983215332,29.739999771118164,29.940000534057617,70746400
2008-12-12,28.440000534057617,31.219999313354492,28.010000228881836,30.940000534057617,59939000
2008-12-15,29.34000015258789,29.780000686645508,28.170000076293945,28.6299991607666,51629100
2008-12-16,29.010000228881836,32.75,28.84000015258789,32.349998474121094,75822100
2008-12-17,31.5,32.88999938964844,31.049999237060547,31.860000610351562,46719900
2008-12-18,32.15999984741211,32.59000015258789,30.1200008392334,30.209999084472656,57491500
2008-12-19,30.110000610351562,31.25,29.780000686645508,30.31999969482422,55696800
2008-12-22,30.639999389648438,31.190000534057617,29.510000228881836,29.81999969482422,36378400
2008-12-23,30.229999542236328,30.399999618530273,29.110000610351562,29.110000610351562,26931700
2008-12-24,28.649999618530273,29.8799991607666,28.649999618530273,29.850000381469727,12339700
2008-12-26,30.049999237060547,30.260000228881836,29.25,29.799999237060547,12630500
2008-12-29,29.989999771118164,30.020000457763672,28.799999237060547,29.780000686645508,22318000
2008-12-30,29.889999389648438,31.049999237060547,29.8799991607666,31.010000228881836,29842400
2008-12-31,30.700000762939453,31.940000534057617,30.440000534057617,31.530000686645508,25891700
2009-01-02,31.190000534057617,31.639999389648438,30.469999313354492,31.350000381469727,32494900
2009-01-05,30.729999542236328,30.770000457763672,29.079999923706055,29.25,44069400
2009-01-06,29.790000915527344,30.420000076293945,29.510000228881836,29.8799991607666,44216300
2009-01-07,29.149999618530273,29.399999618530273,28.0,28.09000015258789,42156500
2009-01-08,27.899999618530273,27.950000762939453,26.860000610351562,27.219999313354492,52075800
2009-01-09,27.549999237060547,27.549999237060547,25.809999465942383,25.969999313354492,42597500
2009-01-12,25.920000076293945,26.149999618530273,24.5,24.90999984741211,59360000
2009-01-13,25.209999084472656,26.59000015258789,24.270000457763672,26.350000381469727,73422800
2009-01-14,25.59000015258789,26.280000686645508,24.760000228881836,25.90999984741211,73907300
2009-01-15,26.540000915527344,27.049999237060547,23.760000228881836,24.34000015258789,136759300
2009-01-16,24.829999923706055,25.0,20.530000686645508,22.81999969482422,156843400
2009-01-20,21.0,21.270000457763672,17.700000762939453,18.09000015258789,142090400
2009-01-21,19.290000915527344,22.84000015258789,18.8799991607666,22.6299991607666,136421400
2009-01-22,22.360000610351562,23.829999923706055,21.209999084472656,23.100000381469727,110240800
2009-01-23,21.920000076293945,24.579999923706055,21.809999465942383,24.280000686645508,74369200
2009-01-26,25.0,25.75,23.739999771118164,24.5,74278400
2009-01-27,25.1200008392334,25.170000076293945,24.059999465942383,25.059999465942383,50766500
2009-01-28,27.190000534057617,27.770000457763672,26.34000015258789,27.65999984741211,91373900
2009-01-29,26.739999771118164,27.18000030517578,25.25,25.43000030517578,58624200
2009-01-30,25.809999465942383,26.979999542236328,24.600000381469727,25.510000228881836,74937200
2009-02-02,25.0,25.68000030517578,24.350000381469727,25.200000762939453,51532900
2009-02-03,25.030000686645508,25.450000762939453,23.700000762939453,24.049999237060547,66166300
2009-02-04,24.25,25.5,23.739999771118164,24.040000915527344,55330300
2009-02-05,23.739999771118164,25.31999969482422,22.489999771118164,24.540000915527344,79815500
2009-02-06,25.510000228881836,27.799999237060547,25.299999237060547,27.6299991607666,76845200
2009-02-09,26.649999618530273,27.969999313354492,26.299999237060547,27.280000686645508,54360000
2009-02-10,26.860000610351562,27.610000610351562,24.299999237060547,24.6200008392334,91948700
2009-02-11,25.25,26.6200008392334,25.139999389648438,26.09000015258789,64712000
2009-02-12,25.350000381469727,26.219999313354492,24.170000076293945,26.190000534057617,80536400
2009-02-13,25.25,25.889999389648438,24.65999984741211,24.690000534057617,58580600
2009-02-17,22.799999237060547,23.200000762939453,21.649999618530273,21.649999618530273,91424800
2009-02-18,22.18000030517578,22.299999237060547,21.0,21.510000228881836,82868300
2009-02-19,22.06999969482422,22.299999237060547,20.540000915527344,20.600000381469727,66502700
2009-02-20,19.709999084472656,21.0,18.75,19.899999618530273,135941600
2009-02-23,20.899999618530273,21.559999465942383,19.479999542236328,19.510000228881836,101615400
2009-02-24,20.1299991607666,21.100000381469727,18.959999084472656,21.020000457763672,186379900
2009-02-25,20.829999923706055,23.219999313354492,20.1200008392334,21.729999542236328,135790100
2009-02-26,23.31999969482422,24.18000030517578,22.799999237060547,23.049999237060547,125043400
2009-02-27,21.6299991607666,23.600000381469727,21.549999237060547,22.850000381469727,109872500
2009-03-02,21.700000762939453,22.43000030517578,21.06999969482422,21.15999984741211,94984900
2009-03-03,21.68000030517578,21.899999618530273,20.600000381469727,21.010000228881836,85590100
2009-03-04,21.739999771118164,21.739999771118164,18.799999237060547,19.299999237060547,145009700
2009-03-05,18.5,19.0,16.040000915527344,16.600000381469727,153808900
2009-03-06,17.190000534057617,17.670000076293945,14.960000038146973,15.930000305175781,155154800
2009-03-09,15.369999885559082,17.290000915527344,15.020000457763672,15.899999618530273,132882900
2009-03-10,17.350000381469727,19.5,17.1299991607666,19.5,149090800
2009-03-11,20.350000381469727,20.90999984741211,19.1200008392334,20.399999618530273,155421000
2009-03-12,20.149999618530273,23.329999923706055,20.0,23.200000762939453,151894700
2009-03-13,23.59000015258789,24.329999923706055,22.90999984741211,23.75,120464600
2009-03-16,24.309999465942383,25.270000457763672,22.959999084472656,23.09000015258789,125001900
2009-03-17,23.299999237060547,25.219999313354492,22.270000457763672,25.139999389648438,99884700
2009-03-18,24.81999969482422,27.329999923706055,24.18000030517578,27.110000610351562,142105800
2009-03-19,27.25,27.40999984741211,24.59000015258789,24.950000762939453,124920200
2009-03-20,24.65999984741211,24.780000686645508,23.149999618530273,23.149999618530273,108922700
2009-03-23,25.299999237060547,29.170000076293945,25.1299991607666,28.860000610351562,146776000
2009-03-24,28.049999237060547,29.299999237060547,26.200000762939453,26.399999618530273,133143000
2009-03-25,27.190000534057617,28.709999084472656,25.93000030517578,28.559999465942383,149452500
2009-03-26,29.049999237060547,29.600000381469727,27.649999618530273,29.100000381469727,133663400
2009-03-27,28.270000457763672,29.200000762939453,27.280000686645508,27.399999618530273,108610200
2009-03-30,25.670000076293945,26.3700008392334,24.780000686645508,24.850000381469727,104860500
2009-03-31,25.729999542236328,27.100000381469727,24.850000381469727,26.579999923706055,84307400
2009-04-01,25.290000915527344,28.280000686645508,25.290000915527344,28.139999389648438,106016900
2009-04-02,29.579999923706055,29.670000076293945,27.40999984741211,28.15999984741211,131840800
2009-04-03,27.979999542236328,29.280000686645508,27.5,29.280000686645508,80949500
2009-04-06,28.270000457763672,28.899999618530273,27.68000030517578,28.200000762939453,72188000
2009-04-07,27.280000686645508,28.049999237060547,27.010000228881836,27.25,73652600
2009-04-08,27.450000762939453,27.829999923706055,26.510000228881836,27.43000030517578,66538300
2009-04-09,30.440000534057617,33.09000015258789,30.200000762939453,32.75,147913000
2009-04-13,32.0099983215332,34.150001525878906,31.809999465942383,33.70000076293945,110196200
2009-04-14,33.040000915527344,33.25,30.649999618530273,30.700000762939453,109541400
2009-04-15,30.6200008392334,32.970001220703125,30.270000457763672,32.560001373291016,108069400
2009-04-16,34.0099983215332,34.0099983215332,32.36000061035156,33.2400016784668,132956000
2009-04-17,33.349998474121094,33.97999954223633,32.529998779296875,33.2599983215332,104962100
2009-04-20,31.780000686645508,32.41999816894531,29.639999389648438,29.690000534057617,109372200
2009-04-21,29.06999969482422,32.90999984741211,28.8700008392334,32.529998779296875,115629300
2009-04-22,31.639999389648438,34.13999938964844,31.31999969482422,31.899999618530273,124080300
2009-04-23,32.22999954223633,33.75,31.65999984741211,33.209999084472656,89366500
2009-04-24,33.65999984741211,34.5,32.25,33.380001068115234,117098100
2009-04-27,32.529998779296875,33.77000045776367,32.400001525878906,32.779998779296875,67832500
2009-04-28,32.349998474121094,33.720001220703125,32.279998779296875,32.790000915527344,65809900
2009-04-29,33.439998626708984,34.560001373291016,33.25,34.47999954223633,84731300
2009-04-30,35.0099983215332,35.209999084472656,32.75,33.0,94556900
2009-05-01,32.849998474121094,33.77000045776367,32.060001373291016,32.4900016784668,68254100
2009-05-04,33.060001373291016,35.97999954223633,32.900001525878906,35.790000915527344,100918400
2009-05-05,35.45000076293945,35.95000076293945,34.459999084472656,34.81999969482422,63488200
2009-05-06,35.81999969482422,37.349998474121094,35.560001373291016,37.220001220703125,102644800
2009-05-07,38.5,38.720001220703125,34.72999954223633,35.2400016784668,113228400
2009-05-08,36.79999923706055,38.939998626708984,36.20000076293945,38.939998626708984,110026400
2009-05-11,37.349998474121094,38.18000030517578,35.83000183105469,35.83000183105469,86808000
2009-05-12,36.2400016784668,36.2599983215332,34.060001373291016,35.36000061035156,94148900
2009-05-13,34.70000076293945,35.27000045776367,33.68000030517578,34.04999923706055,82160700
2009-05-14,34.119998931884766,35.619998931884766,33.81999969482422,35.540000915527344,68764300
2009-05-15,35.45000076293945,35.68000030517578,34.400001525878906,34.90999984741211,68301000
2009-05-18,35.709999084472656,37.349998474121094,35.20000076293945,37.2599983215332,71730900
2009-05-19,37.29999923706055,37.68000030517578,35.77000045776367,35.810001373291016,59860600
2009-05-20,36.61000061035156,36.7599983215332,34.2599983215332,34.54999923706055,77073900
2009-05-21,34.189998626708984,35.36000061035156,33.66999816894531,34.900001525878906,65068100
2009-05-22,35.2599983215332,35.29999923706055,34.40999984741211,34.40999984741211,39227200
2009-05-26,34.119998931884766,36.560001373291016,34.119998931884766,36.540000915527344,65462400
2009-05-27,36.5,36.720001220703125,34.65999984741211,34.65999984741211,76374100
2009-05-28,35.13999938964844,36.66999816894531,34.599998474121094,36.650001525878906,66107300
2009-05-29,36.349998474121094,37.06999969482422,35.68000030517578,36.900001525878906,61932300
2009-06-01,37.400001525878906,37.72999954223633,35.77000045776367,36.11000061035156,90184500
2009-06-02,35.06999969482422,35.52000045776367,34.45000076293945,34.5,159381700
2009-06-03,34.400001525878906,34.970001220703125,33.650001525878906,33.97999954223633,72136300
2009-06-04,34.400001525878906,35.439998626708984,34.22999954223633,35.349998474121094,70954200
2009-06-05,35.720001220703125,35.7599983215332,34.5,34.54999923706055,61583800
2009-06-08,34.54999923706055,35.72999954223633,34.54999923706055,35.38999938964844,61615100
2009-06-09,35.720001220703125,35.779998779296875,35.09000015258789,35.2599983215332,58992300
2009-06-10,35.56999969482422,35.66999816894531,34.369998931884766,34.84000015258789,60176100
2009-06-11,35.06999969482422,35.869998931884766,34.540000915527344,34.939998626708984,66560900
2009-06-12,34.86000061035156,35.439998626708984,34.79999923706055,35.130001068115234,41157300
2009-06-15,34.880001068115234,35.040000915527344,33.93000030517578,34.0,55388500
2009-06-16,34.27000045776367,34.38999938964844,33.380001068115234,33.5,56344000
2009-06-17,33.43000030517578,33.52000045776367,32.18000030517578,32.72999954223633,65456600
2009-06-18,32.849998474121094,34.310001373291016,32.84000015258789,34.16999816894531,63861500
2009-06-19,34.650001525878906,35.119998931884766,33.790000915527344,35.0,77009100
2009-06-22,34.689998626708984,35.0,32.86000061035156,32.869998931884766,70388300
2009-06-23,33.11000061035156,34.09000015258789,32.93000030517578,33.56999969482422,59046500
2009-06-24,33.779998779296875,33.93000030517578,33.06999969482422,33.459999084472656,50429500
2009-06-25,33.47999954223633,34.18000030517578,32.810001373291016,34.13999938964844,57205700
2009-06-26,33.880001068115234,34.7400016784668,33.47999954223633,34.45000076293945,46722500
2009-06-29,34.54999923706055,34.70000076293945,34.040000915527344,34.599998474121094,34914800
2009-06-30,34.599998474121094,34.790000915527344,33.869998931884766,34.11000061035156,39470600
2009-07-01,34.27000045776367,34.56999969482422,33.650001525878906,33.77000045776367,36463700
2009-07-02,33.36000061035156,33.77000045776367,32.27000045776367,32.27000045776367,38352200
2009-07-06,32.029998779296875,32.599998474121094,31.59000015258789,32.599998474121094,60664000
2009-07-07,32.630001068115234,33.400001525878906,32.130001068115234,32.810001373291016,56704900
2009-07-08,32.93000030517578,33.4900016784668,31.790000915527344,32.709999084472656,71784600
2009-07-09,32.88999938964844,33.75,32.869998931884766,33.619998931884766,41655600
2009-07-10,33.310001373291016,33.66999816894531,32.209999084472656,32.34000015258789,51037400
2009-07-13,32.869998931884766,34.709999084472656,32.43000030517578,34.709999084472656,70454200
2009-07-14,34.529998779296875,35.09000015258789,34.060001373291016,34.70000076293945,52924000
2009-07-15,35.11000061035156,36.77000045776367,35.0099983215332,36.2599983215332,84050100
2009-07-16,35.5,36.40999984741211,35.220001220703125,36.130001068115234,71465100
2009-07-17,36.41999816894531,37.20000076293945,36.18000030517578,36.88999938964844,61742300
2009-07-20,37.02000045776367,37.439998626708984,36.59000015258789,36.97999954223633,43554400
2009-07-21,37.20000076293945,37.310001373291016,36.599998474121094,36.939998626708984,43509400
2009-07-22,36.400001525878906,37.33000183105469,36.209999084472656,36.83000183105469,40137700
2009-07-23,36.95000076293945,38.470001220703125,36.56999969482422,38.150001525878906,56528800
2009-07-24,38.04999923706055,38.25,37.400001525878906,37.91999816894531,35328600
2009-07-27,37.970001220703125,39.470001220703125,37.56999969482422,38.130001068115234,30479300
2009-07-28,37.7400016784668,38.20000076293945,37.650001525878906,38.08000183105469,29035900
2009-07-29,37.790000915527344,38.2400016784668,37.439998626708984,37.77000045776367,29931400
2009-07-30,38.130001068115234,39.279998779296875,37.900001525878906,38.470001220703125,38531000
2009-07-31,38.380001068115234,38.650001525878906,37.93000030517578,38.650001525878906,39085700
2009-08-03,39.119998931884766,39.75,38.9900016784668,39.599998474121094,42957800
2009-08-04,39.27000045776367,40.5,39.16999816894531,40.209999084472656,43363800
2009-08-05,40.34000015258789,42.20000076293945,40.2599983215332,41.779998779296875,63334100
2009-08-06,42.279998779296875,42.459999084472656,40.220001220703125,40.75,54175600
2009-08-07,41.279998779296875,43.130001068115234,41.18000030517578,42.36000061035156,65696000
2009-08-10,42.029998779296875,43.220001220703125,42.0099983215332,42.689998626708984,43700600
2009-08-11,42.279998779296875,42.5099983215332,40.939998626708984,41.2400016784668,50698800
2009-08-12,41.189998626708984,42.45000076293945,41.029998779296875,42.209999084472656,43077100
2009-08-13,42.72999954223633,43.0,41.810001373291016,42.900001525878906,40385300
2009-08-14,42.630001068115234,42.849998474121094,41.79999923706055,42.45000076293945,38413900
2009-08-17,41.209999084472656,41.58000183105469,40.709999084472656,40.72999954223633,39162800
2009-08-18,41.099998474121094,41.880001068115234,41.060001373291016,41.70000076293945,29053600
2009-08-19,41.150001525878906,41.900001525878906,41.0,41.40999984741211,29394100
2009-08-20,41.529998779296875,42.630001068115234,41.47999954223633,42.41999816894531,29634300
2009-08-21,42.86000061035156,43.810001373291016,42.529998779296875,43.65999984741211,42863600
2009-08-24,43.86000061035156,44.2400016784668,42.95000076293945,43.0099983215332,40385200
2009-08-25,43.38999938964844,44.13999938964844,43.29999923706055,43.58000183105469,34835700
2009-08-26,43.38999938964844,43.779998779296875,42.91999816894531,43.29999923706055,31908400
2009-08-27,43.04999923706055,43.630001068115234,42.540000915527344,43.45000076293945,28975700
2009-08-28,43.810001373291016,43.86000061035156,42.5099983215332,42.91999816894531,27263600
2009-08-31,42.439998626708984,43.599998474121094,42.060001373291016,43.459999084472656,32251100
2009-09-01,43.08000183105469,43.81999969482422,41.560001373291016,41.66999816894531,51475400
2009-09-02,41.5099983215332,42.11000061035156,40.75,40.86000061035156,35898500
2009-09-03,41.22999954223633,42.25,41.11000061035156,42.11000061035156,35019600
2009-09-04,42.33000183105469,42.4900016784668,41.790000915527344,42.34000015258789,21880200
2009-09-08,42.790000915527344,43.040000915527344,41.849998474121094,42.540000915527344,28089300
2009-09-09,42.599998474121094,43.06999969482422,42.38999938964844,42.86000061035156,29031600
2009-09-10,42.72999954223633,43.150001525878906,42.20000076293945,43.02000045776367,25112100
2009-09-11,43.130001068115234,43.38999938964844,42.47999954223633,42.5,27289900
2009-09-14,42.08000183105469,43.849998474121094,42.0099983215332,43.75,28945000
2009-09-15,43.61000061035156,44.20000076293945,42.54999923706055,43.189998626708984,49985400
2009-09-16,43.349998474121094,44.68000030517578,43.209999084472656,44.650001525878906,38721900
2009-09-17,44.290000915527344,45.11000061035156,44.20000076293945,44.959999084472656,35705700
2009-09-18,45.2400016784668,45.34000015258789,44.70000076293945,44.95000076293945,39492000
2009-09-21,44.540000915527344,44.79999923706055,44.220001220703125,44.54999923706055,24070000
2009-09-22,44.810001373291016,46.4900016784668,44.47999954223633,46.470001220703125,41148100
2009-09-23,46.400001525878906,46.5,44.97999954223633,45.060001373291016,34427200
2009-09-24,45.209999084472656,45.79999923706055,44.2599983215332,44.369998931884766,42231400
2009-09-25,44.150001525878906,44.279998779296875,43.34000015258789,43.650001525878906,31056100
2009-09-28,43.970001220703125,44.83000183105469,43.689998626708984,44.810001373291016,25826100
2009-09-29,44.88999938964844,45.20000076293945,44.43000030517578,44.880001068115234,23930600
2009-09-30,44.79999923706055,44.88999938964844,43.43000030517578,43.81999969482422,40904000
2009-10-01,43.400001525878906,43.560001373291016,41.36000061035156,41.369998931884766,50562700
2009-10-02,40.81999969482422,42.400001525878906,40.529998779296875,41.86000061035156,43061100
2009-10-05,42.47999954223633,43.93000030517578,42.349998474121094,43.79999923706055,34430200
2009-10-06,44.36000061035156,45.0,44.06999969482422,44.90999984741211,41695700
2009-10-07,44.599998474121094,45.81999969482422,44.459999084472656,45.70000076293945,36148700
2009-10-08,46.040000915527344,46.439998626708984,45.04999923706055,45.29999923706055,36627700
2009-10-09,45.459999084472656,45.939998626708984,45.08000183105469,45.849998474121094,26034200
2009-10-12,46.369998931884766,46.41999816894531,45.349998474121094,46.08000183105469,24220600
2009-10-13,45.650001525878906,46.029998779296875,44.529998779296875,45.65999984741211,45701900
2009-10-14,47.189998626708984,47.470001220703125,46.630001068115234,47.15999984741211,70368700
2009-10-15,46.36000061035156,47.31999969482422,46.36000061035156,47.15999984741211,36096800
2009-10-16,46.70000076293945,46.880001068115234,46.0,46.060001373291016,37459000
2009-10-19,46.41999816894531,46.43000030517578,45.45000076293945,45.97999954223633,30415400
2009-10-20,45.810001373291016,46.59000015258789,45.77000045776367,46.029998779296875,30614800
2009-10-21,46.02000045776367,46.41999816894531,44.650001525878906,44.650001525878906,32991600
2009-10-22,44.91999816894531,45.869998931884766,44.83000183105469,45.709999084472656,32388900
2009-10-23,45.70000076293945,46.20000076293945,44.959999084472656,45.22999954223633,27638200
2009-10-26,45.119998931884766,45.209999084472656,43.54999923706055,43.81999969482422,42085500
2009-10-27,43.9900016784668,44.65999984741211,43.66999816894531,43.900001525878906,38075200
2009-10-28,43.72999954223633,43.810001373291016,42.5,42.68000030517578,45679500
2009-10-29,43.220001220703125,44.400001525878906,42.7599983215332,44.349998474121094,35898600
2009-10-30,43.95000076293945,43.970001220703125,41.72999954223633,41.77000045776367,58853300
2009-11-02,42.18000030517578,42.849998474121094,41.52000045776367,42.58000183105469,44598100
2009-11-03,42.09000015258789,42.959999084472656,41.97999954223633,42.70000076293945,29387800
2009-11-04,43.209999084472656,43.689998626708984,42.119998931884766,42.209999084472656,42548800
2009-11-05,42.599998474121094,43.93000030517578,42.400001525878906,43.869998931884766,32893300
2009-11-06,43.13999938964844,43.689998626708984,42.90999984741211,43.47999954223633,27140000
2009-11-09,43.93000030517578,44.38999938964844,43.29999923706055,44.349998474121094,38845500
2009-11-10,44.13999938964844,44.31999969482422,43.54999923706055,44.16999816894531,30980200
2009-11-11,44.34000015258789,44.9900016784668,43.779998779296875,44.31999969482422,32669300
2009-11-12,44.08000183105469,44.650001525878906,43.0,43.29999923706055,34649600
2009-11-13,43.15999984741211,43.290000915527344,42.36000061035156,42.900001525878906,36650700
2009-11-16,43.25,43.61000061035156,42.7599983215332,43.040000915527344,43516700
2009-11-17,42.91999816894531,43.189998626708984,42.540000915527344,43.15999984741211,25859700
2009-11-18,43.13999938964844,43.5,42.939998626708984,43.380001068115234,20422300
2009-11-19,43.099998474121094,43.18000030517578,42.2599983215332,42.54999923706055,26878000
2009-11-20,42.470001220703125,42.7400016784668,42.150001525878906,42.459999084472656,25328200
2009-11-23,42.95000076293945,43.63999938964844,42.70000076293945,43.279998779296875,29810700
2009-11-24,43.2599983215332,43.279998779296875,42.2400016784668,42.47999954223633,31881800
2009-11-25,42.66999816894531,42.66999816894531,41.939998626708984,42.15999984741211,26123800
2009-11-27,40.97999954223633,41.900001525878906,40.75,41.33000183105469,26230100
2009-11-30,41.560001373291016,42.650001525878906,41.4900016784668,42.4900016784668,38240600
2009-12-01,42.61000061035156,42.709999084472656,41.619998931884766,42.220001220703125,39211100
2009-12-02,42.150001525878906,42.150001525878906,41.470001220703125,41.93000030517578,32519700
2009-12-03,42.29999923706055,43.09000015258789,41.310001373291016,41.400001525878906,53314400
2009-12-04,42.25,42.5099983215332,41.220001220703125,41.7400016784668,61485000
2009-12-07,41.630001068115234,41.959999084472656,41.060001373291016,41.25,32949600
2009-12-08,41.0099983215332,41.400001525878906,40.630001068115234,41.209999084472656,41878900
2009-12-09,41.25,41.5099983215332,40.599998474121094,41.189998626708984,42492800
2009-12-10,41.36000061035156,41.560001373291016,40.65999984741211,41.27000045776367,36380900
2009-12-11,40.9900016784668,41.25,40.75,40.959999084472656,46616100
2009-12-14,41.0099983215332,41.93000030517578,40.70000076293945,41.77000045776367,35340800
2009-12-15,41.5,41.70000076293945,40.619998931884766,40.86000061035156,40244400
2009-12-16,41.16999816894531,41.70000076293945,40.880001068115234,41.36000061035156,43562800
2009-12-17,41.060001373291016,41.119998931884766,40.189998626708984,40.27000045776367,44272800
2009-12-18,40.529998779296875,41.189998626708984,40.040000915527344,40.95000076293945,48126800
2009-12-21,41.54999923706055,42.2400016784668,41.5,41.900001525878906,35991900
2009-12-22,42.0,42.099998474121094,41.689998626708984,41.939998626708984,24754800
2009-12-23,41.84000015258789,41.939998626708984,41.45000076293945,41.560001373291016,24503600
2009-12-24,41.68000030517578,41.88999938964844,41.5099983215332,41.88999938964844,7956500
2009-12-28,41.849998474121094,42.130001068115234,41.560001373291016,41.720001220703125,13039900
2009-12-29,41.72999954223633,41.79999923706055,41.459999084472656,41.4900016784668,15593000
2009-12-30,41.27000045776367,41.619998931884766,41.22999954223633,41.529998779296875,15501800
2009-12-31,41.619998931884766,42.130001068115234,41.45000076293945,41.66999816894531,20143100
2010-01-04,41.790000915527344,42.9900016784668,41.66999816894531,42.849998474121094,35460500
2010-01-05,42.790000915527344,43.84000015258789,42.779998779296875,43.68000030517578,41208300
2010-01-06,43.45000076293945,44.09000015258789,43.310001373291016,43.91999816894531,27729000
2010-01-07,43.790000915527344,45.119998931884766,43.61000061035156,44.790000915527344,44864700
2010-01-08,44.369998931884766,44.70000076293945,44.08000183105469,44.68000030517578,33110100
2010-01-11,45.119998931884766,45.189998626708984,44.310001373291016,44.529998779296875,31878700
2010-01-12,43.9900016784668,44.150001525878906,42.939998626708984,43.4900016784668,47109600
2010-01-13,43.54999923706055,44.529998779296875,42.869998931884766,44.25,39622000
2010-01-14,44.20000076293945,44.790000915527344,44.099998474121094,44.689998626708984,37938300
2010-01-15,44.29999923706055,44.43000030517578,43.34000015258789,43.68000030517578,69738500
2010-01-19,43.400001525878906,43.75,42.900001525878906,43.279998779296875,41731500
2010-01-20,43.0099983215332,43.68000030517578,42.709999084472656,43.400001525878906,39934400
2010-01-21,43.040000915527344,43.150001525878906,40.31999969482422,40.540000915527344,137547700
2010-01-22,40.650001525878906,41.20000076293945,38.81999969482422,39.15999984741211,106634900
2010-01-25,39.7599983215332,39.88999938964844,38.84000015258789,39.209999084472656,56572200
2010-01-26,39.0,39.84000015258789,38.279998779296875,38.439998626708984,52975300
2010-01-27,38.349998474121094,39.4900016784668,38.06999969482422,39.33000183105469,66314300
2010-01-28,39.68000030517578,40.040000915527344,38.720001220703125,39.47999954223633,65047400
2010-01-29,39.650001525878906,39.849998474121094,38.79999923706055,38.939998626708984,53649000
2010-02-01,39.099998474121094,39.93000030517578,38.95000076293945,39.630001068115234,37408200
2010-02-02,39.79999923706055,40.68000030517578,39.70000076293945,40.54999923706055,45968500
2010-02-03,40.58000183105469,41.099998474121094,40.16999816894531,40.290000915527344,37373300
2010-02-04,39.790000915527344,39.91999816894531,38.349998474121094,38.349998474121094,57211800
2010-02-05,38.63999938964844,38.880001068115234,37.029998779296875,38.29999923706055,75224100
2010-02-08,38.290000915527344,38.290000915527344,37.31999969482422,37.70000076293945,58321000
2010-02-09,38.189998626708984,38.70000076293945,37.84000015258789,38.38999938964844,45173500
2010-02-10,38.63999938964844,39.5,38.52000045776367,38.869998931884766,39331800
2010-02-11,38.84000015258789,39.369998931884766,38.36000061035156,39.02000045776367,33830600
2010-02-12,38.66999816894531,39.18000030517578,38.36000061035156,38.95000076293945,38051100
2010-02-16,39.33000183105469,40.13999938964844,38.75,40.06999969482422,46425300
2010-02-17,40.2599983215332,40.45000076293945,39.7599983215332,40.040000915527344,34644100
2010-02-18,39.939998626708984,40.5099983215332,39.77000045776367,40.40999984741211,31809500
2010-02-19,40.11000061035156,40.70000076293945,39.900001525878906,40.029998779296875,40290200
2010-02-22,40.400001525878906,41.29999923706055,40.25,40.849998474121094,43898900
2010-02-23,40.900001525878906,41.25,39.7599983215332,39.880001068115234,52233100
2010-02-24,40.04999923706055,40.970001220703125,40.0,40.849998474121094,44645000
2010-02-25,40.15999984741211,40.689998626708984,39.70000076293945,40.63999938964844,46718100
2010-02-26,40.689998626708984,42.310001373291016,40.599998474121094,41.970001220703125,67699100
2010-03-01,42.029998779296875,42.18000030517578,41.40999984741211,41.83000183105469,34606800
2010-03-02,41.97999954223633,42.400001525878906,41.36000061035156,41.619998931884766,33891600
2010-03-03,41.650001525878906,42.060001373291016,41.34000015258789,41.529998779296875,27562500
2010-03-04,41.90999984741211,42.08000183105469,41.65999984741211,41.91999816894531,25450700
2010-03-05,42.31999969482422,42.869998931884766,42.189998626708984,42.810001373291016,34790800
2010-03-08,42.849998474121094,43.029998779296875,42.470001220703125,42.59000015258789,28524900
2010-03-09,42.38999938964844,42.81999969482422,42.04999923706055,42.41999816894531,37107100
2010-03-10,42.869998931884766,43.4900016784668,42.810001373291016,42.93000030517578,40903700
2010-03-11,42.90999984741211,43.20000076293945,42.79999923706055,43.18000030517578,30119600
2010-03-12,43.34000015258789,43.540000915527344,42.849998474121094,43.150001525878906,31367300
2010-03-15,42.91999816894531,43.209999084472656,42.599998474121094,43.06999969482422,29142000
2010-03-16,43.349998474121094,43.380001068115234,42.689998626708984,43.2400016784668,28553800
2010-03-17,43.310001373291016,44.11000061035156,43.27000045776367,43.790000915527344,32918800
2010-03-18,43.75,43.790000915527344,43.150001525878906,43.63999938964844,26012000
2010-03-19,43.45000076293945,43.88999938964844,43.130001068115234,43.45000076293945,37014400
2010-03-22,43.06999969482422,43.790000915527344,43.040000915527344,43.7400016784668,23257200
2010-03-23,43.849998474121094,44.7400016784668,43.779998779296875,44.58000183105469,33735700
2010-03-24,44.439998626708984,44.970001220703125,44.20000076293945,44.939998626708984,35849200
2010-03-25,44.97999954223633,46.04999923706055,44.88999938964844,44.939998626708984,45019400
2010-03-26,45.040000915527344,45.88999938964844,44.790000915527344,45.02000045776367,39727000
2010-03-29,45.25,45.380001068115234,44.459999084472656,44.86000061035156,30628400
2010-03-30,44.900001525878906,45.04999923706055,44.36000061035156,44.58000183105469,30296300
2010-03-31,44.310001373291016,45.0,44.25,44.75,39043000
2010-04-01,45.029998779296875,45.310001373291016,44.9900016784668,45.18000030517578,23894600
2010-04-05,45.279998779296875,45.400001525878906,44.790000915527344,45.34000015258789,21342400
2010-04-06,45.22999954223633,45.939998626708984,45.150001525878906,45.84000015258789,28192100
2010-04-07,45.83000183105469,46.04999923706055,45.02000045776367,45.31999969482422,28890100
2010-04-08,45.15999984741211,45.970001220703125,44.810001373291016,45.7599983215332,28869900
2010-04-09,45.880001068115234,46.220001220703125,45.45000076293945,45.97999954223633,22881200
2010-04-12,46.029998779296875,46.470001220703125,45.900001525878906,46.13999938964844,24645900
2010-04-13,46.040000915527344,46.380001068115234,45.849998474121094,45.869998931884766,27988900
2010-04-14,47.400001525878906,47.93000030517578,46.779998779296875,47.72999954223633,72533100
2010-04-15,47.650001525878906,48.20000076293945,47.4900016784668,47.810001373291016,45412100
2010-04-16,47.66999816894531,47.75,45.13999938964844,45.54999923706055,121203900
2010-04-19,45.22999954223633,45.70000076293945,44.59000015258789,45.38999938964844,72136600
2010-04-20,45.77000045776367,46.150001525878906,45.560001373291016,45.880001068115234,39310700
2010-04-21,46.040000915527344,46.38999938964844,45.0,45.349998474121094,46320600
2010-04-22,44.90999984741211,45.119998931884766,44.029998779296875,44.7400016784668,63176900
2010-04-23,44.72999954223633,45.06999969482422,44.25,44.939998626708984,32483800
2010-04-26,44.779998779296875,44.810001373291016,43.72999954223633,43.88999938964844,42889300
2010-04-27,43.47999954223633,44.369998931884766,42.29999923706055,42.40999984741211,66296100
2010-04-28,42.84000015258789,43.709999084472656,42.779998779296875,43.459999084472656,48578900
2010-04-29,43.88999938964844,44.33000183105469,43.599998474121094,44.0,36520300
2010-04-30,44.02000045776367,44.04999923706055,42.22999954223633,42.58000183105469,54121100
2010-05-03,42.970001220703125,43.72999954223633,42.88999938964844,43.529998779296875,31230900
2010-05-04,42.970001220703125,43.36000061035156,42.25,42.470001220703125,48982200
2010-05-05,42.11000061035156,43.369998931884766,41.619998931884766,42.630001068115234,43062100
2010-05-06,42.630001068115234,42.779998779296875,39.290000915527344,40.810001373291016,78226200
2010-05-07,41.029998779296875,41.84000015258789,39.779998779296875,40.7599983215332,72976300
2010-05-10,42.31999969482422,43.29999923706055,41.41999816894531,41.95000076293945,66578300
2010-05-11,41.459999084472656,42.54999923706055,41.150001525878906,41.54999923706055,50771200
2010-05-12,41.7400016784668,41.790000915527344,40.810001373291016,41.689998626708984,47700000
2010-05-13,41.439998626708984,41.599998474121094,40.779998779296875,40.810001373291016,35320800
2010-05-14,40.099998474121094,40.099998474121094,39.209999084472656,39.88999938964844,60719400
2010-05-17,39.93000030517578,40.040000915527344,38.77000045776367,39.84000015258789,56506200
2010-05-18,40.619998931884766,40.619998931884766,38.54999923706055,39.02000045776367,61735000
2010-05-19,38.540000915527344,39.65999984741211,38.52000045776367,39.380001068115234,64600500
2010-05-20,38.54999923706055,39.25,37.310001373291016,37.83000183105469,76564100
2010-05-21,37.02000045776367,40.15999984741211,37.02000045776367,40.04999923706055,89588800
2010-05-24,40.15999984741211,40.25,38.5,38.619998931884766,49141600
2010-05-25,37.66999816894531,39.0099983215332,37.349998474121094,38.939998626708984,66813700
2010-05-26,39.189998626708984,39.5,38.470001220703125,38.779998779296875,50719600
2010-05-27,39.58000183105469,40.4900016784668,39.400001525878906,40.41999816894531,44843000
2010-05-28,40.33000183105469,40.349998474121094,39.36000061035156,39.58000183105469,41252400
2010-06-01,39.31999969482422,39.959999084472656,38.5,38.540000915527344,37848600
2010-06-02,39.16999816894531,39.619998931884766,38.66999816894531,39.54999923706055,39618500
2010-06-03,39.86000061035156,39.939998626708984,38.619998931884766,39.099998474121094,30950400
2010-06-04,38.4900016784668,38.70000076293945,37.5,37.619998931884766,52868900
2010-06-07,37.790000915527344,38.130001068115234,36.65999984741211,36.720001220703125,44528300
2010-06-08,36.86000061035156,37.79999923706055,36.54999923706055,37.779998779296875,51017900
2010-06-09,38.150001525878906,38.15999984741211,37.0099983215332,37.119998931884766,42586000
2010-06-10,37.68000030517578,38.369998931884766,37.40999984741211,38.290000915527344,44302600
2010-06-11,37.790000915527344,38.16999816894531,37.52000045776367,38.09000015258789,31147600
2010-06-14,37.970001220703125,38.27000045776367,37.22999954223633,37.33000183105469,48662200
2010-06-15,37.54999923706055,38.279998779296875,37.2599983215332,38.25,45355600
2010-06-16,38.02000045776367,38.880001068115234,37.9900016784668,38.52000045776367,37217100
2010-06-17,38.599998474121094,38.900001525878906,37.91999816894531,38.439998626708984,34755100
2010-06-18,38.599998474121094,39.27000045776367,38.380001068115234,39.18000030517578,37270800
2010-06-21,39.54999923706055,39.779998779296875,38.65999984741211,38.869998931884766,33665100
2010-06-22,38.93000030517578,39.58000183105469,38.220001220703125,38.33000183105469,42245700
2010-06-23,38.290000915527344,39.11000061035156,38.02000045776367,38.88999938964844,45046000
2010-06-24,38.54999923706055,38.70000076293945,37.41999816894531,38.029998779296875,73843400
2010-06-25,38.779998779296875,39.599998474121094,38.279998779296875,39.439998626708984,70734200
2010-06-28,39.54999923706055,39.63999938964844,38.470001220703125,38.540000915527344,39962900
2010-06-29,37.90999984741211,37.90999984741211,36.880001068115234,37.060001373291016,56694200
2010-06-30,37.02000045776367,37.4900016784668,36.5099983215332,36.61000061035156,35332500
2010-07-01,36.540000915527344,36.689998626708984,35.15999984741211,36.08000183105469,56642900
2010-07-02,36.310001373291016,36.689998626708984,35.34000015258789,35.83000183105469,36796000
2010-07-06,36.689998626708984,36.880001068115234,35.86000061035156,36.33000183105469,35953600
2010-07-07,36.63999938964844,38.2400016784668,36.40999984741211,38.150001525878906,44602900
2010-07-08,38.779998779296875,38.81999969482422,37.150001525878906,38.15999984741211,41498200
2010-07-09,37.75,38.88999938964844,37.68000030517578,38.849998474121094,30422300
2010-07-12,38.86000061035156,39.34000015258789,38.599998474121094,39.189998626708984,24998900
2010-07-13,39.810001373291016,40.689998626708984,39.7400016784668,40.47999954223633,48564800
2010-07-14,40.150001525878906,40.380001068115234,39.84000015258789,40.349998474121094,37320600
2010-07-15,40.720001220703125,40.84000015258789,39.310001373291016,40.459999084472656,81876200
2010-07-16,40.279998779296875,40.349998474121094,38.86000061035156,39.0,58507400
2010-07-19,39.029998779296875,39.36000061035156,38.119998931884766,39.040000915527344,35404900
2010-07-20,38.31999969482422,39.63999938964844,38.279998779296875,39.630001068115234,43538200
2010-07-21,40.25,40.25,38.34000015258789,38.41999816894531,41115600
2010-07-22,38.959999084472656,39.599998474121094,38.72999954223633,39.349998474121094,35494400
2010-07-23,39.16999816894531,39.959999084472656,38.970001220703125,39.83000183105469,28241000
2010-07-26,39.79999923706055,40.36000061035156,39.5,40.33000183105469,27209400
2010-07-27,40.7400016784668,41.2400016784668,40.61000061035156,40.689998626708984,44872200
2010-07-28,40.439998626708984,40.900001525878906,40.150001525878906,40.31999969482422,23945400
2010-07-29,40.709999084472656,40.83000183105469,39.90999984741211,40.209999084472656,28994300
2010-07-30,39.720001220703125,40.689998626708984,39.720001220703125,40.279998779296875,26406500
2010-08-02,40.97999954223633,41.70000076293945,40.72999954223633,41.63999938964844,35566700
2010-08-03,41.5,41.650001525878906,40.869998931884766,41.08000183105469,29967900
2010-08-04,41.220001220703125,41.400001525878906,40.86000061035156,41.290000915527344,23078100
2010-08-05,40.970001220703125,41.43000030517578,40.939998626708984,41.27000045776367,19830500
2010-08-06,40.7400016784668,40.95000076293945,39.970001220703125,40.439998626708984,34906600
2010-08-09,40.54999923706055,40.560001373291016,39.65999984741211,39.81999969482422,37790900
2010-08-10,39.66999816894531,39.72999954223633,39.15999984741211,39.16999816894531,34166500
2010-08-11,38.650001525878906,38.779998779296875,37.75,37.77000045776367,46201600
2010-08-12,37.36000061035156,37.9900016784668,37.220001220703125,37.810001373291016,35387300
2010-08-13,37.79999923706055,38.040000915527344,37.5,37.5,24564100
2010-08-16,37.31999969482422,37.81999969482422,37.279998779296875,37.689998626708984,28334100
2010-08-17,37.970001220703125,38.06999969482422,37.400001525878906,37.47999954223633,33883800
2010-08-18,37.38999938964844,38.189998626708984,37.38999938964844,37.88999938964844,27041700
2010-08-19,37.65999984741211,37.970001220703125,37.0,37.06999969482422,35384700
2010-08-20,37.11000061035156,37.36000061035156,36.810001373291016,37.13999938964844,30862000
2010-08-23,37.209999084472656,37.40999984741211,36.84000015258789,36.880001068115234,29282800
2010-08-24,36.59000015258789,36.70000076293945,35.91999816894531,36.209999084472656,48709200
2010-08-25,35.95000076293945,36.439998626708984,35.66999816894531,36.22999954223633,36058000
2010-08-26,36.36000061035156,36.619998931884766,35.619998931884766,35.630001068115234,31873200
2010-08-27,35.869998931884766,36.689998626708984,35.54999923706055,36.599998474121094,38448800
2010-08-30,36.400001525878906,36.599998474121094,35.83000183105469,35.849998474121094,27306500
2010-08-31,35.939998626708984,36.63999938964844,35.72999954223633,36.36000061035156,34784400
2010-09-01,36.7400016784668,37.79999923706055,36.65999984741211,37.7400016784668,36770500
2010-09-02,37.84000015258789,38.20000076293945,37.4900016784668,38.15999984741211,31282900
2010-09-03,38.470001220703125,39.16999816894531,38.470001220703125,39.16999816894531,34135600
2010-09-07,38.72999954223633,38.84000015258789,38.220001220703125,38.279998779296875,31885500
2010-09-08,38.34000015258789,39.43000030517578,38.34000015258789,39.119998931884766,30781000
2010-09-09,39.93000030517578,40.31999969482422,39.119998931884766,40.099998474121094,33438800
2010-09-10,39.91999816894531,40.25,39.66999816894531,39.7599983215332,21928600
2010-09-13,40.63999938964844,41.470001220703125,40.63999938964844,41.119998931884766,41643200
2010-09-14,40.970001220703125,41.22999954223633,40.459999084472656,40.720001220703125,42754100
2010-09-15,40.5099983215332,41.13999938964844,40.34000015258789,40.97999954223633,25399500
2010-09-16,40.720001220703125,41.099998474121094,40.54999923706055,40.9900016784668,25207500
2010-09-17,41.029998779296875,41.08000183105469,39.9900016784668,40.060001373291016,45938300
2010-09-20,40.2400016784668,41.310001373291016,40.029998779296875,41.189998626708984,33337500
2010-09-21,41.310001373291016,41.5,40.470001220703125,40.59000015258789,33548900
2010-09-22,40.43000030517578,40.84000015258789,39.75,39.939998626708984,34546000
2010-09-23,39.630001068115234,39.70000076293945,38.9900016784668,39.099998474121094,33471100
2010-09-24,39.5099983215332,39.79999923706055,39.29999923706055,39.75,28855100
2010-09-27,39.540000915527344,39.66999816894531,39.0099983215332,39.08000183105469,25684900
2010-09-28,39.36000061035156,39.400001525878906,38.61000061035156,38.95000076293945,31442600
2010-09-29,38.790000915527344,38.880001068115234,38.060001373291016,38.40999984741211,40207000
2010-09-30,38.4900016784668,38.95000076293945,37.959999084472656,38.060001373291016,54885200
2010-10-01,38.34000015258789,39.09000015258789,38.290000915527344,38.810001373291016,38973800
2010-10-04,38.97999954223633,39.540000915527344,38.709999084472656,38.95000076293945,38886100
2010-10-05,39.36000061035156,39.81999969482422,39.06999969482422,39.63999938964844,42379500
2010-10-06,39.560001373291016,40.06999969482422,39.41999816894531,39.900001525878906,31559900
2010-10-07,40.11000061035156,40.31999969482422,39.20000076293945,39.52000045776367,26923900
2010-10-08,39.66999816894531,39.779998779296875,39.130001068115234,39.310001373291016,28178500
2010-10-11,39.52000045776367,39.90999984741211,39.400001525878906,39.72999954223633,24601000
2010-10-12,39.470001220703125,40.4900016784668,39.470001220703125,40.400001525878906,38798100
2010-10-13,40.65999984741211,40.720001220703125,39.58000183105469,39.84000015258789,69607700
2010-10-14,39.25,39.380001068115234,38.099998474121094,38.720001220703125,76504900
2010-10-15,38.869998931884766,38.939998626708984,36.540000915527344,37.150001525878906,142280400
2010-10-18,37.150001525878906,38.2599983215332,37.0099983215332,38.20000076293945,55058700
2010-10-19,37.900001525878906,38.650001525878906,37.5,37.689998626708984,70595100
2010-10-20,38.0,38.29999923706055,37.459999084472656,38.099998474121094,43497200
2010-10-21,38.189998626708984,38.400001525878906,36.209999084472656,37.70000076293945,38250300
2010-10-22,37.5,37.790000915527344,37.31999969482422,37.70000076293945,24876900
2010-10-25,37.970001220703125,38.06999969482422,37.0,37.06999969482422,37893500
2010-10-26,36.97999954223633,37.2599983215332,36.779998779296875,37.20000076293945,39188100
2010-10-27,37.060001373291016,37.630001068115234,37.0,37.540000915527344,30777500
2010-10-28,37.70000076293945,37.959999084472656,37.33000183105469,37.5099983215332,30614600
2010-10-29,37.45000076293945,37.7400016784668,37.31999969482422,37.630001068115234,19803300
2010-11-01,37.61000061035156,38.0,37.099998474121094,37.41999816894531,36941900
2010-11-02,37.529998779296875,37.56999969482422,36.83000183105469,36.959999084472656,39913100
2010-11-03,36.97999954223633,37.83000183105469,36.959999084472656,37.720001220703125,35299600
2010-11-04,38.13999938964844,39.849998474121094,37.86000061035156,39.79999923706055,77569400
2010-11-05,39.88999938964844,41.34000015258789,39.779998779296875,40.939998626708984,75684800
2010-11-08,40.86000061035156,41.20000076293945,40.209999084472656,40.5099983215332,32967000
2010-11-09,40.43000030517578,40.68000030517578,39.72999954223633,39.900001525878906,32800100
2010-11-10,39.869998931884766,40.63999938964844,39.59000015258789,40.619998931884766,35587900
2010-11-11,40.27000045776367,40.439998626708984,39.849998474121094,40.02000045776367,25499700
2010-11-12,39.86000061035156,40.2599983215332,39.380001068115234,39.61000061035156,33504800
2010-11-15,39.81999969482422,40.63999938964844,39.709999084472656,40.08000183105469,28772500
2010-11-16,39.7400016784668,39.970001220703125,39.040000915527344,39.61000061035156,46023000
2010-11-17,39.58000183105469,39.68000030517578,38.97999954223633,39.18000030517578,32027500
2010-11-18,39.56999969482422,40.0,39.36000061035156,39.65999984741211,30987600
2010-11-19,39.40999984741211,39.63999938964844,39.2599983215332,39.40999984741211,26542000
2010-11-22,39.060001373291016,39.099998474121094,38.209999084472656,38.5099983215332,33249500
2010-11-23,38.0099983215332,38.220001220703125,37.599998474121094,37.630001068115234,35340400
2010-11-24,37.83000183105469,38.2400016784668,37.59000015258789,38.15999984741211,24248300
2010-11-26,37.709999084472656,37.97999954223633,37.5,37.5,12819100
2010-11-29,37.470001220703125,38.09000015258789,37.11000061035156,37.90999984741211,30911400
2010-11-30,37.4900016784668,37.790000915527344,37.2400016784668,37.400001525878906,33716700
2010-12-01,37.95000076293945,38.189998626708984,37.650001525878906,38.150001525878906,33157200
2010-12-02,38.43000030517578,39.380001068115234,38.33000183105469,39.310001373291016,41526000
2010-12-03,39.06999969482422,39.66999816894531,38.70000076293945,39.61000061035156,30070200
2010-12-06,39.47999954223633,40.04999923706055,39.29999923706055,39.900001525878906,25364500
2010-12-07,40.349998474121094,40.459999084472656,39.2400016784668,39.25,40908200
2010-12-08,39.36000061035156,40.33000183105469,39.060001373291016,40.2599983215332,38115900
2010-12-09,40.66999816894531,41.099998474121094,40.56999969482422,40.810001373291016,43001900
2010-12-10,40.88999938964844,41.5,40.77000045776367,41.43000030517578,28449000
2010-12-13,41.56999969482422,41.9900016784668,41.15999984741211,41.5099983215332,35730400
2010-12-14,41.439998626708984,41.5,40.470001220703125,40.790000915527344,34010800
2010-12-15,40.72999954223633,41.0,40.060001373291016,40.209999084472656,30264000
2010-12-16,40.41999816894531,40.68000030517578,39.81999969482422,40.0099983215332,37123200
2010-12-17,40.060001373291016,40.06999969482422,39.529998779296875,39.66999816894531,52004800
2010-12-20,39.83000183105469,40.27000045776367,39.689998626708984,39.95000076293945,22978200
2010-12-21,40.15999984741211,41.2400016784668,39.97999954223633,41.0,30757800
2010-12-22,41.16999816894531,42.540000915527344,41.15999984741211,42.15999984741211,47280400
2010-12-23,42.150001525878906,42.27000045776367,41.81999969482422,42.08000183105469,18927900
2010-12-27,41.81999969482422,42.68000030517578,41.79999923706055,42.66999816894531,17203200
2010-12-28,42.70000076293945,43.119998931884766,42.470001220703125,42.61000061035156,20386600
2010-12-29,42.58000183105469,42.77000045776367,42.29999923706055,42.36000061035156,13637400
2010-12-30,42.310001373291016,42.470001220703125,42.04999923706055,42.22999954223633,12901900
2010-12-31,42.11000061035156,42.45000076293945,42.040000915527344,42.41999816894531,12199700
2011-01-03,43.0,44.040000915527344,42.959999084472656,43.58000183105469,43278500
2011-01-04,43.779998779296875,44.29999923706055,43.34000015258789,44.15999984741211,40036800
2011-01-05,43.91999816894531,44.95000076293945,43.900001525878906,44.70000076293945,50032500
2011-01-06,44.400001525878906,44.79999923706055,44.25,44.47999954223633,31606200
2011-01-07,44.540000915527344,44.59000015258789,42.650001525878906,43.63999938964844,69579400
2011-01-10,43.27000045776367,43.77000045776367,43.0,43.400001525878906,30098100
2011-01-11,43.70000076293945,44.02000045776367,43.41999816894531,43.599998474121094,28067100
2011-01-12,44.439998626708984,44.900001525878906,44.25,44.709999084472656,44296900
2011-01-13,44.939998626708984,44.970001220703125,44.16999816894531,44.45000076293945,42133000
2011-01-14,44.5099983215332,45.939998626708984,44.45000076293945,44.90999984741211,86983800
2011-01-18,45.02000045776367,45.41999816894531,44.5,44.75,46237700
2011-01-19,44.54999923706055,44.970001220703125,43.599998474121094,43.709999084472656,44989200
2011-01-20,43.83000183105469,44.9900016784668,43.61000061035156,44.75,46977700
2011-01-21,45.04999923706055,45.540000915527344,44.849998474121094,45.290000915527344,44767400
2011-01-24,45.209999084472656,45.47999954223633,44.86000061035156,45.02000045776367,27826800
2011-01-25,44.81999969482422,45.43000030517578,44.2599983215332,44.869998931884766,36022400
2011-01-26,45.20000076293945,45.47999954223633,44.869998931884766,44.97999954223633,25639400
2011-01-27,44.97999954223633,45.380001068115234,44.689998626708984,45.099998474121094,26740900
2011-01-28,45.04999923706055,45.880001068115234,44.400001525878906,44.540000915527344,38593900
2011-01-31,44.40999984741211,45.099998474121094,44.400001525878906,44.939998626708984,23574500
2011-02-01,45.20000076293945,46.0,45.15999984741211,45.93000030517578,28255500
2011-02-02,45.790000915527344,45.97999954223633,45.34000015258789,45.45000076293945,24104900
2011-02-03,45.47999954223633,45.75,44.84000015258789,45.459999084472656,23322400
2011-02-04,45.0,45.16999816894531,44.29999923706055,44.59000015258789,38172900
2011-02-07,44.75,45.75,44.650001525878906,45.5,36790900
2011-02-08,45.4900016784668,45.81999969482422,45.310001373291016,45.7400016784668,28649500
2011-02-09,45.36000061035156,45.5,44.650001525878906,45.11000061035156,33491000
2011-02-10,45.099998474121094,45.540000915527344,44.95000076293945,45.529998779296875,22688600
2011-02-11,45.400001525878906,46.88999938964844,45.400001525878906,46.56999969482422,40812800
2011-02-14,46.599998474121094,46.900001525878906,46.470001220703125,46.540000915527344,28699200
2011-02-15,46.560001373291016,47.34000015258789,46.540000915527344,46.81999969482422,35972900
2011-02-16,47.150001525878906,48.36000061035156,47.099998474121094,47.939998626708984,44327800
2011-02-17,47.77000045776367,47.9900016784668,47.5,47.81999969482422,22932600
2011-02-18,47.81999969482422,48.130001068115234,47.54999923706055,48.0,23844300
2011-02-22,47.20000076293945,47.27000045776367,45.849998474121094,46.0099983215332,44561900
2011-02-23,46.040000915527344,46.5,45.290000915527344,45.959999084472656,36264800
2011-02-24,45.630001068115234,46.060001373291016,45.209999084472656,45.90999984741211,31926900
2011-02-25,46.25,46.86000061035156,46.119998931884766,46.68000030517578,26782100
2011-02-28,46.810001373291016,47.18000030517578,46.41999816894531,46.689998626708984,25985300
2011-03-01,46.470001220703125,46.689998626708984,45.59000015258789,45.599998474121094,33682600
2011-03-02,45.38999938964844,45.970001220703125,45.06999969482422,45.209999084472656,28600000
2011-03-03,45.720001220703125,46.33000183105469,45.709999084472656,46.08000183105469,23043600
2011-03-04,45.97999954223633,46.040000915527344,45.099998474121094,45.52000045776367,27716900
2011-03-07,45.619998931884766,45.650001525878906,44.7599983215332,45.189998626708984,28110800
2011-03-08,45.380001068115234,46.689998626708984,45.29999923706055,46.400001525878906,32941500
2011-03-09,46.33000183105469,47.099998474121094,46.02000045776367,46.560001373291016,25174700
2011-03-10,46.08000183105469,46.25,45.2599983215332,45.529998779296875,33783700
2011-03-11,45.279998779296875,45.84000015258789,45.25,45.7400016784668,20337600
2011-03-14,45.41999816894531,45.540000915527344,44.630001068115234,45.29999923706055,24508900
2011-03-15,44.54999923706055,44.9900016784668,43.849998474121094,44.61000061035156,35606000
2011-03-16,44.63999938964844,44.779998779296875,43.65999984741211,43.810001373291016,41962900
2011-03-17,44.459999084472656,44.61000061035156,43.400001525878906,44.560001373291016,46741800
2011-03-18,45.2400016784668,46.18000030517578,44.75,45.7400016784668,77421000
2011-03-21,46.279998779296875,46.31999969482422,45.31999969482422,45.630001068115234,28985300
2011-03-22,45.65999984741211,45.709999084472656,45.349998474121094,45.470001220703125,19756600
2011-03-23,45.290000915527344,45.689998626708984,44.77000045776367,45.599998474121094,26688900
2011-03-24,45.70000076293945,45.84000015258789,45.09000015258789,45.72999954223633,21748100
2011-03-25,45.70000076293945,46.380001068115234,45.66999816894531,45.86000061035156,20710400
2011-03-28,46.099998474121094,46.5,45.95000076293945,45.959999084472656,19039400
2011-03-29,45.83000183105469,46.040000915527344,45.52000045776367,46.02000045776367,17913300
2011-03-30,46.529998779296875,46.849998474121094,46.220001220703125,46.45000076293945,26829100
2011-03-31,46.04999923706055,46.34000015258789,45.959999084472656,46.099998474121094,23340500
2011-04-01,46.54999923706055,46.880001068115234,46.18000030517578,46.349998474121094,25387300
2011-04-04,46.119998931884766,46.52000045776367,46.04999923706055,46.34000015258789,15708000
2011-04-05,46.16999816894531,46.77000045776367,46.04999923706055,46.58000183105469,21058400
2011-04-06,46.810001373291016,47.72999954223633,46.630001068115234,47.63999938964844,31203300
2011-04-07,47.63999938964844,47.79999923706055,46.959999084472656,47.400001525878906,29972000
2011-04-08,47.52000045776367,47.65999984741211,46.630001068115234,46.84000015258789,23808000
2011-04-11,47.0,47.27000045776367,46.75,46.86000061035156,25641600
2011-04-12,46.54999923706055,47.11000061035156,46.25,46.63999938964844,27231300
2011-04-13,47.2400016784668,47.369998931884766,45.880001068115234,46.25,55383900
2011-04-14,45.68000030517578,45.75,44.90999984741211,44.970001220703125,45214600
2011-04-15,45.2400016784668,45.369998931884766,44.83000183105469,44.88999938964844,32475000
2011-04-18,44.27000045776367,44.349998474121094,43.529998779296875,43.959999084472656,50958800
2011-04-19,44.2599983215332,44.709999084472656,43.7599983215332,44.650001525878906,26705000
2011-04-20,44.900001525878906,44.970001220703125,43.939998626708984,44.560001373291016,35542800
2011-04-21,44.68000030517578,44.84000015258789,44.119998931884766,44.68000030517578,24368100
2011-04-25,44.650001525878906,45.02000045776367,44.380001068115234,44.61000061035156,17358900
2011-04-26,44.849998474121094,45.43000030517578,44.61000061035156,45.119998931884766,25900000
2011-04-27,45.29999923706055,45.630001068115234,45.04999923706055,45.5,20857200
2011-04-28,45.61000061035156,45.93000030517578,45.40999984741211,45.849998474121094,19859000
2011-04-29,45.810001373291016,46.02000045776367,45.400001525878906,45.630001068115234,23363000
2011-05-02,45.939998626708984,45.9900016784668,45.11000061035156,45.18000030517578,25904000
2011-05-03,44.95000076293945,46.06999969482422,44.86000061035156,45.91999816894531,30025500
2011-05-04,45.97999954223633,46.040000915527344,45.279998779296875,45.5,22727400
2011-05-05,45.2400016784668,45.709999084472656,44.9900016784668,45.16999816894531,26154500
2011-05-06,45.470001220703125,45.709999084472656,44.7599983215332,45.040000915527344,26332300
2011-05-09,44.75,45.11000061035156,44.31999969482422,44.959999084472656,22469500
2011-05-10,45.060001373291016,45.5,44.97999954223633,45.15999984741211,20534200
2011-05-11,45.02000045776367,45.040000915527344,44.11000061035156,44.22999954223633,31519600
2011-05-12,44.099998474121094,44.33000183105469,43.54999923706055,44.09000015258789,29567900
2011-05-13,44.060001373291016,44.099998474121094,42.97999954223633,43.150001525878906,32872500
2011-05-16,42.970001220703125,43.47999954223633,42.720001220703125,42.880001068115234,34951100
2011-05-17,42.68000030517578,44.02000045776367,42.650001525878906,43.810001373291016,36277100
2011-05-18,43.720001220703125,44.2400016784668,43.40999984741211,44.08000183105469,24372100
2011-05-19,44.31999969482422,44.349998474121094,43.75,44.0,19518000
2011-05-20,43.83000183105469,44.09000015258789,43.09000015258789,43.130001068115234,29946700
2011-05-23,42.400001525878906,42.900001525878906,42.29999923706055,42.54999923706055,32299500
2011-05-24,42.77000045776367,42.91999816894531,41.689998626708984,42.34000015258789,39341400
2011-05-25,42.11000061035156,42.75,42.099998474121094,42.27000045776367,26505300
2011-05-26,42.119998931884766,42.59000015258789,42.099998474121094,42.45000076293945,21648100
2011-05-27,42.70000076293945,43.150001525878906,42.540000915527344,42.790000915527344,24747300
2011-05-31,43.2400016784668,43.380001068115234,42.77000045776367,43.2400016784668,28746300
2011-06-01,42.869998931884766,42.9900016784668,41.72999954223633,41.7599983215332,38628700
2011-06-02,41.93000030517578,42.20000076293945,40.83000183105469,41.61000061035156,45964000
2011-06-03,41.09000015258789,42.25,41.02000045776367,41.56999969482422,31833100
2011-06-06,41.099998474121094,41.2400016784668,40.369998931884766,40.529998779296875,40895900
2011-06-07,40.91999816894531,41.310001373291016,40.650001525878906,40.720001220703125,36312000
2011-06-08,40.58000183105469,41.06999969482422,40.20000076293945,40.38999938964844,38890700
2011-06-09,40.59000015258789,41.2400016784668,40.540000915527344,40.97999954223633,30082300
2011-06-10,40.59000015258789,41.5,40.099998474121094,41.04999923706055,48545700
2011-06-13,41.290000915527344,41.81999969482422,40.720001220703125,41.66999816894531,31767100
2011-06-14,42.130001068115234,42.439998626708984,41.47999954223633,41.61000061035156,32103500
2011-06-15,41.02000045776367,41.400001525878906,40.25,40.68000030517578,37336400
2011-06-16,40.630001068115234,40.709999084472656,39.70000076293945,40.36000061035156,50316600
2011-06-17,40.849998474121094,41.060001373291016,40.540000915527344,40.79999923706055,31999600
2011-06-20,40.5,40.810001373291016,40.119998931884766,40.47999954223633,21565400
2011-06-21,40.68000030517578,41.22999954223633,40.25,40.90999984741211,34241100
2011-06-22,40.66999816894531,41.529998779296875,40.47999954223633,40.689998626708984,27306300
2011-06-23,40.119998931884766,40.25,39.619998931884766,40.06999969482422,48307500
2011-06-24,40.04999923706055,40.18000030517578,39.439998626708984,39.4900016784668,36136800
2011-06-27,39.400001525878906,40.11000061035156,39.33000183105469,39.880001068115234,30632700
2011-06-28,40.06999969482422,40.06999969482422,39.2400016784668,39.540000915527344,41558700
2011-06-29,40.040000915527344,40.560001373291016,39.91999816894531,40.45000076293945,44775900
2011-06-30,40.720001220703125,41.06999969482422,40.369998931884766,40.939998626708984,28000100
2011-07-01,40.810001373291016,41.720001220703125,40.77000045776367,41.58000183105469,32136800
2011-07-05,41.5099983215332,41.5099983215332,40.970001220703125,41.029998779296875,23805800
2011-07-06,40.59000015258789,40.650001525878906,40.18000030517578,40.560001373291016,23865700
2011-07-07,41.189998626708984,41.790000915527344,41.099998474121094,41.31999969482422,28550800
2011-07-08,40.70000076293945,40.970001220703125,40.560001373291016,40.7400016784668,20680000
2011-07-11,40.189998626708984,40.220001220703125,39.290000915527344,39.43000030517578,38328000
2011-07-12,39.2400016784668,40.119998931884766,39.2400016784668,39.38999938964844,33808300
2011-07-13,39.66999816894531,40.369998931884766,39.40999984741211,39.619998931884766,34020600
2011-07-14,41.18000030517578,41.2400016784668,40.290000915527344,40.349998474121094,65327400
2011-07-15,40.61000061035156,40.75,39.5,39.97999954223633,46544900
2011-07-18,39.790000915527344,40.0,38.93000030517578,39.83000183105469,47603200
2011-07-19,39.91999816894531,40.4900016784668,39.709999084472656,40.38999938964844,34837400
2011-07-20,40.689998626708984,41.36000061035156,40.619998931884766,40.959999084472656,31250900
2011-07-21,41.56999969482422,42.54999923706055,41.22999954223633,42.290000915527344,45552200
2011-07-22,42.27000045776367,42.31999969482422,41.7599983215332,42.189998626708984,19986100
2011-07-25,41.52000045776367,41.90999984741211,41.290000915527344,41.689998626708984,22522300
2011-07-26,41.5,41.790000915527344,41.290000915527344,41.439998626708984,24350600
2011-07-27,41.20000076293945,41.400001525878906,40.59000015258789,40.66999816894531,32361100
2011-07-28,40.689998626708984,41.2400016784668,40.619998931884766,40.68000030517578,23370200
2011-07-29,40.2400016784668,40.75,39.900001525878906,40.45000076293945,37793400
2011-08-01,41.15999984741211,41.369998931884766,39.959999084472656,40.439998626708984,34039300
2011-08-02,40.099998474121094,40.380001068115234,39.84000015258789,39.84000015258789,42119000
2011-08-03,39.7599983215332,40.02000045776367,39.349998474121094,39.900001525878906,41110100
2011-08-04,39.310001373291016,39.59000015258789,37.81999969482422,37.91999816894531,59931100
2011-08-05,38.29999923706055,38.75,36.720001220703125,37.599998474121094,85507800
2011-08-08,36.22999954223633,37.720001220703125,33.689998626708984,34.060001373291016,107650300
2011-08-09,35.380001068115234,36.59000015258789,33.689998626708984,36.400001525878906,78985700
2011-08-10,35.52000045776367,35.849998474121094,33.9900016784668,34.369998931884766,83975700
2011-08-11,34.630001068115234,37.29999923706055,34.630001068115234,36.689998626708984,69583500
2011-08-12,37.130001068115234,37.849998474121094,35.58000183105469,35.90999984741211,44072800
2011-08-15,36.529998779296875,37.13999938964844,36.38999938964844,36.880001068115234,34827900
2011-08-16,36.27000045776367,36.56999969482422,35.77000045776367,36.029998779296875,42266600
2011-08-17,36.459999084472656,37.2599983215332,36.31999969482422,36.56999969482422,30131400
2011-08-18,35.27000045776367,35.470001220703125,34.5,35.189998626708984,57130300
2011-08-19,34.7599983215332,35.5,34.2599983215332,34.349998474121094,52960800
2011-08-22,35.119998931884766,35.18000030517578,33.349998474121094,33.40999984741211,50971400
2011-08-23,33.290000915527344,34.79999923706055,32.310001373291016,34.779998779296875,55807900
2011-08-24,34.81999969482422,36.0099983215332,34.68000030517578,35.83000183105469,41959800
2011-08-25,37.790000915527344,38.56999969482422,35.41999816894531,35.720001220703125,55387600
2011-08-26,35.279998779296875,36.47999954223633,34.81999969482422,36.209999084472656,35114200
2011-08-29,36.81999969482422,37.63999938964844,36.470001220703125,37.63999938964844,27943900
2011-08-30,37.400001525878906,37.720001220703125,36.75,37.060001373291016,28818700
2011-08-31,37.41999816894531,38.029998779296875,37.220001220703125,37.560001373291016,30051100
2011-09-01,37.619998931884766,37.81999969482422,36.290000915527344,36.29999923706055,36862300
2011-09-02,35.060001373291016,35.25,34.5099983215332,34.630001068115234,41677300
2011-09-06,33.11000061035156,33.5,32.779998779296875,33.439998626708984,57071200
2011-09-07,34.099998474121094,34.97999954223633,33.869998931884766,34.81999969482422,36145900
2011-09-08,34.439998626708984,34.90999984741211,33.439998626708984,33.5099983215332,44815300
2011-09-09,33.08000183105469,33.20000076293945,31.93000030517578,32.08000183105469,67187400
2011-09-12,31.350000381469727,32.41999816894531,31.209999084472656,32.41999816894531,53377600
2011-09-13,32.810001373291016,33.40999984741211,32.16999816894531,32.4900016784668,50137600
2011-09-14,32.72999954223633,33.189998626708984,31.860000610351562,32.79999923706055,44442500
2011-09-15,33.369998931884766,33.81999969482422,33.130001068115234,33.810001373291016,35847800
2011-09-16,34.04999923706055,34.27000045776367,33.02000045776367,33.43000030517578,52683800
2011-09-19,32.689998626708984,32.88999938964844,32.130001068115234,32.4900016784668,33154800
2011-09-20,32.77000045776367,32.79999923706055,32.2400016784668,32.25,34085100
2011-09-21,32.22999954223633,32.45000076293945,30.260000228881836,30.34000015258789,57389200
2011-09-22,29.350000381469727,29.6299991607666,28.530000686645508,29.270000457763672,86285600
2011-09-23,28.959999084472656,29.799999237060547,28.860000610351562,29.59000015258789,51731300
2011-09-26,30.059999465942383,31.809999465942383,29.959999084472656,31.649999618530273,58696100
2011-09-27,32.619998931884766,33.130001068115234,31.25,31.56999969482422,58242900
2011-09-28,31.6200008392334,32.0,30.420000076293945,30.469999313354492,38725900
2011-09-29,31.579999923706055,32.11000061035156,30.440000534057617,31.389999389648438,51014100
2011-09-30,30.739999771118164,30.950000762939453,30.110000610351562,30.1200008392334,42420600
2011-10-03,30.030000686645508,30.700000762939453,28.639999389648438,28.649999618530273,51002700
2011-10-04,28.25,30.43000030517578,27.850000381469727,30.260000228881836,69800000
2011-10-05,30.229999542236328,31.170000076293945,29.399999618530273,30.84000015258789,51117200
2011-10-06,30.709999084472656,32.459999084472656,30.420000076293945,32.380001068115234,53214000
2011-10-07,32.58000183105469,32.61000061035156,30.649999618530273,30.700000762939453,49320600
2011-10-10,31.600000381469727,32.31999969482422,31.579999923706055,32.29999923706055,37324800
2011-10-11,31.979999542236328,32.68000030517578,31.40999984741211,32.29999923706055,38161700
2011-10-12,32.7599983215332,33.869998931884766,32.689998626708984,33.20000076293945,55462500
2011-10-13,32.45000076293945,32.4900016784668,30.920000076293945,31.600000381469727,78830000
2011-10-14,31.8700008392334,32.31999969482422,31.399999618530273,31.889999389648438,51899600
2011-10-17,31.639999389648438,32.09000015258789,30.969999313354492,31.040000915527344,40865400
2011-10-18,31.360000610351562,33.41999816894531,31.139999389648438,32.869998931884766,64392400
2011-10-19,32.77000045776367,34.0099983215332,32.029998779296875,32.25,50119300
2011-10-20,32.31999969482422,33.189998626708984,31.670000076293945,33.130001068115234,41657100
2011-10-21,33.47999954223633,34.040000915527344,33.0099983215332,33.41999816894531,48445300
2011-10-24,33.61000061035156,34.689998626708984,33.56999969482422,34.56999969482422,45697200
2011-10-25,34.18000030517578,34.25,33.36000061035156,33.4900016784668,38679100
2011-10-26,34.11000061035156,34.40999984741211,33.5,34.18000030517578,36350900
2011-10-27,36.560001373291016,37.540000915527344,35.70000076293945,37.02000045776367,76438300
2011-10-28,36.61000061035156,36.97999954223633,36.189998626708984,36.689998626708984,39891200
2011-10-31,35.93000030517578,36.0,34.72999954223633,34.7599983215332,46429800
2011-11-01,32.470001220703125,33.63999938964844,31.84000015258789,32.709999084472656,74052400
2011-11-02,33.709999084472656,33.7400016784668,33.060001373291016,33.63999938964844,34325900
2011-11-03,34.119998931884766,34.52000045776367,32.84000015258789,34.380001068115234,40084700
2011-11-04,33.9900016784668,34.060001373291016,33.45000076293945,33.970001220703125,30858700
2011-11-07,34.029998779296875,34.34000015258789,33.709999084472656,34.2400016784668,25925900
2011-11-08,34.529998779296875,35.18000030517578,34.02000045776367,35.02000045776367,30193100
2011-11-09,33.84000015258789,33.9900016784668,32.380001068115234,32.540000915527344,52990400
2011-11-10,32.91999816894531,33.22999954223633,32.279998779296875,32.7400016784668,30427400
2011-11-11,33.279998779296875,33.849998474121094,33.02000045776367,33.279998779296875,29983400
2011-11-14,32.95000076293945,32.97999954223633,32.220001220703125,32.54999923706055,27596300
2011-11-15,32.09000015258789,33.11000061035156,32.08000183105469,32.70000076293945,31260500
2011-11-16,32.34000015258789,32.4900016784668,31.399999618530273,31.469999313354492,40761800
2011-11-17,31.399999618530273,31.5,30.34000015258789,30.489999771118164,55130100
2011-11-18,30.670000076293945,30.850000381469727,30.329999923706055,30.6200008392334,39029900
2011-11-21,30.020000457763672,30.190000534057617,29.600000381469727,29.90999984741211,39658100
2011-11-22,29.899999618530273,30.100000381469727,29.3799991607666,29.40999984741211,36466200
2011-11-23,29.110000610351562,29.149999618530273,28.329999923706055,28.3799991607666,44468500
2011-11-25,28.280000686645508,29.170000076293945,28.280000686645508,28.479999542236328,21423200
2011-11-28,29.709999084472656,30.06999969482422,28.81999969482422,29.15999984741211,45280100
2011-11-29,28.979999542236328,29.1299991607666,28.479999542236328,28.559999465942383,45104700
2011-11-30,30.149999618530273,31.0,29.799999237060547,30.969999313354492,61412600
2011-12-01,30.860000610351562,30.969999313354492,30.030000686645508,30.459999084472656,33189700
2011-12-02,30.8799991607666,33.27000045776367,30.809999465942383,32.33000183105469,90515100
2011-12-05,33.63999938964844,34.099998474121094,33.220001220703125,33.5099983215332,52207600
2011-12-06,33.2599983215332,33.58000183105469,32.68000030517578,33.22999954223633,38782900
2011-12-07,32.81999969482422,34.189998626708984,32.720001220703125,34.0,44722800
2011-12-08,33.54999923706055,33.70000076293945,32.08000183105469,32.220001220703125,47788900
2011-12-09,32.36000061035156,33.310001373291016,32.36000061035156,33.18000030517578,39104600
2011-12-12,32.54999923706055,32.599998474121094,31.760000228881836,32.040000915527344,35977900
2011-12-13,32.369998931884766,32.630001068115234,30.8700008392334,31.290000915527344,49475100
2011-12-14,30.8799991607666,31.940000534057617,30.829999923706055,31.510000228881836,41291500
2011-12-15,32.099998474121094,32.279998779296875,31.56999969482422,31.760000228881836,33457300
2011-12-16,32.15999984741211,32.599998474121094,31.809999465942383,31.889999389648438,52596800
2011-12-19,31.8700008392334,31.899999618530273,30.420000076293945,30.700000762939453,47388000
2011-12-20,31.399999618530273,32.439998626708984,31.239999771118164,32.209999084472656,49091600
2011-12-21,32.0,32.40999984741211,31.899999618530273,32.31999969482422,30893000
2011-12-22,32.689998626708984,33.54999923706055,32.540000915527344,33.45000076293945,35543200
2011-12-23,33.619998931884766,33.70000076293945,33.130001068115234,33.56999969482422,21958800
2011-12-27,33.220001220703125,33.689998626708984,33.029998779296875,33.029998779296875,16891600
2011-12-28,32.9900016784668,33.09000015258789,32.56999969482422,32.650001525878906,19242700
2011-12-29,32.709999084472656,33.52000045776367,32.709999084472656,33.41999816894531,19792000
2011-12-30,33.11000061035156,33.41999816894531,33.060001373291016,33.25,18196900
2012-01-03,34.060001373291016,35.189998626708984,34.0099983215332,34.97999954223633,44102800
2012-01-04,34.439998626708984,35.150001525878906,34.33000183105469,34.95000076293945,36571200
2012-01-05,34.709999084472656,35.91999816894531,34.400001525878906,35.68000030517578,38381400
2012-01-06,35.689998626708984,35.77000045776367,35.13999938964844,35.36000061035156,33160600
2012-01-09,35.439998626708984,35.68000030517578,34.9900016784668,35.29999923706055,23001800
2012-01-10,36.06999969482422,36.349998474121094,35.7599983215332,36.04999923706055,35972800
2012-01-11,35.79999923706055,36.7400016784668,35.65999984741211,36.65999984741211,29852900
2012-01-12,36.81999969482422,37.04999923706055,36.16999816894531,36.849998474121094,39420700
2012-01-13,35.2599983215332,35.91999816894531,35.130001068115234,35.91999816894531,61571500
2012-01-17,34.849998474121094,35.68000030517578,34.5,34.90999984741211,55115100
2012-01-18,34.540000915527344,36.68000030517578,34.529998779296875,36.540000915527344,55502100
2012-01-19,36.84000015258789,37.150001525878906,36.709999084472656,36.93000030517578,37000400
2012-01-20,36.779998779296875,37.400001525878906,36.619998931884766,37.36000061035156,34716500
2012-01-23,37.310001373291016,37.939998626708984,37.27000045776367,37.65999984741211,27499200
2012-01-24,37.18000030517578,37.88999938964844,36.79999923706055,37.65999984741211,25403800
2012-01-25,37.36000061035156,37.81999969482422,37.119998931884766,37.599998474121094,29860700
2012-01-26,37.880001068115234,38.099998474121094,37.25,37.4900016784668,33284600
2012-01-27,37.22999954223633,37.65999984741211,37.150001525878906,37.209999084472656,27674600
2012-01-30,36.65999984741211,37.16999816894531,36.36000061035156,37.0099983215332,24423600
2012-01-31,37.529998779296875,37.540000915527344,36.93000030517578,37.29999923706055,29649500
2012-02-01,37.88999938964844,38.029998779296875,37.5,37.599998474121094,41957800
2012-02-02,37.689998626708984,38.15999984741211,37.41999816894531,37.54999923706055,26784200
2012-02-03,38.27000045776367,38.5,38.04999923706055,38.279998779296875,41074400
2012-02-06,38.060001373291016,38.31999969482422,37.810001373291016,38.13999938964844,23106200
2012-02-07,37.86000061035156,38.119998931884766,37.70000076293945,37.869998931884766,21091900
2012-02-08,38.04999923706055,38.349998474121094,37.970001220703125,38.29999923706055,23258700
2012-02-09,38.599998474121094,38.68000030517578,37.84000015258789,37.86000061035156,28608400
2012-02-10,37.220001220703125,37.77000045776367,37.11000061035156,37.61000061035156,22618800
2012-02-13,38.08000183105469,38.34000015258789,37.779998779296875,38.29999923706055,24828000
2012-02-14,38.22999954223633,38.2599983215332,37.439998626708984,37.91999816894531,27031900
2012-02-15,38.08000183105469,38.400001525878906,37.310001373291016,37.400001525878906,26534900
2012-02-16,37.150001525878906,38.119998931884766,37.04999923706055,38.0,22139600
2012-02-17,38.599998474121094,38.63999938964844,38.22999954223633,38.470001220703125,28009300
2012-02-21,38.650001525878906,38.970001220703125,38.40999984741211,38.459999084472656,22804200
2012-02-22,38.29999923706055,38.38999938964844,37.900001525878906,38.06999969482422,23416900
2012-02-23,38.060001373291016,38.52000045776367,37.75,38.4900016784668,31361400
2012-02-24,38.65999984741211,38.68000030517578,38.189998626708984,38.279998779296875,17586400
2012-02-27,38.06999969482422,39.22999954223633,37.790000915527344,39.060001373291016,34030400
2012-02-28,39.130001068115234,39.54999923706055,38.849998474121094,39.209999084472656,37900900
2012-02-29,39.33000183105469,39.939998626708984,39.02000045776367,39.2400016784668,41187700
2012-03-01,39.5099983215332,40.45000076293945,39.470001220703125,40.369998931884766,44376700
2012-03-02,40.43000030517578,40.880001068115234,40.22999954223633,40.630001068115234,34897900
2012-03-05,40.70000076293945,40.709999084472656,40.0,40.400001525878906,30806900
2012-03-06,39.45000076293945,39.869998931884766,39.119998931884766,39.31999969482422,33927500
2012-03-07,39.459999084472656,40.060001373291016,39.380001068115234,39.95000076293945,22875100
2012-03-08,40.470001220703125,40.75,40.220001220703125,40.439998626708984,22052300
2012-03-09,40.75,41.439998626708984,40.5,41.029998779296875,33494200
2012-03-12,40.86000061035156,40.97999954223633,40.20000076293945,40.540000915527344,30763800
2012-03-13,41.02000045776367,43.72999954223633,40.81999969482422,43.38999938964844,77277600
2012-03-14,43.619998931884766,44.0,43.06999969482422,43.58000183105469,68028700
2012-03-15,43.63999938964844,44.91999816894531,42.93000030517578,44.70000076293945,57117700
2012-03-16,44.869998931884766,44.91999816894531,44.220001220703125,44.56999969482422,48844500
2012-03-19,44.439998626708984,45.349998474121094,44.209999084472656,45.0,41509300
2012-03-20,44.529998779296875,45.599998474121094,44.369998931884766,45.380001068115234,34796200
2012-03-21,45.529998779296875,45.66999816894531,44.86000061035156,45.119998931884766,27267900
2012-03-22,44.720001220703125,45.099998474121094,44.40999984741211,44.650001525878906,27457200
2012-03-23,44.45000076293945,45.25,44.439998626708984,45.15999984741211,30639300
2012-03-26,45.47999954223633,46.16999816894531,45.400001525878906,46.16999816894531,33529400
2012-03-27,45.91999816894531,46.4900016784668,45.83000183105469,45.88999938964844,33026400
2012-03-28,45.7599983215332,46.310001373291016,45.36000061035156,46.27000045776367,29755800
2012-03-29,45.91999816894531,46.02000045776367,45.27000045776367,45.66999816894531,32262300
2012-03-30,46.08000183105469,46.130001068115234,45.5,45.97999954223633,25945800
2012-04-02,45.75,46.349998474121094,45.459999084472656,46.130001068115234,27669300
2012-04-03,45.7400016784668,45.9900016784668,44.970001220703125,45.41999816894531,31036400
2012-04-04,44.68000030517578,44.86000061035156,43.959999084472656,44.40999984741211,41342900
2012-04-05,44.130001068115234,44.72999954223633,43.810001373291016,44.34000015258789,28832300
2012-04-09,43.189998626708984,44.279998779296875,43.06999969482422,43.88999938964844,29376400
2012-04-10,43.880001068115234,44.0099983215332,42.65999984741211,42.959999084472656,38841000
2012-04-11,43.59000015258789,44.209999084472656,43.56999969482422,44.0099983215332,32142200
2012-04-12,44.119998931884766,44.9900016784668,44.0,44.84000015258789,33631100
2012-04-13,44.95000076293945,44.95000076293945,43.060001373291016,43.209999084472656,58183900
2012-04-16,43.380001068115234,43.79999923706055,42.84000015258789,43.33000183105469,40387600
2012-04-17,43.689998626708984,44.0,43.15999984741211,43.900001525878906,26887000
2012-04-18,43.619998931884766,43.90999984741211,43.27000045776367,43.290000915527344,20242900
2012-04-19,43.439998626708984,43.689998626708984,42.77000045776367,43.220001220703125,25961800
2012-04-20,43.5099983215332,43.58000183105469,42.709999084472656,42.720001220703125,26178100
2012-04-23,41.91999816894531,42.959999084472656,41.79999923706055,42.849998474121094,25536300
2012-04-24,42.97999954223633,43.310001373291016,42.810001373291016,43.279998779296875,21420400
2012-04-25,43.650001525878906,43.88999938964844,42.97999954223633,43.15999984741211,31694000
2012-04-26,43.220001220703125,43.88999938964844,43.060001373291016,43.79999923706055,28100300
2012-04-27,43.939998626708984,43.9900016784668,43.22999954223633,43.34000015258789,26242900
2012-04-30,43.33000183105469,43.369998931884766,42.540000915527344,42.97999954223633,23518000
2012-05-01,43.0,44.2400016784668,42.959999084472656,43.790000915527344,26359700
2012-05-02,43.459999084472656,43.529998779296875,42.84000015258789,43.20000076293945,22462200
2012-05-03,43.380001068115234,43.38999938964844,42.66999816894531,43.0099983215332,19536400
2012-05-04,42.33000183105469,42.68000030517578,41.709999084472656,41.75,31279900
2012-05-07,41.43000030517578,42.400001525878906,41.369998931884766,41.779998779296875,25910100
2012-05-08,41.5,41.84000015258789,40.95000076293945,41.380001068115234,28049700
2012-05-09,40.720001220703125,41.02000045776367,40.119998931884766,40.63999938964844,38769900
2012-05-10,41.22999954223633,41.400001525878906,40.540000915527344,40.7400016784668,35827100
2012-05-11,37.13999938964844,37.9900016784668,36.619998931884766,36.959999084472656,217294200
2012-05-14,36.099998474121094,36.470001220703125,35.7599983215332,35.790000915527344,96488500
2012-05-15,36.189998626708984,37.27000045776367,36.119998931884766,36.2400016784668,89903700
2012-05-16,36.790000915527344,36.97999954223633,35.459999084472656,35.459999084472656,68729600
2012-05-17,35.040000915527344,35.099998474121094,33.880001068115234,33.93000030517578,95429200
2012-05-18,33.9900016784668,33.9900016784668,32.970001220703125,33.4900016784668,82650100
2012-05-21,33.52000045776367,33.709999084472656,32.2599983215332,32.5099983215332,99554800
2012-05-22,33.31999969482422,34.58000183105469,32.9900016784668,34.0099983215332,84721000
2012-05-23,33.619998931884766,34.41999816894531,33.209999084472656,34.2599983215332,52512900
2012-05-24,34.439998626708984,34.47999954223633,33.619998931884766,33.970001220703125,37843800
2012-05-25,34.0,34.130001068115234,33.290000915527344,33.5,28796400
2012-05-29,33.97999954223633,34.0,33.36000061035156,33.630001068115234,35855200
2012-05-30,33.29999923706055,33.439998626708984,32.95000076293945,32.959999084472656,34203600
2012-05-31,32.959999084472656,33.470001220703125,32.90999984741211,33.150001525878906,42124900
2012-06-01,32.40999984741211,32.650001525878906,31.770000457763672,31.93000030517578,50472200
2012-06-04,32.15999984741211,32.16999816894531,30.829999923706055,31.0,60492400
2012-06-05,30.889999389648438,32.130001068115234,30.860000610351562,31.989999771118164,46502800
2012-06-06,32.709999084472656,33.310001373291016,32.27000045776367,33.06999969482422,47980500
2012-06-07,33.77000045776367,33.83000183105469,32.79999923706055,32.810001373291016,53888800
2012-06-08,32.77000045776367,33.68000030517578,32.54999923706055,33.68000030517578,34238200
2012-06-11,34.369998931884766,34.439998626708984,32.779998779296875,32.81999969482422,46404900
2012-06-12,32.880001068115234,33.779998779296875,32.5099983215332,33.77000045776367,43334400
2012-06-13,33.689998626708984,35.06999969482422,33.630001068115234,34.29999923706055,72456600
2012-06-14,34.40999984741211,34.88999938964844,34.06999969482422,34.650001525878906,44428000
2012-06-15,34.88999938964844,35.06999969482422,34.40999984741211,35.029998779296875,40917100
2012-06-18,34.709999084472656,35.29999923706055,34.5,34.619998931884766,31084400
2012-06-19,34.9900016784668,35.630001068115234,34.72999954223633,35.380001068115234,32489000
2012-06-20,36.029998779296875,36.939998626708984,35.83000183105469,36.45000076293945,61149700
2012-06-21,36.4900016784668,37.029998779296875,35.43000030517578,35.5099983215332,95637000
2012-06-22,36.02000045776367,36.4900016784668,35.959999084472656,35.9900016784668,44193500
2012-06-25,35.2599983215332,35.470001220703125,34.63999938964844,35.31999969482422,33115800
2012-06-26,36.060001373291016,36.119998931884766,35.58000183105469,35.709999084472656,35053600
2012-06-27,35.63999938964844,36.81999969482422,35.5,36.779998779296875,34156800
2012-06-28,35.31999969482422,35.93000030517578,34.849998474121094,35.880001068115234,69904800
2012-06-29,36.70000076293945,36.79999923706055,35.25,35.72999954223633,56063200
2012-07-02,36.27000045776367,36.36000061035156,35.59000015258789,36.279998779296875,34274900
2012-07-03,35.959999084472656,36.13999938964844,35.540000915527344,35.880001068115234,26705900
2012-07-05,35.61000061035156,35.65999984741211,34.220001220703125,34.380001068115234,58519800
2012-07-06,33.91999816894531,34.119998931884766,33.72999954223633,33.900001525878906,32057200
2012-07-09,33.810001373291016,34.119998931884766,33.540000915527344,33.959999084472656,30545000
2012-07-10,34.220001220703125,34.45000076293945,33.810001373291016,34.25,33175500
2012-07-11,34.209999084472656,34.79999923706055,34.119998931884766,34.59000015258789,35144300
2012-07-12,34.33000183105469,34.56999969482422,33.939998626708984,34.040000915527344,39301500
2012-07-13,35.060001373291016,36.20000076293945,34.86000061035156,36.06999969482422,83001000
2012-07-16,35.7599983215332,35.849998474121094,34.72999954223633,35.09000015258789,52368300
2012-07-17,35.439998626708984,35.47999954223633,34.27000045776367,34.9900016784668,43998300
2012-07-18,34.75,35.22999954223633,34.650001525878906,34.959999084472656,28944900
2012-07-19,35.02000045776367,35.16999816894531,34.310001373291016,34.459999084472656,34384700
2012-07-20,34.04999923706055,34.130001068115234,33.900001525878906,33.900001525878906,36301200
2012-07-23,33.2400016784668,34.5,33.099998474121094,34.439998626708984,41248300
2012-07-24,34.58000183105469,34.88999938964844,34.220001220703125,34.72999954223633,29920400
2012-07-25,34.97999954223633,35.45000076293945,34.790000915527344,35.16999816894531,32127700
2012-07-26,35.779998779296875,35.939998626708984,35.34000015258789,35.810001373291016,28900500
2012-07-27,36.0099983215332,37.20000076293945,35.5099983215332,36.88999938964844,63636200
2012-07-30,36.5,36.52000045776367,35.939998626708984,36.13999938964844,30698200
2012-07-31,36.11000061035156,36.33000183105469,35.90999984741211,36.0,19681600
2012-08-01,36.189998626708984,36.400001525878906,35.81999969482422,36.0,22180200
2012-08-02,35.619998931884766,35.84000015258789,34.7599983215332,35.16999816894531,36675000
2012-08-03,35.81999969482422,36.290000915527344,35.5,36.09000015258789,24516300
2012-08-06,36.2400016784668,36.79999923706055,36.11000061035156,36.29999923706055,18979200
2012-08-07,36.56999969482422,37.869998931884766,36.56999969482422,37.0099983215332,37225800
2012-08-08,36.849998474121094,37.47999954223633,36.75,37.15999984741211,18672400
2012-08-09,36.720001220703125,37.2599983215332,36.59000015258789,36.91999816894531,23406700
2012-08-10,36.7599983215332,37.0,36.400001525878906,36.970001220703125,15492700
2012-08-13,36.869998931884766,37.09000015258789,36.650001525878906,36.9900016784668,14453500
2012-08-14,37.41999816894531,37.63999938964844,36.97999954223633,37.099998474121094,18065100
2012-08-15,37.06999969482422,37.40999984741211,36.95000076293945,37.06999969482422,17521300
2012-08-16,37.18000030517578,37.349998474121094,36.79999923706055,37.099998474121094,15894100
2012-08-17,37.20000076293945,37.20000076293945,36.79999923706055,36.97999954223633,17079800
2012-08-20,36.91999816894531,37.5,36.79999923706055,37.369998931884766,17922100
2012-08-21,37.630001068115234,38.86000061035156,37.560001373291016,38.040000915527344,36880600
2012-08-22,37.880001068115234,38.18000030517578,37.560001373291016,37.83000183105469,16899400
2012-08-23,37.810001373291016,37.88999938964844,37.20000076293945,37.22999954223633,16429500
2012-08-24,36.939998626708984,37.439998626708984,36.66999816894531,37.16999816894531,20019300
2012-08-27,37.310001373291016,37.439998626708984,36.900001525878906,37.22999954223633,17618200
2012-08-28,37.099998474121094,37.4900016784668,36.900001525878906,37.130001068115234,18050500
2012-08-29,37.31999969482422,37.4900016784668,37.060001373291016,37.29999923706055,13681900
2012-08-30,37.060001373291016,37.130001068115234,36.709999084472656,36.900001525878906,13700700
2012-08-31,37.13999938964844,37.400001525878906,36.86000061035156,37.13999938964844,16771600
2012-09-04,36.97999954223633,37.2400016784668,36.779998779296875,37.0099983215332,13631400
2012-09-05,37.08000183105469,37.290000915527344,36.939998626708984,37.11000061035156,13537500
2012-09-06,37.58000183105469,38.869998931884766,37.5,38.689998626708984,41346800
2012-09-07,39.040000915527344,39.529998779296875,39.0,39.29999923706055,28082400
2012-09-10,39.22999954223633,39.779998779296875,38.72999954223633,38.7599983215332,20853500
2012-09-11,38.79999923706055,39.630001068115234,38.72999954223633,39.599998474121094,22378900
2012-09-12,39.880001068115234,40.25,39.790000915527344,39.91999816894531,29882200
2012-09-13,39.84000015258789,41.58000183105469,39.59000015258789,41.400001525878906,47018600
2012-09-14,41.959999084472656,42.09000015258789,41.22999954223633,41.56999969482422,43471600
2012-09-17,41.0,41.439998626708984,40.95000076293945,41.189998626708984,19740100
2012-09-18,41.04999923706055,41.33000183105469,40.65999984741211,41.2599983215332,25186600
2012-09-19,41.33000183105469,41.7599983215332,41.040000915527344,41.34000015258789,22887200
2012-09-20,40.959999084472656,41.279998779296875,40.54999923706055,41.25,20997400
2012-09-21,41.529998779296875,41.70000076293945,40.77000045776367,40.880001068115234,28287400
2012-09-24,40.61000061035156,41.470001220703125,40.59000015258789,41.22999954223633,20499500
2012-09-25,41.54999923706055,41.54999923706055,40.529998779296875,40.54999923706055,21988200
2012-09-26,40.150001525878906,40.630001068115234,39.70000076293945,40.2400016784668,23782700
2012-09-27,40.400001525878906,40.9900016784668,40.209999084472656,40.68000030517578,20843400
2012-09-28,40.41999816894531,40.630001068115234,40.15999984741211,40.47999954223633,21380700
2012-10-01,40.880001068115234,41.5,40.79999923706055,40.970001220703125,21956400
2012-10-02,41.13999938964844,41.2400016784668,40.560001373291016,40.91999816894531,26946100
2012-10-03,40.83000183105469,41.0,40.41999816894531,40.86000061035156,22419100
2012-10-04,41.15999984741211,41.9900016784668,40.90999984741211,41.81999969482422,24326500
2012-10-05,42.040000915527344,42.439998626708984,41.459999084472656,41.709999084472656,22774400
2012-10-08,41.33000183105469,41.84000015258789,41.11000061035156,41.65999984741211,18631300
2012-10-09,41.77000045776367,41.95000076293945,41.29999923706055,41.380001068115234,19947500
2012-10-10,41.54999923706055,42.0,41.33000183105469,41.77000045776367,25797600
2012-10-11,42.369998931884766,42.63999938964844,41.849998474121094,42.099998474121094,27755000
2012-10-12,41.599998474121094,42.43000030517578,41.150001525878906,41.619998931884766,44564000
2012-10-15,41.90999984741211,42.40999984741211,41.72999954223633,42.380001068115234,26268000
2012-10-16,42.790000915527344,43.11000061035156,42.27000045776367,42.83000183105469,28588100
2012-10-17,42.93000030517578,43.540000915527344,42.77000045776367,43.31999969482422,26177500
2012-10-18,43.09000015258789,43.349998474121094,42.75,43.0099983215332,23630400
2012-10-19,42.79999923706055,42.81999969482422,42.060001373291016,42.31999969482422,29747500
2012-10-22,42.25,42.52000045776367,41.5,42.09000015258789,27993000
2012-10-23,41.470001220703125,41.7400016784668,41.04999923706055,41.33000183105469,22896400
2012-10-24,41.68000030517578,41.880001068115234,41.34000015258789,41.709999084472656,18918900
2012-10-25,42.2400016784668,42.279998779296875,41.400001525878906,41.66999816894531,17311700
2012-10-26,41.41999816894531,41.65999984741211,40.869998931884766,41.15999984741211,21892700
2012-10-31,41.45000076293945,41.790000915527344,41.150001525878906,41.68000030517578,19423500
2012-11-01,41.70000076293945,42.900001525878906,41.58000183105469,42.84000015258789,23325400
2012-11-02,43.040000915527344,43.06999969482422,42.33000183105469,42.41999816894531,17029200
2012-11-05,42.33000183105469,42.36000061035156,41.86000061035156,42.27000045776367,13252500
2012-11-06,42.56999969482422,43.04999923706055,42.40999984741211,42.880001068115234,17190900
2012-11-07,42.0099983215332,42.0099983215332,40.310001373291016,40.47999954223633,47631200
2012-11-08,41.279998779296875,41.5,40.400001525878906,40.400001525878906,27830900
2012-11-09,40.310001373291016,41.22999954223633,39.86000061035156,40.619998931884766,27553200
2012-11-12,40.849998474121094,40.90999984741211,40.29999923706055,40.58000183105469,12816000
2012-11-13,40.18000030517578,40.52000045776367,40.0,40.040000915527344,19793500
2012-11-14,40.209999084472656,40.369998931884766,39.130001068115234,39.290000915527344,30986600
2012-11-15,39.060001373291016,39.720001220703125,38.970001220703125,39.38999938964844,24858700
2012-11-16,39.43000030517578,39.66999816894531,38.83000183105469,39.529998779296875,32458000
2012-11-19,40.09000015258789,40.70000076293945,40.09000015258789,40.59000015258789,26781200
2012-11-20,40.33000183105469,41.18000030517578,40.25,40.70000076293945,19375900
2012-11-21,40.939998626708984,40.97999954223633,40.349998474121094,40.72999954223633,13030200
2012-11-23,41.099998474121094,41.220001220703125,40.970001220703125,41.09000015258789,8316700
2012-11-26,40.790000915527344,40.880001068115234,40.09000015258789,40.880001068115234,20376600
2012-11-27,40.869998931884766,41.20000076293945,40.63999938964844,40.75,19875000
2012-11-28,40.4900016784668,40.880001068115234,39.880001068115234,40.83000183105469,26106900
2012-11-29,41.150001525878906,41.349998474121094,40.90999984741211,41.220001220703125,18915000
2012-11-30,40.9900016784668,41.34000015258789,40.849998474121094,41.08000183105469,20066600
2012-12-03,41.27000045776367,41.369998931884766,40.75,40.810001373291016,18955500
2012-12-04,40.779998779296875,40.91999816894531,40.20000076293945,40.56999969482422,24031100
2012-12-05,40.689998626708984,41.4900016784668,40.5,41.20000076293945,25515600
2012-12-06,41.25,41.54999923706055,41.11000061035156,41.470001220703125,20541700
2012-12-07,41.84000015258789,42.56999969482422,41.72999954223633,42.560001373291016,34552900
2012-12-10,42.540000915527344,42.66999816894531,42.0099983215332,42.310001373291016,22394500
2012-12-11,42.599998474121094,43.09000015258789,42.41999816894531,42.63999938964844,21955000
2012-12-12,43.0,43.380001068115234,42.70000076293945,42.77000045776367,23110600
2012-12-13,42.650001525878906,42.91999816894531,42.5,42.779998779296875,18457000
2012-12-14,42.77000045776367,43.11000061035156,42.709999084472656,42.810001373291016,16208600
2012-12-17,43.0,43.5099983215332,42.810001373291016,43.47999954223633,23879800
2012-12-18,43.83000183105469,43.939998626708984,43.310001373291016,43.869998931884766,33858600
2012-12-19,43.9900016784668,44.38999938964844,43.41999816894531,43.529998779296875,34348500
2012-12-20,43.689998626708984,44.540000915527344,43.40999984741211,44.529998779296875,25014900
2012-12-21,43.81999969482422,44.20000076293945,43.34000015258789,44.0,38973500
2012-12-24,43.720001220703125,44.02000045776367,43.709999084472656,43.91999816894531,8621200
2012-12-26,43.95000076293945,44.18000030517578,43.720001220703125,43.959999084472656,11498900
2012-12-27,43.959999084472656,44.02000045776367,42.900001525878906,43.630001068115234,19567000
2012-12-28,43.099998474121094,43.689998626708984,43.09000015258789,43.2400016784668,15401200
2012-12-31,43.099998474121094,44.0,43.04999923706055,43.970001220703125,24209600
2013-01-02,44.97999954223633,45.0,44.220001220703125,44.65999984741211,31413000
2013-01-03,44.7400016784668,44.75,44.20000076293945,44.56999969482422,24227700
2013-01-04,44.45000076293945,45.43000030517578,44.439998626708984,45.36000061035156,24487700
2013-01-07,45.09000015258789,45.4900016784668,45.02000045776367,45.40999984741211,24456900
2013-01-08,45.400001525878906,45.5,44.959999084472656,45.5,19624200
2013-01-09,45.560001373291016,46.20000076293945,45.13999938964844,45.470001220703125,25920600
2013-01-10,45.88999938964844,46.15999984741211,45.529998779296875,46.150001525878906,23413600
2013-01-11,45.970001220703125,46.150001525878906,45.470001220703125,46.13999938964844,19723900
2013-01-14,45.88999938964844,46.18000030517578,45.47999954223633,45.880001068115234,19079500
2013-01-15,45.4900016784668,46.470001220703125,45.349998474121094,46.349998474121094,29898000
2013-01-16,45.90999984741211,46.83000183105469,45.56999969482422,46.81999969482422,43453600
2013-01-17,46.400001525878906,46.869998931884766,46.290000915527344,46.439998626708984,41086800
2013-01-18,46.380001068115234,46.599998474121094,46.18000030517578,46.459999084472656,28679100
2013-01-22,46.25,46.54999923706055,46.130001068115234,46.540000915527344,24257300
2013-01-23,46.22999954223633,46.439998626708984,45.91999816894531,46.22999954223633,19105100
2013-01-24,46.2400016784668,46.79999923706055,46.08000183105469,46.369998931884766,20008200
2013-01-25,46.7400016784668,47.15999984741211,46.61000061035156,47.15999984741211,26009100
2013-01-28,46.84000015258789,47.0,46.47999954223633,46.63999938964844,19706800
2013-01-29,46.279998779296875,47.15999984741211,46.25,47.119998931884766,19907400
2013-01-30,47.040000915527344,47.349998474121094,46.959999084472656,47.130001068115234,18631300
2013-01-31,47.0099983215332,47.220001220703125,46.880001068115234,47.04999923706055,19536000
2013-02-01,47.400001525878906,48.0,47.209999084472656,47.849998474121094,24520000
2013-02-04,47.540000915527344,47.810001373291016,47.380001068115234,47.68000030517578,20822600
2013-02-05,47.939998626708984,48.79999923706055,47.93000030517578,48.790000915527344,28067500
2013-02-06,48.41999816894531,48.83000183105469,48.31999969482422,48.61000061035156,28282600
2013-02-07,48.650001525878906,48.75,47.900001525878906,48.22999954223633,21429600
2013-02-08,48.33000183105469,48.689998626708984,48.2599983215332,48.630001068115234,15218300
2013-02-11,48.5099983215332,48.900001525878906,48.380001068115234,48.65999984741211,13935900
2013-02-12,48.79999923706055,49.310001373291016,48.599998474121094,49.13999938964844,16388000
2013-02-13,49.349998474121094,49.45000076293945,48.5,48.68000030517578,21635600
2013-02-14,48.400001525878906,49.290000915527344,48.369998931884766,49.220001220703125,18017800
2013-02-15,49.349998474121094,49.459999084472656,48.56999969482422,48.880001068115234,20016200
2013-02-19,49.119998931884766,49.68000030517578,49.119998931884766,49.45000076293945,20445900
2013-02-20,49.349998474121094,49.540000915527344,48.36000061035156,48.61000061035156,24786700
2013-02-21,48.40999984741211,48.45000076293945,47.83000183105469,48.25,24437700
2013-02-22,48.630001068115234,48.90999984741211,48.40999984741211,48.90999984741211,23584100
2013-02-25,49.099998474121094,49.20000076293945,47.650001525878906,47.70000076293945,32775500
2013-02-26,48.220001220703125,48.2599983215332,46.849998474121094,47.599998474121094,39401400
2013-02-27,47.849998474121094,49.400001525878906,47.7599983215332,49.279998779296875,31921200
2013-02-28,49.15999984741211,49.54999923706055,48.75,48.91999816894531,24711500
2013-03-01,48.599998474121094,49.41999816894531,48.369998931884766,48.90999984741211,25923400
2013-03-04,48.72999954223633,49.13999938964844,48.33000183105469,49.099998474121094,17695200
2013-03-05,49.4900016784668,50.11000061035156,49.310001373291016,49.4900016784668,25561100
2013-03-06,49.880001068115234,50.189998626708984,49.619998931884766,50.029998779296875,19607900
2013-03-07,50.04999923706055,50.86000061035156,50.0099983215332,50.630001068115234,24245400
2013-03-08,50.59000015258789,50.849998474121094,49.61000061035156,50.20000076293945,32711900
2013-03-11,50.22999954223633,50.77000045776367,49.90999984741211,50.47999954223633,19473000
2013-03-12,50.349998474121094,50.66999816894531,50.04999923706055,50.279998779296875,18003400
2013-03-13,50.290000915527344,50.43000030517578,50.11000061035156,50.15999984741211,16680200
2013-03-14,50.25,51.0,50.189998626708984,51.0,26378700
2013-03-15,49.970001220703125,50.290000915527344,49.150001525878906,50.02000045776367,60880800
2013-03-18,49.189998626708984,49.65999984741211,48.95000076293945,49.5099983215332,28011400
2013-03-19,49.650001525878906,49.9900016784668,48.68000030517578,49.20000076293945,24411500
2013-03-20,49.56999969482422,49.63999938964844,49.040000915527344,49.119998931884766,19385300
2013-03-21,48.790000915527344,49.22999954223633,48.349998474121094,48.349998474121094,23535900
2013-03-22,48.630001068115234,49.0,48.34000015258789,48.779998779296875,22791500
2013-03-25,49.040000915527344,49.31999969482422,48.15999984741211,48.52000045776367,23581400
2013-03-26,48.7400016784668,48.970001220703125,48.31999969482422,48.63999938964844,16417500
2013-03-27,48.20000076293945,48.310001373291016,47.560001373291016,47.77000045776367,26530100
2013-03-28,47.84000015258789,47.93000030517578,47.279998779296875,47.459999084472656,27506700
2013-04-01,47.54999923706055,47.9900016784668,47.4900016784668,47.83000183105469,17442200
2013-04-02,48.0099983215332,48.380001068115234,47.880001068115234,48.279998779296875,17273700
2013-04-03,48.029998779296875,48.06999969482422,46.529998779296875,46.849998474121094,33467400
2013-04-04,46.959999084472656,47.540000915527344,46.900001525878906,47.4900016784668,21514000
2013-04-05,46.790000915527344,48.040000915527344,46.75,47.90999984741211,22961500
2013-04-08,47.880001068115234,48.59000015258789,47.59000015258789,48.58000183105469,18672300
2013-04-09,48.7400016784668,48.959999084472656,48.459999084472656,48.68000030517578,20066700
2013-04-10,48.939998626708984,49.560001373291016,48.880001068115234,49.25,20388900
2013-04-11,49.209999084472656,49.599998474121094,48.83000183105469,49.310001373291016,22584700
2013-04-12,48.900001525878906,49.58000183105469,48.45000076293945,49.0099983215332,37805900
2013-04-15,48.38999938964844,49.34000015258789,47.900001525878906,47.93000030517578,31527300
2013-04-16,48.43000030517578,48.52000045776367,47.59000015258789,48.4900016784668,23865500
2013-04-17,48.11000061035156,48.18000030517578,46.380001068115234,46.790000915527344,43466300
2013-04-18,46.79999923706055,47.33000183105469,46.04999923706055,46.63999938964844,26106800
2013-04-19,47.150001525878906,47.36000061035156,46.70000076293945,47.22999954223633,19746100
2013-04-22,47.400001525878906,47.4900016784668,46.869998931884766,47.349998474121094,15230100
2013-04-23,47.68000030517578,48.2400016784668,47.38999938964844,48.16999816894531,20568500
2013-04-24,48.31999969482422,48.91999816894531,48.15999984741211,48.720001220703125,16459300
2013-04-25,49.02000045776367,49.630001068115234,48.88999938964844,49.0,19058800
2013-04-26,48.86000061035156,49.09000015258789,48.61000061035156,48.880001068115234,13929000
2013-04-29,49.08000183105469,49.099998474121094,48.650001525878906,48.91999816894531,13496300
2013-04-30,48.959999084472656,49.25,48.720001220703125,49.0099983215332,13802600
2013-05-01,48.7599983215332,48.90999984741211,47.849998474121094,48.0099983215332,17686400
2013-05-02,48.25,48.25,47.709999084472656,48.08000183105469,15529300
2013-05-03,48.630001068115234,48.70000076293945,46.97999954223633,47.56999969482422,43257900
2013-05-06,47.709999084472656,48.38999938964844,47.56999969482422,48.18000030517578,20829500
2013-05-07,48.56999969482422,49.38999938964844,48.2599983215332,49.13999938964844,24291600
2013-05-08,49.220001220703125,49.9900016784668,49.11000061035156,49.7599983215332,23559300
2013-05-09,49.70000076293945,49.810001373291016,48.91999816894531,49.040000915527344,18103100
2013-05-10,49.04999923706055,49.22999954223633,48.63999938964844,48.959999084472656,16199600
2013-05-13,48.84000015258789,49.70000076293945,48.61000061035156,49.66999816894531,23979500
2013-05-14,49.77000045776367,50.41999816894531,49.65999984741211,50.22999954223633,24188400
2013-05-15,50.20000076293945,51.43000030517578,50.150001525878906,51.09000015258789,27467000
2013-05-16,50.869998931884766,51.65999984741211,50.84000015258789,50.970001220703125,21389500
2013-05-17,51.2599983215332,52.33000183105469,51.25,52.29999923706055,26080300
2013-05-20,52.279998779296875,52.630001068115234,51.90999984741211,52.290000915527344,22020000
2013-05-21,52.529998779296875,53.66999816894531,52.45000076293945,53.02000045776367,37112600
2013-05-22,53.43000030517578,54.959999084472656,53.290000915527344,53.630001068115234,46968300
2013-05-23,52.81999969482422,53.790000915527344,52.65999984741211,53.349998474121094,25294200
2013-05-24,52.900001525878906,53.65999984741211,52.720001220703125,53.65999984741211,18342300
2013-05-28,54.560001373291016,54.650001525878906,54.029998779296875,54.599998474121094,27162300
2013-05-29,54.09000015258789,54.959999084472656,53.90999984741211,54.66999816894531,20482600
2013-05-30,54.599998474121094,55.900001525878906,54.529998779296875,55.619998931884766,24890800
2013-05-31,55.709999084472656,55.83000183105469,54.59000015258789,54.59000015258789,24990100
2013-06-03,54.599998474121094,54.86000061035156,53.040000915527344,54.4900016784668,28279600
2013-06-04,54.540000915527344,55.38999938964844,53.869998931884766,54.040000915527344,22022600
2013-06-05,53.779998779296875,54.27000045776367,52.70000076293945,53.029998779296875,24326000
2013-06-06,52.84000015258789,53.52000045776367,52.27000045776367,53.5,23940900
2013-06-07,53.77000045776367,54.47999954223633,53.40999984741211,54.27000045776367,21691000
2013-06-10,54.63999938964844,54.84000015258789,54.02000045776367,54.36000061035156,16007000
2013-06-11,53.459999084472656,54.04999923706055,53.11000061035156,53.4900016784668,17600800
2013-06-12,53.900001525878906,54.099998474121094,52.970001220703125,53.18000030517578,18479100
2013-06-13,53.0,54.2400016784668,52.970001220703125,54.16999816894531,17090200
2013-06-14,54.040000915527344,54.130001068115234,52.90999984741211,53.130001068115234,17185300
2013-06-17,53.70000076293945,54.2599983215332,53.540000915527344,53.849998474121094,16856600
2013-06-18,54.029998779296875,54.27000045776367,53.720001220703125,54.11000061035156,13259100
2013-06-19,53.9900016784668,54.5099983215332,53.52000045776367,53.54999923706055,20840000
2013-06-20,53.08000183105469,53.18000030517578,52.27000045776367,52.47999954223633,31857100
2013-06-21,52.959999084472656,52.97999954223633,51.689998626708984,51.959999084472656,44412200
2013-06-24,50.880001068115234,51.45000076293945,50.11000061035156,50.91999816894531,30736500
2013-06-25,51.5099983215332,52.560001373291016,51.5099983215332,52.08000183105469,20951400
2013-06-26,52.650001525878906,52.79999923706055,51.880001068115234,52.5,19332000
2013-06-27,53.029998779296875,53.4900016784668,52.880001068115234,53.150001525878906,17093600
2013-06-28,53.119998931884766,53.130001068115234,52.58000183105469,52.790000915527344,18256000
2013-07-01,53.220001220703125,53.630001068115234,52.43000030517578,52.4900016784668,23511100
2013-07-02,52.56999969482422,53.529998779296875,52.119998931884766,52.79999923706055,23935300
2013-07-03,52.310001373291016,52.810001373291016,52.209999084472656,52.77000045776367,10442300
2013-07-05,53.36000061035156,54.0,53.11000061035156,53.9900016784668,17070200
2013-07-08,54.540000915527344,54.90999984741211,54.04999923706055,54.70000076293945,21786900
2013-07-09,55.06999969482422,55.16999816894531,54.189998626708984,54.88999938964844,20508700
2013-07-10,54.77000045776367,55.150001525878906,54.439998626708984,54.83000183105469,16915000
2013-07-11,55.84000015258789,55.869998931884766,54.54999923706055,55.13999938964844,21322600
2013-07-12,55.5099983215332,55.849998474121094,54.75,54.970001220703125,32569200
2013-07-15,55.4900016784668,55.5,54.599998474121094,54.88999938964844,28292000
2013-07-16,54.900001525878906,55.40999984741211,54.779998779296875,55.0099983215332,19222700
2013-07-17,55.04999923706055,55.58000183105469,54.84000015258789,55.27000045776367,19166600
2013-07-18,55.5099983215332,56.529998779296875,55.4900016784668,56.369998931884766,24563100
2013-07-19,56.5099983215332,56.560001373291016,55.90999984741211,56.15999984741211,17762600
2013-07-22,56.16999816894531,56.66999816894531,55.95000076293945,56.560001373291016,15999700
2013-07-23,56.720001220703125,56.88999938964844,56.470001220703125,56.66999816894531,10577100
2013-07-24,56.91999816894531,56.93000030517578,56.380001068115234,56.630001068115234,16665000
2013-07-25,56.45000076293945,56.5,55.88999938964844,56.5,13870200
2013-07-26,56.060001373291016,56.220001220703125,55.599998474121094,56.04999923706055,16762300
2013-07-29,55.97999954223633,56.0,55.380001068115234,55.689998626708984,10049100
2013-07-30,55.869998931884766,55.9900016784668,55.08000183105469,55.33000183105469,14207400
2013-07-31,55.58000183105469,56.27000045776367,55.5099983215332,55.72999954223633,19404900
2013-08-01,56.36000061035156,56.779998779296875,56.20000076293945,56.540000915527344,15979400
2013-08-02,56.27000045776367,56.52000045776367,56.0099983215332,56.4900016784668,11007300
2013-08-05,56.33000183105469,56.58000183105469,56.0099983215332,56.099998474121094,9370200
2013-08-06,55.9900016784668,56.099998474121094,55.310001373291016,55.4900016784668,10588600
2013-08-07,55.060001373291016,55.470001220703125,54.779998779296875,55.29999923706055,12828400
2013-08-08,55.41999816894531,55.72999954223633,54.130001068115234,54.83000183105469,18587100
2013-08-09,54.689998626708984,55.150001525878906,54.33000183105469,54.52000045776367,12652500
2013-08-12,54.040000915527344,54.31999969482422,53.68000030517578,54.09000015258789,15133000
2013-08-13,54.220001220703125,54.70000076293945,53.599998474121094,54.290000915527344,15078100
2013-08-14,54.33000183105469,54.849998474121094,54.0,54.150001525878906,15785800
2013-08-15,53.52000045776367,53.68000030517578,52.88999938964844,53.290000915527344,16933200
2013-08-16,53.06999969482422,53.779998779296875,53.06999969482422,53.290000915527344,17139000
2013-08-19,52.88999938964844,52.95000076293945,51.79999923706055,51.83000183105469,22793300
2013-08-20,51.779998779296875,52.36000061035156,50.65999984741211,52.119998931884766,18701500
2013-08-21,51.91999816894531,52.220001220703125,51.279998779296875,51.630001068115234,17136200
2013-08-22,52.0,52.65999984741211,51.93000030517578,52.209999084472656,14658500
2013-08-23,52.27000045776367,52.41999816894531,51.900001525878906,52.31999969482422,11126800
2013-08-26,52.15999984741211,52.540000915527344,51.790000915527344,51.79999923706055,16548400
2013-08-27,51.02000045776367,51.54999923706055,50.54999923706055,50.599998474121094,23596800
2013-08-28,50.33000183105469,51.04999923706055,50.130001068115234,50.58000183105469,18748100
2013-08-29,50.59000015258789,51.18000030517578,50.45000076293945,50.70000076293945,13576000
2013-08-30,50.81999969482422,50.83000183105469,50.290000915527344,50.529998779296875,15863100
2013-09-03,51.25,51.720001220703125,50.83000183105469,51.130001068115234,15277200
2013-09-04,51.15999984741211,52.099998474121094,50.93000030517578,51.869998931884766,19923800
2013-09-05,52.029998779296875,52.52000045776367,51.90999984741211,52.11000061035156,13913200
2013-09-06,52.40999984741211,52.709999084472656,51.279998779296875,52.560001373291016,22339900
2013-09-09,52.779998779296875,53.189998626708984,52.52000045776367,52.86000061035156,19936400
2013-09-10,53.83000183105469,53.93000030517578,53.29999923706055,53.66999816894531,20233200
2013-09-11,53.369998931884766,53.7599983215332,53.060001373291016,53.2599983215332,16028600
2013-09-12,53.43000030517578,53.709999084472656,52.08000183105469,52.2400016784668,21976700
2013-09-13,52.290000915527344,52.79999923706055,52.22999954223633,52.59000015258789,11942900
2013-09-16,53.45000076293945,53.4900016784668,52.97999954223633,53.13999938964844,17055300
2013-09-17,53.189998626708984,53.31999969482422,52.880001068115234,53.09000015258789,13207000
2013-09-18,52.689998626708984,53.869998931884766,52.560001373291016,53.40999984741211,20844500
2013-09-19,53.630001068115234,53.75,52.529998779296875,52.75,22452200
2013-09-20,52.95000076293945,53.470001220703125,52.79999923706055,52.79999923706055,30792200
2013-09-23,52.08000183105469,52.380001068115234,51.38999938964844,51.459999084472656,28189500
2013-09-24,51.0099983215332,51.27000045776367,50.29999923706055,50.31999969482422,34906900
2013-09-25,50.220001220703125,51.900001525878906,50.060001373291016,51.70000076293945,39175500
2013-09-26,51.93000030517578,52.560001373291016,51.540000915527344,51.88999938964844,22298700
2013-09-27,51.5,52.400001525878906,51.38999938964844,52.2400016784668,23026000
2013-09-30,51.72999954223633,52.09000015258789,51.439998626708984,51.689998626708984,21350600
2013-10-01,51.63999938964844,52.09000015258789,51.45000076293945,51.959999084472656,19188000
2013-10-02,51.31999969482422,52.45000076293945,51.290000915527344,52.09000015258789,23841200
2013-10-03,52.0,52.20000076293945,51.5,51.939998626708984,18614500
2013-10-04,52.06999969482422,52.68000030517578,52.0099983215332,52.66999816894531,17407200
2013-10-07,52.290000915527344,52.36000061035156,51.83000183105469,51.83000183105469,16159300
2013-10-08,51.83000183105469,51.959999084472656,50.84000015258789,50.869998931884766,19536000
2013-10-09,51.16999816894531,51.34000015258789,50.25,50.75,24721200
2013-10-10,51.84000015258789,52.560001373291016,51.380001068115234,52.52000045776367,24328700
2013-10-11,52.959999084472656,53.349998474121094,52.15999984741211,52.5099983215332,32498800
2013-10-14,51.939998626708984,52.84000015258789,51.7599983215332,52.709999084472656,18881600
2013-10-15,52.90999984741211,53.040000915527344,52.18000030517578,52.310001373291016,17566500
2013-10-16,52.61000061035156,54.04999923706055,52.58000183105469,54.0,24864000
2013-10-17,53.790000915527344,54.290000915527344,53.61000061035156,54.209999084472656,17791000
2013-10-18,54.2599983215332,54.58000183105469,53.79999923706055,54.29999923706055,24796600
2013-10-21,54.27000045776367,54.849998474121094,53.88999938964844,54.27000045776367,19471700
2013-10-22,54.650001525878906,54.68000030517578,53.619998931884766,53.619998931884766,24820900
2013-10-23,53.310001373291016,53.36000061035156,52.720001220703125,52.75,21034400
2013-10-24,52.84000015258789,52.88999938964844,52.11000061035156,52.47999954223633,17759000
2013-10-25,52.15999984741211,52.90999984741211,52.06999969482422,52.77000045776367,20889600
2013-10-28,52.88999938964844,53.09000015258789,52.5,52.68000030517578,14836800
2013-10-29,52.83000183105469,52.9900016784668,52.25,52.72999954223633,23363100
2013-10-30,53.0,53.2400016784668,52.5,52.599998474121094,16157200
2013-10-31,52.650001525878906,52.709999084472656,51.540000915527344,51.540000915527344,23738000
2013-11-01,51.45000076293945,52.709999084472656,51.29999923706055,52.5099983215332,25794400
2013-11-04,52.7400016784668,52.7599983215332,52.0,52.040000915527344,18891300
2013-11-05,51.849998474121094,52.130001068115234,51.65999984741211,51.95000076293945,14532200
2013-11-06,52.2599983215332,52.34000015258789,51.83000183105469,52.099998474121094,14013000
2013-11-07,52.130001068115234,52.34000015258789,51.58000183105469,51.650001525878906,17348900
2013-11-08,51.83000183105469,53.970001220703125,51.79999923706055,53.959999084472656,31183100
2013-11-11,53.90999984741211,54.150001525878906,53.70000076293945,54.099998474121094,12062800
2013-11-12,53.93000030517578,54.08000183105469,53.599998474121094,53.970001220703125,15964800
2013-11-13,53.52000045776367,54.20000076293945,53.150001525878906,54.13999938964844,22121900
2013-11-14,54.2599983215332,54.5,53.70000076293945,54.400001525878906,17634000
2013-11-15,54.27000045776367,54.959999084472656,54.189998626708984,54.869998931884766,20530100
2013-11-18,55.4900016784668,56.0,55.29999923706055,55.7400016784668,22318800
2013-11-19,55.970001220703125,56.63999938964844,55.779998779296875,56.150001525878906,22979900
2013-11-20,56.43000030517578,56.439998626708984,55.77000045776367,56.099998474121094,17682800
2013-11-21,56.279998779296875,57.400001525878906,56.279998779296875,57.220001220703125,22843600
2013-11-22,57.25,57.52000045776367,57.060001373291016,57.459999084472656,16730600
2013-11-25,57.5,58.13999938964844,57.40999984741211,57.650001525878906,18649600
2013-11-26,57.630001068115234,57.959999084472656,57.16999816894531,57.16999816894531,16263300
2013-11-27,57.58000183105469,57.83000183105469,57.33000183105469,57.47999954223633,11238900
2013-11-29,57.58000183105469,57.849998474121094,57.20000076293945,57.220001220703125,7128800
2013-12-02,57.099998474121094,57.75,56.900001525878906,56.97999954223633,12465300
2013-12-03,56.88999938964844,57.220001220703125,56.13999938964844,56.86000061035156,20426800
2013-12-04,56.439998626708984,57.470001220703125,56.209999084472656,57.189998626708984,20287200
2013-12-05,56.709999084472656,56.7400016784668,55.75,55.81999969482422,21324900
2013-12-06,56.56999969482422,56.7599983215332,55.619998931884766,56.060001373291016,18661200
2013-12-09,56.279998779296875,56.529998779296875,56.09000015258789,56.5099983215332,12714000
2013-12-10,56.4900016784668,57.06999969482422,56.349998474121094,56.70000076293945,14543700
2013-12-11,56.540000915527344,56.77000045776367,55.959999084472656,56.06999969482422,17836100
2013-12-12,56.04999923706055,56.599998474121094,55.90999984741211,56.310001373291016,15325300
2013-12-13,56.369998931884766,56.560001373291016,56.040000915527344,56.16999816894531,11461300
2013-12-16,56.34000015258789,56.939998626708984,56.33000183105469,56.41999816894531,26379200
2013-12-17,56.65999984741211,56.65999984741211,55.65999984741211,55.720001220703125,18338500
2013-12-18,55.84000015258789,57.27000045776367,55.400001525878906,57.2400016784668,27685900
2013-12-19,57.099998474121094,57.540000915527344,56.81999969482422,57.22999954223633,16790000
2013-12-20,57.209999084472656,58.0,57.20000076293945,57.70000076293945,22001700
2013-12-23,57.970001220703125,58.38999938964844,57.79999923706055,58.2400016784668,13990600
2013-12-24,58.06999969482422,58.290000915527344,58.040000915527344,58.25,4532600
2013-12-26,58.349998474121094,58.459999084472656,57.91999816894531,58.20000076293945,6677000
2013-12-27,58.16999816894531,58.349998474121094,58.060001373291016,58.13999938964844,8943700
2013-12-30,58.13999938964844,58.27000045776367,57.709999084472656,57.95000076293945,8815800
2013-12-31,58.20000076293945,58.54999923706055,58.04999923706055,58.47999954223633,11017400
2014-01-02,58.310001373291016,58.5,57.970001220703125,58.209999084472656,15627600
2014-01-03,58.290000915527344,58.95000076293945,58.209999084472656,58.65999984741211,14214100
2014-01-06,59.15999984741211,59.470001220703125,58.83000183105469,59.0,17550700
2014-01-07,59.290000915527344,59.43000030517578,58.11000061035156,58.31999969482422,17851200
2014-01-08,58.540000915527344,58.90999984741211,58.29999923706055,58.869998931884766,14687400
2014-01-09,58.97999954223633,59.0,58.33000183105469,58.7599983215332,13242500
2014-01-10,58.66999816894531,58.7599983215332,58.18000030517578,58.4900016784668,12694900
2014-01-13,58.5099983215332,58.66999816894531,57.529998779296875,57.70000076293945,20711600
2014-01-14,58.29999923706055,58.58000183105469,57.560001373291016,57.7400016784668,30272400
2014-01-15,57.72999954223633,59.650001525878906,57.72999954223633,59.4900016784668,35186600
2014-01-16,58.790000915527344,59.81999969482422,58.7400016784668,58.9900016784668,21689400
2014-01-17,59.209999084472656,59.22999954223633,58.029998779296875,58.11000061035156,20997900
2014-01-21,58.09000015258789,58.439998626708984,57.58000183105469,58.16999816894531,19548300
2014-01-22,58.33000183105469,58.33000183105469,57.41999816894531,57.59000015258789,15433500
2014-01-23,57.09000015258789,57.099998474121094,56.209999084472656,56.470001220703125,26234600
2014-01-24,56.0,56.36000061035156,55.09000015258789,55.09000015258789,26833100
2014-01-27,55.08000183105469,55.79999923706055,54.689998626708984,55.09000015258789,23935000
2014-01-28,55.38999938964844,56.34000015258789,55.2400016784668,55.7400016784668,18041000
2014-01-29,54.959999084472656,55.869998931884766,54.849998474121094,55.529998779296875,25459000
2014-01-30,56.06999969482422,56.38999938964844,55.630001068115234,56.0,17031100
2014-01-31,55.5,56.11000061035156,55.18000030517578,55.36000061035156,18174000
2014-02-03,55.5,55.91999816894531,54.20000076293945,54.310001373291016,28549900
2014-02-04,54.720001220703125,55.349998474121094,54.599998474121094,54.95000076293945,20709300
2014-02-05,55.099998474121094,55.45000076293945,54.58000183105469,55.209999084472656,19491600
2014-02-06,55.349998474121094,56.54999923706055,55.20000076293945,56.47999954223633,20881600
2014-02-07,56.650001525878906,56.93000030517578,56.2599983215332,56.619998931884766,23388500
2014-02-10,56.77000045776367,56.91999816894531,56.38999938964844,56.7400016784668,14715200
2014-02-11,56.61000061035156,57.56999969482422,56.58000183105469,57.43000030517578,18774100
2014-02-12,57.34000015258789,57.709999084472656,57.15999984741211,57.52000045776367,13437900
2014-02-13,57.06999969482422,58.099998474121094,56.959999084472656,58.029998779296875,16605500
2014-02-14,57.88999938964844,58.22999954223633,57.75,58.150001525878906,13067300
2014-02-18,58.02000045776367,58.650001525878906,57.900001525878906,58.4900016784668,14983800
2014-02-19,58.36000061035156,58.540000915527344,57.220001220703125,57.2599983215332,18669900
2014-02-20,57.529998779296875,57.970001220703125,57.27000045776367,57.58000183105469,12457000
2014-02-21,57.59000015258789,57.84000015258789,57.369998931884766,57.61000061035156,16790100
2014-02-24,57.619998931884766,58.22999954223633,57.58000183105469,58.029998779296875,16151400
2014-02-25,57.900001525878906,57.97999954223633,56.91999816894531,57.029998779296875,17991800
2014-02-26,57.369998931884766,57.380001068115234,56.220001220703125,56.75,23661700
2014-02-27,56.779998779296875,56.88999938964844,56.13999938964844,56.689998626708984,16277500
2014-02-28,56.56999969482422,57.45000076293945,56.38999938964844,56.81999969482422,18599000
2014-03-03,56.29999923706055,56.41999816894531,55.689998626708984,56.209999084472656,19151000
2014-03-04,56.95000076293945,57.36000061035156,56.63999938964844,57.2599983215332,17157000
2014-03-05,57.47999954223633,58.290000915527344,57.36000061035156,58.15999984741211,17761500
2014-03-06,58.5099983215332,59.09000015258789,58.400001525878906,58.900001525878906,19420600
2014-03-07,59.349998474121094,59.79999923706055,59.06999969482422,59.400001525878906,18602200
2014-03-10,59.13999938964844,59.47999954223633,58.869998931884766,59.20000076293945,16945200
2014-03-11,59.41999816894531,59.45000076293945,58.130001068115234,58.189998626708984,19420000
2014-03-12,57.70000076293945,57.959999084472656,57.41999816894531,57.91999816894531,17932100
2014-03-13,58.0,58.34000015258789,57.189998626708984,57.41999816894531,17192500
2014-03-14,57.11000061035156,57.529998779296875,56.619998931884766,56.79999923706055,18635800
2014-03-17,57.209999084472656,57.70000076293945,57.04999923706055,57.58000183105469,13581400
2014-03-18,57.81999969482422,58.15999984741211,57.619998931884766,58.060001373291016,12554800
2014-03-19,57.9900016784668,58.93000030517578,57.88999938964844,58.29999923706055,21450700
2014-03-20,58.36000061035156,60.4900016784668,58.130001068115234,60.11000061035156,33736500
2014-03-21,60.959999084472656,61.20000076293945,60.0,60.16999816894531,35144100
2014-03-24,60.369998931884766,61.189998626708984,60.349998474121094,61.06999969482422,25810500
2014-03-25,61.11000061035156,61.47999954223633,60.560001373291016,60.93000030517578,24053500
2014-03-26,61.2400016784668,61.400001525878906,59.88999938964844,59.900001525878906,22745200
2014-03-27,59.939998626708984,60.54999923706055,59.02000045776367,59.91999816894531,24632600
2014-03-28,60.209999084472656,60.59000015258789,59.68000030517578,60.040000915527344,14708700
2014-03-31,60.83000183105469,61.02000045776367,60.599998474121094,60.709999084472656,15216700
2014-04-01,60.95000076293945,61.290000915527344,60.369998931884766,60.66999816894531,14584400
2014-04-02,60.369998931884766,60.77000045776367,60.20000076293945,60.47999954223633,14012200
2014-04-03,60.650001525878906,60.79999923706055,60.279998779296875,60.65999984741211,11925200
2014-04-04,61.02000045776367,61.060001373291016,59.79999923706055,59.810001373291016,16966900
2014-04-07,59.689998626708984,60.0,58.84000015258789,59.0,18685700
2014-04-08,58.79999923706055,59.02000045776367,58.25,58.849998474121094,16956500
2014-04-09,59.099998474121094,59.45000076293945,58.5,59.27000045776367,15308400
2014-04-10,59.349998474121094,59.38999938964844,57.380001068115234,57.400001525878906,29977200
2014-04-11,55.18000030517578,56.04999923706055,54.54999923706055,55.29999923706055,47241300
2014-04-14,55.849998474121094,55.939998626708984,54.47999954223633,54.959999084472656,31081500
2014-04-15,55.09000015258789,55.63999938964844,54.349998474121094,54.79999923706055,26691400
2014-04-16,55.0,55.349998474121094,54.689998626708984,55.2599983215332,27049400
2014-04-17,55.34000015258789,55.56999969482422,55.0099983215332,55.220001220703125,17955400
2014-04-21,55.2599983215332,55.40999984741211,54.9900016784668,55.029998779296875,12384800
2014-04-22,55.040000915527344,56.08000183105469,54.939998626708984,55.810001373291016,16257600
2014-04-23,55.79999923706055,56.119998931884766,55.560001373291016,56.04999923706055,11379000
2014-04-24,56.06999969482422,56.2599983215332,55.61000061035156,56.189998626708984,15360600
2014-04-25,56.310001373291016,56.349998474121094,55.63999938964844,55.70000076293945,15937700
2014-04-28,55.630001068115234,55.70000076293945,54.68000030517578,55.4900016784668,21394100
2014-04-29,55.72999954223633,56.310001373291016,55.56999969482422,56.099998474121094,13453400
2014-04-30,56.2400016784668,56.349998474121094,55.720001220703125,55.97999954223633,14388100
2014-05-01,55.91999816894531,56.189998626708984,55.5,55.720001220703125,12744600
2014-05-02,55.83000183105469,56.369998931884766,55.439998626708984,55.58000183105469,15153800
2014-05-05,53.880001068115234,54.7400016784668,53.70000076293945,54.220001220703125,25232300
2014-05-06,54.040000915527344,54.060001373291016,53.31999969482422,53.34000015258789,25327400
2014-05-07,53.54999923706055,54.119998931884766,53.2400016784668,54.04999923706055,18502600
2014-05-08,54.20000076293945,54.529998779296875,54.060001373291016,54.36000061035156,16090800
2014-05-09,54.220001220703125,54.310001373291016,53.68000030517578,54.0099983215332,12366500
2014-05-12,54.27000045776367,54.70000076293945,54.029998779296875,54.650001525878906,12825500
2014-05-13,54.7400016784668,54.83000183105469,54.5,54.619998931884766,12310700
2014-05-14,54.63999938964844,54.70000076293945,54.29999923706055,54.36000061035156,10325800
2014-05-15,54.20000076293945,54.20000076293945,53.349998474121094,53.5099983215332,19763000
2014-05-16,53.41999816894531,53.5099983215332,52.970001220703125,53.310001373291016,19992400
2014-05-19,53.08000183105469,53.90999984741211,53.060001373291016,53.83000183105469,12068900
2014-05-20,53.720001220703125,54.040000915527344,53.40999984741211,53.720001220703125,16888200
2014-05-21,54.04999923706055,54.599998474121094,53.97999954223633,54.119998931884766,13210200
2014-05-22,54.16999816894531,54.599998474121094,54.02000045776367,54.54999923706055,11800900
2014-05-23,54.54999923706055,54.59000015258789,54.15999984741211,54.529998779296875,10876500
2014-05-27,54.75,55.43000030517578,54.689998626708984,55.13999938964844,14503700
2014-05-28,55.09000015258789,55.599998474121094,55.0,55.45000076293945,11374900
2014-05-29,55.75,55.91999816894531,55.38999938964844,55.720001220703125,11741000
2014-05-30,55.58000183105469,55.880001068115234,55.310001373291016,55.56999969482422,11991900
2014-06-02,55.650001525878906,55.650001525878906,55.02000045776367,55.349998474121094,9440000
2014-06-03,55.09000015258789,55.65999984741211,55.09000015258789,55.599998474121094,9131500
2014-06-04,55.52000045776367,55.72999954223633,55.25,55.68000030517578,9727800
2014-06-05,55.90999984741211,56.65999984741211,55.4900016784668,56.630001068115234,16803400
2014-06-06,56.7599983215332,57.130001068115234,56.650001525878906,56.970001220703125,15399800
2014-06-09,56.90999984741211,57.66999816894531,56.900001525878906,57.41999816894531,11999700
2014-06-10,57.470001220703125,57.939998626708984,57.38999938964844,57.900001525878906,11609200
2014-06-11,57.47999954223633,57.790000915527344,56.97999954223633,57.27000045776367,14232200
2014-06-12,57.06999969482422,57.41999816894531,56.869998931884766,57.040000915527344,11670200
2014-06-13,57.029998779296875,57.66999816894531,56.880001068115234,57.040000915527344,12040800
2014-06-16,56.849998474121094,56.95000076293945,56.33000183105469,56.869998931884766,11199100
2014-06-17,56.790000915527344,57.59000015258789,56.68000030517578,57.41999816894531,11200500
2014-06-18,57.290000915527344,57.810001373291016,56.95000076293945,57.779998779296875,13729400
2014-06-19,57.689998626708984,57.689998626708984,57.209999084472656,57.29999923706055,11624400
2014-06-20,57.689998626708984,57.77000045776367,57.349998474121094,57.54999923706055,17124800
2014-06-23,57.540000915527344,58.220001220703125,57.2400016784668,58.189998626708984,16007700
2014-06-24,57.880001068115234,58.119998931884766,57.29999923706055,57.41999816894531,12322900
2014-06-25,57.220001220703125,57.7400016784668,56.869998931884766,57.529998779296875,14836600
2014-06-26,57.34000015258789,57.4900016784668,56.599998474121094,57.38999938964844,11854400
2014-06-27,57.33000183105469,57.70000076293945,57.2400016784668,57.529998779296875,10178600
2014-06-30,57.439998626708984,57.779998779296875,57.380001068115234,57.619998931884766,11549000
2014-07-01,57.150001525878906,57.9900016784668,57.08000183105469,57.56999969482422,14472200
2014-07-02,57.27000045776367,57.47999954223633,56.81999969482422,56.970001220703125,19189900
2014-07-03,57.22999954223633,57.650001525878906,57.0,57.04999923706055,12599800
2014-07-07,56.88999938964844,56.9900016784668,56.400001525878906,56.66999816894531,13916100
2014-07-08,56.349998474121094,56.470001220703125,55.630001068115234,55.7599983215332,18343400
2014-07-09,55.880001068115234,56.119998931884766,55.61000061035156,56.02000045776367,10914300
2014-07-10,55.060001373291016,55.810001373291016,54.959999084472656,55.560001373291016,12436600
2014-07-11,55.290000915527344,55.90999984741211,55.189998626708984,55.79999923706055,10230000
2014-07-14,56.529998779296875,56.84000015258789,56.20000076293945,56.290000915527344,14004400
2014-07-15,57.95000076293945,58.689998626708984,57.7599983215332,58.27000045776367,36178000
2014-07-16,58.5099983215332,58.97999954223633,58.310001373291016,58.709999084472656,20507500
2014-07-17,58.560001373291016,58.86000061035156,57.7599983215332,57.86000061035156,17013500
2014-07-18,58.33000183105469,58.47999954223633,57.900001525878906,58.22999954223633,12803300
2014-07-21,58.119998931884766,58.40999984741211,57.900001525878906,58.2400016784668,9141400
2014-07-22,58.41999816894531,58.79999923706055,58.369998931884766,58.66999816894531,10375200
2014-07-23,58.7599983215332,59.189998626708984,58.52000045776367,59.0,11122100
2014-07-24,59.06999969482422,59.349998474121094,58.9900016784668,59.16999816894531,9844100
2014-07-25,58.91999816894531,59.27000045776367,58.84000015258789,59.0099983215332,10500600
2014-07-28,58.939998626708984,59.2599983215332,58.66999816894531,59.189998626708984,12382800
2014-07-29,59.130001068115234,59.130001068115234,58.439998626708984,58.63999938964844,13498800
2014-07-30,59.02000045776367,59.279998779296875,58.61000061035156,58.90999984741211,11815700
2014-07-31,58.650001525878906,58.68000030517578,57.65999984741211,57.66999816894531,15955900
2014-08-01,57.38999938964844,57.4900016784668,55.970001220703125,56.47999954223633,23915400
2014-08-04,56.90999984741211,56.97999954223633,56.34000015258789,56.650001525878906,13543900
2014-08-05,56.43000030517578,56.599998474121094,55.599998474121094,56.060001373291016,16863300
2014-08-06,55.88999938964844,56.689998626708984,55.83000183105469,56.22999954223633,12190600
2014-08-07,56.630001068115234,56.689998626708984,55.68000030517578,55.90999984741211,11743800
2014-08-08,55.88999938964844,56.36000061035156,55.63999938964844,56.34000015258789,12213200
2014-08-11,56.540000915527344,56.58000183105469,56.16999816894531,56.31999969482422,9066800
2014-08-12,56.22999954223633,56.54999923706055,56.130001068115234,56.349998474121094,11289600
2014-08-13,56.689998626708984,56.84000015258789,56.5099983215332,56.720001220703125,7012600
2014-08-14,56.77000045776367,57.0,56.70000076293945,56.97999954223633,8275900
2014-08-15,57.2400016784668,57.5,56.38999938964844,56.75,12727400
2014-08-18,56.86000061035156,57.43000030517578,56.7599983215332,57.22999954223633,8881400
2014-08-19,57.599998474121094,57.720001220703125,57.34000015258789,57.560001373291016,9040500
2014-08-20,57.41999816894531,57.849998474121094,57.38999938964844,57.63999938964844,8121400
2014-08-21,57.65999984741211,58.77000045776367,57.599998474121094,58.5,12745500
2014-08-22,58.439998626708984,59.08000183105469,58.33000183105469,58.4900016784668,10228600
2014-08-25,58.97999954223633,59.83000183105469,58.86000061035156,59.34000015258789,13996800
2014-08-26,59.56999969482422,59.95000076293945,59.38999938964844,59.7400016784668,10281100
2014-08-27,59.849998474121094,59.95000076293945,59.529998779296875,59.59000015258789,11410900
2014-08-28,59.25,59.369998931884766,58.810001373291016,59.15999984741211,9096100
2014-08-29,59.34000015258789,59.650001525878906,59.22999954223633,59.45000076293945,8897900
2014-09-02,59.459999084472656,59.709999084472656,59.150001525878906,59.66999816894531,8671100
2014-09-03,60.02000045776367,60.369998931884766,59.459999084472656,59.70000076293945,11791800
2014-09-04,59.630001068115234,60.13999938964844,59.43000030517578,59.709999084472656,9811900
2014-09-05,59.619998931884766,59.90999984741211,59.220001220703125,59.90999984741211,9600900
2014-09-08,59.84000015258789,60.220001220703125,59.7400016784668,59.88999938964844,8090000
2014-09-09,59.630001068115234,59.68000030517578,58.779998779296875,59.060001373291016,14868700
2014-09-10,59.150001525878906,59.560001373291016,58.91999816894531,59.220001220703125,9153800
2014-09-11,59.18000030517578,59.84000015258789,58.970001220703125,59.7599983215332,11467000
2014-09-12,59.79999923706055,60.40999984741211,59.75,60.029998779296875,14359100
2014-09-15,59.779998779296875,59.9900016784668,59.45000076293945,59.939998626708984,10685600
2014-09-16,59.709999084472656,60.20000076293945,59.619998931884766,59.9900016784668,10947900
2014-09-17,59.95000076293945,60.59000015258789,59.81999969482422,60.310001373291016,15091800
2014-09-18,60.540000915527344,61.400001525878906,60.540000915527344,61.31999969482422,16973700
2014-09-19,61.7400016784668,61.849998474121094,60.97999954223633,61.11000061035156,18739300
2014-09-22,60.939998626708984,61.45000076293945,60.79999923706055,60.90999984741211,13225200
2014-09-23,60.81999969482422,61.400001525878906,60.77000045776367,60.939998626708984,14328800
2014-09-24,61.18000030517578,61.63999938964844,61.02000045776367,61.630001068115234,13728200
2014-09-25,61.4900016784668,61.5,60.150001525878906,60.150001525878906,16340100
2014-09-26,60.33000183105469,60.880001068115234,60.31999969482422,60.560001373291016,11948900
2014-09-29,60.029998779296875,60.5,59.72999954223633,60.33000183105469,10686500
2014-09-30,60.400001525878906,60.7400016784668,60.130001068115234,60.2400016784668,14384800
2014-10-01,60.2400016784668,60.400001525878906,59.72999954223633,59.77000045776367,18995800
2014-10-02,59.150001525878906,59.4900016784668,58.61000061035156,58.84000015258789,24559100
2014-10-03,59.25,60.38999938964844,59.04999923706055,60.29999923706055,18321100
2014-10-06,60.779998779296875,60.79999923706055,60.0,60.18000030517578,11578000
2014-10-07,59.91999816894531,59.91999816894531,59.189998626708984,59.27000045776367,14542000
2014-10-08,59.36000061035156,60.43000030517578,59.18000030517578,60.400001525878906,15834100
2014-10-09,60.33000183105469,60.33000183105469,58.88999938964844,59.08000183105469,19189500
2014-10-10,59.029998779296875,59.81999969482422,58.5099983215332,58.52000045776367,16689400
2014-10-13,58.5,59.150001525878906,58.11000061035156,58.15999984741211,17169300
2014-10-14,56.689998626708984,58.52000045776367,56.060001373291016,57.9900016784668,29096800
2014-10-15,57.02000045776367,57.380001068115234,54.2599983215332,55.529998779296875,37866900
2014-10-16,54.75,55.97999954223633,54.279998779296875,55.08000183105469,31965100
2014-10-17,55.72999954223633,56.779998779296875,55.56999969482422,56.20000076293945,20183500
2014-10-20,56.099998474121094,56.75,56.06999969482422,56.630001068115234,10807600
2014-10-21,57.22999954223633,58.0099983215332,57.08000183105469,57.93000030517578,14020400
2014-10-22,58.040000915527344,58.2599983215332,57.439998626708984,57.45000076293945,13750700
2014-10-23,58.119998931884766,58.599998474121094,57.939998626708984,58.060001373291016,12641900
2014-10-24,58.0,58.779998779296875,58.0,58.7400016784668,13758000
2014-10-27,58.45000076293945,58.790000915527344,58.25,58.63999938964844,11087100
2014-10-28,58.869998931884766,59.689998626708984,58.810001373291016,59.630001068115234,13625000
2014-10-29,59.619998931884766,59.779998779296875,58.7599983215332,59.290000915527344,16712100
2014-10-30,58.939998626708984,59.68000030517578,58.91999816894531,59.38999938964844,14709800
2014-10-31,60.119998931884766,60.540000915527344,59.869998931884766,60.47999954223633,18347600
2014-11-03,60.790000915527344,61.150001525878906,60.36000061035156,60.880001068115234,11841200
2014-11-04,60.2400016784668,60.369998931884766,59.41999816894531,60.25,15295800
2014-11-05,60.79999923706055,61.22999954223633,60.38999938964844,61.150001525878906,14063800
2014-11-06,61.08000183105469,61.310001373291016,60.630001068115234,61.22999954223633,10421600
2014-11-07,61.06999969482422,61.54999923706055,60.86000061035156,61.470001220703125,12384600
2014-11-10,61.25,61.93000030517578,61.20000076293945,61.93000030517578,10801000
2014-11-11,61.709999084472656,61.88999938964844,61.290000915527344,61.369998931884766,12539800
2014-11-12,60.41999816894531,60.84000015258789,60.22999954223633,60.560001373291016,17219600
2014-11-13,60.5,60.630001068115234,59.9900016784668,60.22999954223633,12240400
2014-11-14,60.25,60.619998931884766,60.18000030517578,60.279998779296875,6803400
2014-11-17,60.0,60.529998779296875,59.88999938964844,60.380001068115234,9017600
2014-11-18,60.349998474121094,60.81999969482422,60.20000076293945,60.529998779296875,8897800
2014-11-19,60.45000076293945,60.790000915527344,60.150001525878906,60.599998474121094,9210100
2014-11-20,60.20000076293945,60.25,59.75,60.119998931884766,10917300
2014-11-21,61.06999969482422,61.06999969482422,60.29999923706055,60.45000076293945,12340500
2014-11-24,60.70000076293945,61.310001373291016,60.70000076293945,60.959999084472656,8335000
2014-11-25,61.15999984741211,61.15999984741211,59.95000076293945,60.29999923706055,14802600
2014-11-26,60.56999969482422,60.56999969482422,60.20000076293945,60.34000015258789,7626600
2014-11-28,60.400001525878906,60.560001373291016,60.029998779296875,60.15999984741211,6759600
2014-12-01,59.97999954223633,60.209999084472656,59.54999923706055,60.0,12771600
2014-12-02,60.0099983215332,61.189998626708984,60.0,61.08000183105469,12546600
2014-12-03,60.959999084472656,61.619998931884766,60.810001373291016,61.540000915527344,12115500
2014-12-04,61.099998474121094,61.56999969482422,60.84000015258789,61.380001068115234,11515200
2014-12-05,62.0099983215332,63.060001373291016,61.880001068115234,62.70000076293945,20071100
2014-12-08,62.599998474121094,63.15999984741211,62.2599983215332,62.66999816894531,15528200
2014-12-09,61.849998474121094,62.849998474121094,61.560001373291016,62.45000076293945,19676400
2014-12-10,62.15999984741211,62.2400016784668,60.369998931884766,60.68000030517578,29620600
2014-12-11,61.16999816894531,62.060001373291016,61.11000061035156,61.13999938964844,16886200
2014-12-12,60.529998779296875,61.220001220703125,59.959999084472656,60.040000915527344,17405400
2014-12-15,60.7400016784668,60.810001373291016,58.790000915527344,59.15999984741211,19209900
2014-12-16,58.41999816894531,59.86000061035156,58.11000061035156,58.43000030517578,20709700
2014-12-17,58.56999969482422,59.83000183105469,58.34000015258789,59.77000045776367,17856400
2014-12-18,60.63999938964844,61.47999954223633,60.439998626708984,61.47999954223633,18173400
2014-12-19,61.400001525878906,62.349998474121094,61.369998931884766,61.93000030517578,22756400
2014-12-22,62.15999984741211,62.33000183105469,61.61000061035156,61.939998626708984,17073400
2014-12-23,62.04999923706055,62.970001220703125,61.93000030517578,62.47999954223633,13552600
2014-12-24,62.7400016784668,62.869998931884766,62.27000045776367,62.47999954223633,7412500
2014-12-26,62.66999816894531,62.88999938964844,62.40999984741211,62.54999923706055,6086500
2014-12-29,62.41999816894531,63.34000015258789,62.25,62.959999084472656,10601200
2014-12-30,62.720001220703125,63.279998779296875,62.56999969482422,63.150001525878906,7518100
2014-12-31,63.29999923706055,63.4900016784668,62.58000183105469,62.58000183105469,18529400
2015-01-02,62.18000030517578,62.959999084472656,62.06999969482422,62.4900016784668,12600000
2015-01-05,62.060001373291016,62.279998779296875,60.22999954223633,60.54999923706055,20100600
2015-01-06,60.63999938964844,60.75,58.349998474121094,58.97999954223633,29074100
2015-01-07,59.88999938964844,59.88999938964844,58.66999816894531,59.06999969482422,23843200
2015-01-08,59.970001220703125,60.900001525878906,59.970001220703125,60.38999938964844,16971100
2015-01-09,60.720001220703125,60.790000915527344,59.290000915527344,59.34000015258789,15396200
2015-01-12,59.279998779296875,59.400001525878906,58.27000045776367,58.83000183105469,15455200
2015-01-13,59.2599983215332,59.70000076293945,58.369998931884766,58.84000015258789,21644700
2015-01-14,58.84000015258789,58.84000015258789,55.27000045776367,56.810001373291016,49602300
2015-01-15,55.72999954223633,56.61000061035156,54.5,54.9900016784668,42458100
2015-01-16,54.65999984741211,56.0,54.63999938964844,55.93000030517578,29368900
2015-01-20,56.040000915527344,56.38999938964844,55.41999816894531,55.709999084472656,23477700
2015-01-21,55.45000076293945,56.41999816894531,55.189998626708984,55.88999938964844,21842400
2015-01-22,56.380001068115234,57.72999954223633,55.959999084472656,57.59000015258789,31423500
2015-01-23,57.720001220703125,57.869998931884766,56.65999984741211,56.68000030517578,15458300
2015-01-26,56.40999984741211,56.9900016784668,56.20000076293945,56.77000045776367,12577700
2015-01-27,56.04999923706055,56.61000061035156,55.7599983215332,56.20000076293945,15220500
2015-01-28,56.619998931884766,56.68000030517578,54.75,54.75,24354400
2015-01-29,55.27000045776367,55.88999938964844,54.68000030517578,55.66999816894531,20393300
2015-01-30,54.9900016784668,55.5,54.369998931884766,54.380001068115234,26943700
2015-02-02,54.529998779296875,55.650001525878906,54.27000045776367,55.470001220703125,20308900
2015-02-03,55.90999984741211,56.779998779296875,55.869998931884766,56.720001220703125,18812500
2015-02-04,56.31999969482422,57.06999969482422,56.279998779296875,56.380001068115234,14934100
2015-02-05,56.86000061035156,57.040000915527344,56.459999084472656,56.77000045776367,11293900
2015-02-06,57.75,58.72999954223633,57.540000915527344,57.88999938964844,25214000
2015-02-09,57.41999816894531,58.099998474121094,57.22999954223633,57.81999969482422,14372400
2015-02-10,58.41999816894531,58.709999084472656,58.04999923706055,58.459999084472656,16367300
2015-02-11,58.060001373291016,58.65999984741211,57.84000015258789,58.369998931884766,13061900
2015-02-12,58.93000030517578,59.709999084472656,58.54999923706055,59.56999969482422,23211300
2015-02-13,59.459999084472656,60.220001220703125,59.34000015258789,59.66999816894531,16479100
2015-02-17,59.36000061035156,60.13999938964844,59.31999969482422,60.099998474121094,15308800
2015-02-18,60.099998474121094,60.099998474121094,59.119998931884766,59.369998931884766,14278100
2015-02-19,59.150001525878906,59.47999954223633,58.79999923706055,59.22999954223633,11256500
2015-02-20,58.959999084472656,59.88999938964844,58.349998474121094,59.79999923706055,15379000
2015-02-23,59.5,59.529998779296875,58.79999923706055,59.349998474121094,16814000
2015-02-24,60.25,61.25,60.08000183105469,60.81999969482422,22937700
2015-02-25,60.7599983215332,61.27000045776367,60.75,61.13999938964844,18307900
2015-02-26,61.029998779296875,61.70000076293945,60.90999984741211,61.58000183105469,15444800
2015-02-27,61.130001068115234,61.91999816894531,61.130001068115234,61.279998779296875,15225900
2015-03-02,61.279998779296875,61.83000183105469,61.029998779296875,61.77000045776367,13047300
2015-03-03,61.650001525878906,61.9900016784668,61.5,61.970001220703125,13706900
2015-03-04,61.63999938964844,62.16999816894531,61.349998474121094,62.130001068115234,16625500
2015-03-05,62.20000076293945,62.22999954223633,61.599998474121094,62.0,10931300
2015-03-06,62.15999984741211,62.869998931884766,60.79999923706055,60.88999938964844,22719200
2015-03-09,60.84000015258789,61.630001068115234,60.79999923706055,61.5,13001500
2015-03-10,60.7599983215332,61.0099983215332,59.959999084472656,59.959999084472656,16357700
2015-03-11,60.130001068115234,60.650001525878906,59.959999084472656,60.2400016784668,13015600
2015-03-12,60.650001525878906,61.45000076293945,60.650001525878906,61.369998931884766,18159600
2015-03-13,61.400001525878906,61.86000061035156,60.43000030517578,61.0,16506200
2015-03-16,61.5,61.91999816894531,61.25,61.849998474121094,15182900
2015-03-17,61.34000015258789,61.65999984741211,60.91999816894531,61.61000061035156,11718300
2015-03-18,61.38999938964844,62.04999923706055,61.09000015258789,61.75,15697900
2015-03-19,61.56999969482422,61.650001525878906,60.7599983215332,61.20000076293945,11523800
2015-03-20,61.31999969482422,62.099998474121094,61.150001525878906,61.75,18368300
2015-03-23,61.75,62.08000183105469,61.119998931884766,61.13999938964844,15112900
2015-03-24,60.970001220703125,61.2400016784668,60.45000076293945,60.459999084472656,12128700
2015-03-25,60.529998779296875,60.63999938964844,59.59000015258789,59.61000061035156,14950900
2015-03-26,59.459999084472656,59.790000915527344,58.869998931884766,59.540000915527344,14039600
2015-03-27,59.4900016784668,59.779998779296875,59.0,59.54999923706055,11755800
2015-03-30,60.880001068115234,61.459999084472656,60.61000061035156,60.959999084472656,20656500
2015-03-31,60.720001220703125,60.939998626708984,60.41999816894531,60.58000183105469,17346700
2015-04-01,60.40999984741211,60.56999969482422,59.72999954223633,59.95000076293945,18100600
2015-04-02,60.06999969482422,60.70000076293945,60.0,60.52000045776367,12697800
2015-04-06,59.91999816894531,60.75,59.650001525878906,60.470001220703125,12025200
2015-04-07,61.150001525878906,61.5,60.849998474121094,60.849998474121094,11505500
2015-04-08,61.060001373291016,61.560001373291016,60.939998626708984,61.04999923706055,11734000
2015-04-09,61.27000045776367,61.58000183105469,60.83000183105469,61.470001220703125,11728500
2015-04-10,61.349998474121094,61.779998779296875,61.20000076293945,61.70000076293945,9869700
2015-04-13,61.63999938964844,62.27000045776367,61.5,62.06999969482422,15468700
2015-04-14,62.959999084472656,63.61000061035156,62.7400016784668,63.040000915527344,33775400
2015-04-15,63.08000183105469,64.4800033569336,63.0099983215332,64.20999908447266,28732200
2015-04-16,64.08000183105469,64.2699966430664,63.65999984741211,63.810001373291016,16640500
2015-04-17,63.25,63.400001525878906,62.4900016784668,62.84000015258789,20221200
2015-04-20,63.220001220703125,63.52000045776367,63.13999938964844,63.2400016784668,12755300
2015-04-21,63.33000183105469,63.599998474121094,62.130001068115234,62.310001373291016,14985100
2015-04-22,62.650001525878906,63.150001525878906,62.029998779296875,62.939998626708984,14484700
2015-04-23,62.790000915527344,63.209999084472656,62.599998474121094,62.79999923706055,12851300
2015-04-24,62.630001068115234,62.84000015258789,62.34000015258789,62.599998474121094,9597500
2015-04-27,62.70000076293945,63.150001525878906,62.310001373291016,62.34000015258789,11146400
2015-04-28,62.4900016784668,62.779998779296875,61.77000045776367,62.7599983215332,12307800
2015-04-29,62.560001373291016,63.88999938964844,62.459999084472656,63.599998474121094,17601200
2015-04-30,63.58000183105469,63.880001068115234,62.91999816894531,63.2599983215332,16840900
2015-05-01,63.70000076293945,63.869998931884766,63.33000183105469,63.61000061035156,11640100
2015-05-04,63.68000030517578,64.87000274658203,63.63999938964844,64.72000122070312,14972500
2015-05-05,64.51000213623047,65.31999969482422,64.29000091552734,64.4000015258789,17692400
2015-05-06,64.52999877929688,65.06999969482422,63.41999816894531,63.91999816894531,18087900
2015-05-07,63.66999816894531,64.5999984741211,63.25,64.5,15039900
2015-05-08,64.97000122070312,65.6500015258789,64.5999984741211,65.48999786376953,16802600
2015-05-11,65.26000213623047,65.63999938964844,65.08000183105469,65.44999694824219,13798800
2015-05-12,65.30999755859375,65.54000091552734,64.76000213623047,65.36000061035156,12762200
2015-05-13,65.41999816894531,65.62999725341797,65.05999755859375,65.5199966430664,11874100
2015-05-14,65.83000183105469,66.18000030517578,65.70999908447266,66.05000305175781,11855500
2015-05-15,66.12999725341797,66.16000366210938,65.44000244140625,65.87999725341797,11152100
2015-05-18,65.80000305175781,66.54000091552734,65.80000305175781,66.41999816894531,10510900
2015-05-19,66.7699966430664,67.19000244140625,66.56999969482422,67.01000213623047,14282700
2015-05-20,66.94999694824219,67.02999877929688,66.4000015258789,66.4800033569336,12446000
2015-05-21,66.13999938964844,66.68000030517578,66.01000213623047,66.6500015258789,12934500
2015-05-22,66.62999725341797,66.83000183105469,66.31999969482422,66.47000122070312,9296900
2015-05-26,66.19999694824219,66.29000091552734,65.30999755859375,65.7300033569336,15571300
2015-05-27,65.94999694824219,66.6500015258789,65.81999969482422,66.47000122070312,10963700
2015-05-28,66.36000061035156,66.4000015258789,65.73999786376953,66.19999694824219,11797400
2015-05-29,66.18000030517578,66.22000122070312,65.36000061035156,65.77999877929688,14310700
2015-06-01,65.98999786376953,66.66000366210938,65.97000122070312,66.08000183105469,11899300
2015-06-02,65.83000183105469,66.38999938964844,65.58000183105469,66.0199966430664,12784200
2015-06-03,66.43000030517578,67.12999725341797,66.2699966430664,66.69999694824219,12927300
2015-06-04,66.30999755859375,67.05000305175781,66.01000213623047,66.33000183105469,13863300
2015-06-05,67.37000274658203,67.83999633789062,67.01000213623047,67.41999816894531,20801100
2015-06-08,67.45999908447266,67.55000305175781,66.80999755859375,66.88999938964844,14558700
2015-06-09,66.94999694824219,67.2699966430664,66.47000122070312,67.18000030517578,13263500
2015-06-10,67.58999633789062,68.5,67.47000122070312,68.26000213623047,17478900
2015-06-11,68.36000061035156,68.68000030517578,68.1500015258789,68.5199966430664,13739900
2015-06-12,68.30999755859375,68.54000091552734,67.87000274658203,68.25,11804700
2015-06-15,67.58000183105469,68.20999908447266,67.30000305175781,67.98999786376953,14082300
2015-06-16,67.7699966430664,68.5199966430664,67.62000274658203,68.37000274658203,11692800
2015-06-17,68.41000366210938,68.68000030517578,68.04000091552734,68.13999938964844,14521900
2015-06-18,68.3499984741211,68.81999969482422,67.9000015258789,68.77999877929688,16759600
2015-06-19,68.45999908447266,68.66999816894531,67.91999816894531,68.08000183105469,21606400
2015-06-22,68.87000274658203,69.29000091552734,68.75,68.95999908447266,14306700
2015-06-23,69.3499984741211,69.81999969482422,69.19000244140625,69.75,15736900
2015-06-24,69.51000213623047,69.7699966430664,68.91000366210938,69.0199966430664,16995000
2015-06-25,69.31999969482422,69.47000122070312,68.63999938964844,68.6500015258789,13314300
2015-06-26,68.94000244140625,69.29000091552734,68.7699966430664,68.94999694824219,14489200
2015-06-29,67.68000030517578,68.26000213623047,67.16000366210938,67.19999694824219,19934400
2015-06-30,67.88999938964844,68.11000061035156,67.16000366210938,67.76000213623047,20677400
2015-07-01,68.12000274658203,68.38999938964844,67.77999877929688,68.06999969482422,13964400
2015-07-02,67.94999694824219,68.12999725341797,67.19000244140625,67.5199966430664,12822900
2015-07-06,66.87999725341797,67.45999908447266,66.54000091552734,67.33000183105469,13527100
2015-07-07,67.08999633789062,67.22000122070312,65.30000305175781,66.80000305175781,22421500
2015-07-08,66.0,66.16000366210938,65.20999908447266,65.43000030517578,17707200
2015-07-09,66.48999786376953,66.69999694824219,65.98999786376953,66.11000061035156,14984700
2015-07-10,67.22000122070312,67.4000015258789,66.83000183105469,67.05000305175781,12356100
2015-07-13,67.88999938964844,68.13999938964844,67.68000030517578,68.08999633789062,16175600
2015-07-14,67.9800033569336,69.0999984741211,67.76000213623047,69.04000091552734,20185100
2015-07-15,69.2300033569336,69.43000030517578,68.8499984741211,69.19000244140625,16891600
2015-07-16,69.62999725341797,69.94999694824219,69.41000366210938,69.55999755859375,18035700
2015-07-17,69.3499984741211,69.48999786376953,68.91999816894531,69.20999908447266,14040700
2015-07-20,69.5,69.7699966430664,69.18000030517578,69.26000213623047,11512900
2015-07-21,69.16000366210938,69.54000091552734,68.87000274658203,69.0999984741211,11659900
2015-07-22,69.27999877929688,70.29000091552734,69.19999694824219,70.08000183105469,15493000
2015-07-23,70.19000244140625,70.61000061035156,69.45999908447266,69.63999938964844,14331800
2015-07-24,69.44000244140625,69.55999755859375,68.68000030517578,68.91000366210938,12413900
2015-07-27,68.1500015258789,68.22000122070312,67.56999969482422,68.01000213623047,16801600
2015-07-28,68.55000305175781,68.5999984741211,67.7699966430664,68.05000305175781,14932400
2015-07-29,68.31999969482422,69.0999984741211,68.16000366210938,68.94000244140625,13059200
2015-07-30,68.93000030517578,69.44999694824219,68.54000091552734,69.04000091552734,10197200
2015-07-31,69.01000213623047,69.04000091552734,68.4000015258789,68.52999877929688,11911800
2015-08-03,68.58999633789062,68.83999633789062,68.0,68.52999877929688,9980600
2015-08-04,68.47000122070312,68.94999694824219,68.30999755859375,68.45999908447266,10964000
2015-08-05,69.05000305175781,69.41999816894531,68.55999755859375,68.7300033569336,11302900
2015-08-06,68.75,68.94000244140625,68.0,68.25,10803400
2015-08-07,68.33000183105469,68.73999786376953,67.55000305175781,68.05000305175781,11453300
2015-08-10,68.22000122070312,69.01000213623047,68.22000122070312,68.88999938964844,12661400
2015-08-11,68.2300033569336,68.4000015258789,67.8499984741211,68.2300033569336,14800300
2015-08-12,67.41000366210938,67.55000305175781,66.06999969482422,67.23999786376953,21069000
2015-08-13,67.25,67.80000305175781,66.97000122070312,67.55000305175781,11930600
2015-08-14,67.41999816894531,67.91000366210938,67.4000015258789,67.88999938964844,11248800
2015-08-17,67.62000274658203,68.23999786376953,67.4000015258789,68.06999969482422,10326500
2015-08-18,67.9800033569336,68.36000061035156,67.83999633789062,68.20999908447266,10617500
2015-08-19,67.93000030517578,68.30999755859375,67.36000061035156,67.5999984741211,15198200
2015-08-20,66.80999755859375,67.04000091552734,65.94000244140625,65.94000244140625,20972300
2015-08-21,65.08999633789062,65.44000244140625,63.56999969482422,63.599998474121094,28235500
2015-08-24,59.290000915527344,62.91999816894531,50.06999969482422,60.25,36339100
2015-08-25,63.099998474121094,63.31999969482422,59.72999954223633,59.90999984741211,31772500
2015-08-26,61.79999923706055,62.97999954223633,60.54999923706055,62.90999984741211,33576800
2015-08-27,63.97999954223633,64.7300033569336,63.13999938964844,64.4800033569336,29045700
2015-08-28,64.29000091552734,64.45999908447266,63.599998474121094,64.12999725341797,16687300
2015-08-31,63.61000061035156,64.3499984741211,63.470001220703125,64.0999984741211,14223400
2015-09-01,62.849998474121094,62.849998474121094,60.9900016784668,61.45000076293945,23637300
2015-09-02,62.619998931884766,62.90999984741211,61.540000915527344,62.56999969482422,17757900
2015-09-03,62.880001068115234,63.65999984741211,62.45000076293945,62.68000030517578,17065400
2015-09-04,61.79999923706055,61.91999816894531,60.75,61.5,20189000
2015-09-08,62.77000045776367,63.20000076293945,62.33000183105469,63.15999984741211,13385100
2015-09-09,63.939998626708984,64.33999633789062,62.0,62.18000030517578,13889500
2015-09-10,61.86000061035156,63.0,61.45000076293945,62.65999984741211,15751100
2015-09-11,62.380001068115234,62.65999984741211,61.9900016784668,62.560001373291016,12766700
2015-09-14,62.63999938964844,62.689998626708984,62.119998931884766,62.380001068115234,10202800
2015-09-15,62.7599983215332,63.88999938964844,62.5099983215332,63.58000183105469,14023500
2015-09-16,63.88999938964844,64.29000091552734,63.209999084472656,64.13999938964844,12235900
2015-09-17,64.13999938964844,64.63999938964844,62.38999938964844,62.650001525878906,21249200
2015-09-18,61.83000183105469,61.83000183105469,60.779998779296875,60.939998626708984,31008000
2015-09-21,61.52000045776367,61.90999984741211,61.08000183105469,61.45000076293945,13136400
2015-09-22,60.599998474121094,61.09000015258789,60.41999816894531,60.90999984741211,14811900
2015-09-23,60.79999923706055,61.150001525878906,60.31999969482422,60.63999938964844,11712200
2015-09-24,60.0099983215332,60.380001068115234,59.459999084472656,60.220001220703125,17293400
2015-09-25,61.27000045776367,61.86000061035156,60.869998931884766,61.470001220703125,18384300
2015-09-28,60.91999816894531,61.0099983215332,59.689998626708984,59.97999954223633,17452200
2015-09-29,59.97999954223633,60.130001068115234,58.72999954223633,59.84000015258789,19334900
2015-09-30,60.70000076293945,61.0,60.11000061035156,60.970001220703125,18743800
2015-10-01,61.119998931884766,61.869998931884766,60.540000915527344,61.41999816894531,16863200
2015-10-02,59.59000015258789,60.86000061035156,58.529998779296875,60.810001373291016,20435100
2015-10-05,61.2400016784668,62.2400016784668,61.220001220703125,62.02000045776367,13471100
2015-10-06,62.11000061035156,62.36000061035156,61.619998931884766,62.04999923706055,12134800
2015-10-07,62.54999923706055,63.029998779296875,61.7599983215332,62.130001068115234,12773100
2015-10-08,61.849998474121094,62.25,61.43000030517578,62.130001068115234,13964600
2015-10-09,62.38999938964844,62.54999923706055,61.58000183105469,61.93000030517578,12112000
2015-10-12,61.84000015258789,62.0099983215332,61.400001525878906,61.720001220703125,10857400
2015-10-13,61.38999938964844,62.15999984741211,61.310001373291016,61.54999923706055,15621900
2015-10-14,60.7599983215332,60.970001220703125,59.540000915527344,59.9900016784668,28989400
2015-10-15,60.470001220703125,61.959999084472656,60.099998474121094,61.88999938964844,18147900
2015-10-16,62.43000030517578,62.650001525878906,62.09000015258789,62.43000030517578,17456600
2015-10-19,62.0,62.77000045776367,61.90999984741211,62.220001220703125,14510400
2015-10-20,62.36000061035156,62.81999969482422,62.08000183105469,62.52000045776367,11545100
2015-10-21,62.880001068115234,62.959999084472656,62.04999923706055,62.060001373291016,12113400
2015-10-22,62.41999816894531,63.58000183105469,62.41999816894531,63.189998626708984,15295700
2015-10-23,63.630001068115234,64.19000244140625,63.5,63.869998931884766,16985200
2015-10-26,63.84000015258789,63.9900016784668,63.40999984741211,63.900001525878906,13880200
2015-10-27,63.529998779296875,63.86000061035156,63.310001373291016,63.63999938964844,8831900
2015-10-28,63.70000076293945,65.73999786376953,63.689998626708984,65.5,17962000
2015-10-29,65.26000213623047,65.83000183105469,64.87999725341797,65.20999908447266,12753700
2015-10-30,65.30000305175781,65.33999633789062,64.12999725341797,64.25,15731400
2015-11-02,64.44999694824219,65.75,64.38999938964844,65.54000091552734,15253300
2015-11-03,65.29000091552734,66.0999984741211,65.16999816894531,65.77999877929688,11519500
2015-11-04,66.01000213623047,66.1500015258789,65.62999725341797,65.8499984741211,11388400
2015-11-05,65.79000091552734,66.66999816894531,65.75,66.44000244140625,12715900
2015-11-06,68.37000274658203,69.02999877929688,68.0999984741211,68.45999908447266,23262700
2015-11-09,68.69999694824219,68.72000122070312,67.08000183105469,67.38999938964844,17143800
2015-11-10,67.19000244140625,67.8499984741211,66.93000030517578,67.68000030517578,13239700
2015-11-11,68.0999984741211,68.16999816894531,67.25,67.3499984741211,8513900
2015-11-12,66.86000061035156,66.9000015258789,65.94999694824219,66.0,13576900
2015-11-13,65.83999633789062,66.16999816894531,65.2300033569336,65.55999755859375,11837000
2015-11-16,65.45999908447266,66.58000183105469,65.16999816894531,66.51000213623047,11041100
2015-11-17,66.66999816894531,66.73999786376953,65.88999938964844,66.12999725341797,12354800
2015-11-18,66.4800033569336,67.55000305175781,66.37000274658203,67.44999694824219,12911400
2015-11-19,67.58000183105469,67.81999969482422,67.04000091552734,67.66000366210938,12839500
2015-11-20,67.98999786376953,68.11000061035156,67.37999725341797,67.54000091552734,11209600
2015-11-23,67.30999755859375,67.58000183105469,66.77999877929688,66.87999725341797,11339000
2015-11-24,66.16999816894531,67.13999938964844,66.04000091552734,66.77999877929688,10910000
2015-11-25,66.93000030517578,67.12000274658203,66.55000305175781,66.86000061035156,7772000
2015-11-27,67.0,67.33000183105469,66.63999938964844,67.16999816894531,4052500
2015-11-30,67.27999877929688,67.5199966430664,66.68000030517578,66.68000030517578,15147500
2015-12-01,67.33999633789062,67.83000183105469,66.98999786376953,67.61000061035156,12708800
2015-12-02,67.83000183105469,67.87999725341797,66.4800033569336,66.66000366210938,13440900
2015-12-03,66.83000183105469,67.02999877929688,65.58000183105469,65.80000305175781,14626900
2015-12-04,66.0999984741211,68.0,66.02999877929688,67.88999938964844,17786000
2015-12-07,67.66000366210938,67.75,66.4000015258789,67.0,11686000
2015-12-08,66.25,66.95999908447266,65.69999694824219,65.95999908447266,13084500
2015-12-09,65.61000061035156,66.58000183105469,65.04000091552734,65.45999908447266,16770200
2015-12-10,65.54000091552734,66.5,65.08000183105469,65.61000061035156,12839000
2015-12-11,64.80000305175781,65.16000366210938,63.5099983215332,64.06999969482422,17889300
2015-12-14,64.2300033569336,64.76000213623047,63.599998474121094,64.2699966430664,17638200
2015-12-15,65.06999969482422,66.6500015258789,65.06999969482422,66.0999984741211,18126600
2015-12-16,66.91000366210938,67.73999786376953,65.91000366210938,67.52999877929688,21720000
2015-12-17,67.9000015258789,68.0,66.08000183105469,66.27999877929688,18122100
2015-12-18,65.97000122070312,65.97000122070312,64.4000015258789,64.4000015258789,23819600
2015-12-21,65.0199966430664,65.55999755859375,64.83000183105469,65.54000091552734,18869300
2015-12-22,65.91999816894531,66.0,64.9800033569336,65.68000030517578,12149500
2015-12-23,66.12000274658203,66.8499984741211,66.05000305175781,66.7300033569336,12524500
2015-12-24,66.62000274658203,66.88999938964844,66.31999969482422,66.5999984741211,4468200
2015-12-28,66.29000091552734,66.44999694824219,65.70999908447266,66.37999725341797,6610600
2015-12-29,66.83999633789062,67.30000305175781,66.73999786376953,67.06999969482422,9820800
2015-12-30,67.04000091552734,67.05000305175781,66.44999694824219,66.58999633789062,7190700
2015-12-31,66.19000244140625,66.77999877929688,66.0,66.02999877929688,14654300
2016-01-04,63.95000076293945,64.05999755859375,63.0099983215332,63.619998931884766,25393200
2016-01-05,63.70000076293945,64.12999725341797,63.040000915527344,63.72999954223633,16566700
2016-01-06,62.720001220703125,63.130001068115234,62.34000015258789,62.810001373291016,22961500
2016-01-07,61.459999084472656,62.0,60.08000183105469,60.27000045776367,27630900
2016-01-08,61.130001068115234,61.27000045776367,58.849998474121094,58.91999816894531,22373300
2016-01-11,58.83000183105469,59.220001220703125,58.040000915527344,58.83000183105469,20925500
2016-01-12,59.45000076293945,59.560001373291016,58.099998474121094,58.959999084472656,22971600
2016-01-13,59.459999084472656,59.68000030517578,56.90999984741211,57.34000015258789,28808100
2016-01-14,58.15999984741211,59.380001068115234,57.290000915527344,58.20000076293945,31296300
2016-01-15,56.45000076293945,57.56999969482422,56.220001220703125,57.040000915527344,38131700
2016-01-19,57.72999954223633,57.970001220703125,56.5099983215332,57.0099983215332,22818900
2016-01-20,55.630001068115234,56.18000030517578,54.65999984741211,55.5099983215332,34646100
2016-01-21,55.7400016784668,56.52000045776367,55.060001373291016,55.25,31301100
2016-01-22,56.439998626708984,57.15999984741211,56.29999923706055,56.95000076293945,22732200
2016-01-25,56.47999954223633,56.849998474121094,55.599998474121094,55.65999984741211,21114400
2016-01-26,55.849998474121094,57.150001525878906,55.810001373291016,57.08000183105469,17535700
2016-01-27,57.08000183105469,58.27000045776367,56.560001373291016,57.040000915527344,20560000
2016-01-28,57.52000045776367,57.970001220703125,56.630001068115234,57.279998779296875,15497900
2016-01-29,57.83000183105469,59.540000915527344,57.5099983215332,59.5,26992200
2016-02-01,59.15999984741211,59.650001525878906,58.439998626708984,58.86000061035156,16807900
2016-02-02,57.880001068115234,57.97999954223633,56.75,57.029998779296875,22448200
2016-02-03,57.369998931884766,57.79999923706055,55.02000045776367,57.40999984741211,31543200
2016-02-04,57.060001373291016,58.52000045776367,57.060001373291016,58.400001525878906,21651300
2016-02-05,58.58000183105469,59.13999938964844,57.41999816894531,57.75,22001300
2016-02-08,56.689998626708984,56.91999816894531,55.540000915527344,56.540000915527344,28267600
2016-02-09,55.290000915527344,56.689998626708984,55.130001068115234,56.20000076293945,26300000
2016-02-10,56.56999969482422,57.40999984741211,55.470001220703125,55.52000045776367,22389600
2016-02-11,53.900001525878906,53.90999984741211,52.5,53.06999969482422,44334700
2016-02-12,55.650001525878906,57.56999969482422,55.16999816894531,57.4900016784668,37011400
2016-02-16,58.22999954223633,58.599998474121094,57.63999938964844,58.349998474121094,23730700
2016-02-17,58.849998474121094,59.25,58.38999938964844,58.77000045776367,21580100
2016-02-18,58.84000015258789,58.86000061035156,57.25,57.810001373291016,17037800
2016-02-19,57.5,58.16999816894531,57.08000183105469,57.81999969482422,15658200
2016-02-22,58.5099983215332,58.880001068115234,58.41999816894531,58.56999969482422,14882800
2016-02-23,57.900001525878906,58.09000015258789,55.959999084472656,56.119998931884766,31772500
2016-02-24,55.20000076293945,56.209999084472656,54.33000183105469,56.13999938964844,25560100
2016-02-25,56.130001068115234,57.029998779296875,56.040000915527344,57.0099983215332,14473300
2016-02-26,57.63999938964844,58.11000061035156,57.13999938964844,57.540000915527344,20947500
2016-02-29,57.40999984741211,57.61000061035156,56.290000915527344,56.29999923706055,19554100
2016-03-01,56.7599983215332,59.20000076293945,56.66999816894531,59.20000076293945,23958100
2016-03-02,59.20000076293945,59.900001525878906,58.959999084472656,59.7599983215332,20943100
2016-03-03,59.58000183105469,59.959999084472656,59.099998474121094,59.959999084472656,15790600
2016-03-04,60.099998474121094,60.54999923706055,59.529998779296875,60.04999923706055,18459000
2016-03-07,59.540000915527344,60.04999923706055,59.31999969482422,59.939998626708984,12832400
2016-03-08,59.209999084472656,59.5,58.68000030517578,58.779998779296875,14132900
2016-03-09,59.150001525878906,59.540000915527344,58.68000030517578,59.119998931884766,13238800
2016-03-10,59.59000015258789,59.66999816894531,57.810001373291016,58.61000061035156,21139200
2016-03-11,59.38999938964844,59.5099983215332,58.650001525878906,59.34000015258789,21055000
2016-03-14,59.150001525878906,59.310001373291016,58.599998474121094,59.119998931884766,13436100
2016-03-15,58.540000915527344,59.209999084472656,58.43000030517578,59.20000076293945,10910500
2016-03-16,58.97999954223633,59.75,58.470001220703125,58.91999816894531,17423900
2016-03-17,58.77000045776367,59.130001068115234,57.9900016784668,58.75,19405700
2016-03-18,60.04999923706055,60.970001220703125,59.65999984741211,60.47999954223633,29570200
2016-03-21,60.220001220703125,60.81999969482422,59.959999084472656,60.459999084472656,12684400
2016-03-22,59.9900016784668,60.58000183105469,59.619998931884766,60.2400016784668,12042700
2016-03-23,60.34000015258789,60.5099983215332,59.86000061035156,59.939998626708984,11658700
2016-03-24,59.29999923706055,59.5099983215332,58.869998931884766,59.47999954223633,12921200
2016-03-28,59.529998779296875,59.75,59.18000030517578,59.400001525878906,11159700
2016-03-29,59.33000183105469,59.33000183105469,58.529998779296875,59.029998779296875,15933400
2016-03-30,59.459999084472656,60.22999954223633,59.380001068115234,59.709999084472656,13307100
2016-03-31,59.45000076293945,59.93000030517578,59.11000061035156,59.220001220703125,14904700
2016-04-01,59.02000045776367,60.060001373291016,58.560001373291016,59.869998931884766,15417500
2016-04-04,59.439998626708984,59.56999969482422,58.959999084472656,59.20000076293945,12305000
2016-04-05,58.59000015258789,58.83000183105469,58.209999084472656,58.36000061035156,12886600
2016-04-06,58.18000030517578,58.880001068115234,57.95000076293945,58.810001373291016,12167900
2016-04-07,58.2599983215332,58.43000030517578,57.06999969482422,57.31999969482422,19226800
2016-04-08,57.709999084472656,58.58000183105469,57.689998626708984,57.7400016784668,13547700
2016-04-11,57.90999984741211,58.880001068115234,57.90999984741211,58.20000076293945,17627800
2016-04-12,58.34000015258789,59.38999938964844,58.20000076293945,59.279998779296875,17779200
2016-04-13,60.47999954223633,62.15999984741211,60.380001068115234,61.790000915527344,37516800
2016-04-14,61.689998626708984,62.90999984741211,61.61000061035156,62.59000015258789,24249900
2016-04-15,62.880001068115234,62.900001525878906,61.45000076293945,61.869998931884766,19290700
2016-04-18,61.63999938964844,62.58000183105469,61.529998779296875,62.27000045776367,13813100
2016-04-19,62.54999923706055,63.47999954223633,62.54999923706055,63.31999969482422,19255600
2016-04-20,63.47999954223633,64.30999755859375,63.150001525878906,64.23999786376953,14594400
2016-04-21,64.26000213623047,64.66000366210938,63.34000015258789,63.599998474121094,15395800
2016-04-22,63.63999938964844,64.37999725341797,63.63999938964844,63.970001220703125,12444700
2016-04-25,63.599998474121094,63.95000076293945,63.150001525878906,63.599998474121094,10687200
2016-04-26,63.810001373291016,64.06999969482422,63.33000183105469,63.93000030517578,12048000
2016-04-27,63.86000061035156,64.63999938964844,63.599998474121094,64.11000061035156,15284100
2016-04-28,63.63999938964844,64.41999816894531,63.349998474121094,63.599998474121094,12852500
2016-04-29,63.09000015258789,63.61000061035156,62.70000076293945,63.20000076293945,16376400
2016-05-02,63.689998626708984,64.0,63.13999938964844,63.790000915527344,10247300
2016-05-03,62.900001525878906,62.90999984741211,61.79999923706055,62.560001373291016,19120300
2016-05-04,61.75,62.2599983215332,61.27000045776367,61.56999969482422,17030200
2016-05-05,61.599998474121094,62.0,61.060001373291016,61.2400016784668,14033900
2016-05-06,60.70000076293945,61.68000030517578,60.59000015258789,61.599998474121094,11057900
2016-05-09,61.369998931884766,61.88999938964844,61.04999923706055,61.209999084472656,11197100
2016-05-10,61.54999923706055,62.2599983215332,61.349998474121094,62.040000915527344,11897200
2016-05-11,61.970001220703125,62.599998474121094,61.810001373291016,61.810001373291016,11254000
2016-05-12,62.27000045776367,62.560001373291016,61.369998931884766,61.77000045776367,11071700
2016-05-13,61.70000076293945,62.400001525878906,61.02000045776367,61.20000076293945,15122300
2016-05-16,61.209999084472656,61.9900016784668,61.0,61.65999984741211,10951300
2016-05-17,61.43000030517578,62.15999984741211,61.150001525878906,61.65999984741211,12180900
2016-05-18,61.70000076293945,64.16999816894531,61.689998626708984,64.04000091552734,24007100
2016-05-19,63.529998779296875,64.22000122070312,62.900001525878906,63.38999938964844,16076200
2016-05-20,63.86000061035156,64.19000244140625,63.369998931884766,63.5099983215332,11862000
2016-05-23,63.45000076293945,63.869998931884766,63.15999984741211,63.459999084472656,9347500
2016-05-24,63.939998626708984,64.7699966430664,63.810001373291016,64.54000091552734,13839400
2016-05-25,64.94000244140625,66.19999694824219,64.91999816894531,65.5199966430664,18935200
2016-05-26,65.56999969482422,65.58000183105469,64.91000366210938,65.02999877929688,9428400
2016-05-27,65.20999908447266,65.45999908447266,65.05000305175781,65.43000030517578,10116000
2016-05-31,65.7300033569336,65.81999969482422,64.95999908447266,65.2699966430664,15139400
2016-06-01,64.76000213623047,65.91999816894531,64.26000213623047,65.69000244140625,14031000
2016-06-02,65.5199966430664,65.80999755859375,65.16000366210938,65.80999755859375,10637600
2016-06-03,64.25,64.86000061035156,63.54999923706055,64.63999938964844,20261700
2016-06-06,64.63999938964844,65.76000213623047,64.5999984741211,65.27999877929688,13193500
2016-06-07,65.44999694824219,65.73999786376953,65.04000091552734,65.05999755859375,9924100
2016-06-08,64.93000030517578,65.4800033569336,64.91999816894531,65.25,9428000
2016-06-09,64.79000091552734,64.9000015258789,64.2699966430664,64.75,10817800
2016-06-10,63.93000030517578,64.06999969482422,63.58000183105469,63.84000015258789,16678400
2016-06-13,63.47999954223633,64.33999633789062,63.2599983215332,63.27000045776367,14314900
2016-06-14,62.68000030517578,63.470001220703125,61.68000030517578,62.08000183105469,19509300
2016-06-15,62.40999984741211,62.97999954223633,61.90999984741211,61.970001220703125,16982100
2016-06-16,61.45000076293945,62.29999923706055,60.900001525878906,62.220001220703125,16791200
2016-06-17,62.29999923706055,62.709999084472656,61.93000030517578,62.279998779296875,15751500
2016-06-20,63.45000076293945,63.849998474121094,62.34000015258789,62.369998931884766,12213200
2016-06-21,62.72999954223633,63.0,62.13999938964844,62.95000076293945,11611600
2016-06-22,62.95000076293945,63.709999084472656,62.68000030517578,62.709999084472656,12643500
2016-06-23,63.70000076293945,64.1500015258789,63.529998779296875,64.05000305175781,16583600
2016-06-24,60.47999954223633,61.70000076293945,59.34000015258789,59.599998474121094,44108700
2016-06-27,58.709999084472656,58.75,57.04999923706055,57.61000061035156,37300700
2016-06-28,59.189998626708984,59.54999923706055,58.2599983215332,59.52000045776367,29088700
2016-06-29,60.36000061035156,61.209999084472656,60.0,61.20000076293945,21483000
2016-06-30,61.630001068115234,62.189998626708984,61.02000045776367,62.13999938964844,21343600
2016-07-01,61.65999984741211,62.0099983215332,61.15999984741211,61.2599983215332,14217800
2016-07-05,60.45000076293945,60.599998474121094,59.099998474121094,59.54999923706055,23357700
2016-07-06,59.0099983215332,60.290000915527344,58.7599983215332,60.189998626708984,20429800
2016-07-07,60.52000045776367,61.13999938964844,60.15999984741211,60.58000183105469,13771400
2016-07-08,61.33000183105469,62.16999816894531,61.33000183105469,61.83000183105469,16998800
2016-07-11,62.41999816894531,62.95000076293945,62.13999938964844,62.27000045776367,13151400
2016-07-12,63.029998779296875,63.560001373291016,62.88999938964844,63.20000076293945,16588100
2016-07-13,63.08000183105469,63.43000030517578,62.63999938964844,63.15999984741211,18526900
2016-07-14,64.73999786376953,64.9800033569336,64.05000305175781,64.12000274658203,28985900
2016-07-15,64.75,64.80000305175781,63.61000061035156,64.18000030517578,17607100
2016-07-18,64.12999725341797,64.4000015258789,63.900001525878906,63.959999084472656,10824400
2016-07-19,63.61000061035156,64.0999984741211,63.459999084472656,63.86000061035156,9737400
2016-07-20,64.11000061035156,64.2300033569336,63.709999084472656,63.93000030517578,10411100
2016-07-21,64.0,64.18000030517578,63.630001068115234,63.689998626708984,9808700
2016-07-22,63.900001525878906,64.08999633789062,63.599998474121094,64.04000091552734,8195700
2016-07-25,63.97999954223633,64.16999816894531,63.68000030517578,63.869998931884766,8168300
2016-07-26,63.97999954223633,64.26000213623047,63.709999084472656,64.12999725341797,8067800
2016-07-27,64.08000183105469,64.69000244140625,64.05999755859375,64.33000183105469,11806800
2016-07-28,64.0,64.19000244140625,63.720001220703125,64.0999984741211,10013400
2016-07-29,63.79999923706055,64.29000091552734,63.75,63.970001220703125,13210400
2016-08-01,64.1500015258789,64.30999755859375,63.61000061035156,63.79999923706055,11422600
2016-08-02,63.59000015258789,64.01000213623047,63.380001068115234,63.650001525878906,13550000
2016-08-03,63.689998626708984,64.66999816894531,63.650001525878906,64.66000366210938,13122300
2016-08-04,64.48999786376953,64.81999969482422,64.2699966430664,64.55999755859375,9873000
2016-08-05,65.13999938964844,66.37000274658203,65.06999969482422,66.30000305175781,20752700
2016-08-08,66.06999969482422,66.48999786376953,65.83999633789062,66.0999984741211,11359200
2016-08-09,66.18000030517578,66.27999877929688,65.69000244140625,65.87000274658203,10097000
2016-08-10,65.91999816894531,66.06999969482422,65.16000366210938,65.27999877929688,11556100
2016-08-11,65.2699966430664,65.69000244140625,65.0199966430664,65.45999908447266,9604500
2016-08-12,64.97000122070312,65.3499984741211,64.86000061035156,65.31999969482422,7685400
2016-08-15,65.55999755859375,65.83000183105469,65.45999908447266,65.72000122070312,8371600
2016-08-16,65.36000061035156,65.95999908447266,65.23999786376953,65.70999908447266,10128900
2016-08-17,65.80000305175781,65.9800033569336,65.54000091552734,65.88999938964844,11868100
2016-08-18,65.62000274658203,65.98999786376953,65.52999877929688,65.94999694824219,9313600
2016-08-19,65.72000122070312,65.91000366210938,65.22000122070312,65.86000061035156,9084900
2016-08-22,65.75,65.87999725341797,65.41000366210938,65.80000305175781,9055600
2016-08-23,66.06999969482422,66.33999633789062,65.76000213623047,65.7699966430664,8949600
2016-08-24,65.98999786376953,66.2300033569336,65.7699966430664,65.94999694824219,10167200
2016-08-25,65.91000366210938,66.13999938964844,65.79000091552734,66.06999969482422,9978700
2016-08-26,66.33000183105469,66.87999725341797,65.8499984741211,66.22000122070312,14038600
2016-08-29,66.48999786376953,67.0999984741211,66.45999908447266,66.94999694824219,14583100
2016-08-30,66.94999694824219,67.5999984741211,66.94999694824219,67.5,13791200
2016-08-31,67.45999908447266,67.7699966430664,66.86000061035156,67.5,14952300
2016-09-01,67.63999938964844,67.72000122070312,66.6500015258789,67.20999908447266,12226500
2016-09-02,67.4000015258789,67.58000183105469,66.9800033569336,67.48999786376953,13720700
2016-09-06,67.5,67.55000305175781,66.70999908447266,67.44000244140625,16649400
2016-09-07,67.16000366210938,67.58999633789062,66.95999908447266,67.16000366210938,10070400
2016-09-08,67.22000122070312,67.68000030517578,67.0,67.25,12253000
2016-09-09,67.02999877929688,67.43000030517578,66.63999938964844,66.6500015258789,19686900
2016-09-12,66.13999938964844,67.30000305175781,65.76000213623047,67.05999755859375,16453000
2016-09-13,66.11000061035156,66.86000061035156,65.81999969482422,66.52999877929688,18876100
2016-09-14,66.2699966430664,67.25,66.20999908447266,66.4000015258789,12648600
2016-09-15,66.29000091552734,66.93000030517578,66.08999633789062,66.63999938964844,12531300
2016-09-16,66.08999633789062,66.26000213623047,65.44000244140625,65.81999969482422,25161500
2016-09-19,66.1500015258789,66.63999938964844,65.8499984741211,66.19000244140625,13466900
2016-09-20,66.75,66.8499984741211,66.23999786376953,66.45999908447266,10092200
2016-09-21,66.83999633789062,67.12999725341797,66.30999755859375,66.83999633789062,14116800
2016-09-22,66.98999786376953,67.41999816894531,66.83999633789062,67.38999938964844,12781700
2016-09-23,67.38999938964844,67.9000015258789,67.18000030517578,67.25,13967400
2016-09-26,66.5999984741211,66.80000305175781,65.54000091552734,65.77999877929688,16408100
2016-09-27,65.41000366210938,66.41000366210938,65.11000061035156,66.36000061035156,13711400
2016-09-28,66.58000183105469,66.7699966430664,65.98999786376953,66.70999908447266,11278000
2016-09-29,66.69999694824219,67.20999908447266,65.3499984741211,65.6500015258789,18727200
2016-09-30,66.08000183105469,67.05999755859375,66.08000183105469,66.58999633789062,21680100
2016-10-03,66.3499984741211,66.91999816894531,66.26000213623047,66.51000213623047,14901700
2016-10-04,66.20999908447266,67.18000030517578,66.0999984741211,66.5999984741211,17226900
2016-10-05,66.88999938964844,68.06999969482422,66.80000305175781,67.69000244140625,16280000
2016-10-06,67.7300033569336,67.97000122070312,67.05000305175781,67.87000274658203,17485000
2016-10-07,67.79000091552734,68.18000030517578,67.4000015258789,68.11000061035156,18497000
2016-10-10,68.33999633789062,69.05999755859375,68.2300033569336,68.63999938964844,13027500
2016-10-11,68.5,68.81999969482422,67.93000030517578,68.30999755859375,15657100
2016-10-12,68.26000213623047,68.58999633789062,68.05000305175781,68.12999725341797,11899800
2016-10-13,67.45999908447266,67.87000274658203,66.81999969482422,67.73999786376953,17890000
2016-10-14,68.80000305175781,69.02999877929688,67.30000305175781,67.5199966430664,24163800
2016-10-17,67.41999816894531,67.79000091552734,66.73999786376953,67.16999816894531,14963400
2016-10-18,67.8499984741211,68.20999908447266,67.54000091552734,67.69999694824219,11870300
2016-10-19,67.80999755859375,68.5,67.80999755859375,68.3499984741211,12705800
2016-10-20,68.08000183105469,68.68000030517578,67.94000244140625,68.26000213623047,14122000
2016-10-21,67.80999755859375,68.52999877929688,67.69999694824219,68.48999786376953,12175700
2016-10-24,68.97000122070312,69.05000305175781,68.5,68.87000274658203,10197100
2016-10-25,68.87999725341797,68.93000030517578,68.37999725341797,68.80000305175781,9945100
2016-10-26,68.37000274658203,69.25,68.37000274658203,69.12999725341797,9801300
2016-10-27,69.48999786376953,69.7699966430664,69.0999984741211,69.2300033569336,14210700
2016-10-28,69.52999877929688,69.55000305175781,68.47000122070312,69.11000061035156,12766500
2016-10-31,69.43000030517578,69.58000183105469,69.2300033569336,69.26000213623047,14336300
2016-11-01,69.4800033569336,69.77999877929688,68.33000183105469,68.97000122070312,15564500
2016-11-02,68.6500015258789,68.8499984741211,68.01000213623047,68.68000030517578,12449800
2016-11-03,68.86000061035156,69.19000244140625,68.22000122070312,68.37999725341797,10369700
2016-11-04,68.48999786376953,68.55999755859375,67.63999938964844,67.76000213623047,13571300
2016-11-07,69.08000183105469,69.97000122070312,69.0,69.87999725341797,16515100
2016-11-08,69.69999694824219,70.55000305175781,69.23999786376953,70.02999877929688,17531700
2016-11-09,71.45999908447266,74.1500015258789,71.31999969482422,73.25,50948400
2016-11-10,74.22000122070312,77.25,74.22000122070312,76.6500015258789,56192300
2016-11-11,76.30000305175781,76.72000122070312,75.7699966430664,76.69000244140625,27574300
2016-11-14,77.25,80.44000244140625,77.25,79.51000213623047,46130700
2016-11-15,78.37000274658203,79.41000366210938,77.77999877929688,79.36000061035156,28126300
2016-11-16,78.22000122070312,78.3499984741211,76.87999725341797,77.4000015258789,26054900
2016-11-17,77.93000030517578,78.45999908447266,77.5999984741211,78.0199966430664,19306700
2016-11-18,77.95999908447266,78.41999816894531,77.55000305175781,77.70999908447266,19770000
2016-11-21,78.0,78.16999816894531,77.29000091552734,78.05000305175781,11983500
2016-11-22,78.3499984741211,78.55999755859375,77.76000213623047,78.52999877929688,14410100
2016-11-23,78.87000274658203,79.23999786376953,77.88999938964844,78.86000061035156,13373700
2016-11-25,79.0999984741211,79.44999694824219,78.47000122070312,78.83000183105469,6185700
2016-11-28,78.18000030517578,78.87000274658203,78.0199966430664,78.31999969482422,13007200
2016-11-29,78.38999938964844,79.16000366210938,78.38999938964844,78.91999816894531,14144100
2016-11-30,79.91999816894531,80.52999877929688,79.69999694824219,80.16999816894531,25351900
2016-12-01,80.6500015258789,82.27999877929688,80.6500015258789,81.79000091552734,23823600
2016-12-02,81.80000305175781,81.83000183105469,80.9000015258789,81.5999984741211,16931500
2016-12-05,82.30000305175781,83.29000091552734,82.29000091552734,83.26000213623047,18529800
2016-12-06,83.5999984741211,83.80999755859375,82.43000030517578,83.69000244140625,16130000
2016-12-07,83.55000305175781,84.08999633789062,82.8499984741211,84.06999969482422,18996900
2016-12-08,84.2300033569336,85.5,83.94000244140625,85.12000274658203,20844900
2016-12-09,85.0199966430664,85.5,84.13999938964844,85.48999786376953,14567200
2016-12-12,85.36000061035156,85.79000091552734,84.29000091552734,84.7300033569336,14511300
2016-12-13,84.9800033569336,85.66999816894531,83.81999969482422,84.76000213623047,16669000
2016-12-14,83.87999725341797,86.12000274658203,83.76000213623047,84.7300033569336,22622600
2016-12-15,85.4000015258789,86.48999786376953,84.9000015258789,86.0,19438900
2016-12-16,86.29000091552734,86.29000091552734,84.88999938964844,84.94000244140625,23008500
2016-12-19,84.80000305175781,85.44000244140625,84.19000244140625,85.43000030517578,21685100
2016-12-20,85.79000091552734,86.54000091552734,85.55000305175781,86.52999877929688,14587300
2016-12-21,86.43000030517578,86.80999755859375,86.02999877929688,86.75,11400500
2016-12-22,86.44000244140625,87.16999816894531,86.20999908447266,86.88999938964844,13924200
2016-12-23,87.0,87.1500015258789,86.4000015258789,87.05000305175781,10759400
2016-12-27,87.05000305175781,87.16000366210938,86.75,87.12999725341797,6946400
2016-12-28,87.16000366210938,87.38999938964844,86.3499984741211,86.5,9455600
2016-12-29,86.58000183105469,86.66999816894531,85.04000091552734,85.88999938964844,14689000
2016-12-30,86.0999984741211,86.41999816894531,85.66000366210938,86.29000091552734,13617800
2017-01-03,87.33999633789062,87.76000213623047,85.9800033569336,87.2300033569336,20550700
2017-01-04,86.95999908447266,87.18000030517578,86.4000015258789,86.91000366210938,15266600
2017-01-05,86.80999755859375,87.11000061035156,85.26000213623047,86.11000061035156,14300800
2017-01-06,86.38999938964844,86.62000274658203,85.94000244140625,86.12000274658203,12893300
2017-01-09,85.7300033569336,86.7699966430664,85.5199966430664,86.18000030517578,12806600
2017-01-10,86.06999969482422,86.9000015258789,85.72000122070312,86.43000030517578,13989000
2017-01-11,86.43000030517578,87.08000183105469,85.91000366210938,87.08000183105469,14713100
2017-01-12,86.76000213623047,87.2699966430664,86.0199966430664,86.23999786376953,21337400
2017-01-13,87.11000061035156,88.16999816894531,86.0999984741211,86.69999694824219,28296000
2017-01-17,84.93000030517578,85.22000122070312,83.27999877929688,83.55000305175781,30024600
2017-01-18,83.62999725341797,84.2300033569336,83.02999877929688,83.94000244140625,21270100
2017-01-19,84.05999755859375,84.66999816894531,83.12000274658203,83.30000305175781,16555600
2017-01-20,83.43000030517578,83.83000183105469,83.29000091552734,83.66999816894531,18436800
2017-01-23,83.30000305175781,84.0,83.20999908447266,83.70999908447266,12179200
2017-01-24,83.91999816894531,85.0,83.55999755859375,84.72000122070312,15175300
2017-01-25,85.83999633789062,86.16999816894531,85.16999816894531,86.02999877929688,17551000
2017-01-26,85.94999694824219,86.94999694824219,85.94999694824219,86.75,15962800
2017-01-27,86.66000366210938,86.9800033569336,86.2699966430664,86.93000030517578,12535400
2017-01-30,86.19000244140625,86.5,85.31999969482422,86.02999877929688,13661900
2017-01-31,85.5999984741211,86.1500015258789,84.08999633789062,84.62999725341797,15655100
2017-02-01,85.54000091552734,86.0999984741211,84.68000030517578,84.94999694824219,15430900
2017-02-02,84.33999633789062,84.91000366210938,84.16000366210938,84.58999633789062,11081400
2017-02-03,86.19000244140625,87.30999755859375,85.87000274658203,87.18000030517578,17885200
2017-02-06,86.79000091552734,87.44999694824219,86.61000061035156,86.7699966430664,11828400
2017-02-07,87.13999938964844,87.4000015258789,86.4800033569336,86.72000122070312,9392800
2017-02-08,86.18000030517578,86.30999755859375,85.37000274658203,85.95999908447266,13970900
2017-02-09,85.95999908447266,87.33000183105469,85.95999908447266,87.19999694824219,13749100
2017-02-10,87.4800033569336,87.4800033569336,86.88999938964844,87.0,10992500
2017-02-13,87.44000244140625,88.73999786376953,87.43000030517578,88.1500015258789,18739100
2017-02-14,88.30000305175781,89.69999694824219,88.11000061035156,89.55999755859375,17932100
2017-02-15,90.08000183105469,90.87000274658203,89.3499984741211,90.58999633789062,17381800
2017-02-16,90.4000015258789,91.04000091552734,89.7699966430664,90.52999877929688,17672700
2017-02-17,89.81999969482422,90.47000122070312,89.69000244140625,90.2300033569336,15776600
2017-02-21,90.51000213623047,91.1500015258789,90.45999908447266,91.01000213623047,14068300
2017-02-22,90.5199966430664,91.30000305175781,90.41999816894531,91.05999755859375,11839000
2017-02-23,91.18000030517578,91.33999633789062,90.5199966430664,91.12999725341797,11067000
2017-02-24,90.18000030517578,90.54000091552734,89.7300033569336,90.33000183105469,15062300
2017-02-27,90.31999969482422,90.7300033569336,90.0199966430664,90.43000030517578,12361000
2017-02-28,89.8499984741211,90.81999969482422,89.58999633789062,90.62000274658203,15183500
2017-03-01,92.79000091552734,93.9800033569336,92.61000061035156,93.5999984741211,24451400
2017-03-02,93.87000274658203,93.91999816894531,92.02999877929688,92.13999938964844,16862500
2017-03-03,92.13999938964844,93.11000061035156,92.13999938964844,92.80000305175781,12817500
2017-03-06,92.25,92.31999969482422,91.0999984741211,91.91999816894531,15059200
2017-03-07,91.63999938964844,92.08999633789062,91.20999908447266,91.41000366210938,11156800
2017-03-08,92.68000030517578,92.8499984741211,91.0999984741211,91.20999908447266,17378400
2017-03-09,91.5999984741211,92.13999938964844,91.1500015258789,91.56999969482422,13726200
2017-03-10,91.94999694824219,92.0,90.52999877929688,91.27999877929688,13729900
2017-03-13,91.30999755859375,91.77999877929688,90.93000030517578,91.36000061035156,10004300
2017-03-14,91.0199966430664,91.6500015258789,90.7699966430664,91.51000213623047,10237700
2017-03-15,91.80000305175781,92.55000305175781,91.12999725341797,91.7300033569336,16601400
2017-03-16,92.02999877929688,92.80999755859375,91.56999969482422,91.63999938964844,14492000
2017-03-17,91.83000183105469,92.04000091552734,90.6500015258789,90.68000030517578,21734700
2017-03-20,90.2699966430664,91.16999816894531,89.79000091552734,90.02999877929688,14623600
2017-03-21,90.36000061035156,90.63999938964844,87.05999755859375,87.38999938964844,33089200
2017-03-22,86.88999938964844,88.06999969482422,86.01000213623047,87.52999877929688,21741000
2017-03-23,87.20999908447266,88.5,87.08999633789062,87.38999938964844,16090100
2017-03-24,87.79000091552734,88.08999633789062,86.7699966430664,87.29000091552734,16093200
2017-03-27,85.52999877929688,87.4000015258789,85.2300033569336,87.23999786376953,16689300
2017-03-28,87.0199966430664,89.0199966430664,86.9800033569336,88.5999984741211,16264400
2017-03-29,88.5999984741211,88.81999969482422,88.08000183105469,88.2699966430664,10207600
2017-03-30,88.19999694824219,89.45999908447266,88.12000274658203,89.02999877929688,11631000
2017-03-31,88.70999908447266,88.73999786376953,87.75,87.83999633789062,16987600
2017-04-03,87.98999786376953,88.16999816894531,86.5999984741211,87.5199966430664,19831800
2017-04-04,86.88999938964844,87.66999816894531,86.72000122070312,87.30999755859375,14280800
2017-04-05,88.41999816894531,88.54000091552734,86.12999725341797,86.19000244140625,17635500
2017-04-06,85.9800033569336,86.91000366210938,85.25,86.4800033569336,14379600
2017-04-07,85.93000030517578,86.80999755859375,85.70999908447266,86.18000030517578,13097100
2017-04-10,86.08000183105469,86.69000244140625,85.4000015258789,85.87999725341797,15081600
2017-04-11,85.54000091552734,85.79000091552734,84.80000305175781,85.7300033569336,14690500
2017-04-12,85.93000030517578,85.94999694824219,85.02999877929688,85.4000015258789,14730600
2017-04-13,85.5,86.98999786376953,84.4000015258789,84.4000015258789,30529800
2017-04-17,84.44000244140625,86.08000183105469,84.37000274658203,85.86000061035156,19071700
2017-04-18,85.36000061035156,85.62999725341797,84.73999786376953,85.16000366210938,14127000
2017-04-19,85.5,85.91999816894531,84.36000061035156,84.45999908447266,17588500
2017-04-20,84.9800033569336,85.77999877929688,84.55000305175781,85.55000305175781,15635800
2017-04-21,85.5,85.68000030517578,84.51000213623047,84.5199966430664,19820600
2017-04-24,86.55000305175781,88.05000305175781,86.41999816894531,87.5,25468300
2017-04-25,88.55000305175781,89.12999725341797,88.26000213623047,88.26000213623047,18253800
2017-04-26,88.3499984741211,89.05000305175781,88.13999938964844,88.43000030517578,12832200
2017-04-27,88.37000274658203,88.37000274658203,87.01000213623047,87.61000061035156,13329000
2017-04-28,87.5999984741211,87.8499984741211,86.94999694824219,87.0,10755600
2017-05-01,87.36000061035156,87.73999786376953,86.55999755859375,87.05999755859375,15712300
2017-05-02,86.70999908447266,86.87999725341797,86.0199966430664,86.5,14414200
2017-05-03,86.05999755859375,87.0999984741211,86.0199966430664,87.0,11540500
2017-05-04,87.69000244140625,87.7300033569336,86.56999969482422,87.0999984741211,11540100
2017-05-05,87.25,87.33999633789062,86.41999816894531,87.0,9436000
2017-05-08,87.04000091552734,87.31999969482422,86.6500015258789,87.0999984741211,8162200
2017-05-09,87.26000213623047,87.83999633789062,86.5,86.75,10273900
2017-05-10,86.52999877929688,87.4800033569336,86.47000122070312,87.43000030517578,8334900
2017-05-11,87.08999633789062,87.4800033569336,86.3499984741211,87.16000366210938,10907400
2017-05-12,86.68000030517578,87.05000305175781,86.33999633789062,86.91999816894531,8738800
2017-05-15,87.0999984741211,87.48999786376953,86.86000061035156,87.33999633789062,8835600
2017-05-16,87.36000061035156,88.08999633789062,87.33999633789062,87.61000061035156,9795000
2017-05-17,87.61000061035156,87.61000061035156,83.97000122070312,84.2699966430664,24679700
2017-05-18,84.06999969482422,84.80000305175781,83.36000061035156,83.95999908447266,23350100
2017-05-19,84.20999908447266,85.33999633789062,84.1500015258789,84.77999877929688,13412900
2017-05-22,85.18000030517578,85.29000091552734,84.20999908447266,84.69999694824219,11636000
2017-05-23,84.75,86.06999969482422,84.51000213623047,85.76000213623047,11753000
2017-05-24,85.87999725341797,85.97000122070312,85.23999786376953,85.70999908447266,9833800
2017-05-25,85.98999786376953,86.08000183105469,85.08000183105469,85.3499984741211,12238500
2017-05-26,85.11000061035156,85.55999755859375,85.0199966430664,85.36000061035156,8113500
2017-05-30,85.12999725341797,85.1500015258789,83.77999877929688,83.9000015258789,12603200
2017-05-31,83.7300033569336,83.81999969482422,81.63999938964844,82.1500015258789,28327900
2017-06-01,82.45999908447266,83.08000183105469,81.6500015258789,83.05999755859375,17123500
2017-06-02,82.29000091552734,82.98999786376953,81.9800033569336,82.63999938964844,14998500
2017-06-05,82.63999938964844,83.51000213623047,82.58000183105469,82.79000091552734,9080200
2017-06-06,82.29000091552734,83.22000122070312,82.12999725341797,82.95999908447266,12196800
2017-06-07,83.30999755859375,84.11000061035156,83.0999984741211,83.91000366210938,13711100
2017-06-08,83.91000366210938,85.7300033569336,83.88999938964844,84.94999694824219,17951000
2017-06-09,85.51000213623047,87.05000305175781,85.38999938964844,86.95999908447266,19120200
2017-06-12,86.95999908447266,87.73999786376953,86.88999938964844,86.9800033569336,16053400
2017-06-13,87.55000305175781,87.8499984741211,86.9800033569336,87.2699966430664,12557200
2017-06-14,86.7699966430664,87.30999755859375,85.81999969482422,87.08999633789062,16175700
2017-06-15,86.25,87.08000183105469,86.23999786376953,86.56999969482422,12509700
2017-06-16,86.8499984741211,86.95999908447266,86.0199966430664,86.18000030517578,16936600
2017-06-19,86.97000122070312,88.2300033569336,86.8499984741211,88.06999969482422,15972300
2017-06-20,87.75,87.91999816894531,87.37000274658203,87.5199966430664,11197800
2017-06-21,87.4800033569336,87.55000305175781,86.76000213623047,87.12000274658203,10005900
2017-06-22,86.93000030517578,87.36000061035156,86.6500015258789,87.0199966430664,12180600
2017-06-23,87.66000366210938,88.0,86.61000061035156,86.86000061035156,18812000
2017-06-26,87.01000213623047,87.66999816894531,86.62000274658203,87.23999786376953,10082400
2017-06-27,87.70999908447266,88.94000244140625,87.5,88.05000305175781,15415200
2017-06-28,88.5999984741211,90.06999969482422,88.5999984741211,89.81999969482422,17466200
2017-06-29,92.33999633789062,92.6500015258789,90.30999755859375,91.1500015258789,27697800
2017-06-30,91.95999908447266,92.0,91.16000366210938,91.4000015258789,16892700
2017-07-03,91.55999755859375,93.4800033569336,91.41000366210938,92.75,13208100
2017-07-05,93.12000274658203,93.79000091552734,92.61000061035156,93.68000030517578,17535400
2017-07-06,93.54000091552734,94.51000213623047,92.87999725341797,93.37999725341797,16596100
2017-07-07,93.95999908447266,94.16999816894531,93.2300033569336,93.8499984741211,12817800
2017-07-10,93.5,93.68000030517578,93.08999633789062,93.19000244140625,13987200
2017-07-11,93.33000183105469,93.33000183105469,92.27999877929688,92.83000183105469,13262300
2017-07-12,92.61000061035156,92.83000183105469,92.06999969482422,92.51000213623047,13540100
2017-07-13,92.69000244140625,93.37999725341797,92.33999633789062,93.0999984741211,12820100
2017-07-14,90.80999755859375,92.61000061035156,90.58000183105469,92.25,22235200
2017-07-17,91.81999969482422,91.98999786376953,91.25,91.38999938964844,14374200
2017-07-18,90.44999694824219,91.58000183105469,90.31999969482422,91.06999969482422,14719400
2017-07-19,91.33999633789062,91.62000274658203,91.0,91.19999694824219,11651200
2017-07-20,91.1500015258789,91.72000122070312,90.9000015258789,91.19999694824219,11561700
2017-07-21,91.05999755859375,91.36000061035156,90.5199966430664,90.88999938964844,10971300
2017-07-24,90.95999908447266,91.54000091552734,90.91000366210938,91.27999877929688,10725100
2017-07-25,92.37000274658203,93.5199966430664,92.2699966430664,92.80000305175781,16447700
2017-07-26,93.0999984741211,93.19000244140625,91.68000030517578,91.93000030517578,11815500
2017-07-27,91.83000183105469,92.05999755859375,91.16000366210938,91.55000305175781,12332400
2017-07-28,91.44999694824219,91.75,90.91000366210938,91.27999877929688,9351900
2017-07-31,91.51000213623047,92.36000061035156,91.5,91.80000305175781,11520300
2017-08-01,92.48999786376953,93.13999938964844,92.27999877929688,93.02999877929688,12523700
2017-08-02,92.87000274658203,93.20999908447266,92.51000213623047,93.11000061035156,10165600
2017-08-03,92.69999694824219,93.12999725341797,92.23999786376953,92.5,11078800
2017-08-04,93.5,94.4000015258789,93.47000122070312,93.66000366210938,14324000
2017-08-07,93.88999938964844,94.19000244140625,93.70999908447266,94.0199966430664,7978300
2017-08-08,93.94999694824219,95.22000122070312,93.5999984741211,93.68000030517578,13745400
2017-08-09,92.9800033569336,93.68000030517578,92.83000183105469,93.52999877929688,11214400
2017-08-10,92.9000015258789,93.06999969482422,92.06999969482422,92.19000244140625,13252300
2017-08-11,92.12999725341797,92.66999816894531,91.23999786376953,91.41999816894531,10679500
2017-08-14,92.37000274658203,92.9000015258789,92.33000183105469,92.48999786376953,10994800
2017-08-15,93.30999755859375,93.55999755859375,92.6500015258789,92.7300033569336,8812700
2017-08-16,93.04000091552734,93.2300033569336,91.87999725341797,92.08999633789062,11085400
2017-08-17,91.76000213623047,91.95999908447266,90.5,90.6500015258789,13837500
2017-08-18,90.30999755859375,91.54000091552734,90.19000244140625,90.73999786376953,13040700
2017-08-21,90.8499984741211,90.94000244140625,90.16000366210938,90.62999725341797,11502100
2017-08-22,91.06999969482422,91.70999908447266,91.0,91.55999755859375,9211800
2017-08-23,90.87000274658203,92.33999633789062,90.83999633789062,91.66999816894531,8811300
2017-08-24,91.93000030517578,92.12000274658203,91.41000366210938,91.5199966430664,8623200
2017-08-25,91.87999725341797,92.4800033569336,91.80000305175781,91.88999938964844,11794600
2017-08-28,92.16000366210938,92.19000244140625,91.12999725341797,91.5999984741211,7292900
2017-08-29,90.44999694824219,91.30999755859375,90.30999755859375,91.0999984741211,10886100
2017-08-30,91.25,91.87999725341797,91.19000244140625,91.30999755859375,9165300
2017-08-31,91.80999755859375,91.8499984741211,90.80000305175781,90.88999938964844,13217400
2017-09-01,91.25,92.36000061035156,90.94999694824219,91.69999694824219,9815800
2017-09-05,91.0199966430664,91.11000061035156,89.0199966430664,89.51000213623047,16897300
2017-09-06,90.0,90.5199966430664,89.63999938964844,90.11000061035156,11845700
2017-09-07,90.11000061035156,90.12999725341797,88.08000183105469,88.52999877929688,14592300
2017-09-08,88.30999755859375,89.41999816894531,88.23999786376953,88.41999816894531,14242200
2017-09-11,89.38999938964844,90.25,88.94999694824219,89.79000091552734,13219000
2017-09-12,90.16999816894531,91.25,90.0999984741211,90.88999938964844,14003800
2017-09-13,90.61000061035156,91.5,90.31999969482422,91.1500015258789,12485400
2017-09-14,91.19999694824219,91.52999877929688,90.73999786376953,90.97000122070312,10562800
2017-09-15,91.08000183105469,91.70999908447266,90.76000213623047,91.62000274658203,18171800
2017-09-18,91.93000030517578,93.13999938964844,91.8499984741211,92.91999816894531,11318700
2017-09-19,92.70999908447266,94.36000061035156,92.5199966430664,93.94000244140625,12626100
2017-09-20,94.0999984741211,95.29000091552734,93.70999908447266,94.5999984741211,15311600
2017-09-21,94.45999908447266,95.37000274658203,94.19000244140625,95.02999877929688,10851500
2017-09-22,94.69999694824219,94.9800033569336,94.43000030517578,94.83000183105469,8358300
2017-09-25,94.51000213623047,94.87999725341797,93.44999694824219,94.12000274658203,10463400
2017-09-26,93.77999877929688,94.02999877929688,93.33999633789062,93.69999694824219,9358100
2017-09-27,94.97000122070312,95.72000122070312,94.58000183105469,95.18000030517578,15090200
2017-09-28,95.58999633789062,95.87999725341797,94.91000366210938,95.37999725341797,10270400
2017-09-29,95.30000305175781,95.5199966430664,95.0199966430664,95.51000213623047,11438400
2017-10-02,95.7699966430664,96.87999725341797,95.45999908447266,96.83999633789062,13797200
2017-10-03,96.83000183105469,97.43000030517578,96.7699966430664,97.3499984741211,9633500
2017-10-04,97.30000305175781,97.44000244140625,96.27999877929688,96.36000061035156,12166600
2017-10-05,96.0,97.4000015258789,95.55000305175781,97.08999633789062,14236200
2017-10-06,97.55000305175781,97.63999938964844,96.47000122070312,96.91999816894531,10231900
2017-10-09,96.95999908447266,97.06999969482422,96.13999938964844,96.41000366210938,7765100
2017-10-10,96.45999908447266,97.18000030517578,96.23999786376953,97.12999725341797,10631500
2017-10-11,96.83000183105469,97.01000213623047,96.13999938964844,96.83999633789062,14283600
2017-10-12,97.30000305175781,97.5,95.62000274658203,95.98999786376953,18251600
2017-10-13,95.4800033569336,96.70999908447266,94.95999908447266,95.86000061035156,13190600
2017-10-16,96.33999633789062,97.94999694824219,96.33999633789062,97.83999633789062,12434000
2017-10-17,98.06999969482422,98.18000030517578,97.31999969482422,97.62000274658203,10335700
2017-10-18,98.1500015258789,98.55000305175781,97.62999725341797,97.98999786376953,10158600
2017-10-19,97.19000244140625,98.19999694824219,97.08999633789062,98.11000061035156,9133900
2017-10-20,99.27999877929688,99.88999938964844,98.7300033569336,99.51000213623047,15326600
2017-10-23,99.51000213623047,99.98999786376953,99.23999786376953,99.33999633789062,9238600
2017-10-24,99.87999725341797,101.19000244140625,99.76000213623047,100.91999816894531,13000800
2017-10-25,101.25,101.44999694824219,100.19000244140625,101.0199966430664,14632700
2017-10-26,101.3499984741211,102.41999816894531,101.31999969482422,101.73999786376953,13054400
2017-10-27,101.43000030517578,102.2300033569336,101.05000305175781,101.7699966430664,10400400
2017-10-30,101.12999725341797,101.93000030517578,100.87000274658203,101.41000366210938,8839500
2017-10-31,101.37000274658203,101.69999694824219,100.56999969482422,100.61000061035156,8690200
2017-11-01,101.0999984741211,101.69999694824219,100.7300033569336,100.91999816894531,8418200
2017-11-02,100.87000274658203,101.7699966430664,100.16000366210938,101.58999633789062,8731800
2017-11-03,101.0999984741211,101.52999877929688,100.7300033569336,101.41000366210938,7103500
2017-11-06,101.33999633789062,101.69000244140625,100.66000366210938,100.77999877929688,8121500
2017-11-07,100.55999755859375,100.75,98.25,98.75,18822600
2017-11-08,98.2699966430664,98.37000274658203,97.1500015258789,97.63999938964844,18524700
2017-11-09,97.12000274658203,98.22000122070312,96.80999755859375,97.62999725341797,13697800
2017-11-10,97.80999755859375,98.33999633789062,97.5,97.51000213623047,9314000
2017-11-13,96.69000244140625,98.05000305175781,96.62000274658203,97.86000061035156,9303100
2017-11-14,97.33999633789062,97.77999877929688,96.8499984741211,97.2699966430664,11043800
2017-11-15,96.38999938964844,98.73999786376953,95.94999694824219,98.19000244140625,15384100
2017-11-16,98.52999877929688,99.05999755859375,98.30999755859375,98.47000122070312,9808000
2017-11-17,97.81999969482422,98.41000366210938,97.56999969482422,98.13999938964844,9017900
2017-11-20,98.44999694824219,99.1500015258789,97.76000213623047,99.01000213623047,9483200
2017-11-21,99.5,99.55000305175781,98.91000366210938,98.93000030517578,13389400
2017-11-22,99.02999877929688,99.5199966430664,98.58999633789062,98.63999938964844,7342200
2017-11-24,98.83000183105469,98.9000015258789,98.26000213623047,98.31999969482422,3680000
2017-11-27,98.30999755859375,99.12999725341797,97.93000030517578,97.93000030517578,13076200
2017-11-28,98.20999908447266,101.69999694824219,97.97000122070312,101.36000061035156,16773000
2017-11-29,102.41000366210938,104.22000122070312,101.95999908447266,103.7300033569336,21105500
2017-11-30,104.73999786376953,106.66000366210938,104.04000091552734,104.5199966430664,23945900
2017-12-01,104.9000015258789,105.31999969482422,102.19999694824219,104.79000091552734,19683500
2017-12-04,107.7300033569336,108.4000015258789,106.7699966430664,106.94999694824219,23576600
2017-12-05,105.58000183105469,107.41000366210938,104.12000274658203,105.72000122070312,17193900
2017-12-06,105.55000305175781,105.76000213623047,104.52999877929688,104.93000030517578,15476200
2017-12-07,103.94999694824219,105.19000244140625,103.7300033569336,104.62000274658203,13371800
2017-12-08,104.75,105.94000244140625,104.33999633789062,105.93000030517578,13506900
2017-12-11,105.72000122070312,106.05999755859375,105.30999755859375,105.62000274658203,10591200
2017-12-12,106.91000366210938,107.37000274658203,105.54000091552734,106.8499984741211,15508800
2017-12-13,106.69999694824219,107.11000061035156,105.4800033569336,105.51000213623047,15020300
2017-12-14,106.12000274658203,106.44999694824219,104.63999938964844,104.66000366210938,13034200
2017-12-15,105.79000091552734,106.5199966430664,105.19999694824219,106.13999938964844,29350600
2017-12-18,107.19000244140625,107.62999725341797,106.4800033569336,106.95999908447266,12713100
2017-12-19,107.3499984741211,107.48999786376953,106.44000244140625,106.51000213623047,12149900
2017-12-20,107.5999984741211,107.7300033569336,106.08999633789062,106.13999938964844,13091500
2017-12-21,106.58999633789062,108.06999969482422,106.55999755859375,107.83000183105469,12323700
2017-12-22,108.19999694824219,108.45999908447266,106.80999755859375,107.44999694824219,14573400
2017-12-26,107.19999694824219,107.98999786376953,106.4000015258789,107.0199966430664,7403700
2017-12-27,106.66999816894531,107.29000091552734,106.66999816894531,107.22000122070312,9496500
2017-12-28,107.4000015258789,107.83999633789062,107.16000366210938,107.79000091552734,7440600
2017-12-29,108.08999633789062,108.27999877929688,106.94000244140625,106.94000244140625,8925700
2018-01-02,107.62999725341797,108.0199966430664,106.80999755859375,107.94999694824219,13578800
2018-01-03,107.86000061035156,108.48999786376953,107.4800033569336,108.05999755859375,11901000
2018-01-04,108.36000061035156,110.02999877929688,108.19999694824219,109.04000091552734,12953700
2018-01-05,109.26000213623047,109.55000305175781,107.77999877929688,108.33999633789062,14155000
2018-01-08,108.1500015258789,108.68000030517578,107.69999694824219,108.5,12466500
2018-01-09,108.72000122070312,109.62999725341797,108.48999786376953,109.05000305175781,13292300
2018-01-10,109.47000122070312,110.69999694824219,109.38999938964844,110.25,15834500
2018-01-11,110.66999816894531,110.93000030517578,110.05000305175781,110.83999633789062,13676800
2018-01-12,111.6500015258789,112.8499984741211,110.83999633789062,112.66999816894531,18884200
2018-01-16,111.51000213623047,113.43000030517578,111.06999969482422,112.2699966430664,22703300
2018-01-17,111.88999938964844,113.30000305175781,111.30999755859375,112.98999786376953,14940300
2018-01-18,112.76000213623047,113.72000122070312,112.2699966430664,113.26000213623047,14572900
2018-01-19,113.94000244140625,114.33999633789062,112.80000305175781,113.01000213623047,18785500
2018-01-22,112.66000366210938,114.38999938964844,112.5,114.33000183105469,12475700
2018-01-23,113.66999816894531,114.63999938964844,113.3499984741211,114.20999908447266,12320800
2018-01-24,114.86000061035156,116.0,114.66000366210938,115.66999816894531,15904500
2018-01-25,116.04000091552734,116.16999816894531,115.08000183105469,115.69999694824219,13510000
2018-01-26,115.69999694824219,116.31999969482422,114.95999908447266,116.31999969482422,13883900
2018-01-29,116.0199966430664,117.3499984741211,116.0199966430664,116.19999694824219,11679900
2018-01-30,115.52999877929688,116.5999984741211,114.9800033569336,115.11000061035156,14279100
2018-01-31,115.6500015258789,116.66000366210938,115.16000366210938,115.66999816894531,13141400
2018-02-01,115.7699966430664,116.98999786376953,115.4800033569336,116.87000274658203,13800600
2018-02-02,116.48999786376953,116.91999816894531,114.08999633789062,114.27999877929688,16477300
2018-02-05,113.0,114.58999633789062,103.9800033569336,108.80000305175781,30097600
2018-02-06,106.8499984741211,112.4800033569336,106.61000061035156,112.11000061035156,33114800
2018-02-07,111.55000305175781,114.44999694824219,111.1500015258789,112.87000274658203,21878300
2018-02-08,113.11000061035156,113.11000061035156,107.83999633789062,107.87999725341797,27425800
2018-02-09,109.0999984741211,111.05000305175781,106.2300033569336,110.04000091552734,28188000
2018-02-12,111.16999816894531,112.7300033569336,110.06999969482422,111.73999786376953,18043300
2018-02-13,111.31999969482422,113.05000305175781,110.80000305175781,112.43000030517578,16358200
2018-02-14,112.62999725341797,115.2699966430664,112.52999877929688,115.02999877929688,15186900
2018-02-15,115.73999786376953,115.98999786376953,114.22000122070312,115.51000213623047,12130200
2018-02-16,114.55000305175781,116.06999969482422,114.5,114.68000030517578,13214300
2018-02-20,114.6500015258789,115.38999938964844,113.97000122070312,114.70999908447266,13461500
2018-02-21,115.0,117.44999694824219,114.66999816894531,115.19000244140625,14212500
2018-02-22,115.5,116.43000030517578,114.76000213623047,114.9800033569336,17070400
2018-02-23,115.30999755859375,117.38999938964844,115.30999755859375,117.30999755859375,12162500
2018-02-26,118.13999938964844,118.9000015258789,117.31999969482422,118.7699966430664,16511200
2018-02-27,118.91000366210938,119.33000183105469,117.3499984741211,117.36000061035156,17563300
2018-02-28,117.81999969482422,118.48999786376953,115.33999633789062,115.5,17735600
2018-03-01,115.4800033569336,116.63999938964844,112.6500015258789,113.43000030517578,18690000
2018-03-02,112.38999938964844,113.55999755859375,111.12000274658203,113.31999969482422,18353700
2018-03-05,112.05000305175781,115.93000030517578,111.88999938964844,115.05999755859375,13933000
2018-03-06,115.63999938964844,115.81999969482422,114.31999969482422,115.16000366210938,10674400
2018-03-07,113.75,115.0999984741211,113.11000061035156,114.7300033569336,13006500
2018-03-08,115.11000061035156,115.2300033569336,113.20999908447266,114.73999786376953,11173700
2018-03-09,116.55000305175781,118.08000183105469,115.66999816894531,118.04000091552734,15366600
2018-03-12,118.0,118.75,117.25,117.66000366210938,12339300
2018-03-13,118.19999694824219,118.47000122070312,115.83000183105469,116.25,13312300
2018-03-14,116.55999755859375,116.58999633789062,114.5999984741211,114.94999694824219,12905100
2018-03-15,115.87000274658203,116.0,114.83000183105469,115.23999786376953,8748000
2018-03-16,115.33999633789062,116.5999984741211,115.33999633789062,115.44000244140625,19888900
2018-03-19,115.0999984741211,115.44999694824219,113.30000305175781,114.52999877929688,13214900
2018-03-20,114.87000274658203,115.44999694824219,114.44999694824219,114.63999938964844,9921200
2018-03-21,114.80999755859375,116.62999725341797,114.20999908447266,114.73999786376953,13633000
2018-03-22,113.19999694824219,113.5999984741211,109.54000091552734,109.94999694824219,22550400
2018-03-23,110.2699966430664,110.91999816894531,106.76000213623047,107.01000213623047,23081500
2018-03-26,109.19000244140625,111.16000366210938,108.6500015258789,110.30999755859375,20217500
2018-03-27,111.06999969482422,111.69000244140625,107.30000305175781,108.16999816894531,18039900
2018-03-28,108.27999877929688,109.16999816894531,106.6500015258789,108.0,19189300
2018-03-29,108.5,110.77999877929688,107.77999877929688,109.97000122070312,13274600
2018-04-02,109.95999908447266,110.7300033569336,106.08000183105469,107.8499984741211,18822500
2018-04-03,108.36000061035156,109.5,107.26000213623047,109.33000183105469,14050700
2018-04-04,107.0999984741211,111.20999908447266,107.0199966430664,110.98999786376953,15302600
2018-04-05,111.62999725341797,112.83000183105469,111.38999938964844,111.87999725341797,16627000
2018-04-06,110.55000305175781,111.55000305175781,107.81999969482422,109.08999633789062,18906000
2018-04-09,110.01000213623047,112.9800033569336,109.88999938964844,110.4000015258789,15974300
2018-04-10,112.12999725341797,112.87000274658203,111.41999816894531,112.51000213623047,13951400
2018-04-11,111.66000366210938,111.80999755859375,110.5199966430664,110.62000274658203,14503300
2018-04-12,111.55999755859375,114.38999938964844,111.5,113.37000274658203,16435500
2018-04-13,115.0199966430664,115.1500015258789,109.05000305175781,110.30000305175781,39152800
2018-04-16,110.94000244140625,111.47000122070312,109.79000091552734,110.20999908447266,16580500
2018-04-17,111.37000274658203,111.91999816894531,109.98999786376953,110.20999908447266,15501400
2018-04-18,110.52999877929688,111.06999969482422,108.88999938964844,109.31999969482422,16081400
2018-04-19,109.52999877929688,111.87000274658203,109.5,111.72000122070312,17911000
2018-04-20,112.30000305175781,112.73999786376953,110.87999725341797,111.47000122070312,15584400
2018-04-23,111.56999969482422,111.94999694824219,110.62999725341797,110.93000030517578,11285800
2018-04-24,111.75,112.9000015258789,109.58999633789062,110.41000366210938,16453100
2018-04-25,110.2699966430664,110.52999877929688,108.5999984741211,109.98999786376953,13548200
2018-04-26,109.97000122070312,110.81999969482422,109.33999633789062,110.0999984741211,10299500
2018-04-27,109.55000305175781,110.16000366210938,109.12999725341797,109.4000015258789,9384000
2018-04-30,109.75,110.30000305175781,108.75,108.77999877929688,13744900
2018-05-01,108.44999694824219,108.97000122070312,107.54000091552734,108.77999877929688,10503400
2018-05-02,108.11000061035156,109.48999786376953,107.7300033569336,107.91999816894531,12162100
2018-05-03,107.58999633789062,107.7699966430664,105.18000030517578,107.23999786376953,15379100
2018-05-04,106.43000030517578,108.73999786376953,105.9800033569336,108.43000030517578,11967900
2018-05-07,108.76000213623047,109.68000030517578,108.36000061035156,109.37000274658203,9356700
2018-05-08,109.52999877929688,111.33999633789062,109.27999877929688,110.98999786376953,12543200
2018-05-09,111.44000244140625,113.63999938964844,111.02999877929688,113.41000366210938,11368100
2018-05-10,113.19000244140625,114.44000244140625,112.75,114.29000091552734,9159700
2018-05-11,114.48999786376953,114.7300033569336,113.66999816894531,113.86000061035156,10253000
2018-05-14,114.11000061035156,114.69999694824219,113.73999786376953,113.9000015258789,8710700
2018-05-15,113.91000366210938,113.91000366210938,112.56999969482422,113.02999877929688,11536200
2018-05-16,112.88999938964844,113.69000244140625,112.62999725341797,113.33999633789062,7571100
2018-05-17,113.19999694824219,113.41000366210938,112.19999694824219,112.95999908447266,8617200
2018-05-18,112.75,112.80000305175781,110.83999633789062,111.12999725341797,11806300
2018-05-21,112.05000305175781,112.54000091552734,111.91999816894531,112.1500015258789,9441900
2018-05-22,112.3499984741211,114.29000091552734,112.29000091552734,113.01000213623047,11507600
2018-05-23,112.51000213623047,112.7699966430664,111.12000274658203,112.48999786376953,11453900
2018-05-24,112.13999938964844,112.1500015258789,110.12000274658203,111.2300033569336,14084800
2018-05-25,110.45999908447266,111.08000183105469,110.19999694824219,110.66000366210938,8283500
2018-05-29,109.18000030517578,109.19999694824219,104.95999908447266,105.93000030517578,30643800
2018-05-30,107.63999938964844,108.5999984741211,106.6500015258789,108.3499984741211,17490800
2018-05-31,107.94999694824219,108.19000244140625,106.41999816894531,107.01000213623047,19808200
2018-06-01,108.33999633789062,108.94000244140625,107.80000305175781,108.4000015258789,13594200
2018-06-04,108.98999786376953,109.26000213623047,108.2699966430664,108.44999694824219,9415400
2018-06-05,108.23999786376953,108.30999755859375,107.06999969482422,107.83999633789062,10415200
2018-06-06,108.66000366210938,110.73999786376953,108.4800033569336,110.36000061035156,15453600
2018-06-07,111.18000030517578,111.5,110.02999877929688,110.80000305175781,13444400
2018-06-08,110.62000274658203,111.13999938964844,110.05999755859375,111.11000061035156,10383200
2018-06-11,111.12000274658203,111.91000366210938,110.7699966430664,110.83000183105469,12642900
2018-06-12,111.13999938964844,111.52999877929688,109.5199966430664,110.19000244140625,15294100
2018-06-13,110.45999908447266,111.44999694824219,109.58000183105469,109.97000122070312,14979700
2018-06-14,110.27999877929688,110.36000061035156,107.77999877929688,108.02999877929688,20487300
2018-06-15,107.80000305175781,108.37999725341797,106.2699966430664,107.9000015258789,26028600
2018-06-18,107.26000213623047,108.4000015258789,106.69000244140625,108.18000030517578,9786800
2018-06-19,106.9000015258789,107.87999725341797,106.5999984741211,107.55000305175781,12707200
2018-06-20,108.18000030517578,108.63999938964844,107.44000244140625,107.54000091552734,8876900
2018-06-21,107.0999984741211,108.20999908447266,106.52999877929688,107.51000213623047,11048700
2018-06-22,108.16000366210938,108.37000274658203,105.51000213623047,105.75,19478900
2018-06-25,105.66000366210938,105.69999694824219,103.95999908447266,104.79000091552734,16907600
2018-06-26,104.70999908447266,105.20999908447266,103.11000061035156,104.86000061035156,17086800
2018-06-27,104.68000030517578,105.91999816894531,103.2300033569336,103.23999786376953,16276800
2018-06-28,103.68000030517578,105.45999908447266,103.51000213623047,104.93000030517578,14491300
2018-06-29,106.68000030517578,106.9000015258789,104.1500015258789,104.19999694824219,18972400
2018-07-02,103.72000122070312,105.08999633789062,103.37999725341797,105.08000183105469,11130000
2018-07-03,105.41000366210938,105.77999877929688,103.5199966430664,103.61000061035156,8311700
2018-07-05,104.12999725341797,104.37999725341797,103.52999877929688,103.72000122070312,10723400
2018-07-06,103.12000274658203,104.5,102.19999694824219,104.05999755859375,12173700
2018-07-09,104.70999908447266,107.45999908447266,104.70999908447266,107.27999877929688,13900800
2018-07-10,108.0199966430664,108.4000015258789,106.52999877929688,106.62000274658203,14575900
2018-07-11,106.30999755859375,107.05999755859375,106.20999908447266,106.38999938964844,10186500
2018-07-12,107.41999816894531,107.55999755859375,105.97000122070312,106.8499984741211,12456800
2018-07-13,107.30000305175781,107.80000305175781,105.13999938964844,106.36000061035156,21289100
2018-07-16,107.05000305175781,110.7699966430664,106.9800033569336,110.58000183105469,24662600
2018-07-17,110.69000244140625,110.93000030517578,109.75,110.5,14821900
2018-07-18,110.41999816894531,112.12000274658203,110.19999694824219,111.52999877929688,14244900
2018-07-19,111.05999755859375,111.08999633789062,109.7300033569336,109.88999938964844,16775300
2018-07-20,110.0,111.73999786376953,109.77999877929688,111.27999877929688,13578100
2018-07-23,111.05999755859375,114.23999786376953,110.93000030517578,113.3499984741211,18140000
2018-07-24,113.55000305175781,114.77999877929688,113.41999816894531,114.1500015258789,14000400
2018-07-25,113.87999725341797,115.5199966430664,113.37999725341797,115.18000030517578,13329100
2018-07-26,115.41999816894531,115.58999633789062,114.58000183105469,114.8499984741211,11897800
2018-07-27,115.18000030517578,116.30000305175781,114.80999755859375,116.02999877929688,12802700
2018-07-30,116.27999877929688,117.61000061035156,116.05999755859375,116.7300033569336,13411600
2018-07-31,117.08000183105469,117.08000183105469,114.81999969482422,114.94999694824219,15843800
2018-08-01,115.75,116.69000244140625,115.27999877929688,115.66000366210938,13531600
2018-08-02,114.56999969482422,116.25,114.33000183105469,116.1500015258789,11058100
2018-08-03,116.0,117.12999725341797,115.94000244140625,117.08999633789062,11016100
2018-08-06,116.79000091552734,117.52999877929688,116.18000030517578,117.12000274658203,9857400
2018-08-07,117.73999786376953,118.29000091552734,117.33000183105469,117.55000305175781,10562100
2018-08-08,117.33000183105469,118.2699966430664,117.27999877929688,117.79000091552734,8997100
2018-08-09,117.51000213623047,117.72000122070312,116.69999694824219,116.87999725341797,9694200
2018-08-10,115.5,115.94999694824219,114.68000030517578,115.7300033569336,12630600
2018-08-13,115.55999755859375,115.87999725341797,113.81999969482422,113.88999938964844,10336300
2018-08-14,114.2699966430664,115.04000091552734,113.6500015258789,114.6500015258789,10597600
2018-08-15,113.81999969482422,114.33000183105469,112.97000122070312,113.69999694824219,10152100
2018-08-16,114.3499984741211,115.30999755859375,114.30000305175781,114.7699966430664,10118600
2018-08-17,114.63999938964844,115.06999969482422,114.30000305175781,114.7699966430664,8505100
2018-08-20,114.58999633789062,115.05000305175781,114.11000061035156,114.62000274658203,8618700
2018-08-21,115.37000274658203,116.38999938964844,114.87999725341797,115.31999969482422,10976700
2018-08-22,115.30999755859375,115.41000366210938,114.77999877929688,114.97000122070312,8314700
2018-08-23,114.95999908447266,115.1500015258789,114.43000030517578,114.7300033569336,9265400
2018-08-24,114.9800033569336,115.22000122070312,114.44999694824219,114.68000030517578,8845700
2018-08-27,115.22000122070312,117.27999877929688,115.16999816894531,116.70999908447266,13768000
2018-08-28,117.0,117.02999877929688,115.97000122070312,116.13999938964844,8302600
2018-08-29,116.3499984741211,116.37000274658203,115.36000061035156,115.76000213623047,7221700
2018-08-30,115.58999633789062,116.04000091552734,114.9800033569336,115.19000244140625,8991800
2018-08-31,114.83000183105469,114.83999633789062,113.81999969482422,114.58000183105469,13065700
2018-09-04,114.33999633789062,115.23999786376953,113.62999725341797,115.1500015258789,10174200
2018-09-05,115.0,115.69999694824219,114.25,114.58999633789062,11462400
2018-09-06,114.5,114.69999694824219,113.5,114.0999984741211,9877600
2018-09-07,114.5,114.7699966430664,113.62999725341797,114.31999969482422,10955600
2018-09-10,114.8499984741211,114.97000122070312,113.66000366210938,113.70999908447266,8276900
2018-09-11,113.54000091552734,114.58000183105469,113.18000030517578,114.43000030517578,9333800
2018-09-12,114.25,114.87999725341797,112.8499984741211,113.08000183105469,10800800
2018-09-13,113.37000274658203,114.12999725341797,112.66999816894531,113.5199966430664,12470800
2018-09-14,113.80999755859375,114.48999786376953,113.2300033569336,113.5,10337900
2018-09-17,113.79000091552734,114.43000030517578,113.30000305175781,113.83999633789062,9561300
2018-09-18,114.33000183105469,114.66000366210938,113.55999755859375,114.30000305175781,7944200
2018-09-19,114.44000244140625,118.05999755859375,114.44000244140625,117.62000274658203,16052800
2018-09-20,118.5,119.23999786376953,118.08000183105469,118.62999725341797,15590000
2018-09-21,119.12999725341797,119.2300033569336,117.73999786376953,117.8499984741211,24788200
2018-09-24,117.76000213623047,118.45999908447266,116.43000030517578,116.72000122070312,12492500
2018-09-25,117.04000091552734,117.97000122070312,116.31999969482422,116.38999938964844,9308300
2018-09-26,116.75,116.87000274658203,114.66000366210938,115.0199966430664,14023600
2018-09-27,115.41999816894531,115.76000213623047,114.16000366210938,114.5199966430664,13283000
2018-09-28,113.6500015258789,114.23999786376953,112.5199966430664,112.83999633789062,15815100
2018-10-01,113.37000274658203,114.61000061035156,113.04000091552734,113.5,10146300
2018-10-02,113.36000061035156,114.12000274658203,112.80999755859375,113.97000122070312,13753100
2018-10-03,114.94000244140625,115.66000366210938,114.4800033569336,115.04000091552734,17142000
2018-10-04,114.55000305175781,116.80999755859375,114.20999908447266,115.2699966430664,16357400
2018-10-05,115.83000183105469,116.0999984741211,114.0199966430664,114.62000274658203,13777600
2018-10-08,114.25,115.77999877929688,113.3499984741211,115.31999969482422,14370900
2018-10-09,114.66999816894531,115.02999877929688,113.66999816894531,114.5199966430664,14069500
2018-10-10,114.69999694824219,114.94999694824219,111.47000122070312,111.47000122070312,23086400
2018-10-11,110.97000122070312,111.47000122070312,107.37999725341797,108.12999725341797,33705600
2018-10-12,110.37000274658203,110.83000183105469,105.5999984741211,106.94999694824219,32075700
2018-10-15,107.19999694824219,108.8499984741211,106.31999969482422,106.33999633789062,18903200
2018-10-16,107.16000366210938,108.77999877929688,106.7300033569336,108.62000274658203,19302800
2018-10-17,108.37999725341797,110.80000305175781,108.2300033569336,109.83000183105469,18794500
2018-10-18,109.0199966430664,109.83999633789062,107.80999755859375,108.08999633789062,17582500
2018-10-19,107.6500015258789,109.22000122070312,107.2699966430664,107.91000366210938,15234500
2018-10-22,108.1500015258789,108.33999633789062,106.11000061035156,106.36000061035156,16199100
2018-10-23,104.19999694824219,106.16000366210938,103.69999694824219,105.25,21407500
2018-10-24,104.76000213623047,105.02999877929688,102.91000366210938,103.29000091552734,23168900
2018-10-25,104.18000030517578,105.9000015258789,103.72000122070312,104.86000061035156,17464700
2018-10-26,104.0,104.55999755859375,102.7300033569336,103.41999816894531,19174900
2018-10-29,104.45999908447266,106.62999725341797,103.69999694824219,104.8499984741211,18445200
2018-10-30,105.70999908447266,106.9800033569336,104.86000061035156,106.69999694824219,18019700
2018-10-31,108.08000183105469,110.4800033569336,107.79000091552734,109.0199966430664,20860000
2018-11-01,109.62000274658203,110.22000122070312,108.31999969482422,108.9800033569336,13065000
2018-11-02,109.9000015258789,110.80999755859375,107.48999786376953,108.37999725341797,19009200
2018-11-05,108.61000061035156,109.29000091552734,108.41999816894531,109.08999633789062,10276400
2018-11-06,108.66999816894531,109.66999816894531,107.76000213623047,109.5999984741211,10825000
2018-11-07,110.37000274658203,111.7300033569336,109.3499984741211,111.4800033569336,12679600
2018-11-08,111.01000213623047,112.93000030517578,111.0,112.37999725341797,11662500
2018-11-09,112.2300033569336,112.36000061035156,110.83000183105469,111.29000091552734,10432200
2018-11-12,111.41999816894531,111.94000244140625,108.5999984741211,108.94999694824219,13279700
2018-11-13,109.0999984741211,111.12000274658203,109.0999984741211,109.58999633789062,13746100
2018-11-14,110.2300033569336,110.70999908447266,105.9800033569336,107.33000183105469,18361400
2018-11-15,108.23999786376953,110.08000183105469,106.80999755859375,110.06999969482422,19100000
2018-11-16,109.44999694824219,110.76000213623047,108.55000305175781,109.98999786376953,13798600
2018-11-19,109.95999908447266,111.19999694824219,109.52999877929688,110.83000183105469,13987000
2018-11-20,109.77999877929688,110.48999786376953,107.9800033569336,108.44999694824219,18936200
2018-11-21,109.02999877929688,109.61000061035156,107.63999938964844,107.63999938964844,10619600
2018-11-23,106.73999786376953,107.38999938964844,106.05999755859375,106.6500015258789,6488400
2018-11-26,107.72000122070312,109.9800033569336,107.44999694824219,109.26000213623047,13948300
2018-11-27,108.76000213623047,110.02999877929688,108.62999725341797,109.72000122070312,9238200
2018-11-28,109.80000305175781,111.4000015258789,108.87000274658203,110.94000244140625,13977300
2018-11-29,110.2699966430664,110.80000305175781,109.63999938964844,110.05999755859375,11144300
2018-11-30,109.8499984741211,111.31999969482422,109.58000183105469,111.19000244140625,18652700
2018-12-03,112.37999725341797,112.88999938964844,111.73999786376953,112.23999786376953,16034500
2018-12-04,111.5999984741211,111.5999984741211,106.7300033569336,107.2300033569336,23555900
2018-12-06,105.01000213623047,105.36000061035156,102.87999725341797,105.19000244140625,27213900
2018-12-07,105.16000366210938,106.9800033569336,102.91000366210938,103.29000091552734,19248600
2018-12-10,102.87000274658203,103.48999786376953,99.27999877929688,101.36000061035156,23636400
2018-12-11,103.12999725341797,103.66000366210938,100.20999908447266,100.37000274658203,16860700
2018-12-12,101.66000366210938,102.9000015258789,100.05999755859375,101.0199966430664,22621500
2018-12-13,101.55000305175781,101.97000122070312,100.66999816894531,101.12000274658203,17250900
2018-12-14,99.98999786376953,101.94000244140625,99.86000061035156,100.29000091552734,19879500
2018-12-17,99.7699966430664,100.55999755859375,98.44000244140625,99.01000213623047,25113500
2018-12-18,99.41999816894531,100.88999938964844,98.12000274658203,98.54000091552734,20837200
2018-12-19,98.41000366210938,100.58000183105469,96.5999984741211,97.29000091552734,28767900
2018-12-20,96.61000061035156,98.27999877929688,95.69000244140625,96.44999694824219,31825200
2018-12-21,96.68000030517578,98.43000030517578,93.69000244140625,94.16999816894531,41313900
2018-12-24,92.88999938964844,94.22000122070312,92.13999938964844,92.13999938964844,17009300
2018-12-26,92.69000244140625,95.95999908447266,91.11000061035156,95.95999908447266,22542900
2018-12-27,94.81999969482422,97.1500015258789,93.55000305175781,97.04000091552734,20304700
2018-12-28,97.94999694824219,98.31999969482422,96.44000244140625,96.83000183105469,17963300
2018-12-31,97.58999633789062,98.80999755859375,96.7699966430664,97.62000274658203,13237200
2019-01-02,95.94999694824219,99.77999877929688,95.94000244140625,99.30999755859375,15670900
2019-01-03,98.63999938964844,98.88999938964844,96.69000244140625,97.11000061035156,16286400
2019-01-04,99.11000061035156,100.93000030517578,98.27999877929688,100.69000244140625,16935200
2019-01-07,100.43000030517578,101.47000122070312,99.70999908447266,100.76000213623047,15430700
2019-01-08,101.62999725341797,101.81999969482422,99.55000305175781,100.56999969482422,13578800
2019-01-09,100.80999755859375,101.48999786376953,99.93000030517578,100.4000015258789,14230300
2019-01-10,100.0199966430664,100.7300033569336,99.2699966430664,100.38999938964844,14376100
2019-01-11,99.88999938964844,100.16999816894531,98.94999694824219,99.91000366210938,15439900
2019-01-14,98.87000274658203,101.36000061035156,98.66000366210938,100.94000244140625,21258500
2019-01-15,98.88999938964844,102.47000122070312,98.5999984741211,101.68000030517578,26504900
2019-01-16,102.25,103.44999694824219,101.80000305175781,102.5,18533000
2019-01-17,102.11000061035156,103.5,101.91999816894531,102.91999816894531,14247600
2019-01-18,103.7699966430664,104.9000015258789,102.83000183105469,104.58999633789062,16428700
2019-01-22,103.08000183105469,103.58999633789062,102.12999725341797,102.94000244140625,17083700
2019-01-23,103.44000244140625,103.69999694824219,101.97000122070312,102.68000030517578,12146700
2019-01-24,102.12999725341797,103.08999633789062,101.94000244140625,102.73999786376953,11296800
2019-01-25,103.51000213623047,104.30999755859375,102.73999786376953,103.38999938964844,14369400
2019-01-28,102.88999938964844,104.23999786376953,102.58999633789062,103.87999725341797,12283100
2019-01-29,103.87999725341797,105.11000061035156,103.7300033569336,104.16999816894531,9743300
2019-01-30,104.13999938964844,105.23999786376953,103.77999877929688,104.41000366210938,12526300
2019-01-31,103.41000366210938,103.80000305175781,102.7300033569336,103.5,17520600
2019-02-01,104.0,104.8499984741211,103.5199966430664,103.87999725341797,13000800
2019-02-04,103.79000091552734,104.25,103.01000213623047,104.25,9871500
2019-02-05,104.5199966430664,104.55000305175781,103.29000091552734,103.79000091552734,12763000
2019-02-06,103.70999908447266,104.62000274658203,103.47000122070312,103.73999786376953,8745000
2019-02-07,103.25,103.5,101.44000244140625,102.37999725341797,13177500
2019-02-08,102.08000183105469,102.33999633789062,100.05999755859375,101.36000061035156,12892600
2019-02-11,101.76000213623047,102.01000213623047,100.7699966430664,100.87999725341797,10978500
2019-02-12,101.94999694824219,102.91999816894531,101.88999938964844,102.5999984741211,12852300
2019-02-13,102.9000015258789,103.8499984741211,102.9000015258789,103.08999633789062,10754100
2019-02-14,102.47000122070312,103.0999984741211,101.3499984741211,102.41999816894531,11518500
2019-02-15,103.9000015258789,105.69999694824219,103.66000366210938,105.55000305175781,14716900
2019-02-19,104.91000366210938,105.37000274658203,103.80999755859375,105.18000030517578,12764900
2019-02-20,105.20999908447266,105.80000305175781,104.87999725341797,105.69000244140625,10030300
2019-02-21,105.44999694824219,105.98999786376953,104.95999908447266,105.47000122070312,8400100
2019-02-22,105.69999694824219,106.08999633789062,104.77999877929688,105.0,10647300
2019-02-25,105.75,107.2699966430664,105.69000244140625,106.0999984741211,11230700
2019-02-26,104.5,105.47000122070312,103.94000244140625,105.29000091552734,15465400
2019-02-27,105.18000030517578,105.37999725341797,104.51000213623047,105.16000366210938,9968800
2019-02-28,105.01000213623047,105.20999908447266,104.18000030517578,104.36000061035156,15156900
2019-03-01,105.0999984741211,105.91000366210938,104.19999694824219,104.43000030517578,13813300
2019-03-04,104.91999816894531,105.91999816894531,103.2699966430664,104.19000244140625,12466300
2019-03-05,104.12999725341797,104.55000305175781,103.26000213623047,104.11000061035156,10856600
2019-03-06,103.86000061035156,104.56999969482422,103.55000305175781,103.72000122070312,9070800
2019-03-07,103.25,103.47000122070312,102.16000366210938,102.97000122070312,12705700
2019-03-08,101.98999786376953,103.2300033569336,101.98999786376953,103.01000213623047,10582400
2019-03-11,103.9800033569336,104.55000305175781,103.66000366210938,104.3499984741211,9763200
2019-03-12,104.58999633789062,104.79000091552734,103.75,104.04000091552734,10219100
2019-03-13,104.19000244140625,104.9800033569336,103.94999694824219,104.38999938964844,13022200
2019-03-14,104.5,105.87000274658203,104.45999908447266,105.33999633789062,10926500
2019-03-15,105.41000366210938,106.80000305175781,105.2300033569336,106.55000305175781,24811700
2019-03-18,106.55000305175781,107.79000091552734,106.5,107.19000244140625,12935500
2019-03-19,108.19999694824219,108.4000015258789,106.55000305175781,106.80000305175781,12889300
2019-03-20,106.43000030517578,106.6500015258789,104.41000366210938,104.5199966430664,14920700
2019-03-21,103.48999786376953,103.48999786376953,102.27999877929688,102.87000274658203,19751000
2019-03-22,101.81999969482422,102.31999969482422,99.5199966430664,99.76000213623047,31115200
2019-03-25,99.58999633789062,100.56999969482422,98.08999633789062,98.93000030517578,21032300
2019-03-26,99.81999969482422,100.4000015258789,98.81999969482422,99.91999816894531,15987100
2019-03-27,99.87999725341797,100.44999694824219,99.08000183105469,99.58000183105469,12753200
2019-03-28,100.0,100.80000305175781,99.73999786376953,100.70999908447266,12454100
2019-03-29,101.54000091552734,101.98999786376953,100.58999633789062,101.2300033569336,14523400
2019-04-01,102.1500015258789,104.68000030517578,102.12000274658203,104.63999938964844,17499300
2019-04-02,104.5999984741211,105.44000244140625,104.33000183105469,105.13999938964844,10295400
2019-04-03,105.80999755859375,106.36000061035156,104.79000091552734,105.3499984741211,11499200
2019-04-04,104.55000305175781,105.7300033569336,104.44999694824219,105.55999755859375,11952100
2019-04-05,105.80000305175781,106.11000061035156,104.98999786376953,105.30999755859375,9933700
2019-04-08,105.11000061035156,105.6500015258789,104.91000366210938,105.6500015258789,8056300
2019-04-09,105.08000183105469,105.19999694824219,104.25,104.87000274658203,9092200
2019-04-10,105.12999725341797,105.72000122070312,104.47000122070312,105.33999633789062,10882300
2019-04-11,105.70999908447266,106.7300033569336,105.55999755859375,106.2300033569336,11183800
2019-04-12,109.44000244140625,111.8499984741211,108.87999725341797,111.20999908447266,25834100
2019-04-15,110.91999816894531,111.0,109.12000274658203,109.94000244140625,15163800
2019-04-16,109.9000015258789,111.38999938964844,109.86000061035156,111.0999984741211,11583200
2019-04-17,111.69999694824219,114.66000366210938,111.01000213623047,114.30000305175781,17791900
2019-04-18,114.52999877929688,114.94999694824219,113.33000183105469,113.45999908447266,12501900
2019-04-22,112.83000183105469,113.93000030517578,112.66000366210938,113.5999984741211,7975900
2019-04-23,113.0,114.37000274658203,112.8499984741211,113.73999786376953,9193100
2019-04-24,113.26000213623047,114.1500015258789,112.80999755859375,113.55000305175781,9245700
2019-04-25,113.01000213623047,114.1500015258789,112.5,113.61000061035156,9311800
2019-04-26,113.94999694824219,114.58000183105469,113.5999984741211,114.47000122070312,7889300
2019-04-29,114.5999984741211,117.16000366210938,114.44999694824219,116.12000274658203,14242200
2019-04-30,116.43000030517578,116.72000122070312,115.26000213623047,116.05000305175781,11389100
2019-05-01,115.72000122070312,117.0,115.11000061035156,115.16000366210938,10412900
2019-05-02,115.16999816894531,115.77999877929688,114.58000183105469,115.41000366210938,8613300
2019-05-03,116.0,116.68000030517578,115.66999816894531,116.12000274658203,8185400
2019-05-06,114.18000030517578,115.47000122070312,113.72000122070312,115.08999633789062,9387000
2019-05-07,114.02999877929688,114.02999877929688,112.29000091552734,113.20999908447266,15017700
2019-05-08,112.66000366210938,113.66999816894531,112.45999908447266,112.61000061035156,9575800
2019-05-09,111.13999938964844,112.73999786376953,110.58000183105469,112.5199966430664,12205900
2019-05-10,111.75,112.83999633789062,110.54000091552734,112.51000213623047,13189000
2019-05-13,110.08000183105469,110.44999694824219,108.9800033569336,109.44999694824219,13783700
2019-05-14,109.55000305175781,111.72000122070312,109.5,110.31999969482422,10503600
2019-05-15,109.20999908447266,110.9000015258789,108.61000061035156,109.9000015258789,10142000
2019-05-16,110.62000274658203,112.16999816894531,110.58999633789062,111.30999755859375,9672700
2019-05-17,110.0,111.75,109.83000183105469,110.7699966430664,9570100
2019-05-20,110.58000183105469,111.80999755859375,110.37000274658203,111.3499984741211,8518200
2019-05-21,111.44000244140625,111.91999816894531,111.22000122070312,111.7300033569336,7967900
2019-05-22,111.4000015258789,111.79000091552734,110.75,110.81999969482422,7918900
2019-05-23,109.63999938964844,109.79000091552734,107.5,108.63999938964844,14558000
2019-05-24,109.5199966430664,109.95999908447266,109.19000244140625,109.70999908447266,8537300
2019-05-28,109.19999694824219,109.83000183105469,108.44000244140625,108.5199966430664,11665500
2019-05-29,107.44999694824219,108.4000015258789,107.05999755859375,108.22000122070312,9966400
2019-05-30,108.6500015258789,109.18000030517578,106.54000091552734,107.05999755859375,10367800
2019-05-31,105.55999755859375,106.58999633789062,104.83999633789062,105.95999908447266,10952800
2019-06-03,105.80000305175781,106.86000061035156,105.30000305175781,106.45999908447266,11680700
2019-06-04,107.8499984741211,109.9000015258789,107.12999725341797,109.73999786376953,12858600
2019-06-05,109.86000061035156,110.37999725341797,108.63999938964844,110.12999725341797,8340500
2019-06-06,110.1500015258789,110.87000274658203,108.93000030517578,110.37000274658203,8726700
2019-06-07,109.69999694824219,110.0199966430664,108.95999908447266,109.16000366210938,10618900
2019-06-10,110.75,111.20999908447266,110.22000122070312,110.33999633789062,11380600
2019-06-11,110.81999969482422,111.56999969482422,110.37000274658203,110.68000030517578,9847700
2019-06-12,110.69999694824219,110.9000015258789,108.88999938964844,109.2699966430664,9670500
2019-06-13,109.45999908447266,110.16000366210938,109.05000305175781,109.54000091552734,8406900
2019-06-14,109.56999969482422,110.30000305175781,108.62999725341797,109.81999969482422,9077400
2019-06-17,109.69999694824219,110.37000274658203,109.05999755859375,109.22000122070312,8128600
2019-06-18,109.01000213623047,111.41000366210938,108.9800033569336,110.70999908447266,11057300
2019-06-19,110.81999969482422,111.58999633789062,109.69999694824219,109.91000366210938,13126500
2019-06-20,110.87999725341797,111.08999633789062,109.02999877929688,110.19000244140625,13638000
2019-06-21,110.19000244140625,111.66999816894531,109.08999633789062,109.44000244140625,27089500
2019-06-24,109.27999877929688,109.7699966430664,108.54000091552734,108.66000366210938,13039600
2019-06-25,108.68000030517578,108.9800033569336,107.66999816894531,107.76000213623047,18660100
2019-06-26,108.30000305175781,109.30999755859375,108.16000366210938,108.4800033569336,10324600
2019-06-27,108.83999633789062,109.55000305175781,108.44000244140625,108.83999633789062,10906600
2019-06-28,111.04000091552734,112.43000030517578,110.9000015258789,111.80000305175781,21634700
2019-07-01,113.2300033569336,114.5199966430664,113.08000183105469,113.68000030517578,12724500
2019-07-02,113.51000213623047,114.19999694824219,113.22000122070312,113.80000305175781,10174900
2019-07-03,113.33999633789062,113.87000274658203,112.26000213623047,112.81999969482422,6849400
2019-07-05,113.51000213623047,114.2699966430664,112.91999816894531,113.48999786376953,7929400
2019-07-08,112.95999908447266,113.4800033569336,112.5,112.87000274658203,6917200
2019-07-09,112.27999877929688,113.48999786376953,112.1500015258789,113.3499984741211,8947300
2019-07-10,113.37000274658203,113.83000183105469,112.73999786376953,113.0199966430664,9242300
2019-07-11,113.37000274658203,114.36000061035156,113.12000274658203,114.0999984741211,11595200
2019-07-12,114.12999725341797,115.3499984741211,113.93000030517578,115.30000305175781,10783400
2019-07-15,115.54000091552734,115.56999969482422,113.52999877929688,113.9000015258789,12946600
2019-07-16,113.4800033569336,115.5,112.91999816894531,115.12000274658203,16945000
2019-07-17,114.43000030517578,114.94000244140625,113.7300033569336,113.98999786376953,13120900
2019-07-18,113.93000030517578,115.06999969482422,113.55000305175781,114.66999816894531,9397200
2019-07-19,114.88999938964844,115.12000274658203,113.4000015258789,113.54000091552734,10402800
2019-07-22,112.91000366210938,114.44999694824219,112.7699966430664,114.2699966430664,9061100
2019-07-23,114.87999725341797,116.44999694824219,114.81999969482422,116.36000061035156,12752200
2019-07-24,115.58000183105469,116.87999725341797,115.5199966430664,116.83000183105469,10011000
2019-07-25,116.88999938964844,117.23999786376953,115.31999969482422,115.70999908447266,10138400
2019-07-26,115.7699966430664,116.51000213623047,115.52999877929688,116.22000122070312,12800400
2019-07-29,116.45999908447266,117.18000030517578,115.79000091552734,115.8499984741211,8500400
2019-07-30,115.19000244140625,116.08000183105469,114.76000213623047,115.58999633789062,7121100
2019-07-31,116.0999984741211,116.18000030517578,114.86000061035156,116.0,13648000
2019-08-01,115.33000183105469,116.80000305175781,112.5999984741211,112.94000244140625,15664500
2019-08-02,112.4000015258789,113.43000030517578,111.4000015258789,112.93000030517578,11025500
2019-08-05,110.79000091552734,110.9800033569336,108.2699966430664,109.56999969482422,15855300
2019-08-06,110.05000305175781,110.5,108.33999633789062,110.43000030517578,10203500
2019-08-07,108.0,108.27999877929688,105.94000244140625,108.02999877929688,17320900
2019-08-08,109.05000305175781,110.08000183105469,108.72000122070312,109.86000061035156,10903300
2019-08-09,109.3499984741211,110.44999694824219,108.29000091552734,109.73999786376953,9980800
2019-08-12,108.44000244140625,108.51000213623047,107.20999908447266,107.68000030517578,9393700
2019-08-13,107.94999694824219,110.33000183105469,107.02999877929688,109.33999633789062,12124700
2019-08-14,106.30000305175781,106.91000366210938,104.44999694824219,104.80000305175781,19491800
2019-08-15,104.81999969482422,106.37999725341797,104.33999633789062,105.19999694824219,13365600
2019-08-16,106.37000274658203,107.9800033569336,105.87000274658203,107.72000122070312,11830600
2019-08-19,109.62999725341797,109.75,108.41999816894531,108.69000244140625,8265400
2019-08-20,107.8499984741211,108.44000244140625,107.23999786376953,107.30999755859375,8374000
2019-08-21,108.20999908447266,108.43000030517578,107.44999694824219,107.61000061035156,8189300
2019-08-22,108.37000274658203,109.2699966430664,107.93000030517578,108.72000122070312,9343400
2019-08-23,108.0,108.77999877929688,105.11000061035156,106.0199966430664,14762300
2019-08-26,106.62000274658203,106.98999786376953,106.01000213623047,106.87000274658203,8209500
2019-08-27,107.3499984741211,107.55999755859375,104.83999633789062,105.73999786376953,14331800
2019-08-28,105.08000183105469,107.20999908447266,105.04000091552734,106.80000305175781,10585500
2019-08-29,108.13999938964844,109.88999938964844,108.0199966430664,109.22000122070312,10002200
2019-08-30,109.83999633789062,110.55999755859375,109.47000122070312,109.86000061035156,10170300
2019-09-03,108.9800033569336,108.98999786376953,107.31999969482422,108.55999755859375,9868800
2019-09-04,109.44999694824219,110.22000122070312,108.55999755859375,109.87000274658203,6929200
2019-09-05,111.25,113.72000122070312,111.19999694824219,112.37000274658203,13224700
2019-09-06,112.66000366210938,112.9800033569336,111.95999908447266,112.61000061035156,7836600
2019-09-09,113.70999908447266,116.05999755859375,113.5999984741211,115.4000015258789,13985100
2019-09-10,116.30000305175781,117.2699966430664,115.7300033569336,116.87000274658203,14333100
2019-09-11,116.88999938964844,117.19999694824219,115.37999725341797,117.19000244140625,9919200
2019-09-12,116.55000305175781,118.47000122070312,115.91999816894531,117.91000366210938,12283500
2019-09-13,119.0,120.4000015258789,118.75,120.2300033569336,16257200
2019-09-16,118.9000015258789,119.87000274658203,118.37999725341797,119.16000366210938,11993900
2019-09-17,118.41999816894531,118.61000061035156,117.23999786376953,118.56999969482422,10735400
2019-09-18,118.31999969482422,120.08000183105469,117.75,119.76000213623047,10665600
2019-09-19,119.69999694824219,120.33999633789062,119.08999633789062,119.37999725341797,9382600
2019-09-20,119.73999786376953,120.33999633789062,118.87000274658203,118.9000015258789,21862800
2019-09-23,117.77999877929688,119.12000274658203,117.68000030517578,118.87999725341797,9135100
2019-09-24,118.75,119.26000213623047,117.04000091552734,117.33000183105469,11696500
2019-09-25,117.2699966430664,118.36000061035156,117.12000274658203,118.0,9389400
2019-09-26,117.87999725341797,118.05000305175781,116.94999694824219,117.02999877929688,9899200
2019-09-27,117.95999908447266,118.63999938964844,117.27999877929688,117.72000122070312,10207800
2019-09-30,118.36000061035156,118.7699966430664,117.22000122070312,117.69000244140625,9755000
2019-10-01,118.4000015258789,119.0,115.41000366210938,115.55000305175781,11250300
2019-10-02,114.80999755859375,114.9000015258789,112.93000030517578,113.25,12548700
2019-10-03,112.2699966430664,112.91000366210938,110.5199966430664,112.19000244140625,12735200
2019-10-04,112.33999633789062,114.94000244140625,112.2699966430664,114.62000274658203,9453100
2019-10-07,114.19000244140625,115.5,114.06999969482422,114.37000274658203,6771600
2019-10-08,113.05999755859375,113.05999755859375,111.66000366210938,111.81999969482422,10806300
2019-10-09,112.66999816894531,113.16000366210938,112.06999969482422,112.62999725341797,7273700
2019-10-10,113.13999938964844,115.4000015258789,113.0,114.20999908447266,10994100
2019-10-11,116.02999877929688,117.98999786376953,115.87000274658203,116.13999938964844,15076500
2019-10-14,115.8499984741211,116.87000274658203,115.66000366210938,116.44999694824219,8779000
2019-10-15,118.8499984741211,121.58999633789062,117.87000274658203,119.95999908447266,23379000
2019-10-16,119.95999908447266,120.62000274658203,119.37999725341797,119.68000030517578,11087700
2019-10-17,120.75,121.56999969482422,119.87999725341797,120.3499984741211,10818500
2019-10-18,120.0,121.0199966430664,119.86000061035156,120.55999755859375,10417400
2019-10-21,122.05000305175781,123.7699966430664,121.98999786376953,123.55000305175781,12714600
2019-10-22,123.44999694824219,125.0999984741211,123.12000274658203,124.79000091552734,12549100
2019-10-23,124.19999694824219,125.1500015258789,124.16999816894531,125.12000274658203,8828300
2019-10-24,125.29000091552734,125.66000366210938,124.06999969482422,125.02999877929688,8020500
2019-10-25,125.0,126.6500015258789,124.75,126.02999877929688,9055700
2019-10-28,126.56999969482422,127.20999908447266,126.4000015258789,126.51000213623047,9522200
2019-10-29,126.05999755859375,127.41999816894531,125.94000244140625,126.43000030517578,9797300
2019-10-30,126.05000305175781,126.26000213623047,124.91999816894531,125.7300033569336,8513700
2019-10-31,125.48999786376953,125.7300033569336,123.86000061035156,124.91999816894531,11589100
2019-11-01,126.19999694824219,127.98999786376953,126.0199966430664,127.80000305175781,11682600
2019-11-04,129.0800018310547,129.4199981689453,128.55999755859375,128.82000732421875,9159900
2019-11-05,129.38999938964844,130.3000030517578,128.83999633789062,129.10000610351562,13747600
2019-11-06,128.69000244140625,129.83999633789062,128.5800018310547,129.3000030517578,11231100
2019-11-07,130.42999267578125,131.2899932861328,129.9199981689453,130.0,13528900
2019-11-08,129.8800048828125,130.39999389648438,129.25,130.3800048828125,9293400
2019-11-11,129.60000610351562,130.10000610351562,129.35000610351562,129.9199981689453,8679000
2019-11-12,129.6300048828125,130.6199951171875,129.00999450683594,129.16000366210938,9099000
2019-11-13,128.1300048828125,128.82000732421875,127.41999816894531,128.47999572753906,8023300
2019-11-14,127.72000122070312,128.83999633789062,127.58999633789062,128.60000610351562,8483400
2019-11-15,129.22999572753906,129.52999877929688,128.39999389648438,129.52999877929688,10163600
2019-11-18,129.55999755859375,130.64999389648438,128.99000549316406,130.6199951171875,8749300
2019-11-19,130.99000549316406,131.25,130.17999267578125,130.5800018310547,8824500
2019-11-20,130.3000030517578,130.6199951171875,128.94000244140625,129.6300048828125,11782800
2019-11-21,130.0,130.72000122070312,129.38999938964844,129.92999267578125,7705500
2019-11-22,130.14999389648438,131.22000122070312,130.10000610351562,130.7899932861328,8167900
2019-11-25,131.25,132.07000732421875,130.8699951171875,131.49000549316406,10068500
2019-11-26,131.82000732421875,131.82000732421875,130.36000061035156,131.6699981689453,10490700
2019-11-27,132.2899932861328,132.42999267578125,131.64999389648438,132.05999755859375,6607900
2019-11-29,131.8699951171875,132.41000366210938,131.4499969482422,131.75999450683594,5712000
2019-12-02,132.30999755859375,132.74000549316406,131.35000610351562,131.47000122070312,8615600
2019-12-03,129.77000427246094,129.9600067138672,128.58999633789062,129.77999877929688,10361300
2019-12-04,130.3800048828125,132.47000122070312,129.99000549316406,132.33999633789062,10318200
2019-12-05,132.67999267578125,133.30999755859375,132.17999267578125,133.05999755859375,9587400
2019-12-06,134.69000244140625,135.77999877929688,134.64999389648438,135.0399932861328,10170600
2019-12-09,134.6300048828125,135.4600067138672,134.41000366210938,134.41000366210938,8498200
2019-12-10,133.25,134.77000427246094,132.8800048828125,134.5,7532900
2019-12-11,134.2899932861328,135.02000427246094,134.00999450683594,134.17999267578125,9011900
2019-12-12,134.49000549316406,138.47000122070312,134.2100067138672,138.02000427246094,13717400
2019-12-13,137.9499969482422,138.8300018310547,136.22000122070312,136.80999755859375,10592100
2019-12-16,138.3800048828125,138.83999633789062,137.32000732421875,137.33999633789062,11372000
2019-12-17,137.72999572753906,138.6699981689453,137.22999572753906,138.17999267578125,11546800
2019-12-18,138.14999389648438,139.02000427246094,137.72000122070312,138.0399932861328,10381500
2019-12-19,137.75999450683594,138.22000122070312,137.10000610351562,137.35000610351562,9350400
2019-12-20,138.02000427246094,138.8800048828125,136.89999389648438,137.24000549316406,29992600
2019-12-23,137.60000610351562,137.91000366210938,136.8800048828125,137.1999969482422,9738400
2019-12-24,137.3300018310547,137.6300048828125,137.05999755859375,137.5800018310547,3324300
2019-12-26,137.88999938964844,139.10000610351562,137.77999877929688,139.0399932861328,6770900
2019-12-27,139.3000030517578,139.77000427246094,138.6699981689453,139.13999938964844,7868200
2019-12-30,139.89999389648438,140.0800018310547,138.47000122070312,138.6300048828125,6963000
2019-12-31,138.50999450683594,139.47999572753906,138.2899932861328,139.39999389648438,7201600
2020-01-02,139.7899932861328,141.10000610351562,139.25999450683594,141.08999633789062,10803700
2020-01-03,137.5,139.22999572753906,137.0800018310547,138.33999633789062,10386800
2020-01-06,136.55999755859375,138.27000427246094,136.5,138.22999572753906,10259000
2020-01-07,137.27999877929688,137.86000061035156,135.82000732421875,135.8800048828125,10531300
2020-01-08,135.6999969482422,137.5800018310547,135.60000610351562,136.94000244140625,9695300
2020-01-09,138.0500030517578,138.22999572753906,137.0399932861328,137.44000244140625,9469000
2020-01-10,137.2100067138672,137.25,135.80999755859375,136.07000732421875,10190900
2020-01-13,136.19000244140625,137.1999969482422,135.75999450683594,137.1999969482422,12355200
2020-01-14,137.94000244140625,140.75999450683594,137.69000244140625,138.8000030517578,24906000
2020-01-15,137.85000610351562,138.60000610351562,136.14999389648438,136.72000122070312,16293400
2020-01-16,137.4499969482422,137.89999389648438,136.83999633789062,137.25,10783800
2020-01-17,137.5399932861328,138.2899932861328,137.32000732421875,138.1999969482422,14697700
2020-01-21,137.19000244140625,138.07000732421875,136.69000244140625,136.83999633789062,8474200
2020-01-22,137.24000549316406,137.39999389648438,136.3800048828125,136.67999267578125,7549100
2020-01-23,135.7100067138672,136.74000549316406,134.72000122070312,136.5399932861328,9345700
2020-01-24,136.3699951171875,136.42999267578125,132.32000732421875,133.14999389648438,15166400
2020-01-27,130.27000427246094,132.94000244140625,129.7100067138672,132.02999877929688,12860500
2020-01-28,132.83999633789062,134.97000122070312,132.47999572753906,134.42999267578125,13062800
2020-01-29,134.80999755859375,135.5399932861328,133.69000244140625,134.22999572753906,9326000
2020-01-30,132.69000244140625,136.1300048828125,132.69000244140625,135.88999938964844,9048900
2020-01-31,134.49000549316406,134.8300018310547,131.47000122070312,132.36000061035156,12785200
2020-02-03,132.66000366210938,134.24000549316406,132.66000366210938,133.3699951171875,10021100
2020-02-04,135.5500030517578,136.60000610351562,135.0800018310547,135.2899932861328,9157100
2020-02-05,136.57000732421875,137.72999572753906,136.00999450683594,137.58999633789062,10150700
2020-02-06,138.24000549316406,138.2899932861328,137.11000061035156,137.61000061035156,8992300
2020-02-07,136.72999572753906,137.6699981689453,136.3000030517578,137.1699981689453,6379800
2020-02-10,136.9499969482422,137.85000610351562,136.75,137.74000549316406,5960700
2020-02-11,138.25999450683594,138.82000732421875,137.77999877929688,138.0,6578600
2020-02-12,138.60000610351562,139.2899932861328,137.8000030517578,138.0,7958000
2020-02-13,137.75,138.33999633789062,136.39999389648438,137.8800048828125,7447500
2020-02-14,137.83999633789062,138.19000244140625,136.94000244140625,137.4600067138672,6627600
2020-02-18,137.33999633789062,137.7100067138672,135.0500030517578,135.63999938964844,8996400
2020-02-19,136.91000366210938,138.38999938964844,136.33999633789062,137.49000549316406,7071200
2020-02-20,137.1699981689453,138.36000061035156,136.52999877929688,137.49000549316406,7422800
2020-02-21,136.5500030517578,136.9199981689453,134.9199981689453,135.80999755859375,9772800
2020-02-24,131.44000244140625,133.1999969482422,130.8000030517578,132.16000366210938,13618400
2020-02-25,131.0,132.22999572753906,125.58999633789062,126.26000213623047,20797200
2020-02-26,126.93000030517578,128.9499969482422,126.33999633789062,126.63999938964844,24825600
2020-02-27,122.91000366210938,125.62000274658203,121.30000305175781,121.37000274658203,23005500
2020-02-28,117.5199966430664,118.48999786376953,112.66000366210938,116.11000061035156,45931400
2020-03-02,116.62999725341797,121.58000183105469,114.45999908447266,121.5199966430664,27355400
2020-03-03,120.97000122070312,122.94999694824219,116.23999786376953,116.95999908447266,32547700
2020-03-04,118.33000183105469,120.19000244140625,114.69999694824219,119.8499984741211,25795900
2020-03-05,115.66999816894531,116.43000030517578,112.58000183105469,113.97000122070312,25025600
2020-03-06,106.26000213623047,110.31999969482422,105.0199966430664,108.08000183105469,38159400
2020-03-09,96.56999969482422,99.2300033569336,93.0,93.44000244140625,40352000
2020-03-10,99.0,101.27999877929688,94.58000183105469,100.69999694824219,31102700
2020-03-11,97.69999694824219,100.05000305175781,94.55000305175781,95.95999908447266,38127000
2020-03-12,89.58999633789062,96.95999908447266,86.31999969482422,88.05000305175781,49725200
2020-03-13,95.98999786376953,103.98999786376953,92.0,103.91000366210938,38543300
2020-03-16,85.19999694824219,93.9800033569336,84.55000305175781,88.36000061035156,38589700
2020-03-17,90.88999938964844,97.44000244140625,87.5,93.76000213623047,35239800
2020-03-18,87.66999816894531,90.79000091552734,80.36000061035156,83.88999938964844,41525600
2020-03-19,81.55999755859375,88.11000061035156,76.91000366210938,85.30000305175781,32175100
2020-03-20,86.30000305175781,89.45999908447266,82.4800033569336,83.5,30150800
2020-03-23,82.68000030517578,83.75,78.08999633789062,79.02999877929688,32536600
2020-03-24,84.9000015258789,90.0999984741211,82.9000015258789,88.43000030517578,34363200
2020-03-25,89.23999786376953,95.1500015258789,84.54000091552734,91.7300033569336,38111700
2020-03-26,94.08000183105469,98.56999969482422,93.54000091552734,98.12000274658203,29826300
2020-03-27,93.19000244140625,94.83999633789062,90.55000305175781,91.12999725341797,30041500
2020-03-30,90.6500015258789,94.08999633789062,89.30000305175781,93.5,21656900
2020-03-31,92.05000305175781,94.16999816894531,89.33999633789062,90.02999877929688,23379300
2020-04-01,85.0999984741211,86.55999755859375,83.25,84.36000061035156,28029600
2020-04-02,83.51000213623047,87.91000366210938,82.95999908447266,87.51000213623047,24018000
2020-04-03,86.0,87.4800033569336,82.7699966430664,84.05000305175781,21199400
2020-04-06,88.98999786376953,90.98999786376953,87.69999694824219,89.45999908447266,26820800
2020-04-07,94.44999694824219,94.5,90.37999725341797,90.63999938964844,22563800
2020-04-08,92.0999984741211,94.86000061035156,90.55000305175781,94.30000305175781,22903300
2020-04-09,96.91999816894531,104.38999938964844,96.88999938964844,102.76000213623047,42055900
2020-04-13,103.11000061035156,103.11000061035156,97.30000305175781,98.19000244140625,26911900
2020-04-14,101.0199966430664,102.0,93.63999938964844,95.5,46151300
2020-04-15,91.1500015258789,92.02999877929688,90.12999725341797,90.79000091552734,30118600
2020-04-16,90.2300033569336,90.56999969482422,87.05000305175781,87.33000183105469,32449600
2020-04-17,92.0,95.69999694824219,90.95999908447266,95.18000030517578,30191900
2020-04-20,92.47000122070312,94.70999908447266,90.45999908447266,91.70999908447266,23679400
2020-04-21,88.62000274658203,91.37999725341797,88.33000183105469,89.05000305175781,23035000
2020-04-22,90.69000244140625,91.87000274658203,89.18000030517578,89.33999633789062,16662400
2020-04-23,89.73999786376953,91.27999877929688,89.26000213623047,89.38999938964844,16638800
2020-04-24,90.63999938964844,91.0999984741211,88.48999786376953,90.70999908447266,15809200
2020-04-27,91.94000244140625,95.62999725341797,91.54000091552734,94.62000274658203,22870200
2020-04-28,97.80999755859375,98.36000061035156,95.02999877929688,95.29000091552734,20238900
2020-04-29,99.08000183105469,99.44999694824219,97.2699966430664,97.86000061035156,20462600
2020-04-30,95.5999984741211,96.83999633789062,94.55000305175781,95.76000213623047,19127600
2020-05-01,93.5,93.73999786376953,91.83999633789062,93.25,18547700
2020-05-04,92.0199966430664,92.66999816894531,90.80000305175781,92.13999938964844,15725900
2020-05-05,93.6500015258789,94.20999908447266,91.9000015258789,92.0,18064100
2020-05-06,92.16000366210938,92.76000213623047,89.93000030517578,90.2699966430664,20978000
2020-05-07,91.33999633789062,92.91000366210938,90.58000183105469,91.20999908447266,16771900
2020-05-08,92.80000305175781,94.08000183105469,92.11000061035156,92.69999694824219,20487800
2020-05-11,91.11000061035156,91.11000061035156,89.33000183105469,89.97000122070312,31907600
2020-05-12,90.1500015258789,90.79000091552734,86.9000015258789,87.02999877929688,27962900
2020-05-13,86.37999725341797,86.86000061035156,83.4000015258789,84.02999877929688,35451600
2020-05-14,82.72000122070312,88.11000061035156,82.4000015258789,87.5199966430664,35152500
2020-05-15,86.8499984741211,87.27999877929688,85.30000305175781,85.9000015258789,26099000
2020-05-18,88.69000244140625,91.1500015258789,87.87999725341797,90.44999694824219,30504400
2020-05-19,90.05000305175781,91.19999694824219,88.58999633789062,88.66999816894531,19597300
2020-05-20,90.70999908447266,92.38999938964844,90.37000274658203,91.33000183105469,20552400
2020-05-21,90.2699966430664,91.76000213623047,89.66999816894531,90.16999816894531,14621400
2020-05-22,90.01000213623047,90.36000061035156,88.72000122070312,89.47000122070312,13557900
2020-05-26,92.88999938964844,97.5,92.61000061035156,95.81999969482422,41233900
2020-05-27,102.06999969482422,102.58000183105469,98.80000305175781,101.37000274658203,39402000
2020-05-28,102.94000244140625,102.94999694824219,99.4000015258789,99.86000061035156,24713900
2020-05-29,98.66000366210938,99.18000030517578,96.77999877929688,97.30999755859375,26526400
2020-06-01,97.75,99.51000213623047,97.37999725341797,98.5999984741211,15176800
2020-06-02,100.27999877929688,100.41999816894531,97.93000030517578,98.93000030517578,21195000
2020-06-03,101.58000183105469,104.91999816894531,101.05999755859375,104.2699966430664,25941100
2020-06-04,103.81999969482422,106.61000061035156,102.79000091552734,106.44000244140625,26784700
2020-06-05,114.93000030517578,115.7699966430664,109.52999877929688,111.2300033569336,42231000
2020-06-08,113.41000366210938,114.19000244140625,111.94000244140625,113.44999694824219,24881800
2020-06-09,110.6500015258789,111.62999725341797,109.01000213623047,110.54000091552734,17031100
2020-06-10,110.45999908447266,110.51000213623047,105.8499984741211,106.05999755859375,24913300
2020-06-11,100.02999877929688,101.58000183105469,96.54000091552734,97.20999908447266,36259200
2020-06-12,100.70999908447266,101.12999725341797,97.33000183105469,99.87000274658203,24856800
2020-06-15,96.41999816894531,101.43000030517578,95.87000274658203,101.25,22153600
2020-06-16,105.37000274658203,105.68000030517578,99.30999755859375,102.05999755859375,22193600
2020-06-17,102.52999877929688,102.54000091552734,99.20999908447266,99.4800033569336,15639800
2020-06-18,98.66999816894531,100.5199966430664,98.12999725341797,98.94000244140625,16591900
2020-06-19,100.52999877929688,100.5999984741211,96.7300033569336,97.80999755859375,40371200
2020-06-22,97.25,97.94999694824219,96.54000091552734,96.75,16216900
2020-06-23,98.97000122070312,99.97000122070312,97.8499984741211,97.93000030517578,15381400
2020-06-24,96.75,96.83999633789062,94.30999755859375,94.66000366210938,22919800
2020-06-25,94.3499984741211,98.20999908447266,94.26000213623047,97.95999908447266,25743600
2020-06-26,95.11000061035156,95.37000274658203,92.0,92.58999633789062,41896300
2020-06-29,93.4000015258789,94.48999786376953,92.18000030517578,93.0,18499700
2020-06-30,92.83000183105469,94.66000366210938,92.56999969482422,94.05999755859375,19137000
2020-07-01,94.88999938964844,95.70999908447266,93.02999877929688,93.26000213623047,18755700
2020-07-02,94.73999786376953,94.95999908447266,91.93000030517578,92.66000366210938,27845600
2020-07-06,94.43000030517578,95.19999694824219,93.4800033569336,95.0,18625300
2020-07-07,93.81999969482422,94.0999984741211,92.0,92.31999969482422,25757200
2020-07-08,92.29000091552734,93.33999633789062,91.80000305175781,93.30000305175781,18762200
2020-07-09,93.5199966430664,94.12000274658203,90.77999877929688,91.27999877929688,25600800
2020-07-10,92.0,96.83999633789062,91.87000274658203,96.2699966430664,28954200
2020-07-13,98.7300033569336,99.2699966430664,96.2300033569336,97.6500015258789,32079200
2020-07-14,98.37000274658203,99.94999694824219,96.63999938964844,98.20999908447266,42731700
2020-07-15,100.88999938964844,101.29000091552734,98.6500015258789,99.7300033569336,22508400
2020-07-16,98.77999877929688,101.22000122070312,98.55000305175781,100.01000213623047,16886900
2020-07-17,100.0,100.08000183105469,98.13999938964844,98.16000366210938,16137700
2020-07-20,97.43000030517578,98.38999938964844,97.26000213623047,97.30000305175781,14458100
2020-07-21,97.70999908447266,100.05000305175781,97.63999938964844,99.41000366210938,17798100
2020-07-22,99.6500015258789,100.12999725341797,97.52999877929688,98.69000244140625,14271200
2020-07-23,98.5,99.3499984741211,97.97000122070312,98.9800033569336,12870200
2020-07-24,99.5999984741211,99.80000305175781,97.94000244140625,98.27999877929688,12744200
2020-07-27,97.51000213623047,97.62999725341797,96.16999816894531,96.9000015258789,11959100
2020-07-28,96.5,97.88999938964844,96.5,97.31999969482422,11754300
2020-07-29,97.06999969482422,99.70999908447266,97.0,99.68000030517578,12743500
2020-07-30,97.54000091552734,97.73999786376953,96.05000305175781,97.0199966430664,14834800
2020-07-31,96.4800033569336,96.93000030517578,95.25,96.63999938964844,14535000
2020-08-03,97.0199966430664,97.56999969482422,95.8499984741211,96.0999984741211,12962800
2020-08-04,95.91000366210938,95.94999694824219,95.02999877929688,95.55000305175781,13366200
2020-08-05,95.87000274658203,98.47000122070312,95.72000122070312,97.20999908447266,15260900
2020-08-06,97.58000183105469,98.0999984741211,96.54000091552734,97.23999786376953,10482100
2020-08-07,96.93000030517578,99.48999786376953,96.55999755859375,99.37999725341797,14743700
2020-08-10,100.11000061035156,102.04000091552734,100.02999877929688,100.63999938964844,14989900
2020-08-11,103.86000061035156,106.16000366210938,103.51000213623047,103.81999969482422,31518600
2020-08-12,106.16000366210938,106.43000030517578,101.70999908447266,102.94000244140625,19240800
2020-08-13,102.0,103.36000061035156,101.63999938964844,102.37000274658203,13598600
2020-08-14,101.5,103.30999755859375,101.41999816894531,102.41000366210938,12134400
2020-08-17,101.5,102.0,99.52999877929688,99.70999908447266,14988000
2020-08-18,99.91000366210938,99.91000366210938,98.12000274658203,98.31999969482422,13246500
2020-08-19,98.91999816894531,100.58999633789062,98.33999633789062,98.55000305175781,13533000
2020-08-20,97.26000213623047,98.02999877929688,96.80000305175781,97.37000274658203,13672600
2020-08-21,97.2699966430664,98.56999969482422,96.94000244140625,97.31999969482422,12228300
2020-08-24,98.44999694824219,100.20999908447266,97.41999816894531,100.05999755859375,17898300
2020-08-25,101.2699966430664,101.9800033569336,99.80000305175781,100.5,13648900
2020-08-26,99.94000244140625,100.2699966430664,99.05000305175781,99.08999633789062,12052400
2020-08-27,99.0,102.6500015258789,99.0,102.3499984741211,22163900
2020-08-28,103.13999938964844,103.25,101.80999755859375,102.7699966430664,13756700
2020-08-31,102.12000274658203,102.18000030517578,100.0199966430664,100.19000244140625,14219400
2020-09-01,99.55000305175781,100.87000274658203,99.04000091552734,100.13999938964844,11595600
2020-09-02,99.94999694824219,101.94000244140625,99.55999755859375,101.6500015258789,14475700
2020-09-03,103.31999969482422,104.98999786376953,100.63999938964844,101.33000183105469,23281200
2020-09-04,104.05000305175781,105.20999908447266,101.37000274658203,103.5199966430664,26325500
2020-09-08,102.9800033569336,103.56999969482422,99.4800033569336,99.91999816894531,22108600
2020-09-09,100.80000305175781,101.69000244140625,99.55999755859375,100.87000274658203,13434000
2020-09-10,101.4000015258789,102.41999816894531,99.63999938964844,99.83000183105469,15922800
2020-09-11,99.97000122070312,101.36000061035156,99.58999633789062,101.06999969482422,13784300
2020-09-14,101.51000213623047,103.45999908447266,101.37000274658203,102.47000122070312,19017400
2020-09-15,102.7300033569336,102.8499984741211,99.13999938964844,99.27999877929688,23683000
2020-09-16,99.43000030517578,101.12999725341797,98.76000213623047,99.69999694824219,19270600
2020-09-17,98.69999694824219,99.33999633789062,97.70999908447266,98.55999755859375,18290100
2020-09-18,97.88999938964844,99.48999786376953,97.44000244140625,98.3499984741211,20121600
2020-09-21,95.19999694824219,96.05000305175781,93.81999969482422,95.30999755859375,28378800
2020-09-22,94.95999908447266,95.66000366210938,93.66999816894531,94.2699966430664,19257000
2020-09-23,94.77999877929688,95.3499984741211,92.66000366210938,92.73999786376953,19952700
2020-09-24,92.31999969482422,94.30000305175781,91.37999725341797,92.66000366210938,18366500
2020-09-25,92.05000305175781,93.72000122070312,91.87000274658203,93.47000122070312,13293100
2020-09-28,95.05999755859375,96.93000030517578,94.3499984741211,96.16000366210938,20894100
2020-09-29,96.02999877929688,96.02999877929688,94.33000183105469,95.3499984741211,12848200
2020-09-30,95.3499984741211,97.19999694824219,95.26000213623047,96.2699966430664,16400600
2020-10-01,97.12000274658203,97.7699966430664,96.02999877929688,96.97000122070312,15778700
2020-10-02,95.25,98.58999633789062,95.08999633789062,97.88999938964844,15149600
2020-10-05,98.31999969482422,99.25,97.52999877929688,99.04000091552734,13871900
2020-10-06,100.06999969482422,100.86000061035156,97.51000213623047,98.0199966430664,19220400
2020-10-07,98.95999908447266,100.3499984741211,98.66999816894531,99.7300033569336,16358500
2020-10-08,100.51000213623047,101.91999816894531,99.9000015258789,101.77999877929688,15659000
2020-10-09,102.0,102.11000061035156,100.11000061035156,101.19999694824219,13689100
2020-10-12,101.0999984741211,103.0,100.8499984741211,102.44000244140625,16058000
2020-10-13,103.0,103.22000122070312,100.26000213623047,100.77999877929688,21697300
2020-10-14,101.02999877929688,101.93000030517578,100.0999984741211,100.22000122070312,15204100
2020-10-15,99.0999984741211,101.77999877929688,99.04000091552734,101.72000122070312,17171200
2020-10-16,101.41000366210938,102.33000183105469,100.72000122070312,101.51000213623047,13275000
2020-10-19,101.5999984741211,101.87000274658203,99.55999755859375,99.80000305175781,11725700
2020-10-20,100.30999755859375,101.7699966430664,100.12000274658203,100.37000274658203,11257100
2020-10-21,100.36000061035156,100.98999786376953,99.33000183105469,99.37000274658203,10730500
2020-10-22,99.31999969482422,103.23999786376953,99.30999755859375,102.87999725341797,14837200
2020-10-23,103.5,104.44999694824219,102.93000030517578,103.80999755859375,15087600
2020-10-26,102.6500015258789,102.69999694824219,100.25,101.23999786376953,12410700
2020-10-27,100.51000213623047,100.91999816894531,99.16000366210938,99.33000183105469,10391700
2020-10-28,97.5,98.30000305175781,96.06999969482422,96.54000091552734,16389500
2020-10-29,96.12000274658203,97.9800033569336,95.23999786376953,97.16999816894531,14208800
2020-10-30,97.91000366210938,98.41999816894531,96.2300033569336,98.04000091552734,15194500
2020-11-02,99.38999938964844,100.87999725341797,97.86000061035156,100.25,15011600
2020-11-03,103.0199966430664,104.73999786376953,102.69000244140625,103.41000366210938,17482600
2020-11-04,101.0,102.06999969482422,98.93000030517578,100.25,18886500
2020-11-05,101.05999755859375,105.0999984741211,101.0,104.3499984741211,17837400
2020-11-06,105.02999877929688,105.0999984741211,102.38999938964844,102.95999908447266,12552800
2020-11-09,113.16000366210938,118.9000015258789,110.3499984741211,116.9000015258789,47792400
2020-11-10,117.3499984741211,117.44999694824219,114.69000244140625,116.5199966430664,20539300
2020-11-11,116.88999938964844,116.95999908447266,113.95999908447266,114.77999877929688,14443400
2020-11-12,112.52999877929688,113.95999908447266,112.05999755859375,113.37000274658203,22063000
2020-11-13,114.69999694824219,114.86000061035156,113.56999969482422,114.08000183105469,11847900
2020-11-16,117.79000091552734,118.61000061035156,115.7300033569336,117.30000305175781,19858600
2020-11-17,115.38999938964844,116.44000244140625,114.58000183105469,116.11000061035156,14553200
2020-11-18,117.33999633789062,118.61000061035156,115.19999694824219,115.25,12571200
2020-11-19,114.18000030517578,115.81999969482422,113.55999755859375,115.55999755859375,10202500
2020-11-20,114.43000030517578,115.6500015258789,114.08999633789062,114.56999969482422,12718900
2020-11-23,116.05000305175781,118.16999816894531,115.56999969482422,117.87000274658203,13209200
2020-11-24,120.06999969482422,123.5,119.70999908447266,123.31999969482422,20121600
2020-11-25,121.37000274658203,122.37999725341797,120.47000122070312,122.02999877929688,11715600
2020-11-27,122.0,122.3499984741211,121.08000183105469,121.22000122070312,5983600
2020-11-30,120.0,120.72000122070312,117.7699966430664,117.87999725341797,14411800
2020-12-01,120.33999633789062,121.58000183105469,119.62999725341797,119.73999786376953,12668900
2020-12-02,119.69999694824219,122.30999755859375,119.2699966430664,122.04000091552734,10811300
2020-12-03,121.8499984741211,121.88999938964844,120.36000061035156,121.23999786376953,12904400
2020-12-04,122.4800033569336,123.29000091552734,121.69000244140625,122.33999633789062,13583700
2020-12-07,121.1500015258789,122.16999816894531,120.20999908447266,121.87999725341797,9724300
2020-12-08,121.04000091552734,122.33000183105469,120.76000213623047,122.0,9592100
2020-12-09,123.16999816894531,123.30000305175781,120.44000244140625,121.05000305175781,13073900
2020-12-10,119.98999786376953,120.77999877929688,119.55999755859375,120.2699966430664,13668400
2020-12-11,118.94000244140625,120.0199966430664,118.37000274658203,119.55999755859375,9981600
2020-12-14,121.33999633789062,121.41999816894531,118.11000061035156,118.30000305175781,12112400
2020-12-15,119.29000091552734,120.9000015258789,118.62000274658203,120.31999969482422,12590200
2020-12-16,120.30000305175781,121.08000183105469,119.86000061035156,120.66999816894531,11169400
2020-12-17,121.26000213623047,121.44999694824219,119.58000183105469,119.66999816894531,11618000
2020-12-18,119.13999938964844,119.87999725341797,118.2699966430664,119.08000183105469,28954800
2020-12-21,123.16999816894531,125.0,121.08999633789062,123.55000305175781,28323600
2020-12-22,123.38999938964844,123.5199966430664,121.61000061035156,121.66999816894531,11788200
2020-12-23,122.77999877929688,126.5199966430664,122.3499984741211,125.06999969482422,14973200
2020-12-24,125.08999633789062,125.55000305175781,123.56999969482422,124.5199966430664,4164900
2020-12-28,125.81999969482422,126.6500015258789,124.79000091552734,125.33999633789062,8072600
2020-12-29,126.19999694824219,126.27999877929688,124.88999938964844,125.01000213623047,8389200
2020-12-30,125.48999786376953,125.8499984741211,124.9000015258789,125.36000061035156,7398000
2020-12-31,125.08999633789062,127.33000183105469,124.81999969482422,127.06999969482422,8580200
2021-01-04,127.5,127.86000061035156,124.77999877929688,125.87000274658203,16819900
2021-01-05,124.98999786376953,126.30000305175781,123.7699966430664,125.6500015258789,13731200
2021-01-06,129.8800048828125,132.77000427246094,127.87999725341797,131.5500030517578,24909100
2021-01-07,135.69000244140625,138.19000244140625,134.9199981689453,135.8699951171875,21940400
2021-01-08,135.97000122070312,136.35000610351562,134.1199951171875,136.02000427246094,12035100
2021-01-11,134.5800018310547,138.1999969482422,134.11000061035156,138.0500030517578,15937900
2021-01-12,139.44000244140625,141.66000366210938,138.8300018310547,140.22000122070312,18033500
2021-01-13,138.58999633789062,140.7899932861328,138.10000610351562,140.35000610351562,14816800
2021-01-14,140.49000549316406,142.75,140.0,141.1699981689453,18565600
2021-01-15,137.42999267578125,141.64999389648438,137.00999450683594,138.63999938964844,27881000
2021-01-19,139.86000061035156,140.6999969482422,137.82000732421875,138.0399932861328,19843800
2021-01-20,137.82000732421875,138.1699981689453,135.44000244140625,135.97000122070312,16028800
2021-01-21,135.69000244140625,136.16000366210938,134.32000732421875,134.8300018310547,13411700
2021-01-22,132.69000244140625,134.39999389648438,132.1999969482422,133.7899932861328,12933200
2021-01-25,132.13999938964844,133.1699981689453,130.05999755859375,132.1199951171875,14212800
2021-01-26,132.75,133.1699981689453,131.33999633789062,131.5800018310547,11307800
2021-01-27,129.58999633789062,129.85000610351562,127.3499984741211,127.86000061035156,17603900
2021-01-28,129.89999389648438,132.1699981689453,128.99000549316406,130.11000061035156,13761800
2021-01-29,131.19000244140625,131.72000122070312,128.19000244140625,128.6699981689453,14808100
2021-02-01,129.39999389648438,130.07000732421875,128.47999572753906,129.6199951171875,11080700
2021-02-02,131.94000244140625,134.38999938964844,131.22000122070312,133.61000061035156,12253600
2021-02-03,133.64999389648438,135.75999450683594,133.50999450683594,135.13999938964844,10600800
2021-02-04,135.47000122070312,138.66000366210938,135.47000122070312,138.25,12419500
2021-02-05,139.38999938964844,139.49000549316406,137.3800048828125,137.97999572753906,10051300
2021-02-08,138.1999969482422,140.3000030517578,138.17999267578125,140.13999938964844,10136400
2021-02-09,139.42999267578125,139.97999572753906,138.5399932861328,139.5800018310547,8614800
2021-02-10,140.0,140.8699951171875,139.0399932861328,139.66000366210938,10323200
2021-02-11,139.66000366210938,140.5500030517578,138.22000122070312,139.27000427246094,9201000
2021-02-12,139.0500030517578,141.61000061035156,139.0,141.25,8324600
2021-02-16,143.5500030517578,145.32000732421875,142.39999389648438,144.64999389648438,12130600
2021-02-17,143.9499969482422,145.3800048828125,143.1199951171875,145.10000610351562,10810100
2021-02-18,144.0,145.7899932861328,143.39999389648438,145.58999633789062,10587800
2021-02-19,145.86000061035156,148.83999633789062,145.86000061035156,148.02000427246094,11969800
2021-02-22,146.8699951171875,150.19000244140625,146.7899932861328,149.41000366210938,11488400
2021-02-23,151.50999450683594,152.30999755859375,149.58999633789062,150.61000061035156,16234400
2021-02-24,150.11000061035156,153.75999450683594,150.11000061035156,153.25999450683594,15061400
2021-02-25,154.27000427246094,154.89999389648438,150.58999633789062,151.17999267578125,18127700
2021-02-26,150.3000030517578,150.8699951171875,146.50999450683594,147.1699981689453,19829200
2021-03-01,149.52000427246094,151.3800048828125,148.47999572753906,150.5,14845500
2021-03-02,150.0800018310547,151.77999877929688,149.83999633789062,150.00999450683594,14221700
2021-03-03,151.22999572753906,154.97999572753906,150.82000732421875,152.91000366210938,14324100
2021-03-04,152.61000061035156,154.3800048828125,148.6199951171875,150.55999755859375,20093900
2021-03-05,153.22000122070312,153.49000549316406,147.97000122070312,150.91000366210938,18465100
2021-03-08,152.47000122070312,155.4600067138672,150.75,152.91000366210938,17133300
2021-03-09,151.5,154.25,149.82000732421875,151.8300018310547,16238800
2021-03-10,151.91000366210938,156.16000366210938,151.50999450683594,155.1300048828125,14342200
2021-03-11,154.11000061035156,156.14999389648438,153.36000061035156,154.32000732421875,11771500
2021-03-12,156.86000061035156,157.6300048828125,155.07000732421875,156.14999389648438,12849500
2021-03-15,156.35000610351562,156.9199981689453,153.9600067138672,155.3699951171875,12101100
2021-03-16,154.08999633789062,154.60000610351562,152.19000244140625,153.50999450683594,12805600
2021-03-17,155.33999633789062,156.8800048828125,153.0500030517578,155.08999633789062,13952400
2021-03-18,157.60000610351562,161.69000244140625,157.11000061035156,157.64999389648438,21898500
2021-03-19,155.50999450683594,155.94000244140625,151.19000244140625,155.13999938964844,54418800
2021-03-22,152.8000030517578,153.97000122070312,150.61000061035156,150.97000122070312,19944800
2021-03-23,150.3300018310547,152.1199951171875,148.9600067138672,149.4600067138672,17076300
2021-03-24,150.0,153.17999267578125,149.86000061035156,150.6199951171875,13079800
2021-03-25,150.0,152.97000122070312,149.3300018310547,152.5500030517578,15608300
2021-03-26,154.3000030517578,155.4499969482422,152.5500030517578,155.08999633789062,16754400
2021-03-29,152.1199951171875,153.72999572753906,151.0399932861328,152.67999267578125,17570300
2021-03-30,154.4600067138672,155.8699951171875,153.8800048828125,154.47999572753906,13184300
2021-03-31,153.27999877929688,154.49000549316406,152.1199951171875,152.22999572753906,16736700
2021-04-01,151.89999389648438,153.7899932861328,151.5500030517578,153.7100067138672,16561500
2021-04-05,154.39999389648438,154.94000244140625,152.60000610351562,153.6199951171875,13508000
2021-04-06,152.7899932861328,154.27999877929688,151.86000061035156,152.5399932861328,13071600
2021-04-07,153.10000610351562,155.22999572753906,152.64999389648438,154.92999267578125,16903500
2021-04-08,154.0,155.50999450683594,152.30999755859375,155.1199951171875,12335500
2021-04-09,155.80999755859375,157.0399932861328,154.97000122070312,156.27999877929688,12122400
2021-04-12,155.5800018310547,157.25,155.57000732421875,155.9499969482422,12273400
2021-04-13,154.75,155.1999969482422,152.42999267578125,154.08999633789062,16113600
2021-04-14,151.47000122070312,153.8300018310547,150.92999267578125,151.2100067138672,19939600
2021-04-15,151.25,152.1999969482422,149.32000732421875,152.1699981689453,17694100
2021-04-16,153.8699951171875,154.50999450683594,152.69000244140625,153.3000030517578,13773400
2021-04-19,153.4199981689453,153.8800048828125,152.22000122070312,152.64999389648438,11900200
2021-04-20,151.74000549316406,151.75,148.64999389648438,149.27000427246094,13716700
2021-04-21,147.7899932861328,150.61000061035156,146.7899932861328,150.5399932861328,12236700
2021-04-22,150.22999572753906,150.3000030517578,147.25999450683594,147.3699951171875,15256100
2021-04-23,147.17999267578125,151.1300048828125,146.69000244140625,150.19000244140625,14041900
2021-04-26,150.77999877929688,152.4600067138672,150.3800048828125,150.55999755859375,10799100
2021-04-27,150.5,151.57000732421875,150.11000061035156,151.25,12821200
2021-04-28,152.42999267578125,152.88999938964844,151.39999389648438,152.22999572753906,8943700
2021-04-29,153.5399932861328,155.27999877929688,153.1999969482422,155.19000244140625,12976900
2021-04-30,154.10000610351562,154.49000549316406,153.00999450683594,153.80999755859375,11705100
2021-05-03,154.85000610351562,155.47999572753906,153.1300048828125,153.36000061035156,11801100
2021-05-04,152.8699951171875,155.63999938964844,152.13999938964844,155.47999572753906,12977700
2021-05-05,156.0,158.27999877929688,154.6300048828125,157.52000427246094,10506700
2021-05-06,158.07000732421875,160.82000732421875,157.16000366210938,160.69000244140625,13542400
2021-05-07,157.22000122070312,161.5,157.02000427246094,161.24000549316406,14257800
2021-05-10,161.5,163.72999572753906,161.1199951171875,161.22000122070312,14014300
2021-05-11,161.0800018310547,162.38999938964844,158.0399932861328,158.5399932861328,15451700
2021-05-12,159.61000061035156,160.77999877929688,157.02999877929688,157.4499969482422,14381700
2021-05-13,158.17999267578125,162.4499969482422,157.67999267578125,161.5,15395000
2021-05-14,162.38999938964844,164.4499969482422,161.99000549316406,164.00999450683594,10584000
2021-05-17,163.3699951171875,164.85000610351562,163.02999877929688,164.6699981689453,9886800
2021-05-18,164.67999267578125,165.5,162.24000549316406,162.35000610351562,11098100
2021-05-19,161.0,161.17999267578125,158.63999938964844,161.11000061035156,13278900
2021-05-20,160.8300018310547,161.86000061035156,159.52000427246094,160.8300018310547,10426000
2021-05-21,161.33999633789062,163.22000122070312,160.94000244140625,162.66000366210938,10249000
2021-05-24,163.36000061035156,164.22999572753906,162.1199951171875,163.5399932861328,9440300
2021-05-25,163.85000610351562,165.6999969482422,161.55999755859375,161.85000610351562,12609100
2021-05-26,163.57000732421875,163.74000549316406,161.30999755859375,161.8300018310547,13058300
2021-05-27,163.9499969482422,164.75,162.57000732421875,164.35000610351562,15707500
2021-05-28,164.67999267578125,164.94000244140625,163.25999450683594,164.24000549316406,10291300
2021-06-01,165.8699951171875,166.91000366210938,165.47999572753906,166.0500030517578,9445400
2021-06-02,167.25999450683594,167.44000244140625,165.52999877929688,166.05999755859375,10498600
2021-06-03,165.41000366210938,167.25,164.66000366210938,166.1699981689453,13354400
2021-06-04,166.2100067138672,166.6699981689453,165.02999877929688,166.44000244140625,8510800
2021-06-07,167.0,167.10000610351562,165.13999938964844,165.66000366210938,7267200
2021-06-08,164.49000549316406,165.75999450683594,163.16000366210938,165.0,10370700
2021-06-09,164.13999938964844,164.22000122070312,162.27999877929688,162.94000244140625,12377400
2021-06-10,164.36000061035156,165.24000549316406,160.30999755859375,160.39999389648438,12119400
2021-06-11,160.42999267578125,161.1999969482422,159.05999755859375,160.2899932861328,13683800
2021-06-14,160.14999389648438,160.3300018310547,156.66000366210938,157.57000732421875,19917900
2021-06-15,156.6999969482422,156.9199981689453,154.1300048828125,155.17999267578125,24485500
2021-06-16,154.72999572753906,157.6199951171875,153.11000061035156,156.27000427246094,25321200
2021-06-17,157.10000610351562,157.4600067138672,151.25,151.75999450683594,29722400
2021-06-18,149.3000030517578,149.6999969482422,147.55999755859375,147.9199981689453,43595700
2021-06-21,149.0800018310547,151.1999969482422,149.02000427246094,150.42999267578125,18664800
2021-06-22,150.60000610351562,150.97000122070312,148.66000366210938,150.2100067138672,14251200
2021-06-23,150.1999969482422,152.0399932861328,150.08999633789062,151.1199951171875,12733300
2021-06-24,151.9199981689453,153.1199951171875,151.22000122070312,152.50999450683594,13733200
2021-06-25,152.58999633789062,154.5,151.6699981689453,154.0500030517578,15484900
2021-06-28,153.6999969482422,154.47999572753906,152.1199951171875,154.3300018310547,14125800
2021-06-29,155.0,156.30999755859375,153.61000061035156,154.13999938964844,14528700
2021-06-30,153.75,156.0800018310547,153.7100067138672,155.5399932861328,12531000
2021-07-01,156.25999450683594,157.13999938964844,155.4199981689453,157.0800018310547,10479400
2021-07-02,155.9499969482422,156.32000732421875,155.1199951171875,156.02999877929688,11424000
2021-07-06,155.77999877929688,155.77999877929688,152.35000610351562,153.41000366210938,15083400
2021-07-07,152.00999450683594,154.27999877929688,151.5500030517578,153.58999633789062,12271800
2021-07-08,151.61000061035156,152.52999877929688,150.0399932861328,150.94000244140625,17834600
2021-07-09,153.0500030517578,156.14999389648438,152.5800018310547,155.77000427246094,13694500
2021-07-12,154.35000610351562,159.16000366210938,153.94000244140625,158.0,19940400
2021-07-13,156.0500030517578,157.38999938964844,153.5,155.64999389648438,22671700
2021-07-14,155.9499969482422,157.27999877929688,152.9499969482422,155.1199951171875,14622800
2021-07-15,153.89999389648438,156.52999877929688,153.6999969482422,155.4600067138672,11539300
2021-07-16,155.9600067138672,156.27999877929688,151.02000427246094,151.91000366210938,14002700
2021-07-19,148.5500030517578,149.82000732421875,145.7100067138672,146.97000122070312,22172900
2021-07-20,146.52000427246094,151.1199951171875,146.3300018310547,149.7100067138672,15385200
2021-07-21,152.0500030517578,153.64999389648438,151.36000061035156,152.86000061035156,12356700
2021-07-22,152.8800048828125,153.44000244140625,149.97000122070312,150.92999267578125,9913300
2021-07-23,151.47999572753906,152.83999633789062,150.25,150.63999938964844,9666100
2021-07-26,150.19000244140625,151.9600067138672,150.1699981689453,151.64999389648438,8208000
2021-07-27,150.39999389648438,152.49000549316406,149.8000030517578,151.4499969482422,11218700
2021-07-28,152.2899932861328,152.77000427246094,150.8800048828125,151.6999969482422,9217300
2021-07-29,153.13999938964844,153.8699951171875,151.91000366210938,153.0,9063500
2021-07-30,152.5800018310547,153.6699981689453,151.1999969482422,151.77999877929688,9805200
2021-08-02,152.02999877929688,154.4499969482422,151.07000732421875,151.1699981689453,10203200
2021-08-03,151.9499969482422,153.32000732421875,149.52000427246094,152.88999938964844,10394800
2021-08-04,151.25,153.3699951171875,150.91000366210938,151.24000549316406,10155000
2021-08-05,152.27999877929688,153.69000244140625,152.00999450683594,153.14999389648438,9151500
2021-08-06,155.19000244140625,157.82000732421875,155.11000061035156,157.5,13328800
2021-08-09,157.52000427246094,158.5500030517578,155.89999389648438,157.3300018310547,9516900
2021-08-10,156.74000549316406,159.97999572753906,156.30999755859375,159.25999450683594,8667000
2021-08-11,160.0,161.5,159.0800018310547,161.16000366210938,9156500
2021-08-12,161.8800048828125,162.3699951171875,160.5500030517578,161.7899932861328,8844200
2021-08-13,161.7899932861328,162.16000366210938,159.57000732421875,159.97999572753906,8980900
2021-08-16,158.94000244140625,159.02999877929688,156.77999877929688,158.92999267578125,8755800
2021-08-17,157.57000732421875,158.86000061035156,155.27000427246094,157.00999450683594,9347200
2021-08-18,156.30999755859375,158.00999450683594,155.33999633789062,155.5800018310547,8065500
2021-08-19,153.16000366210938,155.55999755859375,153.00999450683594,154.27999877929688,9517700
2021-08-20,154.35000610351562,154.89999389648438,153.16000366210938,154.72000122070312,6974100
2021-08-23,155.3300018310547,157.08999633789062,155.24000549316406,156.6999969482422,7934600
2021-08-24,157.0,158.5500030517578,156.8699951171875,157.6699981689453,7670900
2021-08-25,158.50999450683594,161.77999877929688,157.8000030517578,160.9199981689453,11335000
2021-08-26,162.25999450683594,163.8300018310547,161.14999389648438,161.75,11027500
2021-08-27,161.75,163.16000366210938,161.25999450683594,163.0500030517578,8780200
2021-08-30,163.2100067138672,163.49000549316406,159.8800048828125,160.44000244140625,7937600
2021-08-31,160.44000244140625,161.3699951171875,159.35000610351562,159.9499969482422,12340800
2021-09-01,160.22000122070312,160.75999450683594,158.97000122070312,159.72000122070312,8729900
2021-09-02,160.02000427246094,161.61000061035156,159.42999267578125,160.4600067138672,8813300
2021-09-03,160.38999938964844,160.88999938964844,159.14999389648438,159.49000549316406,7959700
2021-09-07,159.99000549316406,161.3800048828125,158.9600067138672,159.2100067138672,9285600
2021-09-08,158.88999938964844,159.5800018310547,158.0399932861328,158.5,7852700
2021-09-09,158.27000427246094,160.8300018310547,158.0800018310547,159.19000244140625,7904300
2021-09-10,160.55999755859375,160.72000122070312,157.22000122070312,157.36000061035156,8311600
2021-09-13,158.52999877929688,160.0500030517578,158.07000732421875,159.86000061035156,10052800
2021-09-14,160.4499969482422,161.33999633789062,156.25999450683594,157.07000732421875,11685600
2021-09-15,156.72000122070312,158.69000244140625,156.47000122070312,158.16000366210938,11691500
2021-09-16,159.41000366210938,160.85000610351562,157.22000122070312,158.08999633789062,10880900
2021-09-17,157.3800048828125,159.00999450683594,157.0,157.67999267578125,25581600
2021-09-20,153.88999938964844,154.55999755859375,150.49000549316406,152.9600067138672,15819900
2021-09-21,153.52999877929688,154.5500030517578,152.5800018310547,152.97999572753906,8999900
2021-09-22,155.1999969482422,157.25,155.10000610351562,155.91000366210938,11236200
2021-09-23,158.0,161.7100067138672,157.6699981689453,161.17999267578125,12336100
2021-09-24,161.44000244140625,163.58999633789062,160.82000732421875,163.0399932861328,10102400
2021-09-27,165.0,167.39999389648438,164.61000061035156,166.97999572753906,13220900
2021-09-28,167.6999969482422,169.3000030517578,165.66000366210938,166.0800018310547,13387900
2021-09-29,166.2100067138672,166.89999389648438,165.0399932861328,165.9499969482422,7777100
2021-09-30,166.9199981689453,166.99000549316406,162.7899932861328,163.69000244140625,13161200
2021-10-01,164.0,168.3000030517578,163.60000610351562,167.1300048828125,11285000
2021-10-04,166.97000122070312,170.44000244140625,165.72999572753906,166.9499969482422,14120000
2021-10-05,167.2100067138672,170.13999938964844,166.6699981689453,168.66000366210938,12292900
2021-10-06,167.99000549316406,169.10000610351562,166.0,169.02000427246094,8692600
2021-10-07,171.1999969482422,171.50999450683594,169.5399932861328,170.08999633789062,10195400
2021-10-08,170.02000427246094,171.33999633789062,169.3000030517578,170.22000122070312,8190100
2021-10-11,170.8000030517578,171.2899932861328,166.4600067138672,166.63999938964844,12154700
2021-10-12,165.75,166.69000244140625,164.77000427246094,165.36000061035156,13032600
2021-10-13,164.07000732421875,165.41000366210938,160.60000610351562,161.0,22753500
2021-10-14,161.75,164.00999450683594,160.05999755859375,163.47000122070312,15176800
2021-10-15,165.35000610351562,167.1699981689453,164.13999938964844,166.61000061035156,14267400
2021-10-18,166.47999572753906,168.61000061035156,165.91000366210938,166.5500030517578,12672900
2021-10-19,167.39999389648438,168.64999389648438,166.5800018310547,168.57000732421875,8053900
2021-10-20,168.3000030517578,170.8699951171875,167.4600067138672,170.83999633789062,8185600
2021-10-21,170.75999450683594,171.3300018310547,168.67999267578125,169.5,8415200
2021-10-22,170.02999877929688,172.08999633789062,169.6999969482422,171.77999877929688,8817900
2021-10-25,172.7100067138672,172.9600067138672,170.47999572753906,170.94000244140625,10159200
2021-10-26,171.0,172.49000549316406,170.5399932861328,171.39999389648438,8015100
2021-10-27,170.32000732421875,170.6999969482422,167.33999633789062,167.8300018310547,9847000
2021-10-28,168.3000030517578,170.50999450683594,167.9600067138672,170.36000061035156,7212900
2021-10-29,171.17999267578125,172.24000549316406,169.38999938964844,169.88999938964844,8140100
2021-11-01,172.0399932861328,172.3300018310547,169.00999450683594,169.8000030517578,7435500
2021-11-02,169.8000030517578,171.69000244140625,168.9199981689453,170.47000122070312,7173800
2021-11-03,170.1300048828125,171.1300048828125,169.14999389648438,170.52999877929688,8402700
2021-11-04,170.0,170.1999969482422,166.49000549316406,168.2899932861328,9574200
2021-11-05,168.89999389648438,170.08999633789062,167.41000366210938,168.0500030517578,7975600
2021-11-08,169.0500030517578,170.9199981689453,168.74000549316406,169.05999755859375,6413700
2021-11-09,167.35000610351562,168.47000122070312,166.60000610351562,167.77999877929688,7990300
2021-11-10,167.4499969482422,168.9499969482422,167.08999633789062,167.6199951171875,6999200
2021-11-11,167.52000427246094,168.67999267578125,166.89999389648438,167.61000061035156,5815300
2021-11-12,167.64999389648438,167.74000549316406,165.72000122070312,166.86000061035156,8113400
2021-11-15,167.2100067138672,167.7899932861328,166.0,166.55999755859375,6492500
2021-11-16,167.05999755859375,167.07000732421875,165.1199951171875,165.36000061035156,9706100
2021-11-17,165.2100067138672,165.55999755859375,163.38999938964844,164.47000122070312,9909600
2021-11-18,164.38999938964844,164.85000610351562,162.55999755859375,163.0500030517578,8122500
2021-11-19,161.3000030517578,162.11000061035156,159.4499969482422,160.9199981689453,12193600
2021-11-22,164.16000366210938,165.97999572753906,162.99000549316406,164.35000610351562,14549900
2021-11-23,165.5,168.55999755859375,165.3699951171875,168.27999877929688,12354400
2021-11-24,168.4600067138672,169.44000244140625,166.44000244140625,166.9600067138672,9629800
2021-11-26,162.13999938964844,162.64999389648438,158.82000732421875,161.92999267578125,13619300
2021-11-29,163.30999755859375,164.77999877929688,159.82000732421875,161.22999572753906,12104400
2021-11-30,159.16000366210938,160.6300048828125,158.2899932861328,158.8300018310547,18922600
2021-12-01,161.0,163.27000427246094,157.8000030517578,157.88999938964844,12253400
2021-12-02,159.8300018310547,163.25,158.8000030517578,161.2100067138672,12969900
2021-12-03,161.5,161.8300018310547,157.19000244140625,158.2899932861328,12681800
2021-12-06,161.00999450683594,162.61000061035156,159.4600067138672,160.16000366210938,11186500
2021-12-07,161.8800048828125,163.38999938964844,161.16000366210938,162.57000732421875,9851600
2021-12-08,162.66000366210938,163.27000427246094,160.1699981689453,160.7100067138672,11705700
2021-12-09,159.64999389648438,160.92999267578125,158.64999389648438,160.4600067138672,11189600
2021-12-10,161.32000732421875,161.6999969482422,159.1300048828125,159.82000732421875,10405400
2021-12-13,159.5,159.7899932861328,157.27999877929688,157.9199981689453,12069000
2021-12-14,157.4499969482422,160.88999938964844,157.3000030517578,159.1300048828125,12563600
2021-12-15,159.85000610351562,159.85000610351562,157.35000610351562,157.94000244140625,14014200
2021-12-16,160.38999938964844,161.82000732421875,158.6999969482422,160.41000366210938,19542800
2021-12-17,159.32000732421875,159.3800048828125,155.17999267578125,156.75999450683594,28082000
2021-12-20,154.50999450683594,154.6999969482422,151.83999633789062,153.94000244140625,15148000
2021-12-21,155.41000366210938,157.17999267578125,155.08999633789062,156.08999633789062,11291300
2021-12-22,155.75,157.05999755859375,155.24000549316406,156.6999969482422,7273000
2021-12-23,157.61000061035156,159.1199951171875,157.2100067138672,157.25999450683594,8055200
2021-12-27,157.60000610351562,158.1999969482422,156.33999633789062,158.16000366210938,6188100
2021-12-28,158.1999969482422,160.14999389648438,158.0800018310547,158.63999938964844,6342300
2021-12-29,158.85000610351562,159.6300048828125,158.14999389648438,158.55999755859375,6398900
2021-12-30,159.11000061035156,160.24000549316406,158.3699951171875,158.47999572753906,6948200
2021-12-31,158.4499969482422,159.2899932861328,157.9600067138672,158.35000610351562,5805900
2022-01-03,159.86000061035156,162.63999938964844,159.50999450683594,161.6999969482422,13120900
2022-01-04,164.30999755859375,168.5800018310547,164.22999572753906,167.8300018310547,20195800
2022-01-05,167.82000732421875,168.36000061035156,163.72999572753906,163.77999877929688,17539400
2022-01-06,166.91000366210938,167.3699951171875,163.8699951171875,165.52000427246094,14047500
2022-01-07,165.6699981689453,167.52999877929688,165.05999755859375,167.16000366210938,13913300
2022-01-10,169.07000732421875,169.30999755859375,165.52999877929688,167.32000732421875,12922500
2022-01-11,168.25999450683594,168.52000427246094,166.30999755859375,167.49000549316406,11854100
2022-01-12,168.4600067138672,169.58999633789062,167.17999267578125,168.44000244140625,12568000
2022-01-13,168.33999633789062,169.80999755859375,167.88999938964844,168.22999572753906,13623400
2022-01-14,160.75999450683594,161.02999877929688,156.89999389648438,157.88999938964844,40158400
2022-01-18,155.77999877929688,155.77999877929688,150.5399932861328,151.27000427246094,32324800
2022-01-19,151.57000732421875,152.22999572753906,148.5500030517578,148.92999267578125,22380000
2022-01-20,148.99000549316406,150.61000061035156,147.36000061035156,147.66000366210938,14860800
2022-01-21,147.5,147.50999450683594,144.27000427246094,145.0800018310547,20705400
2022-01-24,142.27999877929688,145.47999572753906,139.57000732421875,144.9499969482422,28471400
2022-01-25,143.64999389648438,146.85000610351562,140.7899932861328,146.52999877929688,18915900
2022-01-26,148.72000122070312,150.57000732421875,145.9600067138672,147.9199981689453,20709100
2022-01-27,149.4199981689453,150.3800048828125,144.1300048828125,145.30999755859375,17536800
2022-01-28,144.19000244140625,146.75999450683594,142.1699981689453,146.61000061035156,14117000
2022-01-31,145.63999938964844,148.7899932861328,144.6699981689453,148.60000610351562,13985700
2022-02-01,148.69000244140625,151.47000122070312,148.3000030517578,151.14999389648438,14584900
2022-02-02,150.5,150.94000244140625,148.07000732421875,149.94000244140625,12441100
2022-02-03,150.0,151.64999389648438,148.2899932861328,148.6999969482422,12474900
2022-02-04,149.10000610351562,153.5,148.77000427246094,152.55999755859375,16654400
2022-02-07,153.27000427246094,153.6199951171875,150.85000610351562,153.07000732421875,12572300
2022-02-08,155.0,158.47999572753906,154.8000030517578,155.9499969482422,20411400
2022-02-09,156.58999633789062,157.42999267578125,155.82000732421875,156.60000610351562,9131100
2022-02-10,156.66000366210938,159.02999877929688,155.22000122070312,155.9499969482422,16455600
2022-02-11,155.61000061035156,158.19000244140625,152.97000122070312,153.9199981689453,16830000
2022-02-14,152.72999572753906,153.67999267578125,150.32000732421875,152.49000549316406,17026500
2022-02-15,154.50999450683594,155.94000244140625,153.85000610351562,154.72000122070312,9500000
2022-02-16,153.74000549316406,156.10000610351562,153.74000549316406,155.0,9076500
2022-02-17,153.0,153.72999572753906,150.6699981689453,151.42999267578125,11367500
2022-02-18,152.1300048828125,154.13999938964844,151.1300048828125,152.13999938964844,11733300
2022-02-22,150.60000610351562,153.24000549316406,150.41000366210938,151.8699951171875,11333500
2022-02-23,153.1199951171875,153.3000030517578,147.97000122070312,148.69000244140625,11799000
2022-02-24,142.94000244140625,144.99000549316406,139.77999877929688,144.5500030517578,25655100
2022-02-25,145.25,150.1300048828125,144.91000366210938,147.97000122070312,18367700
2022-02-28,143.5500030517578,145.05999755859375,140.8800048828125,141.8000030517578,31315300
2022-03-01,140.0399932861328,140.47999572753906,133.5800018310547,136.4499969482422,36840400
2022-03-02,137.2899932861328,140.0399932861328,136.61000061035156,139.27999877929688,19405600
2022-03-03,139.83999633789062,140.97999572753906,137.05999755859375,138.2899932861328,16640800
2022-03-04,134.94000244140625,135.4199981689453,132.39999389648438,134.39999389648438,21016000
2022-03-07,132.1699981689453,132.69000244140625,128.9499969482422,129.2100067138672,27560100
2022-03-08,129.63999938964844,131.7899932861328,127.2699966430664,128.3000030517578,19207800
2022-03-09,132.89999389648438,135.24000549316406,132.44000244140625,133.44000244140625,17536200
2022-03-10,131.86000061035156,133.4499969482422,130.32000732421875,131.86000061035156,15604200
2022-03-11,132.49000549316406,134.0800018310547,128.4199981689453,128.88999938964844,20061800
2022-03-14,129.4600067138672,132.9199981689453,129.22999572753906,130.1699981689453,15786900
2022-03-15,131.8000030517578,133.5500030517578,131.1300048828125,132.47999572753906,15096600
2022-03-16,134.8699951171875,138.49000549316406,134.42999267578125,138.39999389648438,20354900
2022-03-17,136.86000061035156,140.19000244140625,135.9199981689453,140.14999389648438,17050500
2022-03-18,140.19000244140625,140.85000610351562,138.4600067138672,140.10000610351562,23656500
2022-03-21,140.35000610351562,140.75999450683594,138.72999572753906,139.64999389648438,12676100
2022-03-22,142.27000427246094,143.92999267578125,141.72000122070312,142.6199951171875,13548600
2022-03-23,140.97999572753906,141.58999633789062,139.1999969482422,139.77999877929688,12093200
2022-03-24,140.3000030517578,140.7100067138672,139.11000061035156,140.69000244140625,10017600
2022-03-25,141.08999633789062,143.17999267578125,140.8000030517578,141.9199981689453,8383500
2022-03-28,140.0,140.97000122070312,137.89999389648438,140.8699951171875,10818100
2022-03-29,143.35000610351562,143.60000610351562,140.24000549316406,141.17999267578125,11316500
2022-03-30,141.89999389648438,142.1199951171875,139.91000366210938,140.5399932861328,8771000
2022-03-31,139.8300018310547,140.35000610351562,136.25999450683594,136.32000732421875,17353900
2022-04-01,137.39999389648438,137.41000366210938,133.8000030517578,135.30999755859375,15721300
2022-04-04,134.1199951171875,136.94000244140625,132.88999938964844,135.91000366210938,17416400
2022-04-05,134.07000732421875,135.39999389648438,133.00999450683594,133.33999633789062,12110300
2022-04-06,131.5800018310547,132.55999755859375,130.9600067138672,131.49000549316406,12914700
2022-04-07,130.9499969482422,131.9199981689453,128.72999572753906,131.08999633789062,12994200
2022-04-08,131.6699981689453,133.89999389648438,131.49000549316406,133.49000549316406,13126900
2022-04-11,133.0,134.89999389648438,132.57000732421875,133.0,10466400
2022-04-12,132.13999938964844,134.5800018310547,130.6999969482422,131.5399932861328,12989900
2022-04-13,126.94000244140625,129.25,126.01000213623047,127.30000305175781,30838000
2022-04-14,126.5,128.3000030517578,125.0199966430664,126.12000274658203,18835200
2022-04-18,125.66999816894531,129.24000549316406,125.54000091552734,128.4600067138672,11834400
2022-04-19,128.4499969482422,131.32000732421875,128.22999572753906,131.1199951171875,15015400
2022-04-20,132.52000427246094,133.50999450683594,131.33999633789062,131.5800018310547,13430200
2022-04-21,132.22000122070312,132.80999755859375,129.9600067138672,130.55999755859375,12174200
2022-04-22,130.27999877929688,130.52000427246094,126.69000244140625,126.80999755859375,14318800
2022-04-25,126.01000213623047,127.12000274658203,123.11000061035156,126.7699966430664,17149000
2022-04-26,124.63999938964844,126.41000366210938,122.87000274658203,123.0199966430664,17209500
2022-04-27,122.33000183105469,123.55999755859375,121.22000122070312,121.41999816894531,17215200
2022-04-28,122.80999755859375,123.6500015258789,121.13999938964844,123.33999633789062,13015600
2022-04-29,123.05000305175781,123.61000061035156,118.9000015258789,119.36000061035156,14874800
2022-05-02,119.87999725341797,120.70999908447266,118.22000122070312,120.44999694824219,18545000
2022-05-03,121.52999877929688,124.16999816894531,120.77999877929688,123.02999877929688,15720900
2022-05-04,122.80000305175781,127.4000015258789,122.73999786376953,127.0999984741211,17128500
2022-05-05,125.25,126.0999984741211,122.16000366210938,123.91999816894531,15055400
2022-05-06,123.80000305175781,124.29000091552734,121.18000030517578,123.72000122070312,14417900
2022-05-09,122.11000061035156,123.33000183105469,120.5,121.86000061035156,14312300
2022-05-10,123.11000061035156,123.77999877929688,117.55999755859375,118.88999938964844,16382400
2022-05-11,119.30000305175781,122.88999938964844,117.94000244140625,118.13999938964844,14630300
2022-05-12,117.0,118.31999969482422,115.37000274658203,118.04000091552734,16318800
2022-05-13,119.41000366210938,120.25,117.95999908447266,119.08999633789062,10443200
2022-05-16,118.54000091552734,119.45999908447266,117.2300033569336,118.26000213623047,10269000
2022-05-17,121.04000091552734,122.97000122070312,120.80999755859375,122.18000030517578,11160200
2022-05-18,121.30000305175781,121.97000122070312,119.52999877929688,120.08999633789062,12664900
2022-05-19,118.19000244140625,119.6500015258789,117.62999725341797,118.30999755859375,12765800
2022-05-20,119.45999908447266,119.66999816894531,115.0199966430664,117.33999633789062,13150100
2022-05-23,120.45999908447266,126.56999969482422,120.44999694824219,124.5999984741211,24376700
2022-05-24,124.36000061035156,127.48999786376953,123.11000061035156,126.36000061035156,19324900
2022-05-25,126.27999877929688,127.86000061035156,125.16999816894531,127.23999786376953,12780400
2022-05-26,128.3699951171875,130.19000244140625,128.2100067138672,129.44000244140625,15990900
2022-05-27,130.16000366210938,131.27000427246094,129.13999938964844,131.27000427246094,11177800
2022-05-31,130.17999267578125,133.14999389648438,129.7100067138672,132.22999572753906,17015000
2022-06-01,132.8699951171875,132.8699951171875,128.6699981689453,129.91000366210938,10768000
2022-06-02,129.89999389648438,132.00999450683594,128.6699981689453,132.0,8374800
2022-06-03,131.2100067138672,131.77000427246094,129.99000549316406,130.16000366210938,8596000
2022-06-06,131.08999633789062,132.38999938964844,129.4600067138672,129.72999572753906,11323500
2022-06-07,128.8300018310547,130.32000732421875,128.6199951171875,130.07000732421875,6722200
2022-06-08,129.0,129.4499969482422,126.9000015258789,128.0,8422100
2022-06-09,127.37000274658203,128.10000610351562,125.2699966430664,125.30999755859375,13560100
2022-06-10,122.58999633789062,123.4000015258789,119.31999969482422,119.55000305175781,12945200
2022-06-13,116.86000061035156,117.94999694824219,115.05999755859375,115.98999786376953,16805600
2022-06-14,115.55000305175781,117.31999969482422,113.22000122070312,114.05999755859375,13357900
2022-06-15,115.62000274658203,116.94999694824219,113.16999816894531,115.41000366210938,14083500
2022-06-16,113.86000061035156,114.26000213623047,111.87000274658203,113.43000030517578,16724900
2022-06-17,113.54000091552734,114.62999725341797,112.16000366210938,113.02999877929688,30919900
2022-06-21,115.87000274658203,117.02999877929688,115.04000091552734,115.83000183105469,11680500
2022-06-22,114.87999725341797,116.19999694824219,114.38999938964844,115.18000030517578,9842700
2022-06-23,115.01000213623047,115.18000030517578,111.4800033569336,113.91999816894531,11851500
2022-06-24,113.2300033569336,117.81999969482422,112.83000183105469,117.31999969482422,14841100
2022-06-27,118.05999755859375,118.5,115.63999938964844,116.37999725341797,11280500
2022-06-28,117.66999816894531,119.29000091552734,115.5999984741211,115.81999969482422,11590900
2022-06-29,116.0,116.81999969482422,114.7300033569336,115.30000305175781,9338400
2022-06-30,113.16999816894531,114.08000183105469,110.93000030517578,112.61000061035156,15172600
2022-07-01,112.6500015258789,114.41999816894531,111.16000366210938,114.05000305175781,10573600
2022-07-05,110.7699966430664,112.70999908447266,109.30000305175781,112.62000274658203,12514200
2022-07-06,111.7300033569336,112.98999786376953,110.79000091552734,111.88999938964844,10656200
2022-07-07,113.5,114.9000015258789,113.4000015258789,114.72000122070312,10347400
2022-07-08,115.16000366210938,115.6500015258789,113.61000061035156,114.36000061035156,8807800
2022-07-11,113.55000305175781,114.2300033569336,112.22000122070312,112.86000061035156,7939500
2022-07-12,112.58000183105469,115.18000030517578,112.26000213623047,112.97000122070312,11250900
2022-07-13,111.75,112.4800033569336,110.37999725341797,111.91000366210938,12979900
2022-07-14,107.98999786376953,108.2300033569336,106.05999755859375,108.0,26204800
2022-07-15,109.16000366210938,113.87999725341797,107.66999816894531,112.94999694824219,18863900
2022-07-18,114.7699966430664,115.83999633789062,111.29000091552734,111.79000091552734,13977900
2022-07-19,113.12999725341797,114.94000244140625,112.66999816894531,114.55999755859375,11862300
2022-07-20,114.0999984741211,114.73999786376953,113.4800033569336,114.54000091552734,11667500
2022-07-21,114.44000244140625,115.52999877929688,113.37000274658203,115.31999969482422,11595900
2022-07-22,115.23999786376953,116.25,113.66999816894531,114.76000213623047,7645500
2022-07-25,115.83999633789062,116.45999908447266,114.7699966430664,115.22000122070312,9394000
2022-07-26,114.58000183105469,115.58000183105469,113.02999877929688,113.41999816894531,10675100
2022-07-27,114.01000213623047,115.73999786376953,113.30000305175781,115.23999786376953,9337400
2022-07-28,115.25,115.9800033569336,113.52999877929688,114.80999755859375,10384800
2022-07-29,115.58999633789062,116.5,114.79000091552734,115.36000061035156,12944500
2022-08-01,114.5,115.11000061035156,113.06999969482422,114.20999908447266,14740400
2022-08-02,113.91999816894531,114.4000015258789,112.2699966430664,112.43000030517578,14942900
2022-08-03,113.44999694824219,114.0999984741211,111.70999908447266,113.61000061035156,14394500
2022-08-04,112.8499984741211,113.31999969482422,111.0199966430664,112.36000061035156,18033900
2022-08-05,112.52999877929688,116.19000244140625,112.05000305175781,115.76000213623047,14174600
2022-08-08,116.25,116.69999694824219,114.18000030517578,114.3499984741211,10332500
2022-08-09,114.75,115.98999786376953,114.37000274658203,115.37999725341797,10233800
2022-08-10,117.95999908447266,119.37000274658203,117.5,118.38999938964844,12847300
2022-08-11,119.9000015258789,121.19999694824219,119.30999755859375,120.13999938964844,11684900
2022-08-12,120.66999816894531,122.25,119.44000244140625,122.12999725341797,9906700
2022-08-15,121.13999938964844,122.72000122070312,120.5999984741211,122.45999908447266,8456200
2022-08-16,122.29000091552734,124.23999786376953,121.87000274658203,123.62999725341797,9555000
2022-08-17,122.30000305175781,123.16000366210938,121.69000244140625,122.58999633789062,8149300
2022-08-18,122.23999786376953,122.47000122070312,120.55000305175781,121.63999938964844,9531800
2022-08-19,120.62000274658203,120.98999786376953,118.11000061035156,118.62999725341797,13464500
2022-08-22,116.75,117.16000366210938,115.5,116.66999816894531,8967600
2022-08-23,116.69000244140625,117.29000091552734,115.37999725341797,115.5199966430664,7607000
2022-08-24,115.29000091552734,116.41000366210938,114.44999694824219,115.80000305175781,9771300
2022-08-25,116.16000366210938,118.73999786376953,115.68000030517578,118.55000305175781,10758900
2022-08-26,119.45999908447266,119.98999786376953,114.5999984741211,114.66999816894531,11276200
2022-08-29,114.0,114.86000061035156,113.45999908447266,114.38999938964844,8117300
2022-08-30,115.0,115.58000183105469,113.36000061035156,114.41000366210938,10745400
2022-08-31,114.4800033569336,115.02999877929688,113.33999633789062,113.7300033569336,10738300
2022-09-01,113.29000091552734,114.62999725341797,111.91000366210938,114.51000213623047,9979800
2022-09-02,115.87000274658203,117.44999694824219,113.19000244140625,113.70999908447266,10666600
2022-09-06,114.33000183105469,114.75,112.06999969482422,113.73999786376953,9751900
2022-09-07,113.12999725341797,116.11000061035156,112.76000213623047,115.9000015258789,10647900
2022-09-08,115.27999877929688,118.79000091552734,114.62999725341797,118.5999984741211,11435000
2022-09-09,119.13999938964844,120.05000305175781,118.66999816894531,119.16999816894531,9299700
2022-09-12,120.62000274658203,121.55000305175781,119.79000091552734,120.58000183105469,8614600
2022-09-13,118.06999969482422,118.91999816894531,115.77999877929688,116.38999938964844,12904600
2022-09-14,116.69999694824219,117.83999633789062,114.87999725341797,116.12000274658203,9345700
2022-09-15,116.12000274658203,119.37999725341797,115.76000213623047,117.87000274658203,10821400
2022-09-16,117.38999938964844,117.4000015258789,115.37000274658203,117.08000183105469,14844100
2022-09-19,116.0,118.7300033569336,115.51000213623047,118.16000366210938,8201300
2022-09-20,117.41000366210938,117.69000244140625,114.63999938964844,115.83000183105469,9619000
2022-09-21,116.54000091552734,116.5999984741211,112.41999816894531,112.48999786376953,12606300
2022-09-22,113.37999725341797,113.5999984741211,111.06999969482422,111.20999908447266,11684500
2022-09-23,110.05000305175781,110.33999633789062,107.16000366210938,109.13999938964844,18138600
2022-09-26,108.0,109.61000061035156,106.05999755859375,106.79000091552734,15753600
2022-09-27,107.75,108.16999816894531,104.6500015258789,105.8499984741211,12793600
2022-09-28,105.94999694824219,108.7300033569336,105.63999938964844,107.98999786376953,12762600
2022-09-29,106.94999694824219,107.27999877929688,104.4000015258789,106.16000366210938,12713900
2022-09-30,106.05999755859375,107.62000274658203,104.4000015258789,104.5,15973400
2022-10-03,105.62000274658203,108.36000061035156,104.45999908447266,107.7300033569336,12248100
2022-10-04,110.61000061035156,112.98999786376953,109.86000061035156,112.7699966430664,16013600
2022-10-05,109.75,110.94999694824219,108.83000183105469,110.38999938964844,10943500
2022-10-06,109.45999908447266,110.19000244140625,107.94000244140625,108.13999938964844,11521400
2022-10-07,107.5199966430664,107.70999908447266,105.2699966430664,105.9800033569336,11681100
2022-10-10,106.7300033569336,107.30999755859375,104.5199966430664,104.98999786376953,8931700
2022-10-11,104.37000274658203,104.54000091552734,101.8499984741211,101.95999908447266,12739700
2022-10-12,101.80000305175781,104.7300033569336,101.27999877929688,103.61000061035156,13181000
2022-10-13,101.9800033569336,109.9000015258789,101.76000213623047,109.37000274658203,22398700
2022-10-14,111.95999908447266,115.23999786376953,110.72000122070312,111.19000244140625,33387100
2022-10-17,115.41000366210938,117.01000213623047,114.31999969482422,115.86000061035156,22276300
2022-10-18,119.66000366210938,120.13999938964844,116.95999908447266,118.83999633789062,21539700
2022-10-19,117.98999786376953,118.83000183105469,115.66999816894531,116.51000213623047,17072000
2022-10-20,117.16000366210938,118.70999908447266,115.6500015258789,116.12999725341797,12207400
2022-10-21,116.45999908447266,122.38999938964844,116.33000183105469,122.2300033569336,20593300
2022-10-24,122.06999969482422,123.0999984741211,121.33000183105469,122.37999725341797,12624200
2022-10-25,121.8499984741211,123.2699966430664,120.88999938964844,122.69999694824219,11289100
2022-10-26,123.0,125.19999694824219,122.87999725341797,124.11000061035156,11667000
2022-10-27,125.19999694824219,126.19999694824219,124.20999908447266,124.5999984741211,10727600
2022-10-28,125.29000091552734,126.27999877929688,124.05000305175781,126.08000183105469,11859500
2022-10-31,125.69999694824219,127.43000030517578,125.58999633789062,125.87999725341797,13295200
2022-11-01,126.87000274658203,128.27999877929688,126.33000183105469,128.14999389648438,13386900
2022-11-02,127.6500015258789,130.36000061035156,126.63999938964844,126.97000122070312,16546100
2022-11-03,126.30999755859375,128.17999267578125,125.91000366210938,127.19999694824219,12474400
2022-11-04,129.49000549316406,130.8300018310547,128.4600067138672,130.67999267578125,14953200
2022-11-07,131.0,132.2899932861328,130.47999572753906,131.3699951171875,12011200
2022-11-08,131.24000549316406,132.05999755859375,130.13999938964844,131.4499969482422,9884100
2022-11-09,131.32000732421875,131.42999267578125,129.22000122070312,129.74000549316406,9494000
2022-11-10,132.6300048828125,135.25,132.52999877929688,135.0800018310547,16351600
2022-11-11,135.19000244140625,136.1699981689453,133.77999877929688,135.3000030517578,10704700
2022-11-14,134.8000030517578,135.72999572753906,133.91000366210938,133.91000366210938,11085600
2022-11-15,134.67999267578125,135.7100067138672,131.60000610351562,132.94000244140625,14038300
2022-11-16,133.0,133.55999755859375,132.02999877929688,133.1199951171875,7893400
2022-11-17,132.0,132.88999938964844,131.27999877929688,132.5399932861328,8820200
2022-11-18,134.57000732421875,134.6699981689453,132.27999877929688,133.83999633789062,9468500
2022-11-21,133.74000549316406,134.55999755859375,132.75,133.0500030517578,7800500
2022-11-22,134.0,135.27000427246094,133.69000244140625,135.0399932861328,9185700
2022-11-23,134.94000244140625,136.5,134.86000061035156,136.47999572753906,7316200
2022-11-25,136.47999572753906,137.13999938964844,136.05999755859375,136.74000549316406,3220500
2022-11-28,136.07000732421875,136.7100067138672,134.19000244140625,134.35000610351562,9906900
2022-11-29,134.66000366210938,136.63999938964844,134.41000366210938,136.55999755859375,7925300
2022-11-30,136.08999633789062,138.17999267578125,133.19000244140625,138.17999267578125,14761200
2022-12-01,138.17999267578125,138.66000366210938,135.42999267578125,136.24000549316406,8858500
2022-12-02,134.49000549316406,135.35000610351562,133.33999633789062,135.16000366210938,8931900
2022-12-05,134.24000549316406,134.57000732421875,130.60000610351562,131.3699951171875,10154500
2022-12-06,133.38999938964844,135.11000061035156,129.8699951171875,131.58999633789062,13966700
2022-12-07,131.30999755859375,133.0800018310547,130.3300018310547,131.5,11739400
2022-12-08,132.3300018310547,132.97999572753906,131.42999267578125,132.8800048828125,8907300
2022-12-09,132.1999969482422,133.75999450683594,132.0,132.16000366210938,7957800
2022-12-12,132.39999389648438,134.64999389648438,131.60000610351562,134.2100067138672,8841600
2022-12-13,136.88999938964844,137.08999633789062,133.0800018310547,134.0800018310547,10025400
2022-12-14,133.77999877929688,135.7100067138672,132.75999450683594,133.41000366210938,9966100
2022-12-15,131.14999389648438,132.0800018310547,129.0500030517578,130.10000610351562,12087800
2022-12-16,129.14999389648438,129.89999389648438,128.42999267578125,129.2899932861328,21133700
2022-12-19,129.64999389648438,131.3300018310547,129.08999633789062,130.05999755859375,9017200
2022-12-20,130.97000122070312,132.0500030517578,130.1999969482422,130.69000244140625,8549900
2022-12-21,132.17999267578125,132.97999572753906,131.77000427246094,132.16000366210938,8051700
2022-12-22,131.10000610351562,131.3000030517578,128.41000366210938,130.66000366210938,8648200
2022-12-23,130.5800018310547,131.44000244140625,129.63999938964844,131.27999877929688,5091900
2022-12-27,131.57000732421875,132.22000122070312,130.5500030517578,131.74000549316406,5411000
2022-12-28,131.85000610351562,133.41000366210938,131.00999450683594,132.4600067138672,8827700
2022-12-29,132.92999267578125,133.27000427246094,132.30999755859375,133.22000122070312,6585200
2022-12-30,132.80999755859375,134.3300018310547,132.44000244140625,134.10000610351562,9292500
2023-01-03,135.24000549316406,136.74000549316406,133.88999938964844,135.1199951171875,11054800
2023-01-04,135.99000549316406,137.67999267578125,135.57000732421875,136.3800048828125,11687600
2023-01-05,135.66000366210938,135.7100067138672,133.6999969482422,135.35000610351562,8381300
2023-01-06,136.1300048828125,138.3800048828125,134.49000549316406,137.94000244140625,10029100
2023-01-09,138.60000610351562,138.8800048828125,136.8800048828125,137.3699951171875,8482300
2023-01-10,137.7899932861328,138.72000122070312,137.30999755859375,138.60000610351562,9048700
2023-01-11,138.89999389648438,139.75,138.10000610351562,139.6300048828125,8703700
2023-01-12,140.0,140.86000061035156,139.22000122070312,139.49000549316406,11001700
2023-01-13,135.60000610351562,143.49000549316406,134.8000030517578,143.00999450683594,20200000
2023-01-17,141.1699981689453,141.5399932861328,139.22999572753906,140.8000030517578,14292900
2023-01-18,138.9199981689453,140.72999572753906,136.41000366210938,136.57000732421875,13392600
2023-01-19,135.32000732421875,135.89999389648438,133.58999633789062,134.75,13303400
2023-01-20,135.16000366210938,135.49000549316406,133.5500030517578,135.0800018310547,13092500
2023-01-23,135.1199951171875,137.9600067138672,134.82000732421875,137.27000427246094,10487100
2023-01-24,136.4199981689453,140.2899932861328,135.0,138.4499969482422,6945000
2023-01-25,138.0500030517578,139.1199951171875,137.25,139.1199951171875,8967000
2023-01-26,139.4199981689453,140.05999755859375,138.36000061035156,139.97999572753906,7487600
2023-01-27,140.61000061035156,141.25999450683594,139.75,140.32000732421875,7489900
2023-01-30,139.22999572753906,140.08999633789062,138.91000366210938,139.1300048828125,6729300
2023-01-31,139.8800048828125,140.07000732421875,138.25,139.9600067138672,9188700
2023-02-01,138.2100067138672,140.8800048828125,138.1199951171875,139.58999633789062,8841800
2023-02-02,140.0,140.4600067138672,138.0,138.94000244140625,11822100
2023-02-03,138.17999267578125,142.3300018310547,138.1300048828125,141.08999633789062,11501200
2023-02-06,140.22999572753906,142.24000549316406,140.02999877929688,141.9199981689453,8406200
2023-02-07,141.3800048828125,144.33999633789062,141.17999267578125,143.64999389648438,10447900
2023-02-08,142.64999389648438,144.0399932861328,142.27999877929688,142.63999938964844,6958000
2023-02-09,143.1199951171875,143.33999633789062,139.8699951171875,140.4199981689453,6443100
2023-02-10,139.77999877929688,141.27999877929688,138.58999633789062,141.0399932861328,6582900
2023-02-13,141.3000030517578,142.72999572753906,140.74000549316406,142.57000732421875,7134600
2023-02-14,142.5,143.80999755859375,141.60000610351562,143.1999969482422,9249400
2023-02-15,141.61000061035156,143.88999938964844,141.3000030517578,143.8000030517578,6728300
2023-02-16,142.91000366210938,143.38999938964844,141.67999267578125,141.82000732421875,8165300
2023-02-17,140.97999572753906,142.8300018310547,140.07000732421875,142.24000549316406,7948800
2023-02-21,140.69000244140625,141.33999633789062,138.75,139.6300048828125,9996300
2023-02-22,138.9199981689453,139.42999267578125,137.44000244140625,138.55999755859375,11107500
2023-02-23,138.72999572753906,140.1699981689453,137.94000244140625,139.6699981689453,8068000
2023-02-24,139.11000061035156,141.36000061035156,138.92999267578125,140.92999267578125,9126900
2023-02-27,142.11000061035156,143.30999755859375,141.72000122070312,142.16000366210938,10014700
2023-02-28,142.94000244140625,143.75999450683594,141.89999389648438,143.35000610351562,11019800
2023-03-01,142.10000610351562,143.4600067138672,141.8000030517578,142.5500030517578,7139200
2023-03-02,142.24000549316406,142.42999267578125,139.5399932861328,141.07000732421875,11106800
2023-03-03,141.50999450683594,143.74000549316406,141.0800018310547,143.66000366210938,9513100
2023-03-06,143.44000244140625,144.0399932861328,142.66000366210938,142.82000732421875,9261300
2023-03-07,142.00999450683594,142.30999755859375,137.80999755859375,138.6199951171875,11747600
2023-03-08,138.0,138.58999633789062,136.88999938964844,137.8000030517578,10002500
2023-03-09,136.75999450683594,137.35000610351562,129.22000122070312,130.33999633789062,25888100
2023-03-10,128.9600067138672,135.25999450683594,127.81999969482422,133.64999389648438,37599700
2023-03-13,131.2100067138672,133.8800048828125,129.41000366210938,131.25,42901100
2023-03-14,135.27999877929688,135.52999877929688,131.2899932861328,134.6199951171875,29648100
2023-03-15,130.97999572753906,130.99000549316406,126.7300033569336,128.25999450683594,34280600
2023-03-16,128.00999450683594,131.9499969482422,126.0199966430664,130.75,24558500
2023-03-17,128.3800048828125,128.47999572753906,125.44999694824219,125.80999755859375,38396000
2023-03-20,126.98999786376953,129.47000122070312,126.01000213623047,127.13999938964844,22875500
2023-03-21,130.58999633789062,131.72999572753906,130.19000244140625,130.5500030517578,17807800
2023-03-22,130.55999755859375,130.66000366210938,127.08000183105469,127.18000030517578,17250200
2023-03-23,127.9000015258789,129.52999877929688,126.0199966430664,126.83999633789062,16677600
2023-03-24,125.62999725341797,125.68000030517578,123.11000061035156,124.91000366210938,22311100
2023-03-27,126.79000091552734,129.3800048828125,126.29000091552734,128.49000549316406,18853900
2023-03-28,128.7100067138672,129.33999633789062,127.73999786376953,128.8800048828125,10820500
2023-03-29,130.10000610351562,130.22000122070312,127.7699966430664,129.13999938964844,14595300
2023-03-30,129.9499969482422,130.1199951171875,127.6500015258789,128.75,12134700
2023-03-31,129.66000366210938,130.33999633789062,128.85000610351562,130.30999755859375,13105200
2023-04-03,129.91000366210938,131.44000244140625,129.41000366210938,130.16000366210938,11775400
2023-04-04,130.5,130.58999633789062,127.41000366210938,128.4199981689453,11579900
2023-04-05,126.80000305175781,128.14999389648438,126.45999908447266,127.61000061035156,9614700
2023-04-06,127.0,128.0800018310547,126.86000061035156,127.47000122070312,8760200
2023-04-10,126.54000091552734,128.22999572753906,126.22000122070312,127.88999938964844,9477300
2023-04-11,128.3000030517578,128.94000244140625,127.54000091552734,128.52000427246094,10516300
2023-04-12,129.17999267578125,130.42999267578125,128.05999755859375,128.5,11821000
2023-04-13,128.4600067138672,129.0399932861328,126.83000183105469,128.99000549316406,12450200
2023-04-14,135.14999389648438,139.1199951171875,134.89999389648438,138.72999572753906,43931300
2023-04-17,139.9499969482422,140.05999755859375,137.66000366210938,139.8300018310547,16050500
2023-04-18,140.27000427246094,141.77999877929688,139.02999877929688,141.39999389648438,13760100
2023-04-19,141.22999572753906,141.5,140.39999389648438,141.22000122070312,9158100
2023-04-20,139.91000366210938,141.42999267578125,139.83999633789062,140.80999755859375,10586200
2023-04-21,139.74000549316406,141.11000061035156,138.77999877929688,140.5399932861328,11842500
2023-04-24,140.4600067138672,141.10000610351562,140.0399932861328,140.72999572753906,7567500
2023-04-25,139.60000610351562,139.9600067138672,137.6300048828125,137.6699981689453,10629300
2023-04-26,137.6199951171875,137.80999755859375,134.0,135.22999572753906,14416100
2023-04-27,136.0,137.91000366210938,135.66000366210938,137.0500030517578,9041100
2023-04-28,136.55999755859375,138.32000732421875,135.6699981689453,138.24000549316406,9887300
2023-05-01,142.25999450683594,143.3699951171875,140.8300018310547,141.1999969482422,20415800
2023-05-02,141.39999389648438,142.41000366210938,138.42999267578125,138.9199981689453,14113400
2023-05-03,138.44000244140625,138.6699981689453,135.75999450683594,135.97999572753906,12930900
2023-05-04,134.9600067138672,135.72000122070312,131.80999755859375,134.1199951171875,17089200
2023-05-05,136.44000244140625,137.8800048828125,135.91000366210938,136.74000549316406,11261400
2023-05-08,137.49000549316406,137.97000122070312,136.47999572753906,137.07000732421875,7484900
2023-05-09,135.92999267578125,136.9499969482422,135.2100067138672,136.41000366210938,7343600
2023-05-10,137.9499969482422,138.05999755859375,134.8699951171875,136.47999572753906,8133400
2023-05-11,135.0,136.80999755859375,134.89999389648438,136.0500030517578,7057300
2023-05-12,136.82000732421875,136.99000549316406,133.1300048828125,134.10000610351562,9988600
2023-05-15,134.27000427246094,135.6699981689453,133.9600067138672,135.22999572753906,7639500
2023-05-16,135.4600067138672,135.94000244140625,133.9600067138672,134.32000732421875,6477200
2023-05-17,135.89999389648438,138.58999633789062,135.4600067138672,138.4499969482422,12711500
2023-05-18,138.27000427246094,139.72999572753906,137.75999450683594,139.5,10999600
2023-05-19,139.7899932861328,140.49000549316406,138.1300048828125,139.17999267578125,13492200
2023-05-22,141.0,141.63999938964844,137.66000366210938,138.02999877929688,11402500
2023-05-23,137.5399932861328,139.02999877929688,136.4600067138672,136.58999633789062,9514900
2023-05-24,135.39999389648438,136.35000610351562,135.0800018310547,135.33999633789062,8578000
2023-05-25,134.82000732421875,136.27000427246094,134.5800018310547,135.6699981689453,8472500
2023-05-26,136.11000061035156,137.60000610351562,135.6300048828125,136.94000244140625,8579900
2023-05-30,136.8000030517578,137.72000122070312,136.02000427246094,137.4600067138672,7399900
2023-05-31,136.72999572753906,136.83999633789062,134.39999389648438,135.7100067138672,14219900
2023-06-01,136.52000427246094,138.22999572753906,135.4499969482422,137.5800018310547,12248100
2023-06-02,139.55999755859375,141.47999572753906,139.33999633789062,140.47000122070312,12922500
2023-06-05,140.11000061035156,140.11000061035156,138.1300048828125,139.08999633789062,8511900
2023-06-06,138.67999267578125,140.10000610351562,138.2100067138672,139.33999633789062,9329500
2023-06-07,139.5500030517578,141.27000427246094,138.8300018310547,140.69000244140625,9281400
2023-06-08,140.6699981689453,140.88999938964844,139.47999572753906,140.72999572753906,7368100
2023-06-09,140.35000610351562,141.8000030517578,140.2100067138672,141.00999450683594,7249100
2023-06-12,141.07000732421875,141.32000732421875,139.75999450683594,141.0,7596600
2023-06-13,140.47999572753906,142.8699951171875,140.13999938964844,142.02000427246094,7701600
2023-06-14,143.0,143.61000061035156,140.6999969482422,141.49000549316406,9068700
2023-06-15,140.58999633789062,143.39999389648438,140.02999877929688,143.08999633789062,9343100
2023-06-16,143.0500030517578,143.97000122070312,142.5,143.25999450683594,13813500
2023-06-20,142.61000061035156,143.0,141.0399932861328,142.52999877929688,8428600
2023-06-21,142.89999389648438,144.02000427246094,141.69000244140625,142.32000732421875,9926500
2023-06-22,142.30999755859375,142.60000610351562,138.9499969482422,139.5800018310547,10075200
2023-06-23,138.5399932861328,139.17999267578125,137.6199951171875,138.85000610351562,9919500
2023-06-26,138.8699951171875,140.00999450683594,137.69000244140625,139.19000244140625,8429700
2023-06-27,139.0,139.83999633789062,138.5399932861328,139.1999969482422,8154000
2023-06-28,139.16000366210938,139.2100067138672,137.9600067138672,138.58999633789062,7558600
2023-06-29,140.07000732421875,143.55999755859375,139.85000610351562,143.42999267578125,15423200
2023-06-30,144.60000610351562,146.0,143.66000366210938,145.44000244140625,14212800
2023-07-03,146.19000244140625,147.47999572753906,146.0,146.61000061035156,8021600
2023-07-05,144.94000244140625,145.42999267578125,144.36000061035156,144.63999938964844,8934900
2023-07-06,143.02000427246094,143.38999938964844,141.44000244140625,143.2100067138672,9709500
2023-07-07,143.91000366210938,145.83999633789062,143.0,144.33999633789062,8981500
2023-07-10,144.5,145.99000549316406,144.5,145.14999389648438,9100100
2023-07-11,146.33999633789062,147.82000732421875,145.7100067138672,147.4199981689453,11260900
2023-07-12,147.4499969482422,149.8699951171875,147.0,148.14999389648438,11323200
2023-07-13,148.6999969482422,149.3699951171875,147.75,148.8699951171875,11234900
2023-07-14,151.5500030517578,152.88999938964844,148.41000366210938,149.77000427246094,27028400
2023-07-17,150.35000610351562,153.75,150.35000610351562,153.3800048828125,17262400
2023-07-18,153.3800048828125,154.39999389648438,152.82000732421875,153.66000366210938,13491700
2023-07-19,152.75,155.2100067138672,152.22000122070312,154.25,12510000
2023-07-20,154.52999877929688,156.58999633789062,154.41000366210938,156.14999389648438,9935900
2023-07-21,155.8000030517578,156.13999938964844,154.69000244140625,154.9499969482422,10636400
2023-07-24,154.97000122070312,158.7899932861328,154.72999572753906,158.0,14381400
2023-07-25,157.3000030517578,157.72000122070312,155.9600067138672,156.82000732421875,9944700
2023-07-26,156.7100067138672,158.25,156.27999877929688,157.75999450683594,8728600
2023-07-27,157.77000427246094,158.77999877929688,155.5500030517578,156.02000427246094,10778400
2023-07-28,157.27999877929688,157.60000610351562,156.44000244140625,156.91000366210938,9103800
2023-07-31,157.17999267578125,159.3800048828125,157.14999389648438,157.9600067138672,8892700
2023-08-01,157.42999267578125,158.0,156.14999389648438,157.17999267578125,6853900
2023-08-02,155.55999755859375,155.69000244140625,153.94000244140625,155.39999389648438,8299400
2023-08-03,155.0,156.9199981689453,154.35000610351562,156.35000610351562,6084000
2023-08-04,156.39999389648438,157.8000030517578,155.6999969482422,156.02000427246094,6209400
2023-08-07,156.60000610351562,157.6999969482422,156.60000610351562,156.75999450683594,7251800
2023-08-08,154.32000732421875,155.97999572753906,152.58999633789062,155.8800048828125,8623400
2023-08-09,155.32000732421875,155.52000427246094,153.47000122070312,153.7899932861328,6277800
2023-08-10,154.3800048828125,155.44000244140625,153.08999633789062,153.55999755859375,5995100
2023-08-11,153.02999877929688,154.52000427246094,152.6300048828125,154.4499969482422,5180700
2023-08-14,153.61000061035156,154.9199981689453,152.9199981689453,154.77000427246094,5044300
2023-08-15,152.85000610351562,153.27000427246094,150.22999572753906,150.8300018310547,10300300
2023-08-16,150.60000610351562,150.9600067138672,149.67999267578125,150.19000244140625,6978200
2023-08-17,150.8800048828125,151.25999450683594,148.39999389648438,148.6300048828125,9953900
2023-08-18,147.64999389648438,149.5,147.44000244140625,148.97000122070312,8517500
2023-08-21,149.64999389648438,150.10000610351562,148.02000427246094,149.47999572753906,8327000
2023-08-22,149.25999450683594,149.63999938964844,145.85000610351562,146.3800048828125,9673300
2023-08-23,146.35000610351562,147.58999633789062,145.4600067138672,147.3699951171875,7858000
2023-08-24,147.5,149.41000366210938,146.99000549316406,147.22999572753906,6534000
2023-08-25,147.27999877929688,148.6199951171875,145.85000610351562,147.0500030517578,6695500
2023-08-28,147.57000732421875,148.61000061035156,147.1300048828125,147.55999755859375,5094100
2023-08-29,147.7100067138672,148.85000610351562,147.17999267578125,148.75999450683594,6337000
2023-08-30,148.6199951171875,149.14999389648438,147.19000244140625,148.16000366210938,6277300
2023-08-31,148.25999450683594,148.35000610351562,145.9600067138672,146.3300018310547,10933900
2023-09-01,146.08999633789062,148.0800018310547,145.6999969482422,146.82000732421875,7903500
2023-09-05,147.16000366210938,148.2100067138672,145.00999450683594,145.1999969482422,7854700
2023-09-06,144.6999969482422,145.5399932861328,144.11000061035156,144.9600067138672,8629200
2023-09-07,144.1300048828125,145.27000427246094,143.38999938964844,143.72000122070312,8373700
2023-09-08,143.3699951171875,144.1199951171875,142.64999389648438,143.8300018310547,7107900
2023-09-11,144.75,145.0500030517578,143.69000244140625,144.4600067138672,6854200
2023-09-12,144.5,147.32000732421875,144.0500030517578,146.33999633789062,8363200
2023-09-13,147.33999633789062,147.6999969482422,145.82000732421875,146.41000366210938,8325900
2023-09-14,147.83999633789062,149.89999389648438,147.52000427246094,149.25,10034900
2023-09-15,148.9199981689453,149.72999572753906,148.30999755859375,148.80999755859375,19863400
2023-09-18,148.16000366210938,149.13999938964844,147.75,149.1199951171875,6512400
2023-09-19,149.5,149.72000122070312,147.2100067138672,148.92999267578125,7943400
2023-09-20,149.64999389648438,150.25,148.13999938964844,148.3000030517578,7332000
2023-09-21,147.5800018310547,148.85000610351562,146.6300048828125,147.13999938964844,8052400
2023-09-22,147.2899932861328,147.50999450683594,145.19000244140625,145.72999572753906,7071700
2023-09-25,145.35000610351562,146.52000427246094,143.6999969482422,146.4499969482422,7044700
2023-09-26,144.60000610351562,145.83999633789062,144.22999572753906,144.92999267578125,7468400
2023-09-27,145.19000244140625,146.08999633789062,144.50999450683594,145.77999877929688,6717800
2023-09-28,146.27999877929688,148.8699951171875,146.00999450683594,147.58999633789062,8868100
2023-09-29,148.60000610351562,148.75999450683594,144.86000061035156,145.02000427246094,11917800
2023-10-02,144.8300018310547,145.6199951171875,142.6300048828125,143.77000427246094,9170600
2023-10-03,143.1999969482422,143.58999633789062,142.35000610351562,142.7100067138672,9431100
2023-10-04,143.19000244140625,143.47000122070312,141.92999267578125,143.35000610351562,8128700
2023-10-05,142.0399932861328,143.10000610351562,140.8300018310547,142.89999389648438,8576200
2023-10-06,142.91000366210938,145.8800048828125,142.13999938964844,145.10000610351562,10270600
2023-10-09,143.66000366210938,145.39999389648438,143.5,144.77000427246094,6964900
2023-10-10,145.4199981689453,146.77000427246094,145.27999877929688,145.64999389648438,11288800
2023-10-11,146.50999450683594,147.22999572753906,145.02000427246094,146.14999389648438,8698200
2023-10-12,146.3000030517578,146.9600067138672,145.1300048828125,145.80999755859375,10484400
2023-10-13,148.5,153.11000061035156,147.83999633789062,148.0,29427000
2023-10-16,149.4499969482422,149.52000427246094,146.72000122070312,147.85000610351562,12663500
2023-10-17,147.57000732421875,149.30999755859375,146.7899932861328,147.52999877929688,11482700
2023-10-18,146.58999633789062,147.47999572753906,145.3699951171875,145.91000366210938,9620300
2023-10-19,145.47999572753906,147.02000427246094,144.8800048828125,145.2899932861328,11143600
2023-10-20,144.57000732421875,145.13999938964844,142.1199951171875,142.9499969482422,13332900
2023-10-23,142.94000244140625,143.67999267578125,140.72999572753906,141.0,10133400
2023-10-24,141.19000244140625,141.72999572753906,140.36000061035156,141.1699981689453,8881400
2023-10-25,140.57000732421875,141.17999267578125,139.50999450683594,140.39999389648438,8242600
2023-10-26,139.75999450683594,141.6699981689453,139.42999267578125,140.75999450683594,9109400
2023-10-27,138.9499969482422,139.10000610351562,135.19000244140625,135.69000244140625,17434700
2023-10-30,136.44000244140625,138.0399932861328,136.0399932861328,137.4199981689453,9855500
2023-10-31,137.7100067138672,139.24000549316406,137.47000122070312,139.05999755859375,9672500
2023-11-01,139.25,140.52999877929688,138.47000122070312,138.94000244140625,9432000
2023-11-02,140.08999633789062,141.47999572753906,139.22999572753906,141.4199981689453,10186200
2023-11-03,142.19000244140625,143.77000427246094,141.85000610351562,143.0,9538700
2023-11-06,143.1699981689453,144.19000244140625,142.7899932861328,144.0800018310547,7625100
2023-11-07,143.50999450683594,144.25999450683594,142.82000732421875,144.00999450683594,6297900
2023-11-08,144.11000061035156,144.83999633789062,143.6199951171875,144.72000122070312,7618200
2023-11-09,145.44000244140625,145.64999389648438,143.6999969482422,144.2899932861328,7992500
2023-11-10,144.94000244140625,146.47999572753906,144.0800018310547,146.42999267578125,7983300
2023-11-13,145.6999969482422,146.25,145.16000366210938,145.77999877929688,6676300
2023-11-14,146.67999267578125,149.25,146.52000427246094,148.44000244140625,9927700
2023-11-15,148.4600067138672,150.16000366210938,148.4600067138672,149.74000549316406,8365300
2023-11-16,150.08999633789062,151.52999877929688,150.08999633789062,151.4499969482422,8126200
2023-11-17,152.1999969482422,152.86000061035156,151.5399932861328,152.82000732421875,7812400
2023-11-20,152.0800018310547,153.75,151.9199981689453,153.2899932861328,7019000
2023-11-21,153.1999969482422,153.6300048828125,152.57000732421875,152.97000122070312,7083500
2023-11-22,153.41000366210938,153.8800048828125,152.89999389648438,153.3300018310547,5174500
2023-11-24,153.58999633789062,154.44000244140625,153.27999877929688,153.5399932861328,3496900
2023-11-27,153.42999267578125,153.52999877929688,152.7100067138672,153.19000244140625,6259100
2023-11-28,153.22000122070312,153.8699951171875,152.72000122070312,153.5399932861328,6582700
2023-11-29,154.1699981689453,155.6300048828125,154.0,154.32000732421875,9126100
2023-11-30,154.91000366210938,156.1300048828125,154.3800048828125,156.0800018310547,9869800
2023-12-01,155.82000732421875,157.86000061035156,155.82000732421875,156.83999633789062,8916000
2023-12-04,156.02000427246094,158.0500030517578,155.8800048828125,157.99000549316406,9607500
2023-12-05,157.25999450683594,158.5,156.97000122070312,157.97000122070312,9135600
2023-12-06,158.83999633789062,159.22000122070312,156.0,156.30999755859375,9366000
2023-12-07,156.69000244140625,157.30999755859375,156.14999389648438,156.7899932861328,8130900
2023-12-08,157.25999450683594,158.77999877929688,156.97999572753906,158.52000427246094,7369400
2023-12-11,158.52000427246094,159.3000030517578,158.14999389648438,159.10000610351562,8093900
2023-12-12,159.22999572753906,160.64999389648438,158.8800048828125,160.52000427246094,10223000
2023-12-13,160.52000427246094,162.02999877929688,159.77000427246094,161.05999755859375,12379100
2023-12-14,161.8300018310547,164.83999633789062,161.7100067138672,163.99000549316406,13643000
2023-12-15,163.0800018310547,165.27999877929688,162.38999938964844,165.22999572753906,20309300
2023-12-18,165.9199981689453,167.1300048828125,165.6300048828125,166.22999572753906,8469600
2023-12-19,166.0,168.47000122070312,165.5500030517578,168.4499969482422,10345700
2023-12-20,167.99000549316406,169.41000366210938,166.4499969482422,166.5500030517578,10734700
2023-12-21,166.83999633789062,168.08999633789062,165.67999267578125,167.5,7601700
2023-12-22,167.5,168.22999572753906,167.22999572753906,167.39999389648438,6576300
2023-12-26,167.4600067138672,168.77000427246094,167.17999267578125,168.38999938964844,4683600
2023-12-27,167.83999633789062,169.47000122070312,167.5800018310547,169.39999389648438,6428600
2023-12-28,169.35000610351562,170.66000366210938,169.0,170.3000030517578,6320100
2023-12-29,170.0,170.69000244140625,169.6300048828125,170.10000610351562,6435100
2024-01-02,169.08999633789062,172.1699981689453,168.91000366210938,172.0800018310547,9977400
2024-01-03,171.86000061035156,172.0399932861328,170.3699951171875,171.3300018310547,9852300
2024-01-04,170.63999938964844,173.35000610351562,170.5399932861328,171.41000366210938,11972500
2024-01-05,171.47000122070312,173.3800048828125,171.47000122070312,172.27000427246094,10066000
2024-01-08,172.02000427246094,172.36000061035156,169.49000549316406,172.02000427246094,11229900
2024-01-09,171.6199951171875,171.7899932861328,170.10000610351562,170.66000366210938,9923600
2024-01-10,170.0,171.0800018310547,168.9499969482422,171.02000427246094,9670200
2024-01-11,170.3300018310547,170.36000061035156,168.63999938964844,170.3000030517578,11919500
2024-01-12,173.8000030517578,176.30999755859375,168.89999389648438,169.0500030517578,19436500
2024-01-16,164.8699951171875,168.08999633789062,164.3000030517578,167.99000549316406,17206400
2024-01-17,167.33999633789062,169.07000732421875,166.49000549316406,167.08999633789062,11107500
2024-01-18,167.1199951171875,167.52999877929688,165.24000549316406,167.4199981689453,9382300
2024-01-19,167.5500030517578,170.57000732421875,167.0800018310547,170.30999755859375,13115700
2024-01-22,170.4600067138672,171.97999572753906,169.7100067138672,170.11000061035156,12837500
2024-01-23,169.6699981689453,169.75,168.44000244140625,168.99000549316406,8360800
2024-01-24,169.36000061035156,171.00999450683594,168.86000061035156,170.5,9967100
2024-01-25,172.30999755859375,172.99000549316406,170.91000366210938,172.94000244140625,8873500
2024-01-26,172.61000061035156,173.05999755859375,171.77999877929688,172.27999877929688,7443000
2024-01-29,172.24000549316406,172.83999633789062,171.3000030517578,172.72999572753906,6971200
2024-01-30,172.8300018310547,176.75999450683594,172.8300018310547,176.27000427246094,10822100
2024-01-31,176.1999969482422,178.3000030517578,174.33999633789062,174.36000061035156,11521800
2024-02-01,173.63999938964844,174.83999633789062,171.42999267578125,173.72999572753906,9354800
2024-02-02,173.3000030517578,175.82000732421875,173.25999450683594,174.72999572753906,8607600
2024-02-05,173.86000061035156,175.08999633789062,172.9199981689453,174.5,7820200
2024-02-06,174.61000061035156,175.8699951171875,173.75999450683594,175.10000610351562,6764800
2024-02-07,175.69000244140625,175.8699951171875,173.9600067138672,175.42999267578125,7225500
2024-02-08,175.0,175.30999755859375,173.57000732421875,174.8000030517578,6060300
2024-02-09,175.0,175.10000610351562,173.6699981689453,175.00999450683594,6296700
2024-02-12,174.77999877929688,176.80999755859375,173.6999969482422,175.7899932861328,8539300
2024-02-13,175.32000732421875,176.22999572753906,172.6199951171875,174.25999450683594,8397600
2024-02-14,175.07000732421875,176.10000610351562,174.4199981689453,176.02999877929688,7056700
2024-02-15,176.14999389648438,180.2100067138672,176.14999389648438,179.8699951171875,8723400
2024-02-16,179.61000061035156,179.97999572753906,178.16000366210938,179.02999877929688,8152600
2024-02-20,179.19000244140625,180.4600067138672,178.41000366210938,179.72999572753906,9668000
2024-02-21,179.9499969482422,180.99000549316406,178.52000427246094,180.89999389648438,7024000
2024-02-22,181.82000732421875,183.4199981689453,181.24000549316406,183.07000732421875,9296500
2024-02-23,183.80999755859375,185.1999969482422,183.19000244140625,183.99000549316406,7105800
2024-02-26,183.75,184.4600067138672,182.47999572753906,183.36000061035156,7145400
2024-02-27,183.30999755859375,183.5399932861328,182.24000549316406,183.4499969482422,5717100
2024-02-28,183.42999267578125,185.1999969482422,182.9600067138672,184.3800048828125,6131600
2024-02-29,185.66000366210938,186.42999267578125,183.85000610351562,186.05999755859375,9643000
2024-03-01,185.6999969482422,186.44000244140625,185.10000610351562,185.2899932861328,6311800
2024-03-04,184.7100067138672,187.58999633789062,184.27000427246094,186.67999267578125,7063600
2024-03-05,186.36000061035156,189.3000030517578,186.36000061035156,188.5500030517578,6617800
2024-03-06,189.25,190.07000732421875,187.6300048828125,189.52999877929688,7572900
2024-03-07,189.91000366210938,190.5,186.6300048828125,187.8699951171875,7618300
2024-03-08,188.44000244140625,190.4600067138672,187.9199981689453,188.22000122070312,6172200
2024-03-11,187.27999877929688,188.44000244140625,186.22000122070312,188.2899932861328,5762600
2024-03-12,188.9499969482422,190.16000366210938,187.91000366210938,189.83999633789062,5708400
2024-03-13,190.36000061035156,191.72999572753906,189.83999633789062,191.3800048828125,7795500
2024-03-14,191.02999877929688,191.6300048828125,187.10000610351562,187.97000122070312,10310900
2024-03-15,186.47999572753906,190.94000244140625,186.47999572753906,190.3000030517578,17214200
2024-03-18,190.6300048828125,192.6999969482422,189.88999938964844,192.66000366210938,9013800
2024-03-19,192.7100067138672,193.92999267578125,192.3800048828125,193.7899932861328,8478700
2024-03-20,194.19000244140625,196.55999755859375,193.61000061035156,196.3300018310547,9367000
2024-03-21,196.52000427246094,199.42999267578125,196.3300018310547,199.05999755859375,11203800
2024-03-22,199.00999450683594,200.47999572753906,196.5399932861328,196.6199951171875,8108800
2024-03-25,196.60000610351562,196.94000244140625,194.36000061035156,194.82000732421875,8620000
2024-03-26,194.58999633789062,196.66000366210938,194.05999755859375,195.72999572753906,5961500
2024-03-27,196.5,199.60000610351562,196.3800048828125,199.52000427246094,8725800
2024-03-28,199.49000549316406,200.72000122070312,198.5399932861328,200.3000030517578,8628300
2024-04-01,199.99000549316406,200.94000244140625,198.57000732421875,198.94000244140625,7309000
2024-04-02,198.38999938964844,199.77999877929688,198.0800018310547,198.86000061035156,7014700
2024-04-03,199.0399932861328,199.55999755859375,197.6999969482422,198.3000030517578,9353400
2024-04-04,199.14999389648438,199.67999267578125,195.5500030517578,195.64999389648438,9243800
2024-04-05,196.16000366210938,198.1199951171875,195.11000061035156,197.4499969482422,6532300
2024-04-08,197.6199951171875,198.97999572753906,197.6199951171875,198.47999572753906,8001000
2024-04-09,198.07000732421875,198.8800048828125,194.91000366210938,197.14999389648438,7351500
2024-04-10,195.5500030517578,197.07000732421875,194.17999267578125,195.47000122070312,7681400
2024-04-11,196.0,196.57000732421875,193.24000549316406,195.42999267578125,10137700
2024-04-12,188.32000732421875,188.92999267578125,182.5399932861328,182.7899932861328,31532300
2024-04-15,184.5,187.4600067138672,182.1999969482422,182.88999938964844,14766600
2024-04-16,182.89999389648438,183.16000366210938,179.64999389648438,180.8000030517578,16451800
2024-04-17,181.3699951171875,182.4199981689453,179.1999969482422,180.0800018310547,9017100
2024-04-18,181.10000610351562,183.36000061035156,179.97000122070312,181.25,9557700
2024-04-19,182.39999389648438,185.8800048828125,181.41000366210938,185.8000030517578,13402300
2024-04-22,185.99000549316406,190.1300048828125,185.97999572753906,189.41000366210938,11529700
2024-04-23,191.1300048828125,192.22999572753906,190.52000427246094,192.13999938964844,9144400
2024-04-24,190.52999877929688,193.22999572753906,190.1699981689453,193.0800018310547,6964900
2024-04-25,192.25,193.94000244140625,191.17999267578125,193.3699951171875,9802300
2024-04-26,193.57000732421875,194.8699951171875,193.05999755859375,193.49000549316406,6413700
2024-04-29,193.47999572753906,194.25999450683594,192.42999267578125,193.27999877929688,5387800
2024-04-30,192.80999755859375,194.99000549316406,191.63999938964844,191.74000549316406,8153700
2024-05-01,192.27000427246094,194.4600067138672,190.7899932861328,191.86000061035156,7445300
2024-05-02,193.07000732421875,193.5,189.52000427246094,191.66000366210938,6501700
2024-05-03,192.0,192.52999877929688,188.4600067138672,190.50999450683594,8922800
2024-05-06,191.72999572753906,192.1999969482422,189.82000732421875,192.0,7911100
2024-05-07,191.6999969482422,192.92999267578125,191.64999389648438,191.75,7688800
2024-05-08,191.0,196.64999389648438,191.0,195.64999389648438,9227600
2024-05-09,195.1699981689453,197.58999633789062,195.10000610351562,197.5,7977300
2024-05-10,198.5399932861328,199.33999633789062,198.27000427246094,198.77000427246094,7529800
2024-05-13,198.8000030517578,199.85000610351562,198.0399932861328,198.72999572753906,7049200
2024-05-14,199.0,201.5800018310547,198.16000366210938,201.50999450683594,8596200
2024-05-15,202.00999450683594,202.69000244140625,199.77000427246094,202.11000061035156,8370000
2024-05-16,202.22000122070312,204.47999572753906,201.99000549316406,202.47000122070312,8497900
2024-05-17,203.80999755859375,205.0500030517578,202.80999755859375,204.7899932861328,9260500
2024-05-20,204.38999938964844,205.8800048828125,195.39999389648438,195.5800018310547,17373300
2024-05-21,197.0,199.89999389648438,196.60000610351562,199.52000427246094,14420800
2024-05-22,199.0,200.94000244140625,197.69000244140625,198.30999755859375,9425300
2024-05-23,197.80999755859375,198.3000030517578,196.07000732421875,196.9199981689453,8069400
2024-05-24,197.75,200.75999450683594,197.55999755859375,200.7100067138672,7356200
2024-05-28,199.86000061035156,200.41000366210938,198.66000366210938,199.5,6910200
2024-05-29,198.0,198.99000549316406,196.88999938964844,198.11000061035156,6120000
2024-05-30,198.55999755859375,199.85000610351562,198.39999389648438,199.3300018310547,6829100
2024-05-31,199.3000030517578,203.3000030517578,198.35000610351562,202.6300048828125,14417900
2024-06-03,202.30999755859375,202.4199981689453,199.19000244140625,201.82000732421875,6444300
2024-06-04,200.16000366210938,201.97999572753906,198.27999877929688,199.16000366210938,6848300
2024-06-05,199.75999450683594,199.82000732421875,196.9199981689453,197.25999450683594,8351600
2024-06-06,197.25999450683594,198.02000427246094,195.3300018310547,196.91000366210938,7640300
2024-06-07,197.42999267578125,200.9199981689453,197.00999450683594,199.9499969482422,6964500
2024-06-10,199.24000549316406,200.83999633789062,198.44000244140625,199.61000061035156,6070800
2024-06-11,197.91000366210938,197.94000244140625,193.60000610351562,194.36000061035156,9235300
2024-06-12,196.0,196.72000122070312,191.30999755859375,191.52999877929688,12751300
2024-06-13,192.32000732421875,194.5800018310547,190.8800048828125,193.66000366210938,8587800
2024-06-14,191.4499969482422,194.86000061035156,191.4199981689453,193.77999877929688,6874000
2024-06-17,193.47999572753906,195.5800018310547,192.63999938964844,194.97999572753906,8725400
2024-06-18,194.60000610351562,197.9600067138672,194.1300048828125,197.0,9023000
2024-06-20,196.38999938964844,199.4499969482422,196.11000061035156,198.6699981689453,8731100
2024-06-21,196.7100067138672,197.1699981689453,194.22000122070312,196.3000030517578,20972100
2024-06-24,197.80999755859375,199.22999572753906,197.10000610351562,198.8800048828125,9785900
2024-06-25,198.08999633789062,200.07000732421875,197.74000549316406,198.07000732421875,6862500
2024-06-26,197.4499969482422,197.94000244140625,196.27999877929688,197.42999267578125,7758600
2024-06-27,197.44000244140625,199.86000061035156,196.89999389648438,199.1699981689453,7913500
2024-06-28,200.00999450683594,202.60000610351562,199.3000030517578,202.25999450683594,15307600
2024-07-01,202.83999633789062,207.08999633789062,202.66000366210938,205.4499969482422,10205800
2024-07-02,205.2899932861328,208.86000061035156,204.77000427246094,208.8300018310547,7802900
2024-07-03,209.5500030517578,210.3800048828125,207.64999389648438,208.69000244140625,5560900
2024-07-05,206.99000549316406,207.3699951171875,204.52000427246094,204.7899932861328,8093100
2024-07-08,205.0399932861328,206.89999389648438,203.97000122070312,205.1699981689453,8707000
2024-07-09,205.6300048828125,209.75999450683594,205.4499969482422,207.6300048828125,9058900
2024-07-10,206.13999938964844,207.97000122070312,205.5800018310547,207.8000030517578,8328500
2024-07-11,206.2100067138672,208.10000610351562,205.3800048828125,207.4499969482422,10658100
2024-07-12,204.0,207.4499969482422,202.10000610351562,204.94000244140625,15443400
2024-07-15,207.19000244140625,211.61000061035156,206.72000122070312,210.0500030517578,10719700
2024-07-16,210.0,213.74000549316406,208.0800018310547,213.6199951171875,11557000
2024-07-17,213.8000030517578,217.55999755859375,213.27000427246094,216.8699951171875,11572500
2024-07-18,215.6300048828125,216.63999938964844,209.24000549316406,209.97999572753906,12415100
2024-07-19,211.1999969482422,212.35000610351562,208.9199981689453,209.77999877929688,8095900
2024-07-22,210.4600067138672,212.1699981689453,209.7100067138672,210.27999877929688,7663200
2024-07-23,211.02000427246094,211.47999572753906,209.35000610351562,210.3300018310547,5557300
2024-07-24,209.5500030517578,212.02999877929688,208.07000732421875,208.58999633789062,7119000
2024-07-25,208.64999389648438,210.19000244140625,208.0500030517578,208.6699981689453,6403800
2024-07-26,209.24000549316406,213.16000366210938,208.6199951171875,212.24000549316406,8027800
2024-07-29,212.64999389648438,213.61000061035156,210.5500030517578,210.85000610351562,6533600
2024-07-30,213.22999572753906,215.7899932861328,212.9600067138672,215.19000244140625,8850700
2024-07-31,214.77999877929688,216.38999938964844,212.6699981689453,212.8000030517578,9071600
2024-08-01,213.1999969482422,213.8300018310547,206.3800048828125,207.9600067138672,10918600
2024-08-02,203.8800048828125,204.6699981689453,196.88999938964844,199.13999938964844,18041700
2024-08-05,194.0500030517578,196.1699981689453,190.89999389648438,194.89999389648438,13927000
2024-08-06,195.39999389648438,202.60000610351562,194.0,200.33999633789062,10605800
2024-08-07,203.50999450683594,205.75,200.1999969482422,200.39999389648438,9204400
2024-08-08,202.47000122070312,204.91000366210938,201.7899932861328,204.05999755859375,7761200
2024-08-09,203.47000122070312,206.47000122070312,202.89999389648438,205.8000030517578,5540200
2024-08-12,206.41000366210938,207.13999938964844,203.66000366210938,206.19000244140625,6936000
2024-08-13,207.72999572753906,208.08999633789062,205.39999389648438,207.94000244140625,6387800
2024-08-14,207.74000549316406,210.75999450683594,207.1199951171875,210.24000549316406,6999800
2024-08-15,213.0,213.88999938964844,211.10000610351562,211.5500030517578,7001000
2024-08-16,211.69000244140625,214.08999633789062,211.58999633789062,213.97000122070312,7931200
2024-08-19,214.0,215.52999877929688,213.82000732421875,215.4499969482422,6090800
2024-08-20,215.0,216.0,213.67999267578125,214.52000427246094,5640000
2024-08-21,214.42999267578125,215.0,212.83999633789062,214.60000610351562,5202300
2024-08-22,214.5800018310547,216.8000030517578,214.33999633789062,216.6300048828125,5247100
2024-08-23,217.60000610351562,219.19000244140625,216.5,218.30999755859375,7214000
2024-08-26,219.00999450683594,219.67999267578125,218.0500030517578,219.1699981689453,5105200
2024-08-27,219.50999450683594,220.4199981689453,219.19000244140625,220.17999267578125,5185200
2024-08-28,219.25,222.2100067138672,219.19000244140625,221.2899932861328,6506400
2024-08-29,222.14999389648438,222.97999572753906,218.94000244140625,222.2100067138672,6416100
2024-08-30,222.5,225.47999572753906,221.92999267578125,224.8000030517578,8574100
2024-09-03,222.3000030517578,224.10000610351562,219.24000549316406,220.3000030517578,8956100
2024-09-04,221.0399932861328,222.07000732421875,217.2100067138672,219.3300018310547,7389500
2024-09-05,220.14999389648438,220.8000030517578,216.02999877929688,217.6300048828125,8067900
2024-09-06,217.60000610351562,218.74000549316406,211.08999633789062,212.4600067138672,7777000
2024-09-09,215.19000244140625,218.14999389648438,214.17999267578125,216.80999755859375,8935100
2024-09-10,218.60000610351562,218.63999938964844,200.61000061035156,205.55999755859375,28406900
2024-09-11,205.25,207.6999969482422,201.8300018310547,207.22999572753906,13658700
2024-09-12,207.64999389648438,208.77999877929688,204.88999938964844,206.60000610351562,9054400
2024-09-13,206.86000061035156,207.85000610351562,203.02000427246094,204.32000732421875,10226700
2024-09-16,205.8300018310547,208.2100067138672,205.58999633789062,207.86000061035156,8634900
2024-09-17,207.72999572753906,209.92999267578125,207.66000366210938,209.25,7573300
2024-09-18,209.00999450683594,211.33999633789062,206.6999969482422,207.52999877929688,8259900
2024-09-19,209.77999877929688,211.91000366210938,207.33999633789062,210.47999572753906,11635200
2024-09-20,209.92999267578125,211.4199981689453,209.5,211.08999633789062,20885000
2024-09-23,211.0,211.8000030517578,209.99000549316406,211.44000244140625,7223500
2024-09-24,211.14999389648438,212.9499969482422,210.3699951171875,211.58999633789062,7323200
2024-09-25,211.67999267578125,212.24000549316406,208.61000061035156,210.19000244140625,8976500
2024-09-26,211.1300048828125,211.6999969482422,209.00999450683594,209.77999877929688,7807500
2024-09-27,210.64999389648438,212.44000244140625,209.3300018310547,210.5,7032500
2024-09-30,206.30999755859375,210.9600067138672,205.25999450683594,210.86000061035156,8663800
2024-10-01,208.89999389648438,209.08999633789062,206.19000244140625,207.0399932861328,8540100
2024-10-02,207.0800018310547,208.9499969482422,205.69000244140625,207.2899932861328,5810900
2024-10-03,206.1699981689453,206.49000549316406,204.33999633789062,205.22999572753906,7251300
2024-10-04,209.3000030517578,211.6699981689453,206.91000366210938,211.22000122070312,10211700
2024-10-07,211.02999877929688,213.3300018310547,209.69000244140625,210.92999267578125,6718900
2024-10-08,210.5800018310547,211.3300018310547,208.3800048828125,210.75,6021800
2024-10-09,209.6999969482422,214.24000549316406,209.3800048828125,213.4199981689453,7024000
2024-10-10,214.80999755859375,214.80999755859375,211.47000122070312,212.83999633789062,7927100
2024-10-11,215.6699981689453,224.6300048828125,215.16000366210938,222.2899932861328,18320700
2024-10-14,223.1999969482422,223.6999969482422,218.8800048828125,221.47999572753906,9048900
2024-10-15,223.66000366210938,225.4499969482422,221.82000732421875,222.38999938964844,9235800
2024-10-16,222.3300018310547,223.67999267578125,221.0399932861328,223.63999938964844,6382500
2024-10-17,224.27000427246094,225.85000610351562,223.30999755859375,224.4199981689453,6470200
2024-10-18,225.0,225.9199981689453,223.10000610351562,225.3699951171875,7000500
2024-10-21,225.22000122070312,225.6999969482422,222.89999389648438,223.0,5870000
2024-10-22,223.02000427246094,225.27999877929688,221.10000610351562,224.1199951171875,9586800
2024-10-23,223.66000366210938,224.8000030517578,222.52999877929688,223.41000366210938,6180500
2024-10-24,221.8300018310547,225.05999755859375,221.66000366210938,224.97999572753906,6002200
2024-10-25,225.0,225.6199951171875,220.8800048828125,222.30999755859375,6369700
2024-10-28,223.35000610351562,225.63999938964844,222.9499969482422,225.5,6843000
2024-10-29,225.2100067138672,226.75,222.80999755859375,222.89999389648438,6580000
2024-10-30,222.5399932861328,226.30999755859375,221.5800018310547,224.41000366210938,7110900
2024-10-31,224.6999969482422,225.69000244140625,221.82000732421875,221.9199981689453,7829900
2024-11-01,223.55999755859375,226.14999389648438,222.6999969482422,222.94000244140625,6923500
2024-11-04,222.64999389648438,223.75999450683594,219.1699981689453,219.77999877929688,8229600
2024-11-05,220.02999877929688,221.9600067138672,220.0,221.49000549316406,5600700
2024-11-06,235.0,248.0,234.77000427246094,247.05999755859375,23987800
2024-11-07,244.5,244.57000732421875,235.22000122070312,236.3800048828125,16451100
2024-11-08,239.33999633789062,239.33999633789062,235.77999877929688,236.97999572753906,9502100
2024-11-11,240.0,242.10000610351562,239.0,239.2899932861328,9017100
2024-11-12,240.5500030517578,241.4600067138672,238.75999450683594,239.55999755859375,6861000
2024-11-13,240.5800018310547,244.08999633789062,240.30999755859375,241.16000366210938,11472600
2024-11-14,242.4199981689453,244.2899932861328,241.0500030517578,241.8699951171875,10172200
2024-11-15,241.4600067138672,246.4199981689453,241.4600067138672,245.30999755859375,11518800
2024-11-18,247.75999450683594,247.92999267578125,242.67999267578125,245.02999877929688,9051400
2024-11-19,242.25,245.14999389648438,241.5500030517578,243.08999633789062,6792700
2024-11-20,244.39999389648438,244.61000061035156,238.63999938964844,240.77999877929688,9015300
2024-11-21,243.22999572753906,245.49000549316406,242.11000061035156,244.75999450683594,8783500
2024-11-22,243.61000061035156,249.14999389648438,243.02999877929688,248.5500030517578,7997300
2024-11-25,249.58999633789062,254.30999755859375,249.05999755859375,250.2899932861328,10295400
2024-11-26,250.49000549316406,251.0,248.33999633789062,249.97000122070312,6212100
2024-11-27,249.35000610351562,251.19000244140625,248.77000427246094,249.7899932861328,5472300
2024-11-29,249.86000061035156,251.77000427246094,249.4499969482422,249.72000122070312,5494800
2024-12-02,249.5500030517578,250.25,245.02999877929688,246.25,8899700
2024-12-03,248.22999572753906,249.0399932861328,244.6300048828125,244.82000732421875,6657700
2024-12-04,244.6999969482422,245.35000610351562,242.22999572753906,243.39999389648438,7346300
2024-12-05,245.38999938964844,247.17999267578125,244.6199951171875,245.47999572753906,6572500
2024-12-06,245.6999969482422,247.74000549316406,244.83999633789062,247.36000061035156,5519700
2024-12-09,247.1300048828125,247.8699951171875,243.75999450683594,243.80999755859375,7076500
2024-12-10,243.88999938964844,247.9600067138672,242.22000122070312,242.86000061035156,9108300
2024-12-11,244.0,244.27000427246094,242.17999267578125,243.52999877929688,7884400
2024-12-12,243.0,244.10000610351562,241.0399932861328,241.52999877929688,6113800
2024-12-13,242.07000732421875,242.72000122070312,239.13999938964844,239.94000244140625,10392700
2024-12-16,240.61000061035156,240.6699981689453,237.52000427246094,239.5800018310547,9032000
2024-12-17,238.64999389648438,239.02000427246094,236.6300048828125,238.36000061035156,8083600
2024-12-18,239.0,239.07000732421875,229.52999877929688,230.3699951171875,11322400
2024-12-19,232.27000427246094,236.36000061035156,232.27000427246094,232.9600067138672,11790800
2024-12-20,231.9199981689453,239.2100067138672,231.58999633789062,237.60000610351562,32348400
2024-12-23,236.07000732421875,238.6199951171875,234.8800048828125,238.38999938964844,8611500
2024-12-24,239.42999267578125,242.49000549316406,239.07000732421875,242.30999755859375,3729100
2024-12-26,241.42999267578125,243.25999450683594,240.7899932861328,243.13999938964844,4451800
2024-12-27,242.72000122070312,243.38999938964844,240.0399932861328,241.1699981689453,5730200
2024-12-30,238.77000427246094,240.83999633789062,237.11000061035156,239.32000732421875,5723800
2024-12-31,240.0500030517578,241.44000244140625,239.02999877929688,239.7100067138672,4871000
2025-01-02,240.9199981689453,243.27999877929688,239.4499969482422,240.0,9220900
2025-01-03,243.88999938964844,244.8800048828125,240.25999450683594,243.27999877929688,9491100
2025-01-06,243.6999969482422,245.69000244140625,240.5800018310547,240.85000610351562,9917800
2025-01-07,242.13999938964844,245.25999450683594,240.89999389648438,243.1699981689453,8753400
2025-01-08,242.75,244.25,240.5,243.1300048828125,8675300
2025-01-10,243.08999633789062,243.80999755859375,238.74000549316406,239.8699951171875,10256800
2025-01-13,239.6699981689453,244.5399932861328,239.0,244.2100067138672,10005300
2025-01-14,242.66000366210938,247.72000122070312,242.19000244140625,247.47000122070312,12407400
2025-01-15,250.39999389648438,253.6699981689453,243.67999267578125,252.35000610351562,18448500
2025-01-16,254.0,257.0400085449219,252.3300018310547,254.27000427246094,15292300
2025-01-17,254.13999938964844,260.6199951171875,252.13999938964844,259.1600036621094,17678100
2025-01-21,260.07000732421875,264.25,259.5,263.0299987792969,13712100
2025-01-22,262.8999938964844,263.3800048828125,260.25,262.8399963378906,9021900
2025-01-23,264.69000244140625,266.8599853515625,263.80999755859375,265.95001220703125,10749700
2025-01-24,263.69000244140625,267.1000061035156,263.010009765625,264.8399963378906,7666300
2025-01-27,264.1700134277344,265.9700012207031,262.260009765625,265.8500061035156,7522300
2025-01-28,265.8500061035156,267.3299865722656,264.8299865722656,267.1400146484375,7375400
2025-01-29,267.2099914550781,270.67999267578125,265.6099853515625,266.5799865722656,7684900
2025-01-30,268.6300048828125,269.70001220703125,266.6199951171875,268.2300109863281,8753500
2025-01-31,269.2300109863281,270.82000732421875,266.9599914550781,267.29998779296875,7193800
2025-02-03,261.8299865722656,268.1700134277344,261.70001220703125,266.80999755859375,8381400
2025-02-04,269.8399963378906,269.8399963378906,266.8299865722656,267.94000244140625,5626000
2025-02-05,268.9100036621094,270.6400146484375,268.3299865722656,270.42999267578125,5704400
2025-02-06,272.45001220703125,276.9800109863281,271.19000244140625,276.8999938964844,7264400
2025-02-07,277.2699890136719,278.54998779296875,274.7099914550781,275.79998779296875,6857900
2025-02-10,276.1499938964844,276.17999267578125,269.5899963378906,271.0400085449219,8627400
2025-02-11,270.260009765625,276.2200012207031,269.6600036621094,274.989990234375,7196400
2025-02-12,274.0799865722656,276.45001220703125,273.25,275.45001220703125,6683900
2025-02-13,275.5,276.9700012207031,273.80999755859375,276.32000732421875,8398700
2025-02-14,277.3699951171875,279.2300109863281,276.45001220703125,276.5899963378906,5688600
2025-02-18,276.760009765625,279.9700012207031,276.0199890136719,279.95001220703125,7919800
2025-02-19,278.3800048828125,280.25,277.2200012207031,279.25,7007200
2025-02-20,278.67999267578125,278.739990234375,265.739990234375,266.79998779296875,13846700
2025-02-21,268.32000732421875,269.20001220703125,262.8399963378906,264.239990234375,12835600
2025-02-24,265.489990234375,267.0,258.6099853515625,261.3399963378906,10372800
2025-02-25,262.2300109863281,263.0,253.35000610351562,257.3999938964844,9608400
2025-02-26,257.1600036621094,260.9100036621094,256.92999267578125,258.7900085449219,5943600
2025-02-27,260.17999267578125,263.6400146484375,257.8599853515625,259.04998779296875,8204400
2025-02-28,260.7300109863281,264.80999755859375,257.8900146484375,264.6499938964844,10467100
2025-03-03,264.0,266.32000732421875,257.82000732421875,260.6199951171875,9058300
2025-03-04,255.27999877929688,257.2300109863281,245.9499969482422,250.25,13465600
2025-03-05,251.25,253.0500030517578,247.8300018310547,251.52999877929688,7861400
2025-03-06,248.11000061035156,249.36000061035156,243.85000610351562,246.5399932861328,9983200
2025-03-07,245.22999572753906,246.72000122070312,239.4199981689453,242.27999877929688,20498700
2025-03-10,236.2100067138672,237.50999450683594,228.6999969482422,232.22000122070312,18887200
2025-03-11,231.75,233.32000732421875,226.69000244140625,229.13999938964844,18143000
2025-03-12,234.0,234.32000732421875,227.25999450683594,227.89999389648438,16054000
2025-03-13,229.3000030517578,229.5,224.22999572753906,225.19000244140625,16467900
2025-03-14,228.1199951171875,233.13999938964844,227.5800018310547,232.44000244140625,11962100
2025-03-17,231.17999267578125,235.6699981689453,230.4600067138672,233.92999267578125,9586000
2025-03-18,234.32000732421875,236.1699981689453,233.52000427246094,234.97000122070312,10344900
2025-03-19,235.74000549316406,242.3300018310547,234.88999938964844,239.11000061035156,10120600
2025-03-20,236.55999755859375,241.75999450683594,236.1999969482422,239.00999450683594,8328500
2025-03-21,237.80999755859375,242.3000030517578,236.5,241.6300048828125,19326900
2025-03-24,245.47999572753906,248.69000244140625,244.41000366210938,248.05999755859375,9422700
2025-03-25,249.30999755859375,251.82000732421875,247.6199951171875,251.1300048828125,9287700
2025-03-26,252.60000610351562,254.6699981689453,249.77999877929688,251.02999877929688,12779300
2025-03-27,249.52999877929688,250.63999938964844,247.17999267578125,248.1199951171875,8022500
2025-03-28,246.94000244140625,249.50999450683594,241.11000061035156,242.85000610351562,11978400
2025-03-31,239.41000366210938,245.86000061035156,237.36000061035156,245.3000030517578,13603000
2025-04-01,242.6199951171875,245.69000244140625,240.8800048828125,243.66000366210938,8054700
2025-04-02,241.60000610351562,247.25,241.4600067138672,245.82000732421875,7758800
2025-04-03,234.27000427246094,235.13999938964844,227.3000030517578,228.69000244140625,17188500
2025-04-04,215.30999755859375,217.6999969482422,208.92999267578125,210.27999877929688,27170700
2025-04-07,205.77000427246094,222.0500030517578,202.16000366210938,214.44000244140625,22914400
2025-04-08,223.52000427246094,227.83999633789062,213.25,216.8699951171875,19485700
2025-04-09,212.5,237.47999572753906,211.0,234.33999633789062,24022400
2025-04-10,230.0,230.35000610351562,220.10000610351562,227.11000061035156,18896400
2025-04-11,226.30999755859375,238.5800018310547,225.0,236.1999969482422,20284500
2025-04-14,237.10000610351562,239.77999877929688,233.6300048828125,234.72000122070312,13017800
2025-04-15,236.10000610351562,238.64999389648438,232.82000732421875,233.1300048828125,10912900
2025-04-16,232.0,233.5800018310547,227.92999267578125,229.61000061035156,9322300
2025-04-17,230.8000030517578,234.33999633789062,230.5500030517578,231.9600067138672,9557900
2025-04-21,230.6300048828125,231.80999755859375,226.33999633789062,228.99000549316406,8716200
2025-04-22,231.97999572753906,235.99000549316406,231.3699951171875,235.58999633789062,10701400
2025-04-23,240.22000122070312,246.7899932861328,240.0,240.8800048828125,14126800
2025-04-24,239.74000549316406,245.47000122070312,237.5800018310547,244.63999938964844,9055200
2025-04-25,244.64999389648438,245.6199951171875,241.75,243.5500030517578,8588600
2025-04-28,244.55999755859375,246.83999633789062,240.83999633789062,243.22000122070312,7394300
2025-04-29,242.19000244140625,245.25,241.69000244140625,244.6199951171875,7216800
2025-04-30,241.2100067138672,245.22000122070312,238.42999267578125,244.6199951171875,12991700
2025-05-01,242.83999633789062,248.4499969482422,242.1699981689453,246.88999938964844,8689600
2025-05-02,251.25999450683594,253.6199951171875,249.4600067138672,252.50999450683594,7165000
2025-05-05,251.17999267578125,255.16000366210938,250.58999633789062,252.55999755859375,5450700
2025-05-06,250.0,252.64999389648438,249.0,249.25,6369900
2025-05-07,249.85000610351562,252.4499969482422,248.8300018310547,249.38999938964844,8724100
2025-05-08,251.57000732421875,255.8800048828125,251.5500030517578,253.47000122070312,8320100
2025-05-09,254.5,255.50999450683594,252.33999633789062,253.0800018310547,5087600
2025-05-12,262.8999938964844,263.6000061035156,258.70001220703125,260.04998779296875,9603900
2025-05-13,261.0299987792969,263.6700134277344,260.3900146484375,263.010009765625,8589000
2025-05-14,263.0,266.6400146484375,262.2900085449219,265.6400146484375,8643100
2025-05-15,266.9700012207031,269.5199890136719,264.760009765625,267.489990234375,9214600
2025-05-16,267.5,268.4599914550781,264.7099914550781,267.55999755859375,8932900
2025-05-19,265.54998779296875,268.32000732421875,261.92999267578125,264.8800048828125,12145000
2025-05-20,262.5199890136719,266.6600036621094,262.29998779296875,265.67999267578125,8436300
2025-05-21,264.3500061035156,265.6499938964844,260.7300109863281,261.0400085449219,7464000
2025-05-22,259.44000244140625,262.29998779296875,258.8699951171875,260.6700134277344,6514100
2025-05-23,256.80999755859375,261.989990234375,256.0,260.7099914550781,6671800
2025-05-27,262.0400085449219,265.29998779296875,261.989990234375,265.2900085449219,7506600
2025-05-28,266.239990234375,266.7200012207031,262.8999938964844,263.489990234375,5535400
2025-05-29,264.79998779296875,265.4100036621094,262.5299987792969,264.3699951171875,5081200
2025-05-30,263.45001220703125,265.3299865722656,262.7300109863281,264.0,10977700
2025-06-02,263.0199890136719,265.0299987792969,261.8999938964844,264.6600036621094,6011200
2025-06-03,263.7300109863281,266.5799865722656,262.8800048828125,266.2699890136719,6998400
2025-06-04,265.9200134277344,267.1199951171875,264.17999267578125,264.2200012207031,5915700
2025-06-05,264.739990234375,264.739990234375,260.30999755859375,261.95001220703125,8173800
2025-06-06,264.3299865722656,266.6499938964844,264.260009765625,265.7300109863281,7738100
2025-06-09,266.0,267.8999938964844,263.3500061035156,266.739990234375,8285000
2025-06-10,265.8800048828125,268.8999938964844,265.8500061035156,268.6000061035156,7538100
2025-06-11,268.67999267578125,269.6199951171875,265.7900085449219,268.1499938964844,7434100
2025-06-12,266.8599853515625,268.2900085449219,265.1400146484375,268.239990234375,6618000
2025-06-13,265.0799865722656,267.0199890136719,262.7099914550781,264.95001220703125,7098300
2025-06-16,267.0,271.7300109863281,266.8500061035156,270.3599853515625,8566000
2025-06-17,268.1700134277344,270.5899963378906,267.79998779296875,269.5199890136719,6739300
2025-06-18,270.0,277.7200012207031,269.7200012207031,273.9599914550781,9586400
2025-06-20,275.57000732421875,277.29998779296875,273.80999755859375,275.0,13969700
2025-06-23,275.05999755859375,278.54998779296875,272.1099853515625,278.2699890136719,8094600
2025-06-24,280.2099914550781,282.7099914550781,279.510009765625,281.260009765625,9267900
2025-06-25,281.5,284.2799987792969,280.9100036621094,284.05999755859375,6826900
2025-06-26,284.70001220703125,289.4100036621094,284.4700012207031,288.75,8942100
2025-06-27,285.80999755859375,288.70001220703125,285.0400085449219,287.1099853515625,17868600
2025-06-30,290.3999938964844,292.6499938964844,288.9200134277344,289.9100036621094,12689200
2025-07-01,290.8900146484375,291.1300048828125,286.5899963378906,290.4100036621094,9338300
2025-07-02,292.0400085449219,292.82000732421875,289.70001220703125,292.0,8158700
2025-07-03,292.1499938964844,296.3999938964844,291.2099914550781,296.0,6541600
2025-07-07,295.25,296.0400085449219,290.0799865722656,291.9700012207031,8825700
2025-07-08,289.2699890136719,289.70001220703125,280.30999755859375,282.7799987792969,15440900
2025-07-09,287.17999267578125,287.20001220703125,282.4800109863281,283.1600036621094,11273800
2025-07-10,283.0,288.30999755859375,283.0,288.19000244140625,8410900
2025-07-11,285.5199890136719,287.3800048828125,283.6499938964844,286.8599853515625,7384700
2025-07-14,287.07000732421875,289.29998779296875,285.260009765625,288.70001220703125,9079900
2025-07-15,288.0,291.95001220703125,285.4800109863281,286.54998779296875,12526100
2025-07-16,288.3999938964844,290.7300109863281,283.010009765625,285.82000732421875,9979800
2025-07-17,283.44000244140625,290.29998779296875,283.44000244140625,289.8999938964844,8509500
2025-07-18,289.5199890136719,292.5,288.2300109863281,291.2699890136719,12217000
2025-07-21,291.0,294.17999267578125,290.5799865722656,290.9700012207031,7898100
2025-07-22,291.5,293.6300048828125,289.17999267578125,291.42999267578125,6717500
2025-07-23,292.8399963378906,296.989990234375,292.54998779296875,296.760009765625,7083500
2025-07-24,297.4200134277344,299.5899963378906,296.20001220703125,296.54998779296875,7001200
2025-07-25,296.70001220703125,298.8999938964844,295.9599914550781,298.6199951171875,5918500
2025-07-28,297.6600036621094,299.42999267578125,296.82000732421875,298.2799987792969,5840400
2025-07-29,300.0,301.2900085449219,296.20001220703125,297.0400085449219,7635700
2025-07-30,297.4200134277344,300.6099853515625,297.3800048828125,299.6300048828125,8061700
2025-07-31,299.1400146484375,300.9800109863281,295.5,296.239990234375,14749700
2025-08-01,290.3999938964844,291.79998779296875,284.239990234375,289.3699951171875,12007100
2025-08-04,290.260009765625,294.32000732421875,290.260009765625,294.260009765625,6649500
2025-08-05,294.69000244140625,295.7900085449219,287.239990234375,291.3699951171875,7182300
2025-08-06,292.29998779296875,293.2900085449219,290.1600036621094,291.3500061035156,6330200
2025-08-07,292.94000244140625,293.4599914550781,286.4100036621094,286.94000244140625,8057100
2025-08-08,288.9800109863281,291.2300109863281,284.7099914550781,288.760009765625,6634100
2025-08-11,289.3999938964844,291.32000732421875,288.7799987792969,289.55999755859375,5510100
2025-08-12,291.5,294.75,290.3399963378906,292.8500061035156,8570900
2025-08-13,293.95001220703125,294.54998779296875,287.1600036621094,290.5299987792969,8420400
2025-08-14,290.5799865722656,294.20001220703125,289.6400146484375,294.1600036621094,6322400
2025-08-15,294.8399963378906,295.5,289.82000732421875,290.489990234375,7340500
2025-08-18,290.0,291.8999938964844,288.4100036621094,291.5299987792969,5386900
2025-08-19,290.8299865722656,292.4800109863281,289.5299987792969,290.6600036621094,6031500
2025-08-20,290.80999755859375,293.3299865722656,287.2699890136719,292.239990234375,7374200
2025-08-21,291.94000244140625,292.7699890136719,289.4700012207031,291.4700012207031,6624000
2025-08-22,293.20001220703125,297.1600036621094,290.1300048828125,296.239990234375,8552800
2025-08-25,296.239990234375,297.3500061035156,294.1400146484375,294.8999938964844,5856300
2025-08-26,294.1600036621094,298.739990234375,293.5,298.57000732421875,6714700
2025-08-27,297.25,301.07000732421875,297.0400085449219,299.2799987792969,6056500
2025-08-28,300.0199890136719,301.239990234375,298.70001220703125,301.07000732421875,6410500
2025-08-29,302.0400085449219,302.95001220703125,299.7300109863281,301.4200134277344,6796400
2025-09-02,300.260009765625,300.4599914550781,294.5,299.70001220703125,7221900
2025-09-03,300.57000732421875,300.57000732421875,296.3800048828125,299.510009765625,6316900
2025-09-04,300.0,304.42999267578125,298.2799987792969,303.82000732421875,6605800
2025-09-05,303.6499938964844,305.1499938964844,294.30999755859375,294.3800048828125,9837700
2025-09-08,294.8900146484375,296.4599914550781,291.44000244140625,292.9100036621094,8188500
2025-09-09,292.6000061035156,299.0,292.30999755859375,297.8500061035156,7848200
2025-09-10,296.70001220703125,301.5400085449219,295.3999938964844,300.5400085449219,7787300
2025-09-11,301.239990234375,305.7300109863281,300.7900085449219,305.55999755859375,7942500
2025-09-12,305.0,307.54998779296875,303.70001220703125,306.9100036621094,6846700
2025-09-15,307.1700134277344,309.95001220703125,307.1700134277344,308.8999938964844,7122000
2025-09-16,310.0,310.8999938964844,307.1300048828125,309.19000244140625,10525600
2025-09-17,310.3900146484375,312.9100036621094,308.7699890136719,311.75,8657800
2025-09-18,311.7900085449219,313.44000244140625,309.6099853515625,313.2300109863281,8050700
2025-09-19,313.6000061035156,315.79998779296875,309.1199951171875,314.7799987792969,23568600
2025-09-22,309.79998779296875,313.70001220703125,309.55999755859375,312.44000244140625,7520200
2025-09-23,311.82000732421875,316.30999755859375,310.5799865722656,312.739990234375,8584400
2025-09-24,314.04998779296875,316.5799865722656,311.6700134277344,313.4200134277344,7310500
2025-09-25,314.1199951171875,315.6499938964844,311.79998779296875,313.45001220703125,7083200
2025-09-26,314.8999938964844,317.80999755859375,313.70001220703125,316.05999755859375,7258100
2025-09-29,317.05999755859375,318.010009765625,313.6600036621094,315.69000244140625,6462400
2025-09-30,316.25,317.4100036621094,310.1099853515625,315.42999267578125,11823300
2025-10-01,313.9700012207031,314.5899963378906,307.4100036621094,310.7099914550781,9235200
2025-10-02,310.0,310.55999755859375,306.1400146484375,307.54998779296875,7600000
2025-10-03,308.510009765625,311.6600036621094,308.2099914550781,310.0299987792969,6029900
2025-10-06,310.17999267578125,311.75,305.1300048828125,309.17999267578125,7214500
2025-10-07,309.3500061035156,310.010009765625,304.70001220703125,307.69000244140625,8454200
2025-10-08,308.2099914550781,308.7799987792969,303.54998779296875,304.0299987792969,6489900
2025-10-09,305.04998779296875,308.0400085449219,303.3900146484375,305.5299987792969,7060300
2025-10-10,305.6600036621094,310.4700012207031,300.80999755859375,300.8900146484375,8597400
2025-10-13,305.6000061035156,309.4599914550781,305.45001220703125,307.9700012207031,10788700
2025-10-14,305.8399963378906,307.0,294.2099914550781,302.0799865722656,16178800
2025-10-15,306.3900146484375,312.1199951171875,305.44000244140625,305.69000244140625,11354800
2025-10-16,305.3500061035156,308.67999267578125,297.07000732421875,298.5400085449219,10549400
2025-10-17,299.1600036621094,299.54998779296875,294.20001220703125,297.55999755859375,10153500
2025-10-20,298.5,303.69000244140625,298.1600036621094,302.3599853515625,6894900
2025-10-21,301.6600036621094,304.04998779296875,297.0,297.0899963378906,7372700
2025-10-22,297.7699890136719,298.05999755859375,290.5400085449219,294.1099853515625,8054100
2025-10-23,294.3800048828125,296.3699951171875,292.510009765625,294.5400085449219,5438800
2025-10-24,296.0799865722656,302.6000061035156,295.45001220703125,300.44000244140625,7228300
2025-10-27,302.1600036621094,304.5299987792969,301.010009765625,304.1499938964844,5642200
2025-10-28,304.8599853515625,307.9700012207031,303.1600036621094,305.3599853515625,6336000
2025-10-29,303.510009765625,308.25,303.010009765625,305.510009765625,7520300
2025-10-30,305.7900085449219,312.6099853515625,305.1000061035156,309.44000244140625,7514600
2025-10-31,308.5400085449219,312.8699951171875,307.25,311.1199951171875,7721300
2025-11-03,311.0,312.32000732421875,306.2099914550781,309.3500061035156,7770000
2025-11-04,306.7099914550781,312.2200012207031,305.1000061035156,309.25,7085200
2025-11-05,309.6099853515625,313.1000061035156,305.6300048828125,311.67999267578125,6865200
2025-11-06,310.989990234375,314.8399963378906,310.260009765625,313.4200134277344,7206100
2025-11-07,311.8900146484375,314.42999267578125,307.6400146484375,314.2099914550781,7302300
2025-11-10,315.0,319.55999755859375,314.2099914550781,316.8900146484375,5794100
2025-11-11,317.5,319.04998779296875,315.2799987792969,315.6199951171875,5030200
2025-11-12,316.260009765625,322.25,316.2099914550781,320.4100036621094,10578300
2025-11-13,319.2300109863281,320.6300048828125,309.1000061035156,309.4800109863281,8973300
2025-11-14,307.510009765625,307.6400146484375,301.2300109863281,303.6099853515625,10327000
2025-11-17,304.0,305.5899963378906,297.6700134277344,300.3699951171875,8344000
2025-11-18,299.5,302.95001220703125,297.0199890136719,299.4100036621094,8077300
2025-11-19,299.739990234375,304.45001220703125,299.2699890136719,303.2699890136719,5546600
2025-11-20,306.3399963378906,309.9200134277344,298.1600036621094,298.3800048828125,7501600
2025-11-21,301.2900085449219,301.67999267578125,292.80999755859375,298.0199890136719,11766800
2025-11-24,298.239990234375,299.82000732421875,294.510009765625,298.0,10940200
2025-11-25,300.04998779296875,304.5,295.55999755859375,303.0,8877200
2025-11-26,305.0,308.5299987792969,303.20001220703125,307.6400146484375,7910900
2025-11-28,309.1000061035156,313.7200012207031,308.239990234375,313.0799865722656,4322400
2025-12-01,312.95001220703125,314.0400085449219,308.5400085449219,308.9200134277344,7727300
2025-12-02,308.739990234375,310.4800109863281,307.0899963378906,307.8800048828125,7249000
2025-12-03,307.20001220703125,312.3599853515625,306.79998779296875,312.1300048828125,8535300
2025-12-04,313.260009765625,318.489990234375,313.0,316.1000061035156,9627800
2025-12-05,315.6400146484375,318.4800109863281,314.67999267578125,315.0400085449219,6518900
2025-12-08,315.05999755859375,316.4700012207031,313.3500061035156,315.2099914550781,7417200
2025-12-09,314.95001220703125,318.79998779296875,300.0199890136719,300.510009765625,18049200
2025-12-10,300.5,311.19000244140625,298.4599914550781,310.1099853515625,18874100
2025-12-11,309.239990234375,318.0,309.239990234375,317.3800048828125,9721900
2025-12-12,319.67999267578125,320.2699890136719,316.6000061035156,318.5199890136719,8982900
2025-12-15,319.5899963378906,322.8800048828125,318.3900146484375,320.0199890136719,10864100
2025-12-16,319.0899963378906,319.5199890136719,314.3999938964844,315.54998779296875,8331300
2025-12-17,318.42999267578125,319.3699951171875,314.6600036621094,314.9800109863281,8718700
2025-12-18,316.0,317.70001220703125,312.2200012207031,313.0,11444900
2025-12-19,313.7900085449219,318.55999755859375,313.19000244140625,317.2099914550781,24494400
2025-12-22,317.510009765625,323.2300109863281,317.510009765625,323.0899963378906,8354600
2025-12-23,323.6099853515625,327.7799987792969,323.0899963378906,325.92999267578125,6668300
2025-12-24,326.239990234375,329.989990234375,325.5,329.1700134277344,4289300
2025-12-26,329.1099853515625,330.8599853515625,326.5400085449219,327.9100036621094,4158300
2025-12-29,327.0,327.7699890136719,323.5299987792969,323.75,8635300
2025-12-30,324.80999755859375,324.94000244140625,322.489990234375,323.4200134277344,7904300
2025-12-31,324.3399963378906,324.8800048828125,322.0400085449219,322.2200012207031,5048500
2026-01-02,322.5,325.7300109863281,320.739990234375,325.4800109863281,8054000
2026-01-05,325.5,337.25,325.19000244140625,334.0400085449219,10752600
2026-01-06,332.6199951171875,335.8699951171875,330.6499938964844,334.6099853515625,7660800
2026-01-07,331.1400146484375,332.1499938964844,324.6000061035156,326.989990234375,9815200
2026-01-08,326.3900146484375,331.3999938964844,325.6499938964844,329.7900085449219,11737100
2026-01-09,329.3399963378906,331.8999938964844,328.1700134277344,329.19000244140625,6738100
2026-01-12,321.8800048828125,326.0199890136719,321.2300109863281,324.489990234375,12805100
2026-01-13,324.29998779296875,326.8599853515625,310.57000732421875,310.8999938964844,19371200
2026-01-14,308.20001220703125,311.760009765625,306.1199951171875,307.8699951171875,25951500
2026-01-15,308.4700012207031,312.94000244140625,307.75,309.260009765625,14751400
2026-01-16,310.3500061035156,317.2099914550781,310.0,312.4700012207031,14652500
2026-01-20,306.2099914550781,311.1499938964844,301.8599853515625,302.739990234375,12900600
2026-01-21,303.42999267578125,305.3999938964844,301.1499938964844,302.0400085449219,10270100
2026-01-22,304.8599853515625,308.20001220703125,302.8999938964844,303.6300048828125,10535800
2026-01-23,302.0,302.3699951171875,296.510009765625,297.7200012207031,11107900
2026-01-26,297.80999755859375,301.7799987792969,297.45001220703125,301.0400085449219,11752700
2026-01-27,301.3299865722656,301.9700012207031,298.1499938964844,300.30999755859375,11527400
2026-01-28,300.2699890136719,301.9200134277344,298.04998779296875,300.7699890136719,9556700
2026-01-29,302.3999938964844,306.8299865722656,302.2200012207031,306.4200134277344,11580000
2026-01-30,305.25,307.92999267578125,302.55999755859375,305.8900146484375,11953200
2026-02-02,304.4599914550781,309.29998779296875,301.3699951171875,308.1400146484375,9839400
2026-02-03,309.7300109863281,316.25,309.1000061035156,314.8500061035156,12688000
2026-02-04,314.4100036621094,319.30999755859375,314.4100036621094,317.2699890136719,9848800
2026-02-05,315.0,316.010009765625,305.5400085449219,310.1600036621094,9388000
2026-02-06,314.7099914550781,324.25,314.7099914550781,322.3999938964844,17797400
2026-02-09,321.3399963378906,326.3999938964844,320.1099853515625,322.1000061035156,11477500
2026-02-10,322.54998779296875,326.1300048828125,315.1199951171875,318.2799987792969,9902200
2026-02-11,323.239990234375,325.2799987792969,308.7300109863281,310.82000732421875,8703500
2026-02-12,312.2799987792969,313.6199951171875,300.0199890136719,302.6400146484375,13443400
2026-02-13,298.5199890136719,304.2900085449219,296.5199890136719,302.54998779296875,9114500
2026-02-17,302.760009765625,308.239990234375,302.5,307.1300048828125,8896800
2026-02-18,308.4599914550781,312.2799987792969,307.2200012207031,308.7799987792969,7209600
2026-02-19,307.1700134277344,309.17999267578125,305.1199951171875,308.04998779296875,6737700
2026-02-20,308.3999938964844,311.0,305.67999267578125,310.7900085449219,7792700
2026-02-23,308.79998779296875,311.0,295.1000061035156,297.6700134277344,12955400
2026-02-24,296.82000732421875,299.75,291.3800048828125,297.29998779296875,13554100
2026-02-25,298.6400146484375,303.6600036621094,297.010009765625,303.29998779296875,8095500
2026-02-26,304.5799865722656,309.010009765625,303.6400146484375,306.1300048828125,7007800
2026-02-27,300.0,302.95001220703125,294.45001220703125,300.29998779296875,18620800
2026-03-02,294.80999755859375,299.9800109863281,293.2099914550781,297.55999755859375,8508900
2026-03-03,292.2900085449219,302.3900146484375,289.5,300.260009765625,10278200
2026-03-04,299.989990234375,301.0,295.82000732421875,299.3900146484375,8055700
2026-03-05,297.9800109863281,301.239990234375,292.42999267578125,293.54998779296875,12732500
2026-03-06,286.3399963378906,289.989990234375,283.7099914550781,289.4800109863281,13496500
2026-03-09,285.5,291.1000061035156,280.45001220703125,289.9200134277344,12241100
2026-03-10,289.2900085449219,292.75,287.17999267578125,288.7300109863281,8344900
2026-03-11,288.80999755859375,290.4800109863281,284.8599853515625,287.5199890136719,10205000
2026-03-12,282.8299865722656,283.8800048828125,279.1000061035156,282.8900146484375,13760500
2026-03-13,284.6700134277344,287.19000244140625,282.95001220703125,283.44000244140625,9091200
2026-03-16,286.3399963378906,289.2699890136719,284.6099853515625,286.1600036621094,8149000
2026-03-17,289.0,291.760009765625,285.95001220703125,286.8900146484375,8961200
2026-03-18,286.8299865722656,289.4100036621094,285.1199951171875,287.739990234375,10057000
2026-03-19,286.8800048828125,289.510009765625,284.6199951171875,287.9700012207031,9846700
2026-03-20,288.0799865722656,290.7099914550781,285.2699890136719,286.55999755859375,22436500
2026-03-23,294.30999755859375,295.75,287.9700012207031,289.9100036621094,11470800
2026-03-24,286.1700134277344,295.4800109863281,285.3699951171875,292.3999938964844,11092300
2026-03-25,294.1499938964844,297.6400146484375,292.44000244140625,295.4200134277344,12188200
2026-03-26,292.5799865722656,294.989990234375,290.7300109863281,291.6600036621094,8669200
2026-03-27,289.1400146484375,290.1099853515625,281.75,282.8399963378906,9873300
2026-03-30,284.739990234375,287.25,282.3299865722656,283.7699890136719,11734400
2026-03-31,288.4700012207031,295.07000732421875,284.95001220703125,294.1600036621094,12956900
2026-04-01,295.3900146484375,298.7200012207031,292.9100036621094,295.3800048828125,11267200
2026-04-02,291.9100036621094,295.6199951171875,288.7200012207031,294.6000061035156,6669300
2026-04-06,294.05999755859375,296.8299865722656,293.20001220703125,295.45001220703125,7142600
2026-04-07,293.1400146484375,298.17999267578125,292.70001220703125,297.3999938964844,7849100
2026-04-08,307.9700012207031,311.260009765625,305.3299865722656,307.9700012207031,10590200
2026-04-09,306.95001220703125,311.260009765625,306.1099853515625,310.3299865722656,6586600
2026-04-10,310.0,310.3500061035156,306.7200012207031,309.8699951171875,6069700
2026-04-13,307.4700012207031,313.739990234375,305.4599914550781,313.67999267578125,8318200
2026-04-14,309.82000732421875,314.32000732421875,308.8699951171875,311.1199951171875,11455500
2026-04-15,313.95001220703125,314.239990234375,304.260009765625,305.92999267578125,9885800
2026-04-16,305.3500061035156,309.95001220703125,305.20001220703125,309.95001220703125,8208600
2026-04-17,312.4700012207031,314.8999938964844,310.0899963378906,310.2900085449219,11082400
2026-04-20,310.8500061035156,317.1300048828125,310.3699951171875,316.989990234375,10772000
2026-04-21,317.489990234375,320.239990234375,312.75,313.0,7084300
2026-04-22,314.8500061035156,315.1499938964844,311.94000244140625,313.0199890136719,5545900
2026-04-23,313.5199890136719,314.989990234375,308.8900146484375,311.69000244140625,6969700
2026-04-24,311.1499938964844,311.1499938964844,307.8900146484375,308.2799987792969,5215300
2026-04-27,306.8800048828125,312.5799865722656,306.8800048828125,311.6300048828125,7925300
2026-04-28,315.20001220703125,315.45001220703125,311.1700134277344,311.45001220703125,7398600
2026-04-29,310.57000732421875,312.04998779296875,307.2900085449219,309.25,8031800
2026-04-30,307.07000732421875,314.1000061035156,306.57000732421875,313.2300109863281,8865400
2026-05-01,313.95001220703125,316.0799865722656,311.8299865722656,312.4700012207031,6135400
2026-05-04,310.6199951171875,310.6499938964844,306.510009765625,307.6499938964844,7338200
2026-05-05,307.7099914550781,310.9700012207031,306.79998779296875,309.3999938964844,6316800
2026-05-06,311.45001220703125,316.260009765625,311.3500061035156,314.8999938964844,8629500
2026-05-07,314.6499938964844,316.29998779296875,306.1400146484375,306.2699890136719,8359600
2026-05-08,308.25,308.989990234375,300.5,302.1000061035156,9464300
2026-05-11,302.1000061035156,303.19000244140625,298.8800048828125,300.0,9512000
2026-05-12,300.0199890136719,306.05999755859375,295.54998779296875,304.8800048828125,9498200
2026-05-13,302.2699890136719,303.0,300.07000732421875,300.25,7709500
2026-05-14,302.25,303.75,298.80999755859375,299.9100036621094,7364300
2026-05-15,300.2099914550781,300.7900085449219,296.45001220703125,297.80999755859375,8699300
2026-05-18,298.0,301.260009765625,297.2200012207031,300.7300109863281,7546300
2026-05-19,301.0899963378906,301.7900085449219,295.260009765625,295.70001220703125,8066900
2026-05-20,296.70001220703125,302.92999267578125,293.6700134277344,301.9800109863281,9327000
2026-05-21,301.2300109863281,303.9800109863281,300.2099914550781,303.0,7874400
2026-05-22,304.67999267578125,307.45001220703125,303.8399963378906,306.3800048828125,5973900
2026-05-26,308.489990234375,309.92999267578125,305.44000244140625,306.739990234375,7725400
2026-05-27,305.0,305.8999938964844,295.75,299.2799987792969,11779200
2026-05-28,297.57000732421875,301.07000732421875,295.75,296.7300109863281,9757700
2026-05-29,296.3999938964844,299.8800048828125,295.20001220703125,299.30999755859375,13969000
2026-06-01,297.69000244140625,299.54998779296875,295.2699890136719,296.5799865722656,7930000
2026-06-02,296.5,302.07000732421875,295.2699890136719,300.9599914550781,8296200
2026-06-03,299.9200134277344,301.9599914550781,296.55999755859375,300.8500061035156,7003900
2026-06-04,305.739990234375,312.9100036621094,304.44000244140625,310.8900146484375,10345200
2026-06-05,314.2900085449219,315.0,309.6000061035156,312.3699951171875,9118800
2026-06-08,313.25,316.29998779296875,310.7799987792969,311.1099853515625,6827000
2026-06-09,313.510009765625,316.4200134277344,309.010009765625,312.70001220703125,11594600
2026-06-10,312.55999755859375,314.75,309.0299987792969,309.1400146484375,7446200
2026-06-11,309.55999755859375,314.7200012207031,308.8800048828125,313.489990234375,9116600
2026-06-12,315.9700012207031,321.29998779296875,315.54998779296875,320.7200012207031,7426200
2026-06-15,323.9200134277344,325.9200134277344,318.8399963378906,319.3999938964844,7988900
2026-06-16,324.29998779296875,331.75,324.0199890136719,331.1400146484375,11094900
2026-06-17,332.17999267578125,337.7699890136719,331.5,333.4599914550781,12246400
2026-06-18,336.95001220703125,338.0899963378906,324.1600036621094,325.2200012207031,20111000
2026-06-22,329.70001220703125,332.7699890136719,326.75,331.4800109863281,10182500
2026-06-23,329.4700012207031,335.3699951171875,327.2099914550781,334.1400146484375,7582200
2026-06-24,333.07000732421875,334.5299987792969,329.7699890136719,333.45001220703125,7907400
2026-06-25,334.9599914550781,343.45001220703125,334.760009765625,335.1199951171875,10043100
2026-06-26,336.0,336.3999938964844,327.5,329.04998779296875,17640900
2026-06-29,328.2799987792969,332.3900146484375,327.20001220703125,329.3900146484375,7981800
2026-06-30,328.8900146484375,330.44000244140625,326.67999267578125,327.3299865722656,8080100
2026-07-01,328.3699951171875,335.6400146484375,325.010009765625,334.07000732421875,15210200
2026-07-02,338.0199890136719,340.0,331.7699890136719,334.4700012207031,8413900
2026-07-06,335.0,339.7200012207031,334.1099853515625,337.7200012207031,8673500
2026-07-07,340.9800109863281,341.3999938964844,337.0899963378906,339.2200012207031,7115800
2026-07-08,336.5299987792969,336.5299987792969,330.1300048828125,330.6199951171875,18505200
2026-07-09,331.4599914550781,337.0,330.80999755859375,335.4700012207031,15570600
2026-07-10,337.4700012207031,338.5899963378906,335.7699890136719,336.4700012207031,6299000
2026-07-13,338.3399963378906,338.3500061035156,332.5,334.5299987792969,7120300
2026-07-14,327.0,344.7300109863281,325.75,342.8900146484375,14537900
2026-07-15,345.8500061035156,351.239990234375,344.04998779296875,346.9100036621094,10750000
2026-07-16,349.2799987792969,349.3399963378906,341.1099853515625,343.1499938964844,12432400
2026-07-17,339.0299987792969,346.1300048828125,335.04998779296875,341.1000061035156,9250900
2026-07-20,341.79998779296875,344.260009765625,337.3699951171875,338.8699951171875,7723300
2026-07-21,340.1199951171875,345.739990234375,337.29998779296875,345.2300109863281,6015300
2026-07-22,345.07000732421875,349.07000732421875,344.25,348.2099914550781,8040200
2026-07-23,346.5799865722656,349.9200134277344,345.4200134277344,349.8999938964844,10913000
2026-07-24,350.6400146484375,353.3699951171875,347.5,353.2099914550781,7520800
2026-07-27,357.8900146484375,359.04998779296875,352.5799865722656,356.20001220703125,7884900
2026-07-28,357.29998779296875,359.29998779296875,354.1499938964844,357.30999755859375,6533800
2026-07-29,356.5,357.3699951171875,343.7799987792969,344.7099914550781,8265300
2026-07-30,347.5400085449219,352.2799987792969,345.3699951171875,350.8500061035156,7606500
2026-07-31,353.29998779296875,354.4700012207031,349.70001220703125,351.7900085449219,6603400
2026-08-03,353.75,355.6199951171875,350.8399963378906,352.6400146484375,6436600
2026-08-04,355.0,363.0,353.8699951171875,357.5199890136719,8477200
2026-08-05,358.9700012207031,362.1700134277344,358.20001220703125,359.239990234375,5269500
2026-08-06,362.80999755859375,362.80999755859375,354.95001220703125,356.29998779296875,5820100
2026-08-07,355.760009765625,358.8500061035156,353.3299865722656,357.5199890136719,4566200
2026-08-10,357.9599914550781,359.989990234375,356.5,359.7900085449219,5327500
2026-08-11,360.04998779296875,363.1199951171875,358.6000061035156,362.0400085449219,4576500
2026-08-12,362.9700012207031,366.0899963378906,361.29998779296875,365.17999267578125,4366800
2026-08-13,366.5,366.5,361.5199890136719,363.1099853515625,5102700
2026-08-14,363.0,365.8999938964844,361.45001220703125,362.8399963378906,5058600
2026-08-17,361.94000244140625,365.75,360.9599914550781,360.9599914550781,5282600
2026-08-18,362.3399963378906,363.57000732421875,359.2699890136719,363.25,5525100
2026-08-19,363.010009765625,363.04998779296875,355.6499938964844,357.260009765625,6696200
2026-08-20,357.6000061035156,357.95001220703125,351.54998779296875,351.54998779296875,6799700
2026-08-21,354.07000732421875,356.8599853515625,350.3699951171875,351.5799865722656,8112100
2026-08-24,353.29998779296875,358.2799987792969,352.82000732421875,356.3900146484375,4394400
2026-08-25,357.0,357.3699951171875,353.07000732421875,356.69000244140625,4298000
2026-08-26,356.5,358.3500061035156,354.6000061035156,356.5,5796500
2026-08-27,354.67999267578125,357.57000732421875,352.2300109863281,354.2200012207031,5209900
2026-08-28,355.6700134277344,358.7300109863281,354.2200012207031,357.6199951171875,3914500
2026-08-31,355.8999938964844,357.7699890136719,354.7699890136719,356.0199890136719,7962900
2026-09-01,355.7300109863281,359.92999267578125,354.1199951171875,354.95001220703125,5079000
2026-09-02,357.54998779296875,361.4700012207031,353.7900085449219,356.2200012207031,5341400
2026-09-03,358.67999267578125,362.8500061035156,356.3900146484375,362.05999755859375,5414200
2026-09-04,361.0,362.8599853515625,355.20001220703125,358.6400146484375,4873500
