date,open,high,low,close,volume
2008-01-02,94.1500015258789,94.55000305175781,92.77999877929688,93.51000213623047,23351900
2008-01-03,93.86000061035156,94.73999786376953,93.51000213623047,93.83000183105469,19160600
2008-01-04,93.23999786376953,94.36000061035156,91.87999725341797,92.08000183105469,24730900
2008-01-07,92.5,93.1500015258789,90.25,91.22000122070312,28937500
2008-01-08,91.86000061035156,92.05000305175781,89.68000030517578,90.05000305175781,21764500
2008-01-09,90.11000061035156,91.7300033569336,89.5,91.55999755859375,26198800
2008-01-10,90.75,92.16000366210938,90.06999969482422,91.66000366210938,27285300
2008-01-11,91.01000213623047,91.86000061035156,90.0,90.30000305175781,22727200
2008-01-14,90.83999633789062,91.25,90.08000183105469,90.83000183105469,20425900
2008-01-15,89.88999938964844,89.88999938964844,88.48999786376953,89.0199966430664,26486000
2008-01-16,88.44999694824219,89.3499984741211,85.91000366210938,86.52999877929688,35965400
2008-01-17,87.47000122070312,87.91000366210938,83.48999786376953,83.91000366210938,34096500
2008-01-18,84.0,86.47000122070312,82.80000305175781,85.08000183105469,43830600
2008-01-22,80.0,83.9800033569336,79.5,82.44999694824219,49613500
2008-01-23,80.01000213623047,83.48999786376953,77.55000305175781,83.44999694824219,47420700
2008-01-24,84.29000091552734,86.06999969482422,83.02999877929688,86.0,31180900
2008-01-25,86.69999694824219,86.98999786376953,83.5999984741211,83.94000244140625,28236100
2008-01-28,83.5,85.33999633789062,82.54000091552734,85.12999725341797,23688800
2008-01-29,85.22000122070312,86.36000061035156,84.44999694824219,85.08000183105469,22488400
2008-01-30,84.54000091552734,87.47000122070312,84.3499984741211,85.27999877929688,24131900
2008-01-31,84.22000122070312,86.4000015258789,83.0999984741211,85.69999694824219,32970800
2008-02-01,87.69999694824219,87.86000061035156,84.8499984741211,85.94999694824219,28440200
2008-02-04,86.04000091552734,86.29000091552734,84.8499984741211,85.44000244140625,18836700
2008-02-05,84.11000061035156,84.22000122070312,82.0999984741211,82.11000061035156,30599700
2008-02-06,82.69000244140625,83.06999969482422,81.08999633789062,81.44000244140625,29215900
2008-02-07,80.97000122070312,82.51000213623047,80.36000061035156,81.88999938964844,26611800
2008-02-08,82.0,82.4000015258789,80.95999908447266,81.70999908447266,24176500
2008-02-11,81.8499984741211,83.30000305175781,81.04000091552734,83.22000122070312,22697000
2008-02-12,83.5999984741211,85.08000183105469,83.30000305175781,84.37999725341797,25150600
2008-02-13,84.70999908447266,85.69999694824219,84.5,85.48999786376953,21546600
2008-02-14,85.6500015258789,86.69999694824219,85.31999969482422,85.55000305175781,21826800
2008-02-15,85.19000244140625,85.5999984741211,84.38999938964844,85.37000274658203,23966100
2008-02-19,86.5199966430664,87.97000122070312,86.5199966430664,87.01000213623047,22600400
2008-02-20,86.30999755859375,88.5999984741211,86.16999816894531,88.0999984741211,24723800
2008-02-21,87.70999908447266,88.0,86.18000030517578,86.91999816894531,30107300
2008-02-22,87.45999908447266,87.79000091552734,86.02999877929688,87.16999816894531,23487200
2008-02-25,87.16999816894531,89.37000274658203,87.06999969482422,89.12999725341797,23876300
2008-02-26,88.75,90.0,88.4000015258789,89.88999938964844,21329600
2008-02-27,89.4000015258789,90.16999816894531,89.12000274658203,89.38999938964844,20323100
2008-02-28,89.12000274658203,90.0,88.8499984741211,89.37999725341797,24999200
2008-02-29,88.7699966430664,89.29000091552734,86.25,87.01000213623047,26540200
2008-03-03,86.83000183105469,88.41000366210938,86.58000183105469,87.75,23192300
2008-03-04,87.47000122070312,87.98999786376953,85.5,86.69000244140625,30372200
2008-03-05,86.80000305175781,87.62000274658203,86.05000305175781,87.19000244140625,30835400
2008-03-06,86.93000030517578,87.06999969482422,84.44000244140625,84.51000213623047,28977000
2008-03-07,83.91000366210938,84.05999755859375,81.97000122070312,82.48999786376953,30749200
2008-03-10,82.75,83.5,82.0,82.45999908447266,32432800
2008-03-11,83.95999908447266,86.68000030517578,83.55000305175781,86.68000030517578,34835400
2008-03-12,86.61000061035156,87.2300033569336,85.68000030517578,85.97000122070312,26617900
2008-03-13,85.33000183105469,87.5,84.9000015258789,87.05000305175781,29347400
2008-03-14,87.73999786376953,87.86000061035156,84.79000091552734,85.91000366210938,35741200
2008-03-17,83.87999725341797,86.75,83.54000091552734,85.79000091552734,39028700
2008-03-18,86.61000061035156,88.47000122070312,86.12000274658203,88.47000122070312,33333800
2008-03-19,87.80999755859375,88.5,84.3499984741211,84.43000030517578,35073600
2008-03-20,84.18000030517578,85.41000366210938,82.75,85.0,44962400
2008-03-24,85.16999816894531,86.94999694824219,85.04000091552734,85.94999694824219,22339200
2008-03-25,86.26000213623047,86.37999725341797,84.33000183105469,85.19999694824219,27080200
2008-03-26,85.2300033569336,87.0,84.91000366210938,86.26000213623047,23024000
2008-03-27,86.81999969482422,87.5,86.06999969482422,86.19999694824219,21760300
2008-03-28,86.05000305175781,87.08000183105469,85.0,85.22000122070312,21672600
2008-03-31,85.69000244140625,86.37999725341797,84.58000183105469,84.58000183105469,36842400
2008-04-01,84.80000305175781,87.04000091552734,84.26000213623047,87.0199966430664,23961500
2008-04-02,86.8499984741211,89.12000274658203,86.69000244140625,88.5199966430664,23236000
2008-04-03,88.0,89.37999725341797,87.9000015258789,88.2300033569336,20083800
2008-04-04,88.4800033569336,89.5,88.30999755859375,88.73999786376953,18607900
2008-04-07,89.31999969482422,89.94999694824219,88.69000244140625,88.91999816894531,19585500
2008-04-08,88.7300033569336,89.73999786376953,88.2300033569336,89.61000061035156,15832200
2008-04-09,89.72000122070312,90.1500015258789,89.11000061035156,89.69999694824219,21920900
2008-04-10,89.52999877929688,89.98999786376953,88.66000366210938,89.55000305175781,21774600
2008-04-11,88.9000015258789,89.75,88.48999786376953,88.62000274658203,17923000
2008-04-14,88.73999786376953,89.9800033569336,88.52999877929688,89.69999694824219,19611700
2008-04-15,90.05999755859375,90.88999938964844,89.6500015258789,90.80000305175781,19495700
2008-04-16,90.9000015258789,93.0,90.76000213623047,92.88999938964844,26870600
2008-04-17,92.4800033569336,93.79000091552734,92.19999694824219,93.37999725341797,22887400
2008-04-18,93.36000061035156,94.44999694824219,92.93000030517578,94.0,25910800
2008-04-21,94.0,94.47000122070312,93.37999725341797,94.26000213623047,17254200
2008-04-22,94.0999984741211,94.93000030517578,93.80999755859375,94.38999938964844,20719000
2008-04-23,94.2699966430664,94.4800033569336,93.27999877929688,94.22000122070312,23944800
2008-04-24,93.41000366210938,93.66000366210938,92.13999938964844,92.5999984741211,23534400
2008-04-25,93.20999908447266,93.4000015258789,91.70999908447266,92.45999908447266,23369600
2008-04-28,92.56999969482422,93.70999908447266,92.31999969482422,92.44999694824219,17319300
2008-04-29,92.41999816894531,93.63999938964844,91.79000091552734,91.79000091552734,29445700
2008-04-30,92.25,94.51000213623047,92.16999816894531,93.06999969482422,29782600
2008-05-01,90.0999984741211,90.43000030517578,88.30000305175781,89.69999694824219,43675400
2008-05-02,90.05000305175781,90.54000091552734,89.11000061035156,89.61000061035156,27505600
2008-05-05,89.69999694824219,90.55000305175781,89.26000213623047,89.51000213623047,21273900
2008-05-06,89.27999877929688,90.38999938964844,89.0,90.06999969482422,28060600
2008-05-07,90.06999969482422,90.18000030517578,88.66999816894531,88.81999969482422,27580800
2008-05-08,89.0,89.94999694824219,88.5199966430664,89.93000030517578,24332000
2008-05-09,89.37000274658203,89.58999633789062,87.97000122070312,88.81999969482422,24054700
2008-05-12,88.43000030517578,89.47000122070312,87.5999984741211,89.19000244140625,23053200
2008-05-13,88.87000274658203,89.94999694824219,88.52999877929688,89.68000030517578,21165000
2008-05-14,89.8499984741211,90.98999786376953,89.58999633789062,89.91000366210938,24178900
2008-05-15,90.33000183105469,91.30000305175781,89.95999908447266,91.30000305175781,28392900
2008-05-16,91.8499984741211,92.94999694824219,91.61000061035156,92.66999816894531,29839000
2008-05-19,92.91000366210938,94.58999633789062,92.77999877929688,94.36000061035156,25203000
2008-05-20,94.47000122070312,94.87999725341797,93.93000030517578,94.55999755859375,26901800
2008-05-21,94.62999725341797,96.12000274658203,93.45999908447266,93.66999816894531,43221500
2008-05-22,93.76000213623047,94.29000091552734,92.41000366210938,92.51000213623047,32042100
2008-05-23,92.63999938964844,92.95999908447266,90.66000366210938,90.69999694824219,25348600
2008-05-27,90.04000091552734,90.13999938964844,89.02999877929688,89.80000305175781,25885900
2008-05-28,89.12999725341797,90.58000183105469,88.87999725341797,90.43000030517578,22323600
2008-05-29,89.87000274658203,90.52999877929688,89.25,89.3499984741211,24692600
2008-05-30,89.58000183105469,89.86000061035156,88.41999816894531,88.76000213623047,27125400
2008-06-02,88.08999633789062,88.70999908447266,87.41999816894531,87.80999755859375,25959100
2008-06-03,87.68000030517578,88.26000213623047,85.61000061035156,85.70999908447266,31487200
2008-06-04,85.30000305175781,86.7300033569336,85.0,85.75,34110600
2008-06-05,86.25,89.30999755859375,86.12000274658203,89.30999755859375,30266800
2008-06-06,89.79000091552734,90.5,86.66999816894531,86.79000091552734,34325700
2008-06-09,87.61000061035156,89.12999725341797,87.16000366210938,89.06999969482422,24232600
2008-06-10,88.7699966430664,88.98999786376953,86.81999969482422,87.88999938964844,27280200
2008-06-11,88.80000305175781,89.4000015258789,87.7699966430664,88.61000061035156,24085000
2008-06-12,87.9800033569336,88.43000030517578,86.81999969482422,87.05999755859375,32263700
2008-06-13,86.52999877929688,88.4000015258789,86.31999969482422,88.36000061035156,21050700
2008-06-16,88.48999786376953,88.70999908447266,87.79000091552734,87.98999786376953,18504100
2008-06-17,87.87000274658203,88.98999786376953,87.4800033569336,88.62000274658203,22026600
2008-06-18,88.08000183105469,88.66000366210938,87.19999694824219,87.83000183105469,23499500
2008-06-19,88.04000091552734,88.19999694824219,85.5,85.79000091552734,26604200
2008-06-20,86.30000305175781,86.43000030517578,84.7699966430664,84.91000366210938,36185700
2008-06-23,85.0999984741211,87.69999694824219,85.08999633789062,87.69999694824219,23600700
2008-06-24,87.52999877929688,88.0,86.33999633789062,86.91999816894531,21586600
2008-06-25,87.25,88.5,85.94999694824219,87.5999984741211,27120500
2008-06-26,87.69000244140625,88.5199966430664,86.37000274658203,86.41000366210938,26339700
2008-06-27,86.83999633789062,87.54000091552734,86.13999938964844,86.55000305175781,28283300
2008-06-30,86.80999755859375,88.19999694824219,86.80999755859375,88.12999725341797,26883800
2008-07-01,87.87000274658203,88.3499984741211,86.75,88.3499984741211,26024700
2008-07-02,88.5,89.62999725341797,87.23999786376953,87.41000366210938,34278700
2008-07-03,87.97000122070312,89.52999877929688,86.9000015258789,88.2699966430664,23120900
2008-07-07,87.86000061035156,88.87999725341797,86.37999725341797,86.94999694824219,29642900
2008-07-08,86.12000274658203,86.79000091552734,84.86000061035156,85.94000244140625,35905100
2008-07-09,86.1500015258789,87.19999694824219,84.12000274658203,84.30999755859375,29082300
2008-07-10,84.30000305175781,86.05999755859375,83.76000213623047,86.05999755859375,30952700
2008-07-11,86.27999877929688,86.63999938964844,84.30999755859375,85.4800033569336,29428400
2008-07-14,86.0,86.47000122070312,84.4800033569336,85.41999816894531,21552600
2008-07-15,85.6500015258789,85.66999816894531,81.87000274658203,82.19000244140625,34406000
2008-07-16,81.88999938964844,81.98999786376953,79.41000366210938,80.80999755859375,40408300
2008-07-17,81.30000305175781,81.79000091552734,79.0999984741211,80.33000183105469,39193400
2008-07-18,80.62999725341797,81.54000091552734,79.93000030517578,81.54000091552734,36138800
2008-07-21,81.83999633789062,82.9800033569336,81.11000061035156,82.9800033569336,24802500
2008-07-22,82.55999755859375,83.2300033569336,81.56999969482422,82.86000061035156,27909100
2008-07-23,82.9800033569336,83.0,80.5999984741211,80.98999786376953,31083500
2008-07-24,81.19999694824219,81.94999694824219,79.7300033569336,80.80000305175781,36789400
2008-07-25,81.01000213623047,82.41000366210938,80.76000213623047,81.69999694824219,27553800
2008-07-28,81.87000274658203,82.2300033569336,80.6500015258789,80.68000030517578,24017500
2008-07-29,80.83000183105469,81.19999694824219,79.75,80.9000015258789,25869900
2008-07-30,80.9000015258789,84.76000213623047,80.52999877929688,84.37999725341797,36410700
2008-07-31,81.81999969482422,82.55000305175781,80.19000244140625,80.43000030517578,40872900
2008-08-01,80.55000305175781,81.0999984741211,79.44999694824219,79.72000122070312,28766900
2008-08-04,79.62999725341797,80.12999725341797,76.13999938964844,76.5999984741211,37887200
2008-08-05,76.5,78.3499984741211,76.20999908447266,78.3499984741211,40087100
2008-08-06,78.5,78.6500015258789,77.23999786376953,78.33000183105469,30790600
2008-08-07,78.68000030517578,79.11000061035156,77.30999755859375,77.44000244140625,25346700
2008-08-08,76.9000015258789,78.8499984741211,76.30999755859375,78.72000122070312,29318400
2008-08-11,78.5199966430664,78.94999694824219,77.04000091552734,78.16000366210938,24566800
2008-08-12,78.56999969482422,78.6500015258789,76.51000213623047,76.87999725341797,25995900
2008-08-13,76.80999755859375,78.62999725341797,76.80000305175781,78.16999816894531,30654900
2008-08-14,77.5999984741211,78.1500015258789,76.91000366210938,77.44999694824219,25848500
2008-08-15,77.08999633789062,77.27999877929688,76.19000244140625,77.06999969482422,26280600
2008-08-18,77.45999908447266,78.05000305175781,76.30000305175781,76.52999877929688,22944600
2008-08-19,76.37999725341797,78.2699966430664,76.37000274658203,77.94999694824219,22132200
2008-08-20,78.54000091552734,79.66000366210938,77.37999725341797,78.80999755859375,25970200
2008-08-21,79.27999877929688,80.94999694824219,79.0,80.3499984741211,24638500
2008-08-22,80.0,80.69999694824219,79.1500015258789,80.30000305175781,19662300
2008-08-25,80.2699966430664,80.55999755859375,78.63999938964844,78.70999908447266,20634900
2008-08-26,78.81999969482422,80.0,78.81999969482422,79.94999694824219,18751700
2008-08-27,80.66999816894531,81.27999877929688,80.0,80.47000122070312,20392000
2008-08-28,81.05999755859375,81.19000244140625,79.88999938964844,81.18000030517578,20287500
2008-08-29,81.5,81.5,80.01000213623047,80.01000213623047,22060400
2008-09-02,78.04000091552734,78.88999938964844,77.27999877929688,77.31999969482422,31688100
2008-09-03,77.01000213623047,78.5999984741211,77.01000213623047,78.0199966430664,27014700
2008-09-04,77.68000030517578,78.33999633789062,75.69999694824219,76.13999938964844,32200600
2008-09-05,76.0,76.38999938964844,74.69000244140625,75.62000274658203,27869100
2008-09-08,76.76000213623047,77.55000305175781,76.0,76.7699966430664,31222900
2008-09-09,76.06999969482422,76.98999786376953,73.26000213623047,73.26000213623047,38473100
2008-09-10,73.87999725341797,75.80000305175781,73.54000091552734,75.25,31399200
2008-09-11,74.55999755859375,75.75,73.62000274658203,75.55999755859375,35639900
2008-09-12,75.5199966430664,77.69999694824219,75.51000213623047,77.5,28646300
2008-09-15,74.94000244140625,77.9000015258789,73.25,73.25,40186900
2008-09-16,71.98999786376953,76.75,71.51000213623047,76.43000030517578,42584700
2008-09-17,75.5999984741211,79.12000274658203,74.81999969482422,75.27999877929688,43487000
2008-09-18,76.29000091552734,77.75,74.55000305175781,77.75,48231100
2008-09-19,80.48999786376953,82.0,78.22000122070312,79.61000061035156,58834600
2008-09-22,80.19999694824219,81.80000305175781,78.52999877929688,78.87999725341797,31995600
2008-09-23,78.56999969482422,80.5,77.58000183105469,77.69000244140625,27868200
2008-09-24,77.94999694824219,79.5,77.0199966430664,78.02999877929688,27539300
2008-09-25,78.54000091552734,81.30000305175781,78.5,80.66999816894531,36144700
2008-09-26,79.02999877929688,81.02999877929688,78.61000061035156,80.6500015258789,28933600
2008-09-29,78.91999816894531,80.0,74.05999755859375,74.05999755859375,58785700
2008-09-30,75.62000274658203,78.61000061035156,75.16999816894531,77.66000366210938,42032700
2008-10-01,77.19000244140625,79.2300033569336,74.93000030517578,78.58000183105469,34337100
2008-10-02,77.7699966430664,79.41000366210938,76.44000244140625,77.5,44100200
2008-10-03,77.8499984741211,81.75,77.55000305175781,77.94000244140625,44177200
2008-10-06,75.6500015258789,77.5,73.7300033569336,77.31999969482422,65937700
2008-10-07,78.0,79.87999725341797,74.95999908447266,76.06999969482422,62791100
2008-10-08,74.8499984741211,79.38999938964844,74.0,77.0,74941800
2008-10-09,77.5999984741211,78.44999694824219,67.47000122070312,68.0,68771800
2008-10-10,63.86000061035156,66.05999755859375,56.5099983215332,62.36000061035156,112867200
2008-10-13,64.9000015258789,73.73999786376953,63.880001068115234,73.08000183105469,64864300
2008-10-14,75.05000305175781,75.66000366210938,68.70999908447266,72.45999908447266,64126300
2008-10-15,70.76000213623047,70.76000213623047,61.33000183105469,62.349998474121094,61247200
2008-10-16,63.310001373291016,69.68000030517578,59.16999816894531,69.44999694824219,78110100
2008-10-17,67.05000305175781,72.44000244140625,65.5999984741211,68.04000091552734,58398500
2008-10-20,70.37000274658203,75.0,69.73999786376953,74.98999786376953,44874600
2008-10-21,72.44999694824219,74.33000183105469,69.20999908447266,71.5,43789700
2008-10-22,68.73999786376953,69.36000061035156,63.900001525878906,64.56999969482422,52089300
2008-10-23,65.87999725341797,70.38999938964844,64.38999938964844,70.38999938964844,64686000
2008-10-24,64.01000213623047,70.9800033569336,64.0,69.04000091552734,54629400
2008-10-27,67.58000183105469,70.9800033569336,65.0,66.08999633789062,48774800
2008-10-28,68.87000274658203,75.44999694824219,67.05999755859375,74.86000061035156,69047100
2008-10-29,74.87000274658203,77.98999786376953,73.05999755859375,74.6500015258789,62703600
2008-10-30,75.0,75.75,71.44000244140625,75.05000305175781,56158400
2008-10-31,74.37000274658203,77.36000061035156,73.25,74.12000274658203,52835800
2008-11-03,73.44999694824219,75.18000030517578,72.5,74.29000091552734,35456000
2008-11-04,75.12999725341797,77.95999908447266,75.06999969482422,77.48999786376953,48208700
2008-11-05,76.25,77.33999633789062,72.83999633789062,73.69000244140625,45390700
2008-11-06,73.12000274658203,73.87999725341797,69.4000015258789,69.95999908447266,52864400
2008-11-07,70.4800033569336,75.58999633789062,70.4800033569336,73.94999694824219,44691300
2008-11-10,75.0999984741211,75.83999633789062,72.80000305175781,74.0199966430664,37409700
2008-11-11,72.6500015258789,74.16000366210938,71.58999633789062,72.6500015258789,42007600
2008-11-12,71.3499984741211,72.22000122070312,68.69999694824219,68.93000030517578,50521000
2008-11-13,69.54000091552734,76.5,67.54000091552734,75.41000366210938,72704700
2008-11-14,73.80000305175781,77.75,71.9000015258789,73.68000030517578,53998400
2008-11-17,73.5,76.45999908447266,73.0,73.37999725341797,48660000
2008-11-18,73.5,76.98999786376953,73.02999877929688,76.33000183105469,57787000
2008-11-19,76.19999694824219,77.12999725341797,73.05000305175781,73.41999816894531,57444800
2008-11-20,71.83999633789062,75.41999816894531,68.30000305175781,68.51000213623047,76887100
2008-11-21,69.77999877929688,76.19999694824219,69.1500015258789,75.80999755859375,84550600
2008-11-24,76.81999969482422,80.2300033569336,75.30999755859375,78.80000305175781,74991100
2008-11-25,78.38999938964844,79.55999755859375,76.91999816894531,78.11000061035156,56603500
2008-11-26,77.37999725341797,81.02999877929688,76.58000183105469,80.88999938964844,46703000
2008-11-28,79.86000061035156,80.44000244140625,79.19999694824219,80.1500015258789,19591000
2008-12-01,77.88999938964844,77.9800033569336,74.30999755859375,74.30999755859375,55589900
2008-12-02,75.58999633789062,78.0,74.93000030517578,77.61000061035156,54657000
2008-12-03,76.16000366210938,79.44000244140625,75.7300033569336,78.93000030517578,57458800
2008-12-04,77.54000091552734,79.0,75.0199966430664,76.2699966430664,65355700
2008-12-05,75.66999816894531,77.9800033569336,72.68000030517578,76.5999984741211,65004800
2008-12-08,78.58999633789062,80.05999755859375,78.19000244140625,79.5999984741211,51585500
2008-12-09,79.0199966430664,79.62999725341797,77.51000213623047,78.19999694824219,47045500
2008-12-10,79.22000122070312,81.70999908447266,78.87000274658203,80.06999969482422,44060200
2008-12-11,80.33000183105469,81.91999816894531,79.41000366210938,80.0199966430664,50060100
2008-12-12,78.04000091552734,81.0,77.83999633789062,80.44999694824219,44313900
2008-12-15,81.31999969482422,81.5,78.86000061035156,79.94999694824219,43410800
2008-12-16,80.41000366210938,83.63999938964844,80.06999969482422,83.13999938964844,58471100
2008-12-17,82.56999969482422,83.23999786376953,81.05999755859375,81.05999755859375,51197300
2008-12-18,80.55999755859375,80.9800033569336,76.19999694824219,77.0,59693900
2008-12-19,76.80000305175781,78.33000183105469,75.0199966430664,75.0199966430664,68480300
2008-12-22,75.20999908447266,75.87000274658203,73.2699966430664,74.91000366210938,41021900
2008-12-23,75.5,76.36000061035156,74.5199966430664,75.0999984741211,32697800
2008-12-24,74.62000274658203,76.0999984741211,74.44999694824219,75.77999877929688,11295800
2008-12-26,76.04000091552734,77.4000015258789,76.04000091552734,77.19000244140625,17024000
2008-12-29,78.27999877929688,78.55000305175781,77.08999633789062,78.0199966430664,22839900
2008-12-30,78.0199966430664,79.19999694824219,77.58000183105469,78.58999633789062,25122300
2008-12-31,78.41999816894531,80.58999633789062,78.29000091552734,79.83000183105469,30026400
2009-01-02,80.05999755859375,82.11000061035156,78.9000015258789,81.63999938964844,35803700
2009-01-05,81.2699966430664,82.41999816894531,80.68000030517578,81.62999725341797,43340100
2009-01-06,82.13999938964844,82.7300033569336,79.62999725341797,80.30000305175781,41906100
2009-01-07,79.25,80.19000244140625,77.55999755859375,78.25,35268800
2009-01-08,77.91000366210938,79.56999969482422,77.9000015258789,79.08999633789062,30817100
2009-01-09,78.87999725341797,79.25,77.37999725341797,77.56999969482422,32862000
2009-01-12,76.54000091552734,77.5199966430664,76.01000213623047,76.54000091552734,38112100
2009-01-13,76.45999908447266,78.33999633789062,76.45999908447266,77.91999816894531,47116500
2009-01-14,77.04000091552734,77.30999755859375,74.31999969482422,75.0999984741211,48040500
2009-01-15,74.69999694824219,76.69999694824219,74.01000213623047,76.66000366210938,55562200
2009-01-16,77.62000274658203,78.44999694824219,76.5199966430664,78.0999984741211,45528100
2009-01-20,77.08000183105469,78.62999725341797,76.0,76.29000091552734,42838600
2009-01-21,76.25,79.37999725341797,76.0,79.26000213623047,43317700
2009-01-22,77.69000244140625,78.91999816894531,76.58999633789062,78.2300033569336,40204700
2009-01-23,76.4000015258789,78.80000305175781,75.77999877929688,78.04000091552734,46022800
2009-01-26,78.68000030517578,80.16999816894531,77.87000274658203,78.5999984741211,42758400
2009-01-27,78.2699966430664,79.43000030517578,77.62000274658203,78.91999816894531,38508900
2009-01-28,79.37000274658203,79.5999984741211,77.13999938964844,79.25,45324700
2009-01-29,77.58000183105469,78.0,76.63999938964844,77.0,38945300
2009-01-30,78.25,78.88999938964844,76.0,76.4800033569336,51904600
2009-02-02,76.05999755859375,77.12000274658203,75.66000366210938,76.69000244140625,36113100
2009-02-03,76.8499984741211,78.63999938964844,76.66999816894531,78.12000274658203,39567300
2009-02-04,78.55000305175781,78.88999938964844,77.05000305175781,77.66000366210938,29602000
2009-02-05,77.56999969482422,79.91999816894531,76.43000030517578,79.77999877929688,39597400
2009-02-06,78.80999755859375,80.48999786376953,78.69999694824219,80.33999633789062,36404400
2009-02-09,80.38999938964844,80.5,78.69999694824219,79.4800033569336,27763200
2009-02-10,79.27999877929688,79.5999984741211,75.69000244140625,76.13999938964844,43836100
2009-02-11,76.61000061035156,76.7699966430664,73.61000061035156,74.58000183105469,47897600
2009-02-12,73.56999969482422,75.25,72.69999694824219,75.22000122070312,42857500
2009-02-13,74.98999786376953,75.58000183105469,74.44000244140625,74.58999633789062,30384300
2009-02-17,72.72000122070312,72.91000366210938,71.16000366210938,71.27999877929688,41844300
2009-02-18,71.51000213623047,72.58000183105469,71.2699966430664,71.94000244140625,34329200
2009-02-19,71.87000274658203,72.95999908447266,71.7699966430664,72.16000366210938,31232400
2009-02-20,70.94000244140625,72.22000122070312,70.20999908447266,71.2300033569336,42809100
2009-02-23,72.25,72.80000305175781,69.05999755859375,69.30000305175781,40717900
2009-02-24,69.72000122070312,72.29000091552734,69.6500015258789,72.08999633789062,48886900
2009-02-25,71.4000015258789,73.48999786376953,70.5,72.05000305175781,55505600
2009-02-26,71.7699966430664,73.4800033569336,70.87000274658203,70.94999694824219,37212400
2009-02-27,69.79000091552734,70.2300033569336,67.9000015258789,67.9000015258789,64947400
2009-03-02,67.0,67.43000030517578,64.83999633789062,64.91000366210938,54827200
2009-03-03,65.83999633789062,66.12000274658203,64.08000183105469,64.36000061035156,48931900
2009-03-04,65.55999755859375,66.54000091552734,64.79000091552734,65.68000030517578,51515300
2009-03-05,64.18000030517578,64.58000183105469,62.130001068115234,62.220001220703125,50244900
2009-03-06,62.97999954223633,64.58999633789062,61.86000061035156,64.02999877929688,47090200
2009-03-09,62.880001068115234,65.9800033569336,62.869998931884766,64.56999969482422,42726000
2009-03-10,65.58999633789062,67.4800033569336,65.33999633789062,67.38999938964844,51651700
2009-03-11,67.37999725341797,67.95999908447266,65.3499984741211,65.7699966430664,37467100
2009-03-12,66.01000213623047,67.48999786376953,65.72000122070312,67.1500015258789,40430500
2009-03-13,67.38999938964844,67.62999725341797,66.37000274658203,67.19999694824219,35225200
2009-03-16,67.04000091552734,68.2300033569336,66.56999969482422,66.97000122070312,33593400
2009-03-17,66.80999755859375,69.23999786376953,66.36000061035156,69.08999633789062,30824900
2009-03-18,68.51000213623047,70.0,66.86000061035156,69.16999816894531,41888000
2009-03-19,70.4000015258789,70.43000030517578,67.94000244140625,68.33000183105469,38598400
2009-03-20,68.63999938964844,69.44000244140625,65.66999816894531,66.08999633789062,67260000
2009-03-23,66.98999786376953,70.81999969482422,66.86000061035156,70.52999877929688,51747600
2009-03-24,69.5999984741211,70.69000244140625,69.1500015258789,69.37999725341797,32115200
2009-03-25,69.69999694824219,71.16999816894531,68.76000213623047,70.16000366210938,36739800
2009-03-26,70.68000030517578,71.48999786376953,69.81999969482422,71.2300033569336,37731700
2009-03-27,70.05000305175781,70.5999984741211,69.29000091552734,69.9800033569336,29513200
2009-03-30,68.54000091552734,68.8499984741211,67.58000183105469,68.62999725341797,32211000
2009-03-31,69.04000091552734,69.33999633789062,67.73999786376953,68.0999984741211,41127100
2009-04-01,67.04000091552734,69.4800033569336,66.5,69.2300033569336,39375500
2009-04-02,70.7300033569336,71.1500015258789,69.69999694824219,70.25,38162200
2009-04-03,69.76000213623047,70.79000091552734,69.4000015258789,70.44000244140625,26709000
2009-04-06,69.66000366210938,70.43000030517578,69.01000213623047,70.05000305175781,27193000
2009-04-07,69.02999877929688,69.25,68.02999877929688,68.70999908447266,28035500
2009-04-08,68.56999969482422,69.58999633789062,67.88999938964844,68.95999908447266,26022200
2009-04-09,69.94999694824219,70.41000366210938,69.25,69.83999633789062,26866100
2009-04-13,68.63999938964844,69.05999755859375,67.76000213623047,68.0199966430664,27909800
2009-04-14,67.23999786376953,67.93000030517578,66.3499984741211,67.69999694824219,32703100
2009-04-15,67.58999633789062,68.5,67.2300033569336,68.13999938964844,24545600
2009-04-16,68.61000061035156,68.61000061035156,66.81999969482422,67.41000366210938,27915600
2009-04-17,67.83999633789062,68.05999755859375,66.58000183105469,66.75,32604300
2009-04-20,66.0199966430664,66.41999816894531,65.18000030517578,65.29000091552734,31874800
2009-04-21,65.29000091552734,66.27999877929688,64.87000274658203,66.2300033569336,32234400
2009-04-22,65.63999938964844,65.83999633789062,64.55999755859375,64.75,31076500
2009-04-23,65.30999755859375,65.76000213623047,64.5,65.70999908447266,29213500
2009-04-24,66.20999908447266,67.0,65.91000366210938,66.56999969482422,32347600
2009-04-27,65.29000091552734,66.6500015258789,65.05000305175781,66.12999725341797,26586500
2009-04-28,65.36000061035156,67.7300033569336,65.36000061035156,67.08000183105469,27421000
2009-04-29,67.31999969482422,68.62999725341797,67.11000061035156,68.44000244140625,28974900
2009-04-30,68.63999938964844,68.73999786376953,66.22000122070312,66.66999816894531,35088500
2009-05-01,67.12999725341797,68.05999755859375,66.08000183105469,68.01000213623047,27385000
2009-05-04,68.5,68.91000366210938,67.66999816894531,68.19999694824219,27306100
2009-05-05,68.08000183105469,68.31999969482422,67.16000366210938,67.6500015258789,19910300
2009-05-06,68.04000091552734,68.5999984741211,67.44000244140625,68.58000183105469,30814800
2009-05-07,69.0,69.04000091552734,67.62000274658203,68.93000030517578,32541600
2009-05-08,69.4000015258789,71.2300033569336,69.38999938964844,70.80000305175781,35886400
2009-05-11,69.4800033569336,69.63999938964844,68.83999633789062,69.2699966430664,23715900
2009-05-12,69.7699966430664,71.19999694824219,69.55000305175781,70.81999969482422,28337300
2009-05-13,69.9800033569336,70.56999969482422,69.43000030517578,69.7699966430664,26011900
2009-05-14,69.5199966430664,70.08000183105469,65.5999984741211,69.76000213623047,21298100
2009-05-15,69.30999755859375,69.75,68.58999633789062,69.11000061035156,26714600
2009-05-18,69.73999786376953,70.76000213623047,69.5,70.5,25071900
2009-05-19,70.30999755859375,71.12999725341797,70.06999969482422,70.5199966430664,20851500
2009-05-20,71.0,71.38999938964844,69.3499984741211,69.61000061035156,28550700
2009-05-21,68.72000122070312,68.9800033569336,67.98999786376953,68.38999938964844,24029200
2009-05-22,68.62000274658203,69.68000030517578,68.38999938964844,68.83000183105469,18624200
2009-05-26,68.38999938964844,69.94999694824219,67.91000366210938,69.80999755859375,29405600
2009-05-27,69.80000305175781,70.62000274658203,68.16999816894531,68.30000305175781,23010500
2009-05-28,68.54000091552734,69.80000305175781,68.12999725341797,69.2300033569336,27800500
2009-05-29,69.80000305175781,70.25,68.94999694824219,69.3499984741211,33192400
2009-06-01,70.45999908447266,72.04000091552734,70.25,71.76000213623047,31804200
2009-06-02,71.44000244140625,73.20999908447266,71.44000244140625,72.91999816894531,28676700
2009-06-03,72.38999938964844,72.44999694824219,71.33000183105469,72.08000183105469,29755400
2009-06-04,72.66999816894531,73.05000305175781,72.06999969482422,72.9800033569336,25934100
2009-06-05,73.25,73.5,72.02999877929688,72.97000122070312,26481100
2009-06-08,72.4800033569336,73.69000244140625,72.0,73.16999816894531,23300300
2009-06-09,73.55999755859375,73.81999969482422,72.37000274658203,73.12000274658203,21944500
2009-06-10,73.97000122070312,74.12000274658203,72.83999633789062,73.83999633789062,27360200
2009-06-11,74.0,74.83000183105469,73.12000274658203,74.05000305175781,30857000
2009-06-12,73.43000030517578,74.16000366210938,73.0999984741211,73.77999877929688,21693200
2009-06-15,72.63999938964844,72.95999908447266,72.25,72.80999755859375,27871600
2009-06-16,73.33999633789062,73.43000030517578,71.58000183105469,71.62999725341797,24218800
2009-06-17,71.05999755859375,71.77999877929688,70.83999633789062,71.41999816894531,29926300
2009-06-18,71.2300033569336,72.08999633789062,71.16000366210938,71.44000244140625,20734300
2009-06-19,71.8499984741211,72.0,70.41999816894531,71.05000305175781,42763000
2009-06-22,70.0999984741211,70.16999816894531,68.69000244140625,68.83999633789062,28398500
2009-06-23,69.27999877929688,69.63999938964844,68.51000213623047,68.94999694824219,24146400
2009-06-24,69.30000305175781,69.62000274658203,68.18000030517578,68.44999694824219,20861400
2009-06-25,68.30999755859375,70.02999877929688,68.08000183105469,69.87999725341797,30901300
2009-06-26,69.66999816894531,69.79000091552734,68.86000061035156,69.05000305175781,27662000
2009-06-29,69.44999694824219,70.77999877929688,69.12999725341797,70.58000183105469,24357700
2009-06-30,70.5999984741211,70.97000122070312,69.11000061035156,69.91000366210938,27339800
2009-07-01,70.66999816894531,71.51000213623047,70.41000366210938,70.55999755859375,22548700
2009-07-02,69.56999969482422,69.72000122070312,68.0,68.48999786376953,22946200
2009-07-06,67.66999816894531,68.1500015258789,66.36000061035156,68.0999984741211,29776400
2009-07-07,67.61000061035156,67.80999755859375,66.37000274658203,66.55999755859375,25054300
2009-07-08,66.55999755859375,67.12999725341797,65.5,66.26000213623047,30050500
2009-07-09,66.80000305175781,66.97000122070312,65.70999908447266,65.97000122070312,22770900
2009-07-10,65.0999984741211,65.4000015258789,64.75,65.12000274658203,25921000
2009-07-13,65.16999816894531,65.7300033569336,64.45999908447266,65.69999694824219,31656600
2009-07-14,66.19999694824219,66.3499984741211,65.45999908447266,66.22000122070312,22878800
2009-07-15,67.19999694824219,68.51000213623047,66.88999938964844,68.44000244140625,29656700
2009-07-16,68.19999694824219,68.80000305175781,67.4800033569336,68.45999908447266,23543600
2009-07-17,68.30000305175781,68.75,67.8499984741211,68.5199966430664,25791100
2009-07-20,69.11000061035156,69.37999725341797,68.12999725341797,68.94000244140625,21275900
2009-07-21,69.41999816894531,70.51000213623047,69.33000183105469,70.47000122070312,25945600
2009-07-22,69.87999725341797,70.72000122070312,69.5199966430664,69.98999786376953,24773800
2009-07-23,69.81999969482422,71.73999786376953,69.7300033569336,71.61000061035156,27122600
2009-07-24,71.36000061035156,72.37999725341797,71.26000213623047,72.29000091552734,18187900
2009-07-27,72.41000366210938,72.79000091552734,71.75,72.75,17360300
2009-07-28,71.87999725341797,72.5,71.11000061035156,71.88999938964844,23044500
2009-07-29,71.06999969482422,71.58000183105469,70.30000305175781,71.43000030517578,24100600
2009-07-30,70.30000305175781,71.5199966430664,69.91000366210938,70.72000122070312,37842300
2009-07-31,70.36000061035156,70.5,69.43000030517578,70.38999938964844,28070600
2009-08-03,70.95999908447266,71.4000015258789,70.30000305175781,70.6500015258789,24756800
2009-08-04,70.25,70.63999938964844,70.0,70.5999984741211,18612000
2009-08-05,70.4800033569336,70.48999786376953,69.61000061035156,70.02999877929688,20348800
2009-08-06,70.01000213623047,70.02999877929688,69.41000366210938,69.7300033569336,17369900
2009-08-07,70.01000213623047,70.38999938964844,69.3499984741211,69.47000122070312,18041800
2009-08-10,69.12000274658203,69.70999908447266,69.02999877929688,69.18000030517578,16233400
2009-08-11,68.69999694824219,68.79000091552734,67.94999694824219,68.12999725341797,16947000
2009-08-12,68.2300033569336,69.55000305175781,68.1500015258789,69.11000061035156,19183400
2009-08-13,69.22000122070312,69.22000122070312,68.16999816894531,68.75,20235600
2009-08-14,68.5199966430664,68.66000366210938,67.6500015258789,68.20999908447266,19228000
2009-08-17,67.37000274658203,67.37000274658203,66.51000213623047,66.55000305175781,24332000
2009-08-18,66.69999694824219,66.80999755859375,66.26000213623047,66.48999786376953,21519700
2009-08-19,66.08999633789062,68.19000244140625,66.08999633789062,68.0,28432900
2009-08-20,68.08999633789062,68.77999877929688,67.87000274658203,68.58999633789062,17247200
2009-08-21,69.44999694824219,70.0,69.20999908447266,69.91999816894531,26166000
2009-08-24,70.04000091552734,71.6500015258789,69.93000030517578,71.30000305175781,25603700
2009-08-25,71.69999694824219,71.88999938964844,70.55000305175781,70.68000030517578,21183500
2009-08-26,70.05000305175781,71.47000122070312,69.9000015258789,71.37000274658203,18773100
2009-08-27,71.06999969482422,71.16999816894531,69.98999786376953,70.86000061035156,21395500
2009-08-28,71.19999694824219,71.19999694824219,69.94999694824219,70.12000274658203,17716500
2009-08-31,69.44999694824219,69.8499984741211,68.94999694824219,69.1500015258789,24337900
2009-09-01,68.93000030517578,69.5,68.11000061035156,68.41000366210938,24373900
2009-09-02,68.3499984741211,68.9000015258789,68.12000274658203,68.18000030517578,16315800
2009-09-03,68.47000122070312,68.6500015258789,67.83000183105469,68.26000213623047,15156000
2009-09-04,68.22000122070312,69.30000305175781,68.12999725341797,69.18000030517578,15156600
2009-09-08,69.8499984741211,70.97000122070312,69.69999694824219,70.6500015258789,21966000
2009-09-09,70.80000305175781,71.05000305175781,70.08999633789062,70.5,19652600
2009-09-10,70.83000183105469,71.04000091552734,70.4000015258789,70.6500015258789,19177600
2009-09-11,70.88999938964844,71.08000183105469,69.75,69.9800033569336,17468500
2009-09-14,69.11000061035156,70.29000091552734,69.04000091552734,70.0,17483100
2009-09-15,70.18000030517578,70.18000030517578,69.44999694824219,69.48999786376953,19475900
2009-09-16,69.86000061035156,70.37999725341797,69.18000030517578,70.33999633789062,22150400
2009-09-17,69.94999694824219,70.44999694824219,69.80000305175781,69.83999633789062,20986000
2009-09-18,70.2699966430664,70.4800033569336,69.68000030517578,69.98999786376953,43247900
2009-09-21,69.1500015258789,69.68000030517578,69.0,69.56999969482422,17984000
2009-09-22,70.02999877929688,70.13999938964844,69.69999694824219,69.83000183105469,14561800
2009-09-23,69.87000274658203,70.33999633789062,68.8499984741211,69.0,20898600
2009-09-24,69.0,69.36000061035156,68.3499984741211,68.93000030517578,21557000
2009-09-25,68.86000061035156,69.54000091552734,68.41000366210938,68.69999694824219,16454900
2009-09-28,68.80999755859375,69.8499984741211,68.63999938964844,69.58999633789062,13301600
2009-09-29,69.36000061035156,69.70999908447266,68.94999694824219,69.06999969482422,14695100
2009-09-30,68.9800033569336,69.23999786376953,68.04000091552734,68.61000061035156,27117400
2009-10-01,68.38999938964844,68.5,67.08999633789062,67.2699966430664,24927000
2009-10-02,66.97000122070312,67.13999938964844,66.5,66.58000183105469,20478900
2009-10-05,66.79000091552734,67.77999877929688,66.11000061035156,67.58000183105469,21853000
2009-10-06,68.01000213623047,69.0999984741211,67.77999877929688,68.66000366210938,21167400
2009-10-07,68.4800033569336,68.93000030517578,67.95999908447266,68.66999816894531,15302500
2009-10-08,68.97000122070312,69.30000305175781,68.69999694824219,69.05000305175781,19228800
2009-10-09,68.95999908447266,69.2699966430664,68.62999725341797,69.2699966430664,13541900
2009-10-12,69.51000213623047,70.5,69.44000244140625,70.12999725341797,16233800
2009-10-13,70.25,70.38999938964844,69.5199966430664,70.26000213623047,19333400
2009-10-14,70.83999633789062,71.87999725341797,70.75,71.83999633789062,25285700
2009-10-15,71.51000213623047,73.0,71.51000213623047,72.94000244140625,24093600
2009-10-16,72.7300033569336,73.3499984741211,72.30999755859375,73.12000274658203,23556600
2009-10-19,73.1500015258789,73.97000122070312,73.0,73.62000274658203,20404600
2009-10-20,73.37999725341797,73.54000091552734,72.36000061035156,73.0199966430664,20049600
2009-10-21,72.6500015258789,74.30000305175781,72.51000213623047,73.30999755859375,23099500
2009-10-22,73.0199966430664,74.6500015258789,73.01000213623047,74.44000244140625,26014500
2009-10-23,74.33000183105469,74.33000183105469,72.97000122070312,73.56999969482422,20672100
2009-10-26,73.80999755859375,74.91999816894531,73.12999725341797,73.2300033569336,27127700
2009-10-27,73.30000305175781,75.0,73.30000305175781,74.91000366210938,30342500
2009-10-28,74.5199966430664,74.95999908447266,73.83999633789062,73.83999633789062,26345700
2009-10-29,72.56999969482422,74.0,72.0999984741211,73.95999908447266,30048500
2009-10-30,73.37000274658203,73.81999969482422,71.05000305175781,71.66999816894531,32175900
2009-11-02,72.05000305175781,72.8499984741211,71.16000366210938,72.1500015258789,20425900
2009-11-03,71.31999969482422,72.30000305175781,71.16000366210938,71.73999786376953,20550500
2009-11-04,72.06999969482422,72.52999877929688,71.04000091552734,71.30000305175781,22792700
2009-11-05,71.94999694824219,72.75,71.58000183105469,72.5,16235600
2009-11-06,71.81999969482422,72.69000244140625,71.5,72.58000183105469,18185000
2009-11-09,72.95999908447266,73.16999816894531,72.44999694824219,72.8499984741211,16809400
2009-11-10,72.45999908447266,73.2300033569336,72.44999694824219,72.61000061035156,15696600
2009-11-11,73.04000091552734,73.43000030517578,72.52999877929688,72.91000366210938,14397900
2009-11-12,72.68000030517578,73.05000305175781,71.70999908447266,71.9000015258789,16587600
2009-11-13,72.05000305175781,73.16000366210938,71.7300033569336,72.47000122070312,14461600
2009-11-16,73.6500015258789,74.66999816894531,73.33000183105469,74.43000030517578,21326200
2009-11-17,74.7300033569336,75.16000366210938,74.48999786376953,75.02999877929688,22920700
2009-11-18,75.25,75.4000015258789,74.70999908447266,75.2699966430664,16645700
2009-11-19,74.7699966430664,74.9000015258789,74.05000305175781,74.6500015258789,17253900
2009-11-20,74.37999725341797,74.80999755859375,74.02999877929688,74.37999725341797,19269900
2009-11-23,75.44000244140625,75.95999908447266,75.31999969482422,75.69999694824219,18947100
2009-11-24,75.69999694824219,75.98999786376953,74.80000305175781,75.97000122070312,17120900
2009-11-25,76.0,76.54000091552734,75.66000366210938,76.47000122070312,13269200
2009-11-27,74.6500015258789,75.37999725341797,74.3499984741211,74.87000274658203,12105300
2009-11-30,74.48999786376953,75.3499984741211,74.3499984741211,75.06999969482422,21436400
2009-12-01,76.0,76.23999786376953,75.29000091552734,76.04000091552734,17375700
2009-12-02,75.97000122070312,76.30000305175781,75.3499984741211,75.79000091552734,14786900
2009-12-03,75.58000183105469,75.76000213623047,74.91000366210938,74.98999786376953,17852600
2009-12-04,75.69000244140625,75.97000122070312,73.91000366210938,74.25,23700900
2009-12-07,73.94999694824219,74.72000122070312,73.58999633789062,73.7699966430664,17835600
2009-12-08,73.47000122070312,73.5,72.41000366210938,72.94999694824219,18492900
2009-12-09,73.0,73.55000305175781,72.0999984741211,72.79000091552734,17228500
2009-12-10,73.31999969482422,73.55999755859375,72.20999908447266,72.4000015258789,23423700
2009-12-11,72.88999938964844,73.1500015258789,72.31999969482422,72.83000183105469,17128300
2009-12-14,70.80000305175781,71.30000305175781,69.27999877929688,69.69000244140625,91458900
2009-12-15,69.97000122070312,70.11000061035156,68.81999969482422,69.16999816894531,54419600
2009-12-16,69.58000183105469,69.5999984741211,68.41999816894531,68.43000030517578,57711800
2009-12-17,68.36000061035156,68.86000061035156,68.12999725341797,68.22000122070312,46627000
2009-12-18,68.55999755859375,68.80000305175781,67.63999938964844,68.20999908447266,62989400
2009-12-21,68.47000122070312,68.75,68.22000122070312,68.51000213623047,34470100
2009-12-22,68.62000274658203,69.20999908447266,68.5,68.56999969482422,27941800
2009-12-23,68.75,68.77999877929688,68.19999694824219,68.26000213623047,18958900
2009-12-24,68.3499984741211,68.75,68.16000366210938,68.66000366210938,8149200
2009-12-28,69.08000183105469,69.12000274658203,68.73999786376953,69.08000183105469,19694600
2009-12-29,69.27999877929688,69.4000015258789,68.80000305175781,68.83999633789062,19985700
2009-12-30,68.70999908447266,68.95999908447266,68.38999938964844,68.7699966430664,19860600
2009-12-31,68.83999633789062,68.86000061035156,68.11000061035156,68.19000244140625,18852300
2010-01-04,68.72000122070312,69.26000213623047,68.19000244140625,69.1500015258789,27809100
2010-01-05,69.19000244140625,69.44999694824219,68.80000305175781,69.41999816894531,30174700
2010-01-06,69.44999694824219,70.5999984741211,69.33999633789062,70.0199966430664,35044700
2010-01-07,69.9000015258789,70.05999755859375,69.41999816894531,69.80000305175781,27192100
2010-01-08,69.69000244140625,69.75,69.22000122070312,69.5199966430664,24891800
2010-01-11,69.94000244140625,70.5199966430664,69.6500015258789,70.30000305175781,30685000
2010-01-12,69.72000122070312,69.98999786376953,69.5199966430664,69.94999694824219,31496700
2010-01-13,69.95999908447266,70.04000091552734,69.26000213623047,69.66999816894531,24884400
2010-01-14,69.54000091552734,69.73999786376953,69.3499984741211,69.68000030517578,18630800
2010-01-15,69.6500015258789,69.69000244140625,68.6500015258789,69.11000061035156,29411900
2010-01-19,68.73999786376953,69.3499984741211,68.41999816894531,69.2699966430664,26081900
2010-01-20,68.55999755859375,68.66000366210938,67.93000030517578,68.02999877929688,34629500
2010-01-21,68.12000274658203,68.1500015258789,66.5,66.69999694824219,39114000
2010-01-22,66.5199966430664,67.13999938964844,66.0,66.0999984741211,39085500
2010-01-25,66.55000305175781,66.76000213623047,65.69000244140625,65.8499984741211,29305100
2010-01-26,65.63999938964844,66.73999786376953,65.5,65.91999816894531,34083300
2010-01-27,65.66000366210938,66.05999755859375,65.0,65.54000091552734,35723500
2010-01-28,65.8499984741211,65.8499984741211,64.56999969482422,64.95999908447266,37349800
2010-01-29,65.1500015258789,65.81999969482422,64.0199966430664,64.43000030517578,40880500
2010-02-01,65.7699966430664,66.41000366210938,65.3499984741211,66.18000030517578,37703000
2010-02-02,66.7300033569336,67.12000274658203,66.47000122070312,66.95999908447266,34057900
2010-02-03,66.87999725341797,67.2300033569336,66.55999755859375,66.5999984741211,24024700
2010-02-04,66.2699966430664,66.3499984741211,64.68000030517578,64.72000122070312,33858200
2010-02-05,64.69999694824219,64.9000015258789,63.560001373291016,64.80000305175781,42297500
2010-02-08,64.91000366210938,65.48999786376953,64.33999633789062,64.3499984741211,30519400
2010-02-09,65.11000061035156,65.70999908447266,64.55999755859375,65.19999694824219,36243300
2010-02-10,65.08000183105469,65.22000122070312,64.16000366210938,64.8499984741211,21699100
2010-02-11,64.69000244140625,65.4800033569336,64.41000366210938,65.23999786376953,23555200
2010-02-12,64.62000274658203,65.13999938964844,64.27999877929688,64.80000305175781,30636200
2010-02-16,65.44000244140625,66.37999725341797,65.08000183105469,66.27999877929688,30514900
2010-02-17,66.33999633789062,66.44999694824219,65.56999969482422,65.76000213623047,21821800
2010-02-18,65.80000305175781,66.08999633789062,65.3499984741211,65.95999908447266,22536700
2010-02-19,65.58999633789062,66.23999786376953,65.43000030517578,65.87000274658203,24264600
2010-02-22,66.0999984741211,66.12000274658203,65.25,65.4000015258789,20469700
2010-02-23,65.26000213623047,65.55999755859375,64.1500015258789,64.94000244140625,33372900
2010-02-24,65.01000213623047,65.87000274658203,64.7699966430664,65.55000305175781,21469600
2010-02-25,64.61000061035156,65.16999816894531,64.37000274658203,65.13999938964844,25668800
2010-02-26,65.26000213623047,65.4000015258789,64.91999816894531,65.0,20129700
2010-03-01,65.36000061035156,65.54000091552734,65.08999633789062,65.4000015258789,18798600
2010-03-02,65.66000366210938,65.79000091552734,65.1500015258789,65.48999786376953,24823900
2010-03-03,65.7699966430664,65.97000122070312,65.37999725341797,65.43000030517578,22279800
2010-03-04,65.3499984741211,65.62999725341797,65.08000183105469,65.4000015258789,21961100
2010-03-05,65.95999908447266,66.5199966430664,65.77999877929688,66.47000122070312,26837900
2010-03-08,66.7699966430664,66.79000091552734,66.2300033569336,66.4800033569336,20297200
2010-03-09,66.31999969482422,67.19000244140625,66.22000122070312,66.77999877929688,29003100
2010-03-10,67.16000366210938,67.41999816894531,66.77999877929688,67.22000122070312,24810300
2010-03-11,67.38999938964844,67.55999755859375,66.9800033569336,67.22000122070312,19357400
2010-03-12,67.58000183105469,67.58000183105469,66.5,66.80000305175781,23361800
2010-03-15,66.66999816894531,66.69000244140625,65.9000015258789,66.30000305175781,22070000
2010-03-16,66.55000305175781,66.68000030517578,66.0,66.56999969482422,35103700
2010-03-17,66.91000366210938,67.79000091552734,66.80000305175781,67.36000061035156,38770000
2010-03-18,67.5,67.73999786376953,67.01000213623047,67.38999938964844,25925500
2010-03-19,67.04000091552734,67.88999938964844,66.43000030517578,67.04000091552734,45564200
2010-03-22,66.48999786376953,67.19999694824219,66.31999969482422,66.97000122070312,21390600
2010-03-23,66.94000244140625,66.9800033569336,66.44999694824219,66.94999694824219,24754700
2010-03-24,66.56999969482422,66.86000061035156,66.2300033569336,66.5,19748800
2010-03-25,66.80999755859375,66.91999816894531,66.23999786376953,66.30000305175781,21095600
2010-03-26,66.44000244140625,66.87999725341797,66.16999816894531,66.54000091552734,30553400
2010-03-29,66.66000366210938,67.4800033569336,66.58999633789062,67.30000305175781,26122200
2010-03-30,67.19000244140625,67.30000305175781,66.79000091552734,67.05000305175781,17745900
2010-03-31,66.94000244140625,67.19000244140625,66.5999984741211,66.9800033569336,22352500
2010-04-01,67.2699966430664,67.80000305175781,67.19000244140625,67.61000061035156,19614700
2010-04-05,67.83999633789062,68.36000061035156,67.72000122070312,68.19000244140625,20901100
2010-04-06,67.98999786376953,68.3499984741211,67.80000305175781,67.9000015258789,19776800
2010-04-07,67.83000183105469,67.8499984741211,66.97000122070312,67.33999633789062,24531500
2010-04-08,67.01000213623047,68.22000122070312,66.8499984741211,67.86000061035156,24060800
2010-04-09,68.11000061035156,68.9800033569336,68.06999969482422,68.76000213623047,21099600
2010-04-12,68.80000305175781,69.05000305175781,68.58000183105469,68.70999908447266,18170300
2010-04-13,68.47000122070312,68.76000213623047,68.06999969482422,68.66000366210938,19177100
2010-04-14,68.72000122070312,68.81999969482422,68.36000061035156,68.61000061035156,18777800
2010-04-15,68.5,68.72000122070312,68.1500015258789,68.26000213623047,16712900
2010-04-16,68.12000274658203,68.69999694824219,67.70999908447266,67.93000030517578,33855100
2010-04-19,67.75,68.44000244140625,67.56999969482422,68.2300033569336,25686000
2010-04-20,68.62000274658203,69.22000122070312,68.5,68.97000122070312,22989500
2010-04-21,69.0,69.43000030517578,68.56999969482422,68.91999816894531,21119200
2010-04-22,68.5199966430664,68.7300033569336,68.22000122070312,68.55999755859375,21654700
2010-04-23,68.5,69.2699966430664,68.18000030517578,69.23999786376953,24340000
2010-04-26,69.02999877929688,69.52999877929688,68.93000030517578,69.29000091552734,18237100
2010-04-27,69.01000213623047,70.0,68.19999694824219,68.2699966430664,36374700
2010-04-28,68.87000274658203,69.54000091552734,68.61000061035156,69.19000244140625,33243500
2010-04-29,68.44999694824219,69.66000366210938,68.23999786376953,68.66000366210938,47200900
2010-04-30,68.9000015258789,69.30999755859375,67.7300033569336,67.7699966430664,43762100
2010-05-03,68.11000061035156,68.22000122070312,67.18000030517578,67.83999633789062,30734900
2010-05-04,67.1500015258789,67.26000213623047,66.0,66.47000122070312,31646100
2010-05-05,65.94000244140625,66.94000244140625,65.83000183105469,66.16999816894531,30260300
2010-05-06,65.79000091552734,66.2300033569336,58.459999084472656,63.88999938964844,58336300
2010-05-07,64.5,64.91999816894531,63.22999954223633,63.70000076293945,69004800
2010-05-10,65.41999816894531,65.75,64.5199966430664,65.2300033569336,38337600
2010-05-11,64.62000274658203,65.0,64.2300033569336,64.45999908447266,29790600
2010-05-12,64.63999938964844,65.33999633789062,64.5,64.91000366210938,25390700
2010-05-13,64.87000274658203,65.2699966430664,64.31999969482422,64.73999786376953,26791600
2010-05-14,64.5,64.7300033569336,62.90999984741211,63.599998474121094,38815400
2010-05-17,63.7400016784668,63.880001068115234,62.2599983215332,63.27000045776367,31923700
2010-05-18,64.05000305175781,64.2699966430664,62.41999816894531,62.790000915527344,34457000
2010-05-19,62.459999084472656,62.939998626708984,62.0,62.45000076293945,36722500
2010-05-20,61.470001220703125,61.68000030517578,60.209999084472656,60.33000183105469,57194500
2010-05-21,59.15999984741211,60.95000076293945,59.15999984741211,60.880001068115234,52802900
2010-05-24,60.7400016784668,61.0,60.130001068115234,60.189998626708984,27847800
2010-05-25,58.9900016784668,59.779998779296875,58.459999084472656,59.709999084472656,50533800
2010-05-26,60.08000183105469,60.459999084472656,59.119998931884766,59.310001373291016,34028900
2010-05-27,60.5,61.54999923706055,60.099998474121094,61.459999084472656,31911500
2010-05-28,61.209999084472656,61.66999816894531,60.279998779296875,60.459999084472656,32078700
2010-06-01,60.380001068115234,60.86000061035156,59.13999938964844,59.25,32972000
2010-06-02,59.5099983215332,60.79999923706055,59.22999954223633,60.77000045776367,28668400
2010-06-03,61.22999954223633,62.0099983215332,60.599998474121094,61.560001373291016,32383700
2010-06-04,60.7400016784668,61.04999923706055,59.290000915527344,59.529998779296875,45019200
2010-06-07,59.97999954223633,60.40999984741211,59.20000076293945,59.29999923706055,28389500
2010-06-08,59.619998931884766,61.439998626708984,59.380001068115234,61.2400016784668,48460700
2010-06-09,61.58000183105469,61.599998474121094,59.81999969482422,60.029998779296875,31693200
2010-06-10,61.5,62.0,61.15999984741211,61.88999938964844,33020100
2010-06-11,61.68000030517578,61.91999816894531,61.18000030517578,61.86000061035156,21227100
2010-06-14,62.060001373291016,62.459999084472656,61.31999969482422,61.369998931884766,24667800
2010-06-15,61.88999938964844,62.56999969482422,61.4900016784668,62.5099983215332,24532600
2010-06-16,61.970001220703125,62.619998931884766,61.900001525878906,62.5099983215332,20652700
2010-06-17,62.41999816894531,62.70000076293945,61.95000076293945,62.599998474121094,23310200
2010-06-18,62.779998779296875,63.369998931884766,62.400001525878906,63.099998474121094,32747000
2010-06-21,64.0999984741211,64.5,62.849998474121094,63.130001068115234,24877600
2010-06-22,63.130001068115234,63.20000076293945,61.790000915527344,61.939998626708984,26147000
2010-06-23,61.709999084472656,62.2599983215332,60.900001525878906,61.099998474121094,38058900
2010-06-24,60.81999969482422,61.20000076293945,59.869998931884766,60.06999969482422,34188500
2010-06-25,60.150001525878906,60.2400016784668,59.099998474121094,59.099998474121094,118023500
2010-06-28,59.310001373291016,59.38999938964844,58.470001220703125,58.470001220703125,43013000
2010-06-29,58.0,58.09000015258789,57.0,57.290000915527344,52525000
2010-06-30,57.33000183105469,57.72999954223633,56.91999816894531,57.06999969482422,43944900
2010-07-01,56.97999954223633,57.27000045776367,56.16999816894531,56.61000061035156,47746400
2010-07-02,56.849998474121094,56.9900016784668,55.939998626708984,56.56999969482422,32767900
2010-07-06,57.16999816894531,57.59000015258789,56.77000045776367,57.459999084472656,36912100
2010-07-07,57.369998931884766,58.45000076293945,57.2599983215332,58.43000030517578,41797200
2010-07-08,59.130001068115234,59.20000076293945,58.130001068115234,58.810001373291016,40430300
2010-07-09,58.7599983215332,59.0099983215332,58.29999923706055,58.779998779296875,25976500
2010-07-12,58.290000915527344,58.939998626708984,58.20000076293945,58.939998626708984,23515000
2010-07-13,59.599998474121094,59.720001220703125,59.040000915527344,59.41999816894531,30514200
2010-07-14,59.220001220703125,59.34000015258789,58.619998931884766,59.2599983215332,26061100
2010-07-15,59.36000061035156,59.4900016784668,58.59000015258789,59.27000045776367,24737300
2010-07-16,58.84000015258789,59.11000061035156,57.810001373291016,57.959999084472656,35805700
2010-07-19,58.33000183105469,58.7400016784668,58.099998474121094,58.43000030517578,20960000
2010-07-20,57.68000030517578,58.9900016784668,57.66999816894531,58.95000076293945,23807300
2010-07-21,59.130001068115234,59.130001068115234,57.599998474121094,58.16999816894531,26859700
2010-07-22,58.709999084472656,59.790000915527344,58.65999984741211,59.380001068115234,27051400
2010-07-23,59.2599983215332,59.810001373291016,58.79999923706055,59.720001220703125,19281400
2010-07-26,59.70000076293945,60.439998626708984,59.630001068115234,60.38999938964844,20236500
2010-07-27,60.619998931884766,60.900001525878906,60.38999938964844,60.810001373291016,22400800
2010-07-28,60.72999954223633,61.27000045776367,60.72999954223633,60.90999984741211,23511100
2010-07-29,61.41999816894531,61.880001068115234,60.290000915527344,60.34000015258789,33763000
2010-07-30,60.150001525878906,60.5099983215332,59.599998474121094,59.68000030517578,29354600
2010-08-02,60.63999938964844,62.040000915527344,60.61000061035156,61.939998626708984,28144000
2010-08-03,61.97999954223633,62.9900016784668,61.880001068115234,62.720001220703125,31075800
2010-08-04,62.86000061035156,62.88999938964844,62.27000045776367,62.720001220703125,21033800
2010-08-05,62.279998779296875,62.709999084472656,61.849998474121094,62.709999084472656,19985300
2010-08-06,61.91999816894531,62.5,61.25,61.970001220703125,23097300
2010-08-09,62.560001373291016,62.66999816894531,62.18000030517578,62.45000076293945,14731300
2010-08-10,61.849998474121094,62.16999816894531,61.45000076293945,61.93000030517578,23188500
2010-08-11,60.54999923706055,60.65999984741211,60.20000076293945,60.38999938964844,24281300
2010-08-12,59.70000076293945,60.560001373291016,59.560001373291016,60.22999954223633,16951300
2010-08-13,59.959999084472656,60.45000076293945,59.79999923706055,59.90999984741211,14651300
2010-08-16,59.599998474121094,60.25,59.25,59.880001068115234,14301100
2010-08-17,60.4900016784668,61.15999984741211,60.13999938964844,60.81999969482422,20122200
2010-08-18,60.66999816894531,60.720001220703125,59.630001068115234,60.150001525878906,20071500
2010-08-19,59.93000030517578,60.060001373291016,58.900001525878906,59.290000915527344,21174500
2010-08-20,59.02000045776367,59.06999969482422,58.54999923706055,58.88999938964844,21008800
2010-08-23,58.970001220703125,60.04999923706055,58.900001525878906,59.5,21337700
2010-08-24,58.959999084472656,59.45000076293945,58.790000915527344,58.939998626708984,25679100
2010-08-25,58.689998626708984,59.400001525878906,58.41999816894531,58.90999984741211,20944000
2010-08-26,59.36000061035156,59.5,58.33000183105469,58.47999954223633,22320900
2010-08-27,58.720001220703125,59.959999084472656,58.04999923706055,59.79999923706055,28279500
2010-08-30,59.560001373291016,59.900001525878906,58.959999084472656,59.0,16265100
2010-08-31,58.75,59.540000915527344,58.5,59.11000061035156,26985400
2010-09-01,60.040000915527344,60.959999084472656,59.720001220703125,60.90999984741211,26286200
2010-09-02,60.4900016784668,61.060001373291016,60.369998931884766,61.060001373291016,18662600
2010-09-03,61.20000076293945,61.599998474121094,60.75,61.31999969482422,21982900
2010-09-07,60.88999938964844,61.06999969482422,60.45000076293945,60.54999923706055,19435700
2010-09-08,60.65999984741211,61.2599983215332,60.630001068115234,60.75,17380600
2010-09-09,61.5,61.59000015258789,60.90999984741211,61.04999923706055,16525200
2010-09-10,61.380001068115234,61.47999954223633,60.95000076293945,61.20000076293945,14488400
2010-09-13,61.38999938964844,61.52000045776367,60.540000915527344,61.0,23141800
2010-09-14,60.84000015258789,61.34000015258789,60.75,61.0099983215332,17977500
2010-09-15,60.7599983215332,61.029998779296875,60.36000061035156,61.0,18769900
2010-09-16,60.849998474121094,60.9900016784668,60.45000076293945,60.970001220703125,16432500
2010-09-17,61.189998626708984,61.29999923706055,60.630001068115234,60.779998779296875,26447200
2010-09-20,61.040000915527344,61.81999969482422,60.95000076293945,61.54999923706055,21788100
2010-09-21,61.650001525878906,61.900001525878906,61.25,61.540000915527344,20525200
2010-09-22,61.560001373291016,62.0,61.40999984741211,61.45000076293945,18207700
2010-09-23,60.9900016784668,61.56999969482422,60.900001525878906,61.150001525878906,18097800
2010-09-24,61.5099983215332,62.130001068115234,61.36000061035156,61.75,25145300
2010-09-27,61.9900016784668,62.08000183105469,61.68000030517578,61.709999084472656,16642800
2010-09-28,61.630001068115234,62.2599983215332,61.27000045776367,62.060001373291016,18806700
2010-09-29,61.77000045776367,62.02000045776367,61.27000045776367,61.59000015258789,21158000
2010-09-30,61.95000076293945,62.439998626708984,61.470001220703125,61.790000915527344,25460200
2010-10-01,62.31999969482422,62.58000183105469,61.79999923706055,62.540000915527344,24160200
2010-10-04,62.52000045776367,62.72999954223633,61.84000015258789,62.189998626708984,16902500
2010-10-05,62.59000015258789,63.400001525878906,62.43000030517578,63.2599983215332,25185400
2010-10-06,63.18000030517578,63.939998626708984,63.18000030517578,63.939998626708984,21645200
2010-10-07,63.959999084472656,64.0,63.369998931884766,63.849998474121094,19468400
2010-10-08,63.810001373291016,64.52999877929688,63.630001068115234,64.37999725341797,22370500
2010-10-11,64.36000061035156,64.80999755859375,64.30999755859375,64.55000305175781,13848900
2010-10-12,64.30999755859375,64.88999938964844,63.93000030517578,64.69999694824219,20732000
2010-10-13,64.83999633789062,65.29000091552734,64.56999969482422,65.04000091552734,22560500
2010-10-14,65.05000305175781,65.44999694824219,64.87000274658203,65.30000305175781,17778100
2010-10-15,65.63999938964844,65.6500015258789,64.81999969482422,65.19000244140625,25500700
2010-10-18,65.19000244140625,66.54000091552734,65.02999877929688,66.27999877929688,22481700
2010-10-19,65.58999633789062,66.04000091552734,64.58999633789062,65.12000274658203,25367400
2010-10-20,65.47000122070312,66.38999938964844,65.3499984741211,66.01000213623047,20543900
2010-10-21,66.29000091552734,66.80000305175781,65.6500015258789,66.31999969482422,21291200
2010-10-22,66.51000213623047,66.55000305175781,66.12999725341797,66.33999633789062,13332800
2010-10-25,66.68000030517578,66.80999755859375,66.16000366210938,66.19999694824219,16516600
2010-10-26,65.95999908447266,66.56999969482422,65.80999755859375,66.52999877929688,17652900
2010-10-27,65.94999694824219,65.98999786376953,65.08999633789062,65.66999816894531,23358900
2010-10-28,66.43000030517578,66.69999694824219,66.05000305175781,66.22000122070312,20464200
2010-10-29,66.0999984741211,66.55999755859375,65.98999786376953,66.48999786376953,19265600
2010-11-01,66.72000122070312,67.20999908447266,66.62999725341797,66.94999694824219,22372700
2010-11-02,67.31999969482422,68.25,67.20999908447266,67.83999633789062,26192200
2010-11-03,68.2300033569336,68.2699966430664,67.31999969482422,67.97000122070312,26545300
2010-11-04,68.4000015258789,69.5999984741211,68.29000091552734,69.37999725341797,31221400
2010-11-05,69.44000244140625,70.0,69.4000015258789,70.0,26531700
2010-11-08,69.48999786376953,70.41999816894531,69.45999908447266,70.31999969482422,23628000
2010-11-09,70.29000091552734,71.11000061035156,70.0999984741211,70.62999725341797,33938100
2010-11-10,70.95999908447266,71.16000366210938,70.1500015258789,71.12999725341797,25482400
2010-11-11,71.0,71.9000015258789,70.7300033569336,71.83000183105469,23788900
2010-11-12,71.37999725341797,71.4000015258789,70.43000030517578,70.98999786376953,24598100
2010-11-15,71.01000213623047,71.22000122070312,70.44000244140625,70.4800033569336,18779600
2010-11-16,69.62000274658203,69.81999969482422,68.55999755859375,68.94000244140625,27543400
2010-11-17,68.83999633789062,69.37999725341797,68.55999755859375,69.01000213623047,17471800
2010-11-18,69.6500015258789,70.38999938964844,69.63999938964844,70.30999755859375,18322900
2010-11-19,70.19999694824219,70.58999633789062,69.36000061035156,70.54000091552734,24116400
2010-11-22,70.0999984741211,70.30000305175781,68.79000091552734,70.19000244140625,18907900
2010-11-23,68.80000305175781,69.1500015258789,68.31999969482422,68.9800033569336,22672000
2010-11-24,69.25,70.0,69.19000244140625,69.87999725341797,19335600
2010-11-26,69.30000305175781,69.43000030517578,68.9000015258789,69.2300033569336,7324600
2010-11-29,68.86000061035156,69.63999938964844,68.30000305175781,69.44999694824219,20021200
2010-11-30,68.55000305175781,69.75,68.31999969482422,69.55999755859375,27524300
2010-12-01,70.37999725341797,71.55000305175781,70.37999725341797,71.33000183105469,26590200
2010-12-02,71.19000244140625,71.66000366210938,70.94999694824219,71.4800033569336,21274800
2010-12-03,71.01000213623047,71.30000305175781,70.88999938964844,71.19000244140625,19457100
2010-12-06,71.19999694824219,71.5999984741211,71.05999755859375,71.30999755859375,15985400
2010-12-07,71.91000366210938,72.18000030517578,71.41999816894531,71.45999908447266,23694600
2010-12-08,71.87000274658203,72.22000122070312,71.4800033569336,71.8499984741211,22654900
2010-12-09,72.05000305175781,72.13999938964844,71.33000183105469,72.0,17971600
2010-12-10,72.18000030517578,72.18000030517578,71.62000274658203,72.18000030517578,17699500
2010-12-13,72.41000366210938,72.75,72.06999969482422,72.36000061035156,21170500
2010-12-14,72.2300033569336,72.5,71.93000030517578,72.18000030517578,20625900
2010-12-15,71.87000274658203,72.30999755859375,71.79000091552734,71.8499984741211,20979000
2010-12-16,71.91999816894531,72.33000183105469,71.56999969482422,72.22000122070312,18513900
2010-12-17,72.11000061035156,72.38999938964844,71.77999877929688,72.16999816894531,36761300
2010-12-20,72.23999786376953,72.5,71.87999725341797,72.22000122070312,16045800
2010-12-21,72.43000030517578,72.97000122070312,72.2300033569336,72.72000122070312,21772800
2010-12-22,72.94000244140625,73.0,72.6500015258789,72.80000305175781,14606600
2010-12-23,72.94000244140625,73.19999694824219,72.83000183105469,73.19999694824219,11390900
2010-12-27,72.80999755859375,73.30000305175781,72.80999755859375,73.01000213623047,9757200
2010-12-28,73.19999694824219,73.55999755859375,72.95999908447266,73.41999816894531,14423400
2010-12-29,73.41000366210938,73.69000244140625,73.33999633789062,73.37000274658203,11797700
2010-12-30,73.29000091552734,73.51000213623047,73.05000305175781,73.36000061035156,10790400
2010-12-31,73.16000366210938,73.51000213623047,73.0199966430664,73.12000274658203,15273700
2011-01-03,73.72000122070312,74.79000091552734,73.63999938964844,74.55000305175781,23320700
2011-01-04,74.70999908447266,74.94999694824219,74.41999816894531,74.9000015258789,20028500
2011-01-05,74.66999816894531,74.87000274658203,74.13999938964844,74.69999694824219,16550800
2011-01-06,74.9000015258789,75.43000030517578,74.66999816894531,75.18000030517578,22525300
2011-01-07,75.20999908447266,75.9000015258789,75.08999633789062,75.58999633789062,19297700
2011-01-10,75.12999725341797,75.2699966430664,74.58000183105469,75.12999725341797,20766400
2011-01-11,75.0199966430664,75.86000061035156,75.0199966430664,75.69000244140625,15805400
2011-01-12,75.94000244140625,76.62000274658203,75.66999816894531,76.58000183105469,17363000
2011-01-13,76.6500015258789,76.81999969482422,75.9800033569336,76.70999908447266,20438100
2011-01-14,76.66999816894531,78.0,76.5,77.83999633789062,23478700
2011-01-18,77.79000091552734,78.8499984741211,77.72000122070312,78.70999908447266,23883600
2011-01-19,78.62999725341797,78.93000030517578,78.12999725341797,78.23999786376953,21844100
2011-01-20,77.9800033569336,78.16000366210938,76.7699966430664,77.75,29121600
2011-01-21,78.20999908447266,79.0999984741211,78.05999755859375,78.9800033569336,25084400
2011-01-24,78.8499984741211,79.18000030517578,78.08999633789062,78.58999633789062,24871600
2011-01-25,78.22000122070312,78.98999786376953,77.93000030517578,78.68000030517578,21626300
2011-01-26,78.70999908447266,79.86000061035156,78.48999786376953,79.66000366210938,25555400
2011-01-27,79.83999633789062,79.9800033569336,79.33999633789062,79.87999725341797,17003500
2011-01-28,79.77999877929688,79.88999938964844,78.87000274658203,78.98999786376953,26300600
2011-01-31,79.91999816894531,80.81999969482422,79.01000213623047,80.68000030517578,34514400
2011-02-01,81.13999938964844,83.95999908447266,81.04000091552734,83.91000366210938,40829600
2011-02-02,83.58999633789062,83.9800033569336,83.26000213623047,83.41000366210938,18176900
2011-02-03,83.05999755859375,83.55000305175781,82.45999908447266,83.44000244140625,19647700
2011-02-04,83.25,83.5199966430664,82.8499984741211,83.27999877929688,16558300
2011-02-07,83.44999694824219,84.0,83.36000061035156,83.93000030517578,15304300
2011-02-08,83.5,83.6500015258789,82.63999938964844,82.9800033569336,17463500
2011-02-09,82.44000244140625,82.77999877929688,81.7699966430664,82.55000305175781,15890900
2011-02-10,81.68000030517578,83.30999755859375,81.61000061035156,83.19999694824219,21050500
2011-02-11,82.2300033569336,83.41000366210938,82.2300033569336,82.81999969482422,15993500
2011-02-14,82.06999969482422,85.11000061035156,81.88999938964844,84.91000366210938,33108300
2011-02-15,84.79000091552734,84.88999938964844,82.66999816894531,82.97000122070312,25684600
2011-02-16,83.05999755859375,83.86000061035156,82.86000061035156,83.69000244140625,16673500
2011-02-17,83.97000122070312,83.97000122070312,83.05000305175781,83.87999725341797,17853500
2011-02-18,83.91000366210938,84.5,83.5,84.5,22839500
2011-02-22,84.97000122070312,86.69999694824219,84.7300033569336,85.44000244140625,32580400
2011-02-23,86.0,88.2300033569336,85.47000122070312,87.06999969482422,38624600
2011-02-24,87.19999694824219,87.52999877929688,85.45999908447266,85.97000122070312,28577100
2011-02-25,85.79000091552734,86.23999786376953,85.29000091552734,85.33999633789062,22230300
2011-02-28,85.87000274658203,86.55999755859375,85.48999786376953,85.52999877929688,24507000
2011-03-01,86.41000366210938,86.5,84.69999694824219,84.80000305175781,23001800
2011-03-02,84.58999633789062,85.31999969482422,83.55000305175781,85.08000183105469,17423600
2011-03-03,85.45999908447266,85.94999694824219,85.05000305175781,85.81999969482422,17153500
2011-03-04,85.91999816894531,86.0,84.69999694824219,85.08000183105469,20028600
2011-03-07,85.83999633789062,86.08000183105469,84.69000244140625,84.72000122070312,18062700
2011-03-08,84.5999984741211,85.11000061035156,83.75,84.5999984741211,17658200
2011-03-09,84.12000274658203,84.55000305175781,83.55999755859375,84.37999725341797,13306600
2011-03-10,83.80000305175781,83.80000305175781,81.19999694824219,81.37999725341797,25996300
2011-03-11,81.0199966430664,82.91000366210938,80.0999984741211,82.12000274658203,17607100
2011-03-14,81.66999816894531,82.63999938964844,81.45999908447266,82.37999725341797,16383200
2011-03-15,80.16999816894531,82.08999633789062,79.75,81.38999938964844,23191300
2011-03-16,81.2300033569336,81.80999755859375,78.80000305175781,79.30999755859375,33396500
2011-03-17,80.37999725341797,81.5,80.2300033569336,81.16000366210938,21941300
2011-03-18,81.7699966430664,82.33000183105469,80.8499984741211,80.8499984741211,28895900
2011-03-21,81.87000274658203,83.33000183105469,81.86000061035156,82.83999633789062,18207000
2011-03-22,83.0999984741211,83.2300033569336,82.33000183105469,82.55999755859375,16209700
2011-03-23,82.6500015258789,83.0,82.0,82.5999984741211,15390600
2011-03-24,82.77999877929688,83.47000122070312,82.55000305175781,82.7300033569336,17009000
2011-03-25,82.98999786376953,83.93000030517578,82.81999969482422,83.62000274658203,16497300
2011-03-28,83.86000061035156,84.01000213623047,83.44999694824219,83.47000122070312,14608200
2011-03-29,83.16000366210938,83.88999938964844,82.61000061035156,83.25,16277400
2011-03-30,83.80000305175781,84.86000061035156,83.51000213623047,84.48999786376953,15770400
2011-03-31,84.81999969482422,84.94000244140625,84.11000061035156,84.12999725341797,15317800
2011-04-01,84.72000122070312,84.83999633789062,84.16999816894531,84.68000030517578,15531500
2011-04-04,84.26000213623047,84.93000030517578,84.06999969482422,84.87000274658203,13096100
2011-04-05,84.68000030517578,85.94000244140625,84.55999755859375,85.41999816894531,17122600
2011-04-06,85.7300033569336,85.88999938964844,84.95999908447266,85.18000030517578,13339700
2011-04-07,85.16000366210938,85.79000091552734,84.91000366210938,85.76000213623047,16006700
2011-04-08,86.0,86.22000122070312,85.36000061035156,85.94999694824219,15943200
2011-04-11,85.94999694824219,86.1500015258789,84.77999877929688,85.16000366210938,13026500
2011-04-12,84.23999786376953,84.25,82.66999816894531,83.18000030517578,20728800
2011-04-13,83.58000183105469,83.94999694824219,82.55999755859375,83.16000366210938,14489400
2011-04-14,82.37999725341797,83.83999633789062,82.37999725341797,83.44000244140625,15717500
2011-04-15,83.80000305175781,84.47000122070312,83.36000061035156,84.29000091552734,17022500
2011-04-18,83.11000061035156,84.0,82.44000244140625,83.0999984741211,15107300
2011-04-19,82.97000122070312,83.98999786376953,82.97000122070312,83.80000305175781,12770800
2011-04-20,85.05000305175781,85.68000030517578,84.87000274658203,85.6500015258789,15447600
2011-04-21,85.7699966430664,86.43000030517578,85.55999755859375,86.36000061035156,12797200
2011-04-25,86.29000091552734,86.5,85.88999938964844,86.22000122070312,9852800
2011-04-26,86.43000030517578,87.4800033569336,86.26000213623047,87.41999816894531,17908800
2011-04-27,87.4800033569336,87.9000015258789,86.29000091552734,87.77999877929688,17755800
2011-04-28,87.02999877929688,87.5,86.52999877929688,87.33999633789062,18705300
2011-04-29,87.43000030517578,88.0,87.02999877929688,87.9800033569336,17352300
2011-05-02,88.0999984741211,88.12999725341797,86.47000122070312,86.97000122070312,18651200
2011-05-03,86.58999633789062,86.77999877929688,85.04000091552734,85.62000274658203,18417100
2011-05-04,85.19000244140625,85.5999984741211,83.91000366210938,84.80999755859375,22867000
2011-05-05,83.5199966430664,83.98999786376953,81.58999633789062,82.62000274658203,27491200
2011-05-06,83.2699966430664,84.0999984741211,81.8499984741211,82.69000244140625,26314700
2011-05-09,83.01000213623047,83.72000122070312,82.16000366210938,83.18000030517578,18254600
2011-05-10,83.08000183105469,83.76000213623047,82.5,83.33999633789062,17695700
2011-05-11,82.51000213623047,82.69000244140625,80.44000244140625,81.12000274658203,24192000
2011-05-12,80.62000274658203,81.58999633789062,79.41999816894531,81.05000305175781,21853600
2011-05-13,81.29000091552734,81.7699966430664,80.22000122070312,80.87000274658203,17628500
2011-05-16,80.22000122070312,81.2699966430664,80.12000274658203,80.23999786376953,16435100
2011-05-17,79.98999786376953,80.79000091552734,79.5999984741211,80.41000366210938,18067800
2011-05-18,80.87999725341797,82.2699966430664,80.43000030517578,81.73999786376953,17957000
2011-05-19,82.2699966430664,82.58000183105469,81.33999633789062,82.33000183105469,15229100
2011-05-20,81.9800033569336,82.25,80.9000015258789,81.56999969482422,19003400
2011-05-23,80.22000122070312,81.01000213623047,80.06999969482422,80.66999816894531,16288500
2011-05-24,81.05000305175781,82.12000274658203,80.94000244140625,81.29000091552734,15687300
2011-05-25,80.97000122070312,82.52999877929688,80.83999633789062,81.95999908447266,19347200
2011-05-26,81.5999984741211,82.56999969482422,81.19000244140625,82.38999938964844,16873700
2011-05-27,82.73999786376953,83.12999725341797,82.1500015258789,82.62999725341797,11949100
2011-05-31,83.27999877929688,83.75,82.72000122070312,83.47000122070312,23630700
2011-06-01,83.55000305175781,83.6500015258789,81.76000213623047,82.02999877929688,19550200
2011-06-02,81.7699966430664,82.31999969482422,80.6500015258789,81.33000183105469,18152600
2011-06-03,80.23999786376953,81.79000091552734,80.18000030517578,81.18000030517578,17281200
2011-06-06,80.93000030517578,81.19000244140625,80.08000183105469,80.29000091552734,15954300
2011-06-07,80.61000061035156,81.08999633789062,79.97000122070312,80.0,16188100
2011-06-08,80.61000061035156,81.87000274658203,80.5199966430664,80.76000213623047,23567300
2011-06-09,81.23999786376953,81.68000030517578,80.95999908447266,81.18000030517578,17665100
2011-06-10,80.94999694824219,80.94999694824219,79.72000122070312,79.77999877929688,18965900
2011-06-13,80.0,80.5999984741211,78.83999633789062,79.2300033569336,17854200
2011-06-14,80.05000305175781,80.81999969482422,79.94000244140625,80.37999725341797,16443400
2011-06-15,79.52999877929688,79.88999938964844,78.37000274658203,78.66000366210938,21713900
2011-06-16,78.58999633789062,79.51000213623047,78.33000183105469,79.22000122070312,19037500
2011-06-17,79.8499984741211,79.94999694824219,78.69000244140625,79.0199966430664,25441200
2011-06-20,78.6500015258789,79.94999694824219,78.62000274658203,79.70999908447266,15836400
2011-06-21,80.2300033569336,81.12000274658203,80.01000213623047,80.56999969482422,17897300
2011-06-22,80.16000366210938,80.66999816894531,79.56999969482422,79.81999969482422,18599700
2011-06-23,78.73999786376953,78.75,77.2300033569336,78.44000244140625,30032800
2011-06-24,78.55000305175781,78.62999725341797,76.77999877929688,76.77999877929688,36292700
2011-06-27,76.87999725341797,78.4800033569336,76.72000122070312,77.91999816894531,20606900
2011-06-28,78.56999969482422,79.66000366210938,78.37999725341797,79.62999725341797,18421500
2011-06-29,79.8499984741211,80.5,79.22000122070312,80.25,18899900
2011-06-30,80.38999938964844,81.41000366210938,80.2699966430664,81.37999725341797,19942100
2011-07-01,81.19000244140625,82.08999633789062,80.58999633789062,82.01000213623047,18050100
2011-07-05,81.30000305175781,82.12000274658203,81.26000213623047,81.5999984741211,18859600
2011-07-06,81.4000015258789,81.66000366210938,80.8499984741211,81.56999969482422,15042600
2011-07-07,82.2699966430664,82.5999984741211,81.87000274658203,82.36000061035156,18379200
2011-07-08,81.58000183105469,82.52999877929688,81.45999908447266,82.41999816894531,18336500
2011-07-11,81.30000305175781,82.11000061035156,81.12000274658203,81.9000015258789,20717000
2011-07-12,81.51000213623047,83.01000213623047,81.5,81.88999938964844,22639600
2011-07-13,82.2699966430664,83.45999908447266,82.08000183105469,82.4800033569336,19015100
2011-07-14,83.05000305175781,83.11000061035156,82.08999633789062,82.23999786376953,19413200
2011-07-15,82.41999816894531,83.08999633789062,82.26000213623047,83.0,22705100
2011-07-18,82.29000091552734,82.8499984741211,82.08000183105469,82.6500015258789,17343500
2011-07-19,82.9000015258789,83.76000213623047,82.80000305175781,83.62999725341797,16424900
2011-07-20,83.83999633789062,83.88999938964844,83.16999816894531,83.30000305175781,12808400
2011-07-21,83.86000061035156,85.23999786376953,83.75,85.0199966430664,21359700
2011-07-22,85.19999694824219,85.41000366210938,84.54000091552734,85.22000122070312,13152600
2011-07-25,84.19999694824219,85.12999725341797,84.19999694824219,84.56999969482422,14007600
2011-07-26,84.66999816894531,85.0999984741211,84.04000091552734,84.37000274658203,16226700
2011-07-27,83.79000091552734,84.25,83.23999786376953,83.30999755859375,19820600
2011-07-28,81.73999786376953,82.44999694824219,81.1500015258789,81.45999908447266,24556600
2011-07-29,80.79000091552734,80.87999725341797,79.76000213623047,79.79000091552734,26609000
2011-08-01,80.81999969482422,81.18000030517578,78.73999786376953,79.5999984741211,22864500
2011-08-02,78.9000015258789,79.61000061035156,77.81999969482422,77.83999633789062,28410500
2011-08-03,77.94000244140625,78.0999984741211,76.45999908447266,77.72000122070312,28373000
2011-08-04,76.68000030517578,77.12999725341797,73.51000213623047,73.83999633789062,42624200
2011-08-05,75.01000213623047,75.79000091552734,72.06999969482422,74.81999969482422,47167500
2011-08-08,72.73999786376953,73.44000244140625,69.9000015258789,70.19000244140625,58857600
2011-08-09,70.79000091552734,71.87000274658203,67.02999877929688,71.63999938964844,61753300
2011-08-10,70.73999786376953,70.98999786376953,67.45999908447266,68.02999877929688,47758300
2011-08-11,68.80999755859375,72.4000015258789,68.62999725341797,71.58000183105469,50328600
2011-08-12,72.36000061035156,73.0999984741211,71.5999984741211,72.0,31129000
2011-08-15,73.04000091552734,74.37999725341797,72.75,74.29000091552734,23388200
2011-08-16,73.3499984741211,74.33999633789062,72.83000183105469,73.5,26341400
2011-08-17,74.29000091552734,74.75,73.5,74.16000366210938,18269400
2011-08-18,72.41000366210938,72.79000091552734,70.20999908447266,70.94000244140625,35457700
2011-08-19,70.06999969482422,71.9800033569336,69.66999816894531,69.80000305175781,34935300
2011-08-22,72.1500015258789,72.16000366210938,69.58000183105469,70.18000030517578,27202900
2011-08-23,70.5999984741211,73.80000305175781,70.5199966430664,73.66000366210938,38059600
2011-08-24,72.95999908447266,73.86000061035156,72.2699966430664,73.54000091552734,22752900
2011-08-25,73.63999938964844,73.91999816894531,71.2699966430664,71.7699966430664,30924500
2011-08-26,70.87999725341797,73.0,70.20999908447266,72.63999938964844,26974400
2011-08-29,73.33000183105469,74.22000122070312,72.9800033569336,74.12000274658203,18967100
2011-08-30,73.58999633789062,74.4000015258789,72.97000122070312,73.91000366210938,22437000
2011-08-31,74.36000061035156,74.87000274658203,73.33999633789062,74.0199966430664,29189000
2011-09-01,74.1500015258789,74.86000061035156,73.44999694824219,73.48999786376953,23393500
2011-09-02,72.11000061035156,72.69000244140625,71.5,72.13999938964844,21071800
2011-09-06,70.13999938964844,71.31999969482422,69.91000366210938,71.1500015258789,25416300
2011-09-07,72.23999786376953,73.6500015258789,71.75,73.6500015258789,23108400
2011-09-08,73.38999938964844,74.33999633789062,72.54000091552734,72.81999969482422,22434800
2011-09-09,72.16999816894531,72.56999969482422,70.58999633789062,71.01000213623047,27969100
2011-09-12,70.33999633789062,71.88999938964844,69.87000274658203,71.83999633789062,26205800
2011-09-13,71.76000213623047,71.9800033569336,70.80999755859375,71.6500015258789,22825400
2011-09-14,71.95999908447266,73.76000213623047,71.16000366210938,72.63999938964844,26042800
2011-09-15,73.43000030517578,74.05999755859375,72.68000030517578,74.01000213623047,21858300
2011-09-16,74.5199966430664,74.75,73.56999969482422,74.55000305175781,34652600
2011-09-19,72.91000366210938,74.0999984741211,72.5,73.69999694824219,19822500
2011-09-20,73.87000274658203,74.9800033569336,73.44000244140625,74.01000213623047,20420000
2011-09-21,73.87999725341797,74.29000091552734,71.83000183105469,71.97000122070312,23806200
2011-09-22,69.94000244140625,70.45999908447266,68.16999816894531,69.23999786376953,43223000
2011-09-23,68.45999908447266,70.11000061035156,67.93000030517578,69.30999755859375,26583200
2011-09-26,70.01000213623047,71.88999938964844,69.5,71.72000122070312,30342400
2011-09-27,73.33000183105469,74.33999633789062,72.41999816894531,72.91000366210938,26689900
2011-09-28,72.43000030517578,74.29000091552734,71.86000061035156,72.06999969482422,26026500
2011-09-29,73.12000274658203,74.04000091552734,72.66999816894531,73.87999725341797,27713900
2011-09-30,72.76000213623047,74.58999633789062,72.62999725341797,72.62999725341797,30917000
2011-10-03,72.05000305175781,73.0999984741211,71.1500015258789,71.1500015258789,31004200
2011-10-04,70.25,73.1500015258789,69.20999908447266,72.83000183105469,36500000
2011-10-05,72.66999816894531,74.0,72.20999908447266,73.94999694824219,28239800
2011-10-06,73.30000305175781,74.0,72.62999725341797,73.88999938964844,24869800
2011-10-07,74.47000122070312,74.5199966430664,73.02999877929688,73.55999755859375,23573900
2011-10-10,74.7300033569336,76.29000091552734,74.6500015258789,76.27999877929688,20465800
2011-10-11,75.77999877929688,76.66999816894531,75.70999908447266,76.2699966430664,17862100
2011-10-12,76.73999786376953,77.66000366210938,76.30999755859375,77.16000366210938,22239000
2011-10-13,76.22000122070312,76.79000091552734,75.83999633789062,76.37000274658203,19540300
2011-10-14,77.0999984741211,78.2300033569336,77.06999969482422,78.11000061035156,17870600
2011-10-17,77.87000274658203,78.48999786376953,77.12000274658203,77.47000122070312,18836200
2011-10-18,77.56999969482422,79.51000213623047,77.0199966430664,78.88999938964844,23878500
2011-10-19,78.56999969482422,79.23999786376953,77.91999816894531,78.43000030517578,20910900
2011-10-20,78.31999969482422,79.11000061035156,77.83000183105469,78.70999908447266,22227600
2011-10-21,79.58999633789062,80.16000366210938,79.18000030517578,80.12999725341797,27855300
2011-10-24,79.91999816894531,80.5,79.55000305175781,80.16999816894531,19861100
2011-10-25,79.83000183105469,80.48999786376953,79.05000305175781,79.44000244140625,23433400
2011-10-26,80.16000366210938,81.2699966430664,79.27999877929688,81.06999969482422,27170500
2011-10-27,81.91000366210938,82.19999694824219,80.69000244140625,81.87999725341797,35489500
2011-10-28,80.98999786376953,81.98999786376953,80.44000244140625,81.4800033569336,21753400
2011-10-31,80.58999633789062,80.63999938964844,78.0,78.08999633789062,30616900
2011-11-01,75.81999969482422,77.11000061035156,75.44999694824219,75.94000244140625,35835000
2011-11-02,77.37000274658203,77.58999633789062,76.5,77.37000274658203,21761300
2011-11-03,78.19000244140625,79.0,77.44000244140625,78.86000061035156,24480600
2011-11-04,78.06999969482422,78.61000061035156,77.37999725341797,78.5199966430664,18192800
2011-11-07,78.81999969482422,79.48999786376953,78.12000274658203,79.3499984741211,17998100
2011-11-08,79.25,79.87999725341797,78.62999725341797,79.76000213623047,19023800
2011-11-09,77.9000015258789,78.91999816894531,77.02999877929688,77.38999938964844,24130100
2011-11-10,78.52999877929688,79.0199966430664,77.63999938964844,78.69999694824219,18668800
2011-11-11,79.62999725341797,79.94999694824219,79.33999633789062,79.72000122070312,15134500
2011-11-14,79.52999877929688,79.75,78.38999938964844,78.95999908447266,13589900
2011-11-15,78.86000061035156,79.8499984741211,78.5,79.08999633789062,19475000
2011-11-16,78.23999786376953,79.75,78.05999755859375,78.25,20376800
2011-11-17,78.12000274658203,79.43000030517578,77.0999984741211,77.86000061035156,25964300
2011-11-18,78.22000122070312,78.68000030517578,77.11000061035156,77.9000015258789,23104500
2011-11-21,76.52999877929688,77.33000183105469,76.05999755859375,76.91000366210938,20204200
2011-11-22,76.37999725341797,77.0999984741211,75.87999725341797,76.02999877929688,18925100
2011-11-23,75.02999877929688,75.31999969482422,74.52999877929688,74.58000183105469,23331800
2011-11-25,74.51000213623047,75.19999694824219,73.9000015258789,73.9000015258789,10254500
2011-11-28,75.83999633789062,76.51000213623047,75.33000183105469,75.83999633789062,20148600
2011-11-29,76.41000366210938,77.5,76.13999938964844,76.93000030517578,19768400
2011-11-30,78.41999816894531,80.52999877929688,78.37000274658203,80.44000244140625,33953000
2011-12-01,80.19999694824219,80.3499984741211,79.37000274658203,79.79000091552734,17261100
2011-12-02,80.66999816894531,80.73999786376953,79.6500015258789,79.79000091552734,19461300
2011-12-05,80.87999725341797,81.18000030517578,79.80000305175781,80.44999694824219,18295000
2011-12-06,80.62999725341797,81.63999938964844,80.29000091552734,80.81999969482422,20122700
2011-12-07,80.61000061035156,81.86000061035156,80.3499984741211,81.08000183105469,19643400
2011-12-08,80.75,80.8499984741211,79.55000305175781,79.87000274658203,18443600
2011-12-09,80.62999725341797,81.75,80.33999633789062,81.33999633789062,21842300
2011-12-12,80.7300033569336,81.08999633789062,79.20999908447266,80.05000305175781,17846500
2011-12-13,80.61000061035156,81.80999755859375,80.13999938964844,80.52999877929688,21873600
2011-12-14,79.58999633789062,80.16999816894531,78.66000366210938,79.44000244140625,23934400
2011-12-15,79.93000030517578,80.5999984741211,79.77999877929688,80.02999877929688,17954200
2011-12-16,80.73999786376953,80.91000366210938,79.87999725341797,80.16000366210938,33465700
2011-12-19,80.23999786376953,80.45999908447266,79.37999725341797,79.52999877929688,16048400
2011-12-20,80.66000366210938,82.0,80.61000061035156,82.0,21163300
2011-12-21,82.0199966430664,83.33999633789062,82.0,83.12000274658203,19160300
2011-12-22,83.55999755859375,84.83000183105469,83.30000305175781,84.29000091552734,19841300
2011-12-23,84.27999877929688,85.2300033569336,84.20999908447266,85.22000122070312,10243800
2011-12-27,84.97000122070312,85.62999725341797,84.94999694824219,85.27999877929688,10147100
2011-12-28,85.1500015258789,85.44000244140625,84.01000213623047,84.18000030517578,12767500
2011-12-29,84.08999633789062,85.33000183105469,84.08999633789062,85.2699966430664,10865900
2011-12-30,85.16000366210938,85.29000091552734,84.56999969482422,84.76000213623047,9768900
2012-01-03,85.97000122070312,86.66999816894531,85.9000015258789,86.0,20906800
2012-01-04,85.79000091552734,86.1500015258789,85.0999984741211,86.0199966430664,16130900
2012-01-05,85.63999938964844,85.94999694824219,84.91999816894531,85.76000213623047,17452800
2012-01-06,85.91999816894531,86.0,85.11000061035156,85.12000274658203,15942100
2012-01-09,85.0,85.63999938964844,84.97000122070312,85.5,11664200
2012-01-10,86.06999969482422,86.20999908447266,85.37999725341797,85.72000122070312,13080800
2012-01-11,85.0999984741211,85.4000015258789,84.47000122070312,85.08000183105469,14831400
2012-01-12,84.38999938964844,84.91999816894531,83.94000244140625,84.73999786376953,17357200
2012-01-13,84.16000366210938,84.91999816894531,83.81999969482422,84.87999725341797,15551600
2012-01-17,85.75,86.12999725341797,85.4000015258789,85.69000244140625,15627900
2012-01-18,85.30000305175781,86.5,84.95999908447266,86.44999694824219,16754200
2012-01-19,86.33999633789062,87.23999786376953,85.7699966430664,87.02999877929688,16383500
2012-01-20,87.08000183105469,87.48999786376953,86.72000122070312,87.48999786376953,19220300
2012-01-23,87.5,87.94000244140625,87.02999877929688,87.47000122070312,15348400
2012-01-24,87.08000183105469,87.22000122070312,86.66000366210938,87.18000030517578,12363800
2012-01-25,86.7699966430664,87.37999725341797,85.80999755859375,87.22000122070312,18202300
2012-01-26,87.63999938964844,87.70999908447266,86.51000213623047,86.7699966430664,15658200
2012-01-27,86.23999786376953,86.5,85.7699966430664,85.83000183105469,15976700
2012-01-30,85.2699966430664,85.5,84.58999633789062,85.48999786376953,17867000
2012-01-31,84.91999816894531,85.33999633789062,83.45999908447266,83.73999786376953,27225800
2012-02-01,84.2300033569336,84.55999755859375,83.37999725341797,83.97000122070312,22266100
2012-02-02,84.27999877929688,84.33999633789062,83.19000244140625,83.52999877929688,18020500
2012-02-03,84.23999786376953,85.0,84.05000305175781,84.91999816894531,16145400
2012-02-06,84.87000274658203,85.8499984741211,84.48999786376953,85.75,15000900
2012-02-07,85.22000122070312,86.44000244140625,84.94000244140625,86.33999633789062,15818400
2012-02-08,85.83000183105469,86.22000122070312,84.7300033569336,85.31999969482422,14762600
2012-02-09,85.33000183105469,85.69000244140625,84.66999816894531,84.87999725341797,17073400
2012-02-10,84.0199966430664,84.0999984741211,83.3499984741211,83.80000305175781,15328900
2012-02-13,84.33999633789062,84.5999984741211,83.88999938964844,84.41999816894531,11473700
2012-02-14,84.41999816894531,84.70999908447266,83.8499984741211,84.66999816894531,12961900
2012-02-15,84.86000061035156,84.91999816894531,83.91000366210938,84.12000274658203,13911600
2012-02-16,84.44999694824219,85.62000274658203,84.08000183105469,85.41000366210938,14769600
2012-02-17,86.06999969482422,86.12000274658203,84.91999816894531,85.62000274658203,16597200
2012-02-21,86.04000091552734,86.77999877929688,86.04000091552734,86.56999969482422,15481300
2012-02-22,86.83999633789062,87.25,86.6500015258789,86.91999816894531,11983200
2012-02-23,86.58000183105469,87.16999816894531,86.47000122070312,87.0199966430664,12404600
2012-02-24,87.37000274658203,87.47000122070312,87.01000213623047,87.33999633789062,10767100
2012-02-27,87.1500015258789,87.83000183105469,86.77999877929688,87.2300033569336,13323500
2012-02-28,87.2300033569336,87.44000244140625,86.55000305175781,87.13999938964844,14317600
2012-02-29,87.44999694824219,87.48999786376953,86.20999908447266,86.5,18293200
2012-03-01,86.47000122070312,87.18000030517578,86.41000366210938,86.83000183105469,12638500
2012-03-02,86.66000366210938,86.75,85.8499984741211,86.33000183105469,11343400
2012-03-05,86.16999816894531,87.08999633789062,85.91000366210938,87.01000213623047,12803100
2012-03-06,86.23999786376953,86.4800033569336,85.41999816894531,85.86000061035156,16507900
2012-03-07,86.01000213623047,86.12000274658203,85.19000244140625,85.83000183105469,14767700
2012-03-08,85.0,85.47000122070312,84.62999725341797,84.83000183105469,19032000
2012-03-09,85.05999755859375,85.12999725341797,84.05000305175781,84.30000305175781,17042500
2012-03-12,84.5,85.75,84.12999725341797,85.55000305175781,19014000
2012-03-13,85.88999938964844,86.93000030517578,85.61000061035156,86.86000061035156,16853300
2012-03-14,86.58999633789062,86.83000183105469,85.73999786376953,86.0199966430664,16187300
2012-03-15,85.88999938964844,86.19999694824219,85.25,86.08999633789062,14523600
2012-03-16,86.19999694824219,86.88999938964844,85.91999816894531,86.44000244140625,30991300
2012-03-19,86.08000183105469,87.18000030517578,86.02999877929688,86.98999786376953,10770400
2012-03-20,86.45999908447266,87.0999984741211,86.31999969482422,86.5999984741211,13613800
2012-03-21,86.58999633789062,86.58999633789062,85.7699966430664,86.01000213623047,14212400
2012-03-22,85.4800033569336,85.94000244140625,85.0999984741211,85.33000183105469,13884400
2012-03-23,85.36000061035156,85.9800033569336,85.0199966430664,85.55000305175781,12557700
2012-03-26,86.18000030517578,87.25,86.06999969482422,87.02999877929688,17336800
2012-03-27,87.13999938964844,87.25,86.54000091552734,86.62000274658203,12509200
2012-03-28,86.36000061035156,86.4800033569336,85.13999938964844,85.86000061035156,16155300
2012-03-29,85.31999969482422,86.12999725341797,84.91000366210938,86.08000183105469,13199700
2012-03-30,86.4800033569336,86.76000213623047,86.08999633789062,86.7300033569336,12968300
2012-04-02,86.5999984741211,87.66999816894531,86.30999755859375,87.06999969482422,13853300
2012-04-03,86.75,86.77999877929688,85.0,85.83000183105469,17714900
2012-04-04,85.30000305175781,85.36000061035156,84.48999786376953,84.9800033569336,17112800
2012-04-05,84.55999755859375,85.37999725341797,84.3499984741211,84.81999969482422,11954700
2012-04-09,83.9800033569336,84.36000061035156,83.68000030517578,83.87999725341797,11027000
2012-04-10,83.75,83.75,81.87999725341797,82.16999816894531,19993700
2012-04-11,83.11000061035156,83.3499984741211,82.1500015258789,82.69999694824219,15856200
2012-04-12,82.6500015258789,83.7300033569336,82.36000061035156,83.5999984741211,15266200
2012-04-13,82.97000122070312,83.69000244140625,82.86000061035156,82.94999694824219,13856500
2012-04-16,83.23999786376953,84.38999938964844,83.12999725341797,84.01000213623047,17526100
2012-04-17,84.6500015258789,85.5999984741211,84.56999969482422,85.44999694824219,14208000
2012-04-18,85.05999755859375,86.05000305175781,85.0199966430664,85.75,12997500
2012-04-19,85.51000213623047,85.91999816894531,84.9800033569336,85.27999877929688,15973800
2012-04-20,85.55000305175781,85.91999816894531,85.02999877929688,85.30000305175781,17216600
2012-04-23,84.52999877929688,85.93000030517578,84.38999938964844,85.69000244140625,15197200
2012-04-24,85.63999938964844,86.38999938964844,85.63999938964844,86.30999755859375,11632500
2012-04-25,86.6500015258789,87.18000030517578,85.72000122070312,86.8499984741211,18476800
2012-04-26,85.27999877929688,86.19999694824219,85.1500015258789,86.06999969482422,17262400
2012-04-27,86.5,86.69000244140625,85.95999908447266,86.08000183105469,11372900
2012-04-30,85.95999908447266,86.80000305175781,85.87000274658203,86.33999633789062,11735400
2012-05-01,86.45999908447266,87.5199966430664,86.12999725341797,87.04000091552734,13816900
2012-05-02,86.55999755859375,86.6500015258789,85.83000183105469,86.19999694824219,11108700
2012-05-03,86.36000061035156,86.38999938964844,85.30999755859375,85.6500015258789,9998600
2012-05-04,85.11000061035156,85.30999755859375,84.4000015258789,84.56999969482422,15055500
2012-05-07,84.29000091552734,84.79000091552734,84.0999984741211,84.4800033569336,12018100
2012-05-08,83.75,84.26000213623047,82.91999816894531,84.0199966430664,19602400
2012-05-09,83.04000091552734,84.06999969482422,82.87999725341797,83.30999755859375,17424000
2012-05-10,83.37000274658203,83.58999633789062,82.55000305175781,82.83999633789062,13234600
2012-05-11,82.69000244140625,83.79000091552734,82.54000091552734,83.0999984741211,12061700
2012-05-14,82.2699966430664,82.45999908447266,81.95999908447266,82.12000274658203,12675900
2012-05-15,82.0,82.7300033569336,81.52999877929688,81.79000091552734,15757400
2012-05-16,81.95999908447266,83.1500015258789,81.79000091552734,82.16999816894531,15034500
2012-05-17,82.1500015258789,82.61000061035156,81.68000030517578,81.91000366210938,17698200
2012-05-18,82.37000274658203,82.72000122070312,81.02999877929688,81.47000122070312,21747200
2012-05-21,81.41999816894531,82.12999725341797,81.06999969482422,82.04000091552734,13730400
2012-05-22,82.13999938964844,82.83999633789062,81.5199966430664,81.94999694824219,13790000
2012-05-23,81.79000091552734,82.08000183105469,79.95999908447266,82.04000091552734,17582200
2012-05-24,82.29000091552734,82.77999877929688,81.70999908447266,82.61000061035156,14113600
2012-05-25,82.86000061035156,82.95999908447266,81.68000030517578,82.08000183105469,12756500
2012-05-29,82.63999938964844,82.63999938964844,81.31999969482422,81.93000030517578,15931100
2012-05-30,81.08000183105469,81.37999725341797,79.58999633789062,79.79000091552734,19593100
2012-05-31,79.87999725341797,80.13999938964844,78.41000366210938,78.62999725341797,38954600
2012-06-01,77.87000274658203,78.55999755859375,77.47000122070312,77.91999816894531,22870900
2012-06-04,78.08999633789062,78.25,77.19999694824219,77.83000183105469,17711200
2012-06-05,77.58999633789062,78.29000091552734,77.12999725341797,77.5999984741211,17715600
2012-06-06,78.37000274658203,80.23999786376953,78.08000183105469,80.18000030517578,23880900
2012-06-07,80.9800033569336,81.2300033569336,80.3499984741211,80.69000244140625,18409400
2012-06-08,80.08000183105469,80.91999816894531,79.45999908447266,80.83999633789062,18150000
2012-06-11,81.62000274658203,81.8499984741211,80.16999816894531,80.2699966430664,18031800
2012-06-12,80.73999786376953,81.51000213623047,80.62000274658203,81.26000213623047,14162100
2012-06-13,80.94000244140625,81.63999938964844,80.27999877929688,80.62999725341797,15098100
2012-06-14,80.86000061035156,82.5,80.7300033569336,82.12999725341797,16942300
2012-06-15,82.56999969482422,83.44999694824219,82.22000122070312,83.22000122070312,27342800
2012-06-18,82.51000213623047,83.18000030517578,82.3499984741211,83.11000061035156,13885100
2012-06-19,83.7300033569336,84.62999725341797,83.30999755859375,84.4800033569336,21053300
2012-06-20,84.4000015258789,85.38999938964844,84.05999755859375,84.97000122070312,23274300
2012-06-21,85.04000091552734,85.37000274658203,82.05000305175781,82.11000061035156,33751900
2012-06-22,82.68000030517578,83.22000122070312,82.11000061035156,82.11000061035156,84747800
2012-06-25,81.22000122070312,81.43000030517578,79.77999877929688,81.23999786376953,28761600
2012-06-26,81.51000213623047,82.97000122070312,81.20999908447266,82.4000015258789,22853700
2012-06-27,82.80999755859375,83.66000366210938,82.70999908447266,83.19999694824219,15301400
2012-06-28,82.66000366210938,83.45999908447266,82.0199966430664,83.0999984741211,19140300
2012-06-29,84.77999877929688,85.69999694824219,84.45999908447266,85.56999969482422,24906300
2012-07-02,85.44000244140625,85.47000122070312,84.54000091552734,85.33999633789062,14447800
2012-07-03,85.69000244140625,86.27999877929688,85.62000274658203,86.27999877929688,9787700
2012-07-05,85.33000183105469,86.04000091552734,85.1500015258789,85.56999969482422,10797100
2012-07-06,84.26000213623047,85.04000091552734,84.19999694824219,84.80000305175781,13259400
2012-07-09,84.5199966430664,84.55000305175781,83.0199966430664,83.6500015258789,22361600
2012-07-10,84.08000183105469,84.38999938964844,82.83000183105469,83.11000061035156,14106100
2012-07-11,83.4800033569336,84.68000030517578,83.23999786376953,84.37999725341797,18337600
2012-07-12,83.41000366210938,84.55000305175781,83.31999969482422,84.12000274658203,15566400
2012-07-13,84.44999694824219,85.56999969482422,84.26000213623047,85.47000122070312,13642000
2012-07-16,84.83000183105469,85.41999816894531,84.66000366210938,85.05000305175781,11269200
2012-07-17,85.18000030517578,85.81999969482422,84.0999984741211,85.7300033569336,14059400
2012-07-18,85.33999633789062,86.22000122070312,85.06999969482422,86.20999908447266,14203500
2012-07-19,86.0199966430664,86.37999725341797,85.62000274658203,86.20999908447266,14902300
2012-07-20,85.87000274658203,86.1500015258789,85.2699966430664,85.94999694824219,16838300
2012-07-23,84.80000305175781,85.45999908447266,84.33000183105469,85.20999908447266,13597800
2012-07-24,85.20999908447266,85.26000213623047,83.5,84.58000183105469,13948300
2012-07-25,85.13999938964844,85.55000305175781,84.66000366210938,85.23999786376953,16566000
2012-07-26,85.55999755859375,86.69999694824219,85.26000213623047,86.5199966430664,19149300
2012-07-27,86.58999633789062,87.8499984741211,85.5,87.44999694824219,24079300
2012-07-30,87.27999877929688,87.83000183105469,87.08000183105469,87.55999755859375,11183500
2012-07-31,87.37000274658203,87.66000366210938,86.79000091552734,86.8499984741211,12212200
2012-08-01,87.0199966430664,87.44999694824219,86.18000030517578,86.91000366210938,14312300
2012-08-02,86.0999984741211,86.75,85.5,85.87999725341797,14530100
2012-08-03,87.06999969482422,87.88999938964844,86.80000305175781,87.55000305175781,13982500
2012-08-06,87.55000305175781,87.87999725341797,87.37000274658203,87.44999694824219,9626400
2012-08-07,87.87999725341797,88.0,87.68000030517578,87.91999816894531,12399800
2012-08-08,87.75,88.5,87.68000030517578,88.27999877929688,12864500
2012-08-09,87.83999633789062,88.4800033569336,87.51000213623047,88.19999694824219,12213700
2012-08-10,87.66999816894531,88.48999786376953,87.1500015258789,88.44000244140625,11149000
2012-08-13,88.0999984741211,88.23999786376953,87.7699966430664,88.13999938964844,8716300
2012-08-14,88.16999816894531,88.63999938964844,87.9000015258789,88.19999694824219,8675700
2012-08-15,88.19000244140625,88.66999816894531,87.91000366210938,88.0,8510100
2012-08-16,88.19000244140625,88.87000274658203,87.95999908447266,88.66999816894531,11311300
2012-08-17,88.88999938964844,88.91000366210938,88.16000366210938,88.4000015258789,11177700
2012-08-20,88.06999969482422,88.22000122070312,87.62999725341797,87.94999694824219,8813700
2012-08-21,88.13999938964844,88.41000366210938,87.26000213623047,87.45999908447266,10767100
2012-08-22,87.19999694824219,87.91000366210938,87.0199966430664,87.7300033569336,10160400
2012-08-23,87.79000091552734,87.79000091552734,86.9800033569336,87.30999755859375,9666300
2012-08-24,87.16000366210938,88.30000305175781,86.93000030517578,88.05000305175781,9762300
2012-08-27,88.06999969482422,88.19999694824219,87.61000061035156,87.73999786376953,8252100
2012-08-28,87.56999969482422,88.4000015258789,87.41999816894531,88.0999984741211,9646800
2012-08-29,88.06999969482422,88.19000244140625,87.73999786376953,87.9000015258789,8377300
2012-08-30,87.37999725341797,87.7300033569336,87.0199966430664,87.19999694824219,8915800
2012-08-31,87.61000061035156,87.8499984741211,87.13999938964844,87.30000305175781,14178800
2012-09-04,87.33000183105469,87.45999908447266,86.5199966430664,87.12000274658203,10602900
2012-09-05,87.5199966430664,87.6500015258789,87.05999755859375,87.33000183105469,10113100
2012-09-06,87.88999938964844,89.25,87.8499984741211,88.98999786376953,15713500
2012-09-07,89.2699966430664,90.0,89.2699966430664,89.91999816894531,15623900
2012-09-10,89.81999969482422,90.0,89.4000015258789,89.4800033569336,10750700
2012-09-11,89.75,89.94999694824219,89.55000305175781,89.62000274658203,9349400
2012-09-12,89.62999725341797,89.9000015258789,89.41000366210938,89.55000305175781,9982900
2012-09-13,89.70999908447266,91.55999755859375,89.43000030517578,91.2300033569336,19870900
2012-09-14,91.5,92.4000015258789,91.25,92.30000305175781,21388800
2012-09-17,91.91999816894531,92.5,91.55000305175781,91.91000366210938,11893700
2012-09-18,91.43000030517578,92.22000122070312,91.4000015258789,91.6500015258789,10950100
2012-09-19,91.4800033569336,91.75,90.56999969482422,90.56999969482422,16302100
2012-09-20,90.13999938964844,91.69000244140625,90.08999633789062,91.5199966430664,12238400
2012-09-21,92.02999877929688,92.2300033569336,91.63999938964844,91.91999816894531,19599100
2012-09-24,91.30999755859375,92.20999908447266,91.30000305175781,91.87999725341797,11023700
2012-09-25,92.11000061035156,92.56999969482422,91.54000091552734,91.73999786376953,14035800
2012-09-26,91.72000122070312,92.04000091552734,91.0999984741211,91.2300033569336,11616500
2012-09-27,91.83000183105469,92.25,91.19000244140625,91.80000305175781,10632700
2012-09-28,91.4800033569336,91.6500015258789,90.93000030517578,91.44999694824219,12507600
2012-10-01,91.79000091552734,92.5,91.5999984741211,91.80000305175781,10343500
2012-10-02,92.12000274658203,92.18000030517578,91.27999877929688,91.72000122070312,9507800
2012-10-03,91.6500015258789,91.80999755859375,91.16999816894531,91.69999694824219,10328100
2012-10-04,92.08000183105469,92.54000091552734,91.91000366210938,92.22000122070312,11507100
2012-10-05,92.58999633789062,93.0,92.2300033569336,92.55000305175781,9890100
2012-10-08,92.1500015258789,92.87000274658203,92.04000091552734,92.68000030517578,8765200
2012-10-09,92.83000183105469,93.36000061035156,92.11000061035156,92.12999725341797,13799200
2012-10-10,91.80000305175781,92.0199966430664,90.66999816894531,91.02999877929688,15332500
2012-10-11,91.56999969482422,91.87999725341797,91.16999816894531,91.16999816894531,9789900
2012-10-12,91.51000213623047,91.72000122070312,90.51000213623047,91.02999877929688,9943700
2012-10-15,91.3499984741211,91.69000244140625,90.54000091552734,91.51000213623047,10651100
2012-10-16,91.88999938964844,92.4800033569336,91.80000305175781,92.37999725341797,9069300
2012-10-17,92.62000274658203,93.54000091552734,92.61000061035156,93.38999938964844,10759100
2012-10-18,92.97000122070312,93.56999969482422,92.97000122070312,93.4800033569336,11815500
2012-10-19,93.56999969482422,93.66999816894531,91.75,92.1500015258789,15928100
2012-10-22,91.66999816894531,92.26000213623047,91.08000183105469,92.19000244140625,11445400
2012-10-23,91.12999725341797,91.37999725341797,90.01000213623047,90.18000030517578,14085500
2012-10-24,90.45999908447266,90.62000274658203,89.7699966430664,89.87999725341797,11332500
2012-10-25,90.62999725341797,90.80000305175781,89.68000030517578,90.43000030517578,10387200
2012-10-26,90.55999755859375,91.06999969482422,90.01000213623047,90.62000274658203,11583000
2012-10-31,91.02999877929688,91.41000366210938,90.11000061035156,91.16999816894531,14848500
2012-11-01,90.25,91.66999816894531,90.19999694824219,91.5999984741211,15771900
2012-11-02,91.76000213623047,91.94000244140625,90.05999755859375,90.2699966430664,12742400
2012-11-05,90.04000091552734,90.80999755859375,89.69999694824219,90.62999725341797,11222600
2012-11-06,90.86000061035156,92.05000305175781,90.7300033569336,91.61000061035156,12026500
2012-11-07,90.23999786376953,90.23999786376953,87.69999694824219,88.18000030517578,19423500
2012-11-08,88.2699966430664,88.43000030517578,87.02999877929688,87.06999969482422,13743000
2012-11-09,86.61000061035156,87.94999694824219,86.61000061035156,87.20999908447266,13407000
2012-11-12,87.2699966430664,87.69000244140625,86.94999694824219,87.31999969482422,9004300
2012-11-13,86.75,87.98999786376953,86.44000244140625,86.47000122070312,12260300
2012-11-14,86.75,87.11000061035156,85.87999725341797,86.06999969482422,14524100
2012-11-15,86.08999633789062,86.55999755859375,85.37000274658203,86.13999938964844,13783600
2012-11-16,86.13999938964844,86.70999908447266,85.05999755859375,86.44999694824219,17405200
2012-11-19,87.4000015258789,88.19999694824219,87.08999633789062,87.66999816894531,12911000
2012-11-20,87.51000213623047,87.87999725341797,86.7699966430664,87.5,10288100
2012-11-21,87.80999755859375,88.0199966430664,87.4800033569336,88.01000213623047,13905300
2012-11-23,88.25,89.08999633789062,88.01000213623047,89.08999633789062,11931000
2012-11-26,88.31999969482422,88.62999725341797,88.02999877929688,88.62000274658203,16423600
2012-11-27,88.4000015258789,88.54000091552734,87.23999786376953,87.3499984741211,11841600
2012-11-28,86.52999877929688,88.19000244140625,86.27999877929688,88.0999984741211,15959900
2012-11-29,88.37000274658203,88.69000244140625,87.62999725341797,88.12000274658203,11579100
2012-11-30,88.06999969482422,88.4000015258789,87.81999969482422,88.13999938964844,15522100
2012-12-03,88.55000305175781,88.58000183105469,87.47000122070312,87.61000061035156,10937300
2012-12-04,87.37999725341797,87.97000122070312,87.19000244140625,87.19000244140625,11980000
2012-12-05,87.2699966430664,88.2699966430664,87.0999984741211,87.7300033569336,12717800
2012-12-06,87.76000213623047,88.05999755859375,87.23999786376953,88.0,12077000
2012-12-07,88.16999816894531,88.63999938964844,87.7699966430664,88.5999984741211,10603100
2012-12-10,88.58000183105469,88.94999694824219,88.23999786376953,88.41000366210938,11549400
2012-12-11,88.61000061035156,89.48999786376953,88.4000015258789,88.98999786376953,12634600
2012-12-12,89.08999633789062,90.37000274658203,88.91000366210938,89.44999694824219,14729500
2012-12-13,89.16000366210938,89.44999694824219,88.2699966430664,88.58000183105469,12290300
2012-12-14,88.0,88.44999694824219,87.91999816894531,88.08000183105469,13363600
2012-12-17,88.36000061035156,88.94000244140625,88.0999984741211,88.87000274658203,15672500
2012-12-18,88.75,89.73999786376953,88.55999755859375,89.55999755859375,15396600
2012-12-19,89.54000091552734,89.61000061035156,88.37999725341797,88.44000244140625,15092500
2012-12-20,88.37999725341797,88.94000244140625,87.9800033569336,88.88999938964844,15789000
2012-12-21,87.66000366210938,88.5999984741211,87.01000213623047,87.2300033569336,33057000
2012-12-24,87.12999725341797,87.31999969482422,86.80000305175781,86.91999816894531,6385200
2012-12-26,87.20999908447266,87.68000030517578,86.56999969482422,87.06999969482422,10737800
2012-12-27,87.05000305175781,87.23999786376953,85.75,86.86000061035156,14258500
2012-12-28,86.0999984741211,86.29000091552734,85.06999969482422,85.0999984741211,13358700
2012-12-31,85.04000091552734,86.66000366210938,84.69999694824219,86.55000305175781,19810800
2013-01-02,87.79000091552734,88.72000122070312,87.23999786376953,88.70999908447266,16143700
2013-01-03,88.45999908447266,88.88999938964844,88.16000366210938,88.55000305175781,13268200
2013-01-04,88.5,89.08999633789062,88.37000274658203,88.95999908447266,11427900
2013-01-07,88.30999755859375,88.48999786376953,87.56999969482422,87.93000030517578,11799800
2013-01-08,87.81999969482422,88.4800033569336,87.29000091552734,88.4800033569336,14226400
2013-01-09,88.4000015258789,88.54000091552734,87.75,88.13999938964844,10892200
2013-01-10,88.75,89.4800033569336,88.37000274658203,89.0999984741211,13099600
2013-01-11,88.97000122070312,89.70999908447266,88.86000061035156,89.61000061035156,11645600
2013-01-14,89.45999908447266,89.75,89.31999969482422,89.58000183105469,9606700
2013-01-15,89.18000030517578,89.61000061035156,89.0,89.52999877929688,9195400
2013-01-16,89.16000366210938,89.4800033569336,89.06999969482422,89.47000122070312,9645000
2013-01-17,89.76000213623047,90.94000244140625,89.5999984741211,90.19999694824219,13400300
2013-01-18,90.08999633789062,90.83000183105469,89.83000183105469,90.80000305175781,17196000
2013-01-22,90.2699966430664,90.94000244140625,90.20999908447266,90.91999816894531,11897500
2013-01-23,90.5,90.87999725341797,90.41999816894531,90.69999694824219,10906800
2013-01-24,90.87999725341797,91.72000122070312,90.75,91.3499984741211,11100000
2013-01-25,91.56999969482422,91.80000305175781,91.12999725341797,91.7300033569336,11090600
2013-01-28,91.66999816894531,91.66999816894531,90.7699966430664,91.11000061035156,11617500
2013-01-29,91.20999908447266,91.93000030517578,91.19999694824219,91.76000213623047,11700600
2013-01-30,91.16999816894531,91.72000122070312,90.37999725341797,90.66999816894531,15645400
2013-01-31,90.69000244140625,91.20999908447266,89.73999786376953,89.97000122070312,15991500
2013-02-01,90.44000244140625,90.5,89.36000061035156,90.04000091552734,15699200
2013-02-04,89.41000366210938,89.62000274658203,88.83999633789062,89.1500015258789,13347300
2013-02-05,89.87999725341797,90.19000244140625,89.41999816894531,89.73999786376953,11679700
2013-02-06,89.37000274658203,89.88999938964844,89.16000366210938,89.79000091552734,11768700
2013-02-07,89.20999908447266,89.22000122070312,87.61000061035156,88.25,13463300
2013-02-08,88.5,88.80000305175781,88.11000061035156,88.61000061035156,11412300
2013-02-11,88.3499984741211,88.51000213623047,87.97000122070312,88.27999877929688,8764700
2013-02-12,88.25,88.62000274658203,87.91999816894531,88.45999908447266,9752100
2013-02-13,88.45999908447266,88.7699966430664,88.23999786376953,88.66999816894531,8940300
2013-02-14,88.33999633789062,88.80999755859375,88.05999755859375,88.5199966430664,13238900
2013-02-15,88.56999969482422,88.61000061035156,87.80000305175781,88.36000061035156,15696900
2013-02-19,88.54000091552734,89.41000366210938,88.37999725341797,89.31999969482422,12158900
2013-02-20,89.13999938964844,89.81999969482422,88.9000015258789,88.97000122070312,13936400
2013-02-21,88.79000091552734,89.0199966430664,88.36000061035156,88.58999633789062,10939800
2013-02-22,89.0199966430664,89.27999877929688,88.4000015258789,89.19999694824219,10260200
2013-02-25,89.87999725341797,90.19000244140625,87.69999694824219,87.69999694824219,15302900
2013-02-26,88.5,88.9800033569336,87.76000213623047,88.51000213623047,15073200
2013-02-27,88.5,89.6500015258789,88.30999755859375,89.52999877929688,11195200
2013-02-28,89.66999816894531,89.80999755859375,89.02999877929688,89.55000305175781,14552000
2013-03-01,89.06999969482422,89.68000030517578,88.91999816894531,89.43000030517578,11301600
2013-03-04,89.12999725341797,89.25,88.45999908447266,88.94999694824219,10994000
2013-03-05,89.4800033569336,90.1500015258789,89.29000091552734,89.61000061035156,13072600
2013-03-06,89.5999984741211,89.94999694824219,89.05000305175781,89.55999755859375,13234400
2013-03-07,89.62999725341797,89.76000213623047,88.68000030517578,88.70999908447266,12905300
2013-03-08,89.01000213623047,89.2300033569336,88.3499984741211,88.97000122070312,11896300
2013-03-11,89.01000213623047,89.55000305175781,88.54000091552734,89.16000366210938,12454800
2013-03-12,89.44999694824219,89.91000366210938,89.01000213623047,89.16000366210938,11470000
2013-03-13,89.0199966430664,89.5,88.83000183105469,89.26000213623047,10539900
2013-03-14,89.41000366210938,89.91000366210938,89.41000366210938,89.83000183105469,13775500
2013-03-15,89.19999694824219,89.61000061035156,88.79000091552734,89.37000274658203,29240100
2013-03-18,88.73999786376953,89.38999938964844,88.55000305175781,88.7699966430664,11553700
2013-03-19,88.88999938964844,89.08999633789062,88.0199966430664,88.58000183105469,11987900
2013-03-20,88.94999694824219,89.20999908447266,88.30000305175781,88.62999725341797,11319000
2013-03-21,88.12000274658203,88.63999938964844,87.9000015258789,88.16999816894531,13447500
2013-03-22,88.4000015258789,89.29000091552734,88.31999969482422,89.29000091552734,10786600
2013-03-25,89.5,89.9000015258789,88.66000366210938,89.0199966430664,12900800
2013-03-26,89.41000366210938,90.30000305175781,89.36000061035156,90.12999725341797,12329600
2013-03-27,89.55999755859375,90.73999786376953,89.47000122070312,90.58000183105469,12350800
2013-03-28,90.63999938964844,90.9800033569336,89.98999786376953,90.11000061035156,17485200
2013-04-01,90.12999725341797,90.98999786376953,89.9800033569336,90.7699966430664,9414200
2013-04-02,90.58999633789062,90.91999816894531,90.27999877929688,90.58000183105469,9991800
2013-04-03,90.6500015258789,90.83000183105469,89.86000061035156,89.93000030517578,12197100
2013-04-04,90.0999984741211,90.33000183105469,89.22000122070312,89.7699966430664,11582000
2013-04-05,88.61000061035156,89.20999908447266,88.4000015258789,89.01000213623047,12771600
2013-04-08,89.11000061035156,89.11000061035156,88.1500015258789,88.5999984741211,11013900
2013-04-09,88.69000244140625,89.33999633789062,88.58999633789062,88.7699966430664,10753400
2013-04-10,88.44999694824219,89.16000366210938,88.19999694824219,88.68000030517578,14823700
2013-04-11,88.94999694824219,89.2699966430664,88.2300033569336,89.22000122070312,14979900
2013-04-12,88.87999725341797,89.19000244140625,88.41000366210938,88.98999786376953,11505100
2013-04-15,88.29000091552734,88.66999816894531,86.2699966430664,86.48999786376953,19626200
2013-04-16,87.19000244140625,87.2300033569336,86.08999633789062,86.61000061035156,14578800
2013-04-17,86.20999908447266,86.37999725341797,85.0199966430664,86.08000183105469,17341200
2013-04-18,86.27999877929688,87.08000183105469,85.77999877929688,86.62000274658203,14730400
2013-04-19,87.2699966430664,87.48999786376953,86.43000030517578,87.44999694824219,18393300
2013-04-22,87.61000061035156,88.31999969482422,87.29000091552734,88.08999633789062,11262000
2013-04-23,88.38999938964844,89.48999786376953,87.94000244140625,89.30000305175781,15567700
2013-04-24,89.44999694824219,89.88999938964844,89.3499984741211,89.43000030517578,13028800
2013-04-25,88.88999938964844,88.9000015258789,87.6500015258789,88.06999969482422,16328700
2013-04-26,87.80999755859375,88.27999877929688,87.5999984741211,88.0,10791800
2013-04-29,88.26000213623047,88.83000183105469,88.01000213623047,88.20999908447266,11093000
2013-04-30,88.26000213623047,88.98999786376953,87.76000213623047,88.98999786376953,14572600
2013-05-01,88.5199966430664,88.83999633789062,87.4800033569336,87.51000213623047,11616500
2013-05-02,87.9800033569336,88.83999633789062,87.73999786376953,88.62999725341797,11330100
2013-05-03,89.0,90.19000244140625,88.91999816894531,90.0199966430664,13036600
2013-05-06,90.25,90.87999725341797,89.93000030517578,90.58000183105469,10613400
2013-05-07,90.62000274658203,91.1500015258789,90.13999938964844,91.1500015258789,11088900
2013-05-08,91.05000305175781,91.8499984741211,91.02999877929688,91.69999694824219,13638300
2013-05-09,91.13999938964844,91.55999755859375,90.69000244140625,91.02999877929688,13771900
2013-05-10,90.87000274658203,90.94999694824219,89.79000091552734,90.13999938964844,10975400
2013-05-13,89.80000305175781,90.13999938964844,89.43000030517578,90.0999984741211,9810100
2013-05-14,90.1500015258789,91.19000244140625,90.0199966430664,91.11000061035156,9890300
2013-05-15,90.63999938964844,91.31999969482422,90.41000366210938,91.23999786376953,10399400
2013-05-16,90.80000305175781,91.29000091552734,90.5,90.69999694824219,10469600
2013-05-17,91.06999969482422,91.87999725341797,90.52999877929688,91.76000213623047,12721300
2013-05-20,91.61000061035156,92.69000244140625,91.45999908447266,92.5199966430664,12417700
2013-05-21,92.66999816894531,93.43000030517578,92.37999725341797,92.80000305175781,12519900
2013-05-22,92.83000183105469,93.5,91.80999755859375,92.19000244140625,19253300
2013-05-23,91.55999755859375,92.36000061035156,91.36000061035156,91.79000091552734,15357300
2013-05-24,91.37999725341797,91.7699966430664,91.0,91.52999877929688,12771900
2013-05-28,92.94000244140625,93.18000030517578,91.76000213623047,92.37999725341797,15197800
2013-05-29,91.76000213623047,92.41999816894531,91.58999633789062,92.08000183105469,11563200
2013-05-30,91.97000122070312,92.68000030517578,91.5999984741211,92.08999633789062,9734700
2013-05-31,91.94999694824219,92.37000274658203,90.45999908447266,90.47000122070312,17917400
2013-06-03,90.52999877929688,91.51000213623047,90.4800033569336,91.45999908447266,14177500
2013-06-04,91.18000030517578,91.48999786376953,90.22000122070312,90.79000091552734,12481300
2013-06-05,90.68000030517578,91.12000274658203,89.61000061035156,89.6500015258789,12888000
2013-06-06,89.44999694824219,90.2300033569336,89.0,90.2300033569336,15393300
2013-06-07,90.88999938964844,91.5,90.48999786376953,91.44999694824219,12504700
2013-06-10,91.93000030517578,91.94000244140625,90.87000274658203,91.12000274658203,10372300
2013-06-11,90.37999725341797,91.04000091552734,90.2300033569336,90.45999908447266,10739400
2013-06-12,91.12999725341797,91.31999969482422,89.58999633789062,89.73999786376953,10864500
2013-06-13,89.62999725341797,91.70999908447266,89.61000061035156,91.33000183105469,13501300
2013-06-14,91.16000366210938,91.30000305175781,90.29000091552734,90.58000183105469,12158400
2013-06-17,90.97000122070312,91.7699966430664,90.7699966430664,91.51000213623047,12026400
2013-06-18,91.36000061035156,92.05999755859375,91.26000213623047,91.93000030517578,10678200
2013-06-19,91.79000091552734,92.2699966430664,91.0,91.0,14189500
2013-06-20,90.23999786376953,90.5199966430664,88.79000091552734,89.05000305175781,21077700
2013-06-21,89.76000213623047,90.13999938964844,88.8499984741211,89.4800033569336,25493800
2013-06-24,88.94999694824219,89.5,88.0199966430664,88.4800033569336,17653000
2013-06-25,89.58000183105469,89.62000274658203,88.4800033569336,89.11000061035156,15790100
2013-06-26,89.41999816894531,89.97000122070312,88.7300033569336,89.80000305175781,14446000
2013-06-27,90.23999786376953,90.66999816894531,90.02999877929688,90.04000091552734,12348000
2013-06-28,89.8499984741211,90.75,89.55999755859375,90.3499984741211,22984200
2013-07-01,90.38999938964844,91.12999725341797,89.95999908447266,90.30000305175781,13182200
2013-07-02,90.37000274658203,91.0999984741211,90.12000274658203,90.63999938964844,12320700
2013-07-03,90.62999725341797,90.87000274658203,90.13999938964844,90.69000244140625,5674000
2013-07-05,91.0999984741211,91.61000061035156,90.56999969482422,91.56999969482422,8917900
2013-07-08,91.95999908447266,92.52999877929688,91.9000015258789,92.25,12086700
2013-07-09,92.63999938964844,93.44000244140625,92.25,93.33999633789062,12940000
2013-07-10,93.27999877929688,93.38999938964844,92.37999725341797,92.81999969482422,12430000
2013-07-11,93.80000305175781,93.80999755859375,93.04000091552734,93.2699966430664,16184700
2013-07-12,93.25,93.44999694824219,92.72000122070312,93.4000015258789,11370300
2013-07-15,93.19000244140625,93.5,93.08999633789062,93.25,8256200
2013-07-16,93.19000244140625,93.47000122070312,92.7699966430664,93.30000305175781,11413500
2013-07-17,93.55999755859375,93.73999786376953,93.13999938964844,93.45999908447266,9393300
2013-07-18,93.80000305175781,94.83999633789062,93.70999908447266,94.37999725341797,10555400
2013-07-19,94.69000244140625,95.25,94.41000366210938,95.16999816894531,14431700
2013-07-22,94.87000274658203,95.19999694824219,94.77999877929688,94.83000183105469,9530400
2013-07-23,94.86000061035156,95.48999786376953,94.83999633789062,95.19999694824219,7377400
2013-07-24,95.30999755859375,95.30999755859375,94.41999816894531,94.98999786376953,8222800
2013-07-25,94.69000244140625,95.30999755859375,94.41999816894531,94.97000122070312,10059800
2013-07-26,94.7699966430664,94.86000061035156,93.83999633789062,94.79000091552734,9721000
2013-07-29,94.51000213623047,94.5199966430664,93.61000061035156,94.02999877929688,8844700
2013-07-30,94.22000122070312,94.33000183105469,93.45999908447266,93.80999755859375,10470700
2013-07-31,93.93000030517578,94.5999984741211,93.37999725341797,93.75,14400800
2013-08-01,92.69000244140625,93.0999984741211,91.25,92.7300033569336,23117700
2013-08-02,92.45999908447266,92.52999877929688,91.33999633789062,91.94999694824219,14408600
2013-08-05,91.41999816894531,91.76000213623047,91.01000213623047,91.58999633789062,12625900
2013-08-06,91.33000183105469,91.91000366210938,91.27999877929688,91.47000122070312,11689200
2013-08-07,91.18000030517578,91.55000305175781,91.12999725341797,91.33999633789062,8163800
2013-08-08,91.93000030517578,91.97000122070312,91.27999877929688,91.77999877929688,11529500
2013-08-09,91.19999694824219,91.36000061035156,90.43000030517578,90.72000122070312,9467800
2013-08-12,90.43000030517578,90.43000030517578,89.69000244140625,89.88999938964844,10133700
2013-08-13,89.8499984741211,89.91999816894531,89.13999938964844,89.4000015258789,10892700
2013-08-14,89.33999633789062,89.4800033569336,88.9000015258789,88.94999694824219,9797300
2013-08-15,88.66000366210938,88.87000274658203,88.05999755859375,88.16000366210938,11273400
2013-08-16,88.01000213623047,88.48999786376953,87.6500015258789,87.91000366210938,11872500
2013-08-19,87.81999969482422,87.87000274658203,86.77999877929688,86.91999816894531,11745600
2013-08-20,87.12999725341797,87.87000274658203,86.83000183105469,86.83000183105469,16498800
2013-08-21,86.94999694824219,87.3499984741211,86.38999938964844,86.41999816894531,12766900
2013-08-22,86.58000183105469,87.41999816894531,86.44999694824219,86.9800033569336,10199900
2013-08-23,87.1500015258789,87.69000244140625,86.76000213623047,87.5199966430664,9206400
2013-08-26,87.5,87.69999694824219,86.81999969482422,87.08999633789062,10654700
2013-08-27,86.62000274658203,87.48999786376953,86.58000183105469,86.81999969482422,13960200
2013-08-28,87.27999877929688,88.98999786376953,87.27999877929688,88.83999633789062,17738800
2013-08-29,88.62999725341797,88.62999725341797,87.2300033569336,87.2699966430664,11407800
2013-08-30,87.38999938964844,87.55000305175781,86.79000091552734,87.16000366210938,12480400
2013-09-03,87.69999694824219,88.0,86.83000183105469,87.1500015258789,10546700
2013-09-04,87.01000213623047,87.9800033569336,86.9000015258789,87.76000213623047,9822300
2013-09-05,88.05999755859375,88.30000305175781,87.33000183105469,87.3499984741211,11740100
2013-09-06,87.48999786376953,87.7300033569336,86.80000305175781,87.25,12950600
2013-09-09,87.33999633789062,88.19000244140625,87.30999755859375,88.04000091552734,9297000
2013-09-10,88.4000015258789,88.4000015258789,87.27999877929688,87.81999969482422,11823100
2013-09-11,87.87999725341797,88.8499984741211,87.87999725341797,88.83999633789062,11201200
2013-09-12,88.58999633789062,88.80000305175781,87.86000061035156,87.9800033569336,10917200
2013-09-13,88.1500015258789,88.87999725341797,88.1500015258789,88.4000015258789,8254200
2013-09-16,88.87999725341797,89.18000030517578,88.48999786376953,88.66999816894531,9421300
2013-09-17,88.70999908447266,89.3499984741211,88.6500015258789,88.94000244140625,8941200
2013-09-18,88.91000366210938,89.87000274658203,88.37000274658203,89.58000183105469,15134700
2013-09-19,89.63999938964844,89.73999786376953,88.9800033569336,89.27999877929688,11757500
2013-09-20,89.52999877929688,89.75,88.58999633789062,88.66000366210938,20651100
2013-09-23,88.29000091552734,88.91000366210938,87.63999938964844,87.75,12227700
2013-09-24,87.58999633789062,88.06999969482422,87.27999877929688,87.36000061035156,12129200
2013-09-25,87.58999633789062,87.5999984741211,86.93000030517578,87.13999938964844,13577400
2013-09-26,87.4000015258789,87.44999694824219,86.80999755859375,87.06999969482422,9787100
2013-09-27,86.8499984741211,87.01000213623047,86.61000061035156,86.9000015258789,10867100
2013-09-30,86.05999755859375,86.69999694824219,85.61000061035156,86.04000091552734,17486100
2013-10-01,85.98999786376953,86.33999633789062,85.77999877929688,86.0,11885100
2013-10-02,85.75,86.11000061035156,85.27999877929688,86.08000183105469,11841400
2013-10-03,86.04000091552734,86.05000305175781,85.33999633789062,85.5,13923400
2013-10-04,86.30999755859375,86.41999816894531,85.68000030517578,86.31999969482422,11325500
2013-10-07,85.56999969482422,86.29000091552734,85.2699966430664,85.9000015258789,10985800
2013-10-08,85.86000061035156,85.94999694824219,85.47000122070312,85.51000213623047,15335700
2013-10-09,85.3499984741211,85.58999633789062,84.83000183105469,85.16000366210938,13575100
2013-10-10,85.5199966430664,86.04000091552734,84.79000091552734,86.04000091552734,17532400
2013-10-11,85.9000015258789,86.94999694824219,85.5,86.94999694824219,12661800
2013-10-14,86.51000213623047,87.73999786376953,86.51000213623047,87.5999984741211,9742100
2013-10-15,87.47000122070312,87.58000183105469,86.63999938964844,86.79000091552734,12018000
2013-10-16,87.4800033569336,87.86000061035156,86.72000122070312,87.30999755859375,11668100
2013-10-17,87.12999725341797,87.5,87.01000213623047,87.4800033569336,10438200
2013-10-18,87.69000244140625,87.73999786376953,87.30000305175781,87.55000305175781,12425100
2013-10-21,87.5,87.6500015258789,86.83999633789062,87.2300033569336,10730900
2013-10-22,87.29000091552734,88.1500015258789,87.12999725341797,87.9800033569336,12710600
2013-10-23,87.5199966430664,87.6500015258789,86.94999694824219,87.61000061035156,11449100
2013-10-24,87.9800033569336,88.7300033569336,87.97000122070312,88.41999816894531,12288900
2013-10-25,88.2300033569336,88.6500015258789,87.81999969482422,87.97000122070312,11382000
2013-10-28,87.83000183105469,88.45999908447266,87.61000061035156,88.2300033569336,9921900
2013-10-29,88.44999694824219,89.02999877929688,88.44000244140625,88.93000030517578,10340000
2013-10-30,88.97000122070312,89.4800033569336,88.69000244140625,88.80999755859375,14305900
2013-10-31,89.44999694824219,90.95999908447266,89.19999694824219,89.62000274658203,19185200
2013-11-01,89.73999786376953,90.04000091552734,88.2699966430664,89.81999969482422,19023500
2013-11-04,90.0,92.2699966430664,90.0,92.0999984741211,20591600
2013-11-05,91.33999633789062,93.25,91.23999786376953,91.98999786376953,21122500
2013-11-06,92.41999816894531,93.27999877929688,92.12000274658203,93.22000122070312,13464600
2013-11-07,92.63999938964844,92.9800033569336,91.76000213623047,91.95999908447266,16572100
2013-11-08,91.80000305175781,92.81999969482422,91.4800033569336,92.7300033569336,12330100
2013-11-11,92.8499984741211,93.2300033569336,92.5,92.95999908447266,7924700
2013-11-12,92.66999816894531,93.31999969482422,92.5,92.66999816894531,10727300
2013-11-13,92.22000122070312,92.73999786376953,92.06999969482422,92.58999633789062,9280000
2013-11-14,92.68000030517578,93.41999816894531,92.68000030517578,93.22000122070312,7909200
2013-11-15,94.1500015258789,95.29000091552734,94.02999877929688,95.2699966430664,18374500
2013-11-18,95.9800033569336,96.0,95.05999755859375,95.44999694824219,14243700
2013-11-19,95.4000015258789,95.79000091552734,95.16000366210938,95.41999816894531,12697300
2013-11-20,95.75,95.94999694824219,94.37000274658203,94.68000030517578,10455400
2013-11-21,94.8499984741211,95.38999938964844,94.62999725341797,94.69000244140625,9128400
2013-11-22,94.95999908447266,95.06999969482422,94.29000091552734,95.01000213623047,8534700
2013-11-25,95.20999908447266,95.75,94.83000183105469,95.08999633789062,10515100
2013-11-26,94.75,94.80999755859375,94.1500015258789,94.2699966430664,11857900
2013-11-27,94.36000061035156,94.41999816894531,93.4800033569336,93.80000305175781,8828100
2013-11-29,93.6500015258789,94.22000122070312,93.30000305175781,93.4800033569336,6770500
2013-12-02,93.2699966430664,94.04000091552734,92.91999816894531,93.5199966430664,9310500
2013-12-03,93.5999984741211,94.4800033569336,93.2300033569336,94.38999938964844,12599500
2013-12-04,94.19000244140625,94.9000015258789,93.91999816894531,94.66999816894531,13074000
2013-12-05,94.06999969482422,94.6500015258789,93.91999816894531,94.12999725341797,10586000
2013-12-06,94.97000122070312,95.70999908447266,94.58999633789062,95.6500015258789,12063400
2013-12-09,95.94999694824219,96.25,95.5999984741211,95.83999633789062,15516700
2013-12-10,95.9000015258789,95.9800033569336,95.38999938964844,95.70999908447266,9868100
2013-12-11,95.37999725341797,95.54000091552734,94.16000366210938,94.26000213623047,12811800
2013-12-12,94.5,95.87999725341797,94.27999877929688,95.36000061035156,15562600
2013-12-13,95.12999725341797,95.91999816894531,94.66000366210938,95.30999755859375,10629500
2013-12-16,96.27999877929688,98.87999725341797,96.12999725341797,97.22000122070312,23226000
2013-12-17,97.0199966430664,97.12999725341797,96.02999877929688,96.75,14920900
2013-12-18,97.43000030517578,99.94999694824219,97.01000213623047,99.54000091552734,21331300
2013-12-19,99.5,99.5999984741211,99.0,99.43000030517578,12905900
2013-12-20,99.38999938964844,99.5999984741211,98.5999984741211,98.68000030517578,23331000
2013-12-23,99.0,99.29000091552734,98.38999938964844,98.51000213623047,10127600
2013-12-24,98.33000183105469,99.44000244140625,98.33000183105469,99.22000122070312,4168300
2013-12-26,99.41999816894531,101.02999877929688,99.37999725341797,100.9000015258789,9531200
2013-12-27,101.23999786376953,101.73999786376953,100.98999786376953,101.51000213623047,10209000
2013-12-30,101.52999877929688,101.55000305175781,100.30999755859375,100.30999755859375,9007900
2013-12-31,100.48999786376953,101.38999938964844,100.43000030517578,101.19999694824219,8509600
2014-01-02,100.5999984741211,100.76000213623047,99.38999938964844,99.75,11028100
2014-01-03,99.7699966430664,100.16999816894531,99.13999938964844,99.51000213623047,9295600
2014-01-06,99.94000244140625,100.13999938964844,98.88999938964844,99.66000366210938,11848500
2014-01-07,99.61000061035156,101.22000122070312,99.41999816894531,101.06999969482422,11187000
2014-01-08,101.19000244140625,101.19000244140625,100.1500015258789,100.73999786376953,11180400
2014-01-09,100.19999694824219,100.38999938964844,99.02999877929688,99.76000213623047,11674300
2014-01-10,99.98999786376953,100.62999725341797,99.12000274658203,100.5199966430664,10535400
2014-01-13,99.91000366210938,100.0999984741211,98.2699966430664,98.55000305175781,12110900
2014-01-14,98.80000305175781,99.2699966430664,98.6500015258789,99.12000274658203,9265000
2014-01-15,99.16000366210938,99.3499984741211,98.62999725341797,98.77999877929688,9425500
2014-01-16,98.79000091552734,99.04000091552734,98.25,98.94000244140625,9421700
2014-01-17,99.18000030517578,100.33999633789062,98.66999816894531,99.16000366210938,15998000
2014-01-21,98.56999969482422,98.88999938964844,98.04000091552734,98.5,13847300
2014-01-22,98.87999725341797,98.94999694824219,97.83999633789062,97.87999725341797,11642800
2014-01-23,97.25,97.38999938964844,96.01000213623047,96.97000122070312,15393200
2014-01-24,96.18000030517578,96.25,94.81999969482422,94.8499984741211,14584300
2014-01-27,95.08000183105469,95.58000183105469,94.75,94.91999816894531,12474600
2014-01-28,95.3499984741211,95.91999816894531,94.7699966430664,95.6500015258789,10773600
2014-01-29,94.93000030517578,96.19999694824219,94.6500015258789,95.11000061035156,13191500
2014-01-30,94.0,94.94999694824219,93.05999755859375,93.98999786376953,14628400
2014-01-31,92.8499984741211,93.27999877929688,91.69999694824219,92.16000366210938,17361400
2014-02-03,91.91999816894531,92.30999755859375,89.63999938964844,90.05000305175781,20377900
2014-02-04,90.37000274658203,90.63999938964844,89.38999938964844,90.0199966430664,17414400
2014-02-05,90.30999755859375,90.61000061035156,89.37999725341797,89.58000183105469,16393600
2014-02-06,89.51000213623047,90.18000030517578,89.25,89.80000305175781,13646100
2014-02-07,90.12000274658203,90.62999725341797,89.75,90.58000183105469,12573800
2014-02-10,90.44999694824219,90.52999877929688,89.36000061035156,89.5199966430664,12237700
2014-02-11,89.55999755859375,91.0,89.4000015258789,90.83999633789062,13422800
2014-02-12,91.01000213623047,91.86000061035156,90.63999938964844,91.08000183105469,10752400
2014-02-13,90.58999633789062,91.6500015258789,90.4000015258789,91.43000030517578,9775300
2014-02-14,91.80999755859375,94.43000030517578,91.5999984741211,94.11000061035156,18260400
2014-02-18,94.06999969482422,94.72000122070312,93.36000061035156,94.06999969482422,12979300
2014-02-19,93.80000305175781,95.29000091552734,93.80000305175781,93.94999694824219,12227800
2014-02-20,93.8499984741211,95.7699966430664,93.75,95.37000274658203,14424300
2014-02-21,95.4800033569336,95.58000183105469,94.94000244140625,95.02999877929688,11282200
2014-02-24,95.61000061035156,97.25,95.41000366210938,96.44000244140625,16012500
2014-02-25,96.54000091552734,96.97000122070312,95.95999908447266,96.30999755859375,10663000
2014-02-26,96.55999755859375,96.86000061035156,95.52999877929688,95.79000091552734,9087600
2014-02-27,95.58000183105469,96.05000305175781,95.16000366210938,95.83999633789062,9101200
2014-02-28,95.95999908447266,96.83000183105469,95.77999877929688,96.2699966430664,12651400
2014-03-03,95.76000213623047,96.54000091552734,94.83000183105469,95.5,11896700
2014-03-04,96.58999633789062,96.86000061035156,95.87000274658203,96.5199966430664,12566100
2014-03-05,95.19999694824219,95.29000091552734,93.4000015258789,93.80000305175781,19829600
2014-03-06,93.66999816894531,93.94000244140625,93.2699966430664,93.76000213623047,12610400
2014-03-07,94.37000274658203,95.05999755859375,93.98999786376953,94.98999786376953,12659100
2014-03-10,95.1500015258789,95.55000305175781,94.66000366210938,95.5,9964500
2014-03-11,95.36000061035156,95.58999633789062,93.5199966430664,94.01000213623047,12143600
2014-03-12,93.63999938964844,94.47000122070312,93.55000305175781,94.20999908447266,9705400
2014-03-13,94.44000244140625,94.56999969482422,93.33000183105469,93.63999938964844,9872500
2014-03-14,93.58000183105469,94.22000122070312,93.29000091552734,93.47000122070312,11723300
2014-03-17,93.94999694824219,94.52999877929688,93.75,94.31999969482422,8676100
2014-03-18,94.41000366210938,95.25,94.06999969482422,94.70999908447266,8757300
2014-03-19,94.6500015258789,95.30000305175781,93.12999725341797,93.7300033569336,9914700
2014-03-20,93.44000244140625,94.73999786376953,93.01000213623047,94.58000183105469,10405000
2014-03-21,95.0999984741211,95.98999786376953,94.30999755859375,94.30999755859375,24479800
2014-03-24,94.76000213623047,95.0999984741211,94.4800033569336,94.63999938964844,9539800
2014-03-25,95.0999984741211,95.81999969482422,94.80000305175781,94.91000366210938,9796600
2014-03-26,95.55999755859375,95.58000183105469,94.41000366210938,94.69999694824219,11033300
2014-03-27,94.61000061035156,96.5,94.05999755859375,96.23999786376953,15427500
2014-03-28,96.47000122070312,97.97000122070312,96.47000122070312,97.69999694824219,12321800
2014-03-31,98.48999786376953,98.8499984741211,97.31999969482422,97.68000030517578,12375200
2014-04-01,97.6500015258789,97.93000030517578,97.27999877929688,97.7300033569336,9475300
2014-04-02,97.52999877929688,98.05999755859375,97.18000030517578,97.94999694824219,9551000
2014-04-03,97.83000183105469,98.54000091552734,97.55999755859375,97.93000030517578,10113000
2014-04-04,98.30000305175781,98.70999908447266,97.27999877929688,97.36000061035156,12496100
2014-04-07,97.25,97.52999877929688,96.75,96.77999877929688,10120700
2014-04-08,97.01000213623047,97.87999725341797,96.75,97.44999694824219,10243000
2014-04-09,97.75,97.79000091552734,96.62999725341797,97.33000183105469,10463900
2014-04-10,96.9800033569336,97.77999877929688,96.23999786376953,96.77999877929688,13443400
2014-04-11,96.51000213623047,97.44000244140625,96.27999877929688,96.72000122070312,13352500
2014-04-14,97.48999786376953,98.05999755859375,96.73999786376953,97.86000061035156,9610200
2014-04-15,97.58000183105469,98.69999694824219,97.06999969482422,98.68000030517578,12961600
2014-04-16,99.05000305175781,100.0999984741211,98.97000122070312,99.94000244140625,12508100
2014-04-17,99.69000244140625,100.97000122070312,99.69000244140625,100.41999816894531,15435700
2014-04-21,100.02999877929688,100.93000030517578,99.88999938964844,100.93000030517578,8002100
2014-04-22,100.52999877929688,100.86000061035156,100.22000122070312,100.37000274658203,8212100
2014-04-23,100.58999633789062,100.94999694824219,100.33000183105469,100.5,8686000
2014-04-24,100.4800033569336,100.5999984741211,99.86000061035156,100.01000213623047,9057800
2014-04-25,99.98999786376953,100.56999969482422,99.93000030517578,100.41000366210938,10391500
2014-04-28,100.72000122070312,101.45999908447266,100.30999755859375,101.16999816894531,12710800
2014-04-29,101.56999969482422,102.56999969482422,101.2300033569336,101.44999694824219,10094600
2014-04-30,101.12999725341797,102.41000366210938,100.70999908447266,102.41000366210938,13966700
2014-05-01,101.95999908447266,102.38999938964844,101.19999694824219,101.41000366210938,11161700
2014-05-02,101.27999877929688,102.91000366210938,100.9800033569336,102.01000213623047,11168100
2014-05-05,101.69000244140625,103.12999725341797,101.58000183105469,102.91000366210938,7614200
2014-05-06,102.5999984741211,103.30000305175781,102.41000366210938,102.66999816894531,9669800
2014-05-07,103.12000274658203,103.44999694824219,102.79000091552734,103.11000061035156,11007400
2014-05-08,103.08999633789062,103.29000091552734,102.16999816894531,102.31999969482422,8922500
2014-05-09,101.70999908447266,102.18000030517578,101.26000213623047,101.94999694824219,8948800
2014-05-12,102.33000183105469,102.3499984741211,101.52999877929688,102.2300033569336,8830500
2014-05-13,102.18000030517578,102.70999908447266,101.94000244140625,102.36000061035156,7528800
2014-05-14,102.36000061035156,102.68000030517578,102.11000061035156,102.29000091552734,6999200
2014-05-15,102.0,102.41999816894531,100.33000183105469,100.77999877929688,13658700
2014-05-16,100.58999633789062,101.0,100.31999969482422,100.73999786376953,10369200
2014-05-19,100.41999816894531,101.11000061035156,100.41999816894531,100.87000274658203,5851400
2014-05-20,100.69000244140625,101.08000183105469,100.44999694824219,100.66999816894531,6134100
2014-05-21,100.8499984741211,102.22000122070312,100.72000122070312,102.02999877929688,7747900
2014-05-22,101.80999755859375,101.97000122070312,101.47000122070312,101.5,5304300
2014-05-23,101.55000305175781,101.93000030517578,101.2699966430664,101.31999969482422,5410900
2014-05-27,101.61000061035156,101.9000015258789,100.93000030517578,101.36000061035156,8359700
2014-05-28,101.2300033569336,102.06999969482422,101.05000305175781,101.05999755859375,7586700
2014-05-29,101.54000091552734,101.6500015258789,101.0199966430664,101.2699966430664,6113700
2014-05-30,100.80000305175781,101.1500015258789,100.37000274658203,100.52999877929688,11499000
2014-06-02,100.52999877929688,100.87999725341797,99.66999816894531,99.94000244140625,7761300
2014-06-03,99.58999633789062,100.69000244140625,99.58999633789062,100.38999938964844,9384200
2014-06-04,100.20999908447266,100.45999908447266,99.95999908447266,100.04000091552734,7148800
2014-06-05,100.0999984741211,100.83000183105469,99.95999908447266,100.55000305175781,12296100
2014-06-06,100.61000061035156,101.62999725341797,100.5999984741211,101.5999984741211,9340900
2014-06-09,101.44999694824219,101.95999908447266,101.19000244140625,101.5199966430664,6404800
2014-06-10,101.4800033569336,101.7300033569336,101.0,101.45999908447266,7917500
2014-06-11,101.19000244140625,102.33000183105469,101.0,101.94999694824219,10270300
2014-06-12,102.45999908447266,102.94999694824219,101.56999969482422,101.66000366210938,11421000
2014-06-13,101.93000030517578,102.66000366210938,101.62999725341797,102.6500015258789,8240300
2014-06-16,102.56999969482422,103.25,102.16999816894531,102.91999816894531,8977600
2014-06-17,102.58000183105469,102.58999633789062,101.44999694824219,102.41999816894531,9355400
2014-06-18,102.56999969482422,102.94999694824219,102.05999755859375,102.7300033569336,9575100
2014-06-19,102.61000061035156,102.83999633789062,101.68000030517578,102.62999725341797,11105600
2014-06-20,103.27999877929688,104.05999755859375,102.94000244140625,103.83000183105469,17674400
2014-06-23,104.11000061035156,104.61000061035156,103.87999725341797,104.37999725341797,8553700
2014-06-24,104.18000030517578,104.47000122070312,102.47000122070312,102.7300033569336,9708400
2014-06-25,102.33999633789062,102.62000274658203,101.52999877929688,102.13999938964844,10714800
2014-06-26,101.94000244140625,102.37999725341797,100.8499984741211,102.02999877929688,8424200
2014-06-27,101.66999816894531,101.79000091552734,100.66000366210938,101.20999908447266,15147400
2014-06-30,101.20999908447266,101.2699966430664,100.5199966430664,100.68000030517578,9454800
2014-07-01,101.1500015258789,101.58999633789062,100.79000091552734,101.36000061035156,8399600
2014-07-02,101.1500015258789,101.63999938964844,101.04000091552734,101.56999969482422,6954400
2014-07-03,101.94999694824219,103.2699966430664,101.68000030517578,102.58999633789062,6922600
2014-07-07,102.33000183105469,102.6500015258789,102.0199966430664,102.6500015258789,7979600
2014-07-08,102.33000183105469,103.2300033569336,102.16999816894531,102.83000183105469,9613600
2014-07-09,102.95999908447266,103.69000244140625,102.80999755859375,103.55000305175781,7655300
2014-07-10,102.87999725341797,103.06999969482422,102.04000091552734,102.56999969482422,8533700
2014-07-11,102.4000015258789,102.5,101.31999969482422,101.73999786376953,7680800
2014-07-14,102.16999816894531,103.08000183105469,102.16000366210938,102.68000030517578,8253100
2014-07-15,102.52999877929688,102.5999984741211,101.73999786376953,102.38999938964844,8755800
2014-07-16,102.55999755859375,103.79000091552734,102.54000091552734,103.7699966430664,8870200
2014-07-17,103.37999725341797,103.88999938964844,102.29000091552734,102.30999755859375,8145700
2014-07-18,102.69000244140625,102.95999908447266,101.86000061035156,102.7300033569336,8208300
2014-07-21,102.36000061035156,103.19000244140625,102.05999755859375,103.08000183105469,6632400
2014-07-22,103.63999938964844,104.19000244140625,103.5,103.54000091552734,7426300
2014-07-23,103.63999938964844,104.44999694824219,103.52999877929688,104.25,7007200
2014-07-24,104.41999816894531,104.72000122070312,103.94999694824219,104.27999877929688,7943000
2014-07-25,103.93000030517578,103.98999786376953,102.95999908447266,103.18000030517578,7775500
2014-07-28,103.29000091552734,104.5199966430664,102.83000183105469,104.37000274658203,9197800
2014-07-29,104.20999908447266,104.76000213623047,103.5199966430664,103.55000305175781,8055400
2014-07-30,103.7300033569336,104.1500015258789,102.56999969482422,103.25,11072100
2014-07-31,101.9800033569336,101.9800033569336,98.93000030517578,98.94000244140625,18291800
2014-08-01,98.62000274658203,99.55000305175781,98.18000030517578,98.80000305175781,14915000
2014-08-04,98.73999786376953,100.43000030517578,98.30999755859375,100.12999725341797,12148200
2014-08-05,99.4800033569336,99.54000091552734,97.77999877929688,98.19999694824219,13069400
2014-08-06,98.19999694824219,99.6500015258789,98.19999694824219,98.9800033569336,9911300
2014-08-07,99.7699966430664,99.83999633789062,97.62999725341797,98.2699966430664,10017100
2014-08-08,98.80999755859375,99.79000091552734,98.31999969482422,99.73999786376953,11199300
2014-08-11,99.27999877929688,99.41999816894531,98.54000091552734,98.7300033569336,8589600
2014-08-12,98.20999908447266,98.69000244140625,97.81999969482422,98.48999786376953,9583700
2014-08-13,98.81999969482422,99.30999755859375,98.4800033569336,99.08999633789062,7645800
2014-08-14,99.0999984741211,99.27999877929688,98.5999984741211,99.08999633789062,6547300
2014-08-15,99.23999786376953,99.43000030517578,98.13999938964844,99.02999877929688,9226900
2014-08-18,99.27999877929688,99.52999877929688,99.0999984741211,99.5199966430664,7135400
2014-08-19,99.5,99.94999694824219,99.43000030517578,99.48999786376953,8888100
2014-08-20,99.55000305175781,99.9000015258789,99.04000091552734,99.69999694824219,6751800
2014-08-21,99.80000305175781,100.06999969482422,99.26000213623047,99.27999877929688,6826200
2014-08-22,98.88999938964844,98.9800033569336,98.08000183105469,98.5,8095000
2014-08-25,98.80999755859375,98.9000015258789,98.5,98.75,7569800
2014-08-26,99.12000274658203,100.30999755859375,99.0199966430664,99.63999938964844,8536500
2014-08-27,99.77999877929688,99.95999908447266,99.08999633789062,99.52999877929688,5848700
2014-08-28,99.04000091552734,99.73999786376953,99.01000213623047,99.56999969482422,6072700
2014-08-29,99.37999725341797,99.66999816894531,98.72000122070312,99.45999908447266,8873700
2014-09-02,99.43000030517578,99.58999633789062,97.80999755859375,98.48999786376953,8957100
2014-09-03,98.86000061035156,99.58999633789062,98.86000061035156,99.11000061035156,8475100
2014-09-04,99.0,99.44999694824219,97.97000122070312,98.36000061035156,9662900
2014-09-05,98.73999786376953,99.30000305175781,98.11000061035156,99.26000213623047,9476900
2014-09-08,98.91999816894531,98.91999816894531,97.44999694824219,97.7699966430664,10080100
2014-09-09,97.69000244140625,98.02999877929688,96.95999908447266,97.38999938964844,9756400
2014-09-10,97.36000061035156,97.52999877929688,95.83000183105469,96.80999755859375,12113700
2014-09-11,96.31999969482422,97.12000274658203,95.81999969482422,97.02999877929688,10181100
2014-09-12,96.52999877929688,96.58999633789062,95.62999725341797,95.77999877929688,10257500
2014-09-15,95.7300033569336,96.4000015258789,95.4000015258789,96.29000091552734,10689400
2014-09-16,96.2300033569336,98.05000305175781,96.0199966430664,97.43000030517578,11574100
2014-09-17,97.91000366210938,97.93000030517578,96.80000305175781,97.08000183105469,8774200
2014-09-18,97.1500015258789,97.31999969482422,96.4800033569336,96.61000061035156,8636600
2014-09-19,97.08000183105469,97.55999755859375,96.87000274658203,97.12000274658203,18178100
2014-09-22,96.9000015258789,97.0,96.2699966430664,96.54000091552734,8816900
2014-09-23,96.27999877929688,97.16000366210938,96.02999877929688,96.02999877929688,10300700
2014-09-24,95.87000274658203,96.25,94.83999633789062,95.81999969482422,12200000
2014-09-25,95.66000366210938,95.88999938964844,94.19999694824219,94.25,12854200
2014-09-26,94.33000183105469,95.76000213623047,93.80000305175781,95.43000030517578,11256800
2014-09-29,94.70999908447266,94.77999877929688,93.80000305175781,94.43000030517578,14015000
2014-09-30,94.11000061035156,94.80999755859375,93.62000274658203,94.05000305175781,15576500
2014-10-01,94.11000061035156,94.54000091552734,92.72000122070312,92.86000061035156,14028600
2014-10-02,92.38999938964844,93.9000015258789,92.05999755859375,93.30000305175781,13756500
2014-10-03,93.5999984741211,94.11000061035156,92.58000183105469,93.91999816894531,11563000
2014-10-06,94.01000213623047,95.33000183105469,93.91000366210938,94.5199966430664,10595400
2014-10-07,94.2699966430664,95.19000244140625,93.33000183105469,93.37000274658203,10787900
2014-10-08,93.41999816894531,94.83000183105469,92.41999816894531,94.61000061035156,15583700
2014-10-09,94.05000305175781,94.48999786376953,91.62999725341797,91.81999969482422,17915600
2014-10-10,92.44000244140625,93.2699966430664,90.9000015258789,91.5999984741211,18173100
2014-10-13,91.31999969482422,92.52999877929688,90.76000213623047,90.83999633789062,14451100
2014-10-14,91.48999786376953,92.2300033569336,90.05999755859375,90.55000305175781,23120500
2014-10-15,89.0,90.61000061035156,86.91000366210938,90.22000122070312,24703500
2014-10-16,88.58000183105469,91.2699966430664,88.18000030517578,90.5999984741211,25212600
2014-10-17,91.12999725341797,92.25,90.5,91.20999908447266,18189200
2014-10-20,90.62999725341797,91.88999938964844,90.62999725341797,91.7699966430664,10821700
2014-10-21,92.86000061035156,94.02999877929688,92.36000061035156,93.6500015258789,15757000
2014-10-22,93.95999908447266,94.58999633789062,92.9800033569336,93.12999725341797,12733600
2014-10-23,94.30999755859375,94.9800033569336,93.87000274658203,94.11000061035156,11345100
2014-10-24,94.19000244140625,94.52999877929688,93.22000122070312,94.48999786376953,9734100
2014-10-27,93.8499984741211,93.8499984741211,92.7699966430664,93.70999908447266,11387700
2014-10-28,94.44000244140625,95.19999694824219,93.93000030517578,95.0999984741211,12564100
2014-10-29,95.41999816894531,95.9800033569336,93.62000274658203,94.58999633789062,12409100
2014-10-30,93.87000274658203,94.66999816894531,93.22000122070312,94.44999694824219,9767900
2014-10-31,94.98999786376953,96.88999938964844,94.30999755859375,96.70999908447266,17493700
2014-11-03,96.55999755859375,97.0999984741211,94.80000305175781,95.26000213623047,13410000
2014-11-04,94.5,94.88999938964844,93.88999938964844,94.5199966430664,13498500
2014-11-05,95.36000061035156,95.7699966430664,94.6500015258789,95.06999969482422,12480000
2014-11-06,95.18000030517578,96.41999816894531,94.27999877929688,96.26000213623047,14731400
2014-11-07,95.80000305175781,97.16000366210938,95.72000122070312,96.58999633789062,13233500
2014-11-10,96.87000274658203,97.0999984741211,96.06999969482422,96.27999877929688,9087600
2014-11-11,95.77999877929688,96.51000213623047,95.61000061035156,96.41000366210938,7990000
2014-11-12,95.9000015258789,96.4000015258789,95.11000061035156,95.37999725341797,11592800
2014-11-13,94.95999908447266,95.20999908447266,93.83000183105469,94.66000366210938,12355400
2014-11-14,94.87000274658203,95.11000061035156,94.6500015258789,95.08999633789062,9352500
2014-11-17,94.8499984741211,95.13999938964844,94.19000244140625,95.11000061035156,8704400
2014-11-18,95.08000183105469,95.75,94.52999877929688,94.87000274658203,9263200
2014-11-19,95.08000183105469,95.73999786376953,94.12999725341797,95.61000061035156,8333200
2014-11-20,95.37000274658203,95.9000015258789,95.26000213623047,95.81999969482422,8422400
2014-11-21,97.19999694824219,97.19999694824219,96.0999984741211,96.80999755859375,12374900
2014-11-24,96.33999633789062,96.80000305175781,95.25,95.72000122070312,10172400
2014-11-25,96.01000213623047,96.02999877929688,94.37000274658203,94.77999877929688,13747400
2014-11-26,94.63999938964844,95.12999725341797,94.36000061035156,94.4800033569336,9822100
2014-11-28,91.5,91.8499984741211,90.11000061035156,90.54000091552734,19556700
2014-12-01,90.36000061035156,92.87000274658203,90.27999877929688,92.3499984741211,27584200
2014-12-02,92.31999969482422,94.66999816894531,92.01000213623047,94.19000244140625,20885300
2014-12-03,94.66999816894531,95.33000183105469,94.0,94.94999694824219,16220400
2014-12-04,94.12999725341797,94.61000061035156,93.06999969482422,94.37000274658203,12868600
2014-12-05,93.94999694824219,94.58999633789062,93.3499984741211,93.81999969482422,11831900
2014-12-08,92.9000015258789,93.12999725341797,91.37000274658203,91.69999694824219,15735900
2014-12-09,91.2300033569336,92.05999755859375,90.76000213623047,91.37999725341797,15883800
2014-12-10,90.72000122070312,90.7300033569336,88.19999694824219,88.66999816894531,22279400
2014-12-11,88.86000061035156,91.54000091552734,88.8499984741211,89.19999694824219,21522200
2014-12-12,88.70999908447266,89.0,86.5999984741211,86.5999984741211,24568300
2014-12-15,87.52999877929688,88.5999984741211,86.5,86.9000015258789,21373600
2014-12-16,86.37999725341797,89.19999694824219,86.19000244140625,86.41000366210938,26372400
2014-12-17,87.23999786376953,89.9000015258789,87.1500015258789,89.0199966430664,23323000
2014-12-18,90.37000274658203,91.16000366210938,88.4000015258789,91.16000366210938,22882700
2014-12-19,90.20999908447266,93.63999938964844,89.61000061035156,93.63999938964844,38469000
2014-12-22,92.95999908447266,93.66999816894531,92.44999694824219,93.33000183105469,17871800
2014-12-23,93.5199966430664,95.18000030517578,93.05000305175781,94.58999633789062,13706500
2014-12-24,94.22000122070312,94.25,92.9800033569336,93.77999877929688,6875700
2014-12-26,93.98999786376953,94.43000030517578,92.62000274658203,93.20999908447266,10585000
2014-12-29,93.33000183105469,93.86000061035156,92.88999938964844,93.06999969482422,9892100
2014-12-30,92.7699966430664,93.38999938964844,92.51000213623047,93.0199966430664,8743400
2014-12-31,92.41999816894531,93.12999725341797,92.05999755859375,92.44999694824219,11337200
2015-01-02,92.25,93.05000305175781,91.80999755859375,92.83000183105469,10220400
2015-01-05,92.0999984741211,92.4000015258789,89.5,90.29000091552734,18502400
2015-01-06,90.23999786376953,91.41000366210938,89.0199966430664,89.80999755859375,16670700
2015-01-07,90.6500015258789,91.4800033569336,90.0,90.72000122070312,13590700
2015-01-08,91.25,92.2699966430664,91.0,92.2300033569336,15487500
2015-01-09,92.30000305175781,92.77999877929688,91.37000274658203,92.0999984741211,14488400
2015-01-12,91.23999786376953,91.33999633789062,89.81999969482422,90.33000183105469,15176300
2015-01-13,90.87999725341797,91.43000030517578,89.11000061035156,90.0,17469000
2015-01-14,88.94999694824219,89.88999938964844,87.26000213623047,89.73999786376953,23272100
2015-01-15,90.43000030517578,90.66000366210938,88.51000213623047,88.95999908447266,18759600
2015-01-16,88.9800033569336,91.19000244140625,88.9800033569336,91.12000274658203,17713100
2015-01-20,91.13999938964844,91.77999877929688,90.37999725341797,91.08999633789062,16761000
2015-01-21,91.73999786376953,91.98999786376953,91.01000213623047,91.87000274658203,14276400
2015-01-22,92.30999755859375,92.97000122070312,91.31999969482422,92.87000274658203,13559000
2015-01-23,92.27999877929688,92.4800033569336,90.79000091552734,90.88999938964844,14706300
2015-01-26,90.61000061035156,91.94000244140625,90.47000122070312,91.76000213623047,10672500
2015-01-27,91.23999786376953,91.5999984741211,90.5999984741211,90.94999694824219,12301500
2015-01-28,90.87999725341797,90.93000030517578,87.81999969482422,87.94999694824219,17829700
2015-01-29,88.22000122070312,88.26000213623047,86.02999877929688,87.58000183105469,22683000
2015-01-30,87.16000366210938,88.41999816894531,86.25,87.41999816894531,22679900
2015-02-02,87.8499984741211,89.58999633789062,87.5,89.58000183105469,20306300
2015-02-03,90.9000015258789,92.33000183105469,90.80999755859375,92.25,21900900
2015-02-04,91.63999938964844,92.2699966430664,90.51000213623047,91.45999908447266,19632200
2015-02-05,92.38999938964844,92.54000091552734,91.69999694824219,92.36000061035156,12809000
2015-02-06,92.0999984741211,92.27999877929688,90.95999908447266,91.5,12331200
2015-02-09,91.4000015258789,92.29000091552734,91.23999786376953,91.55999755859375,11360700
2015-02-10,91.73999786376953,91.73999786376953,90.30000305175781,91.01000213623047,12952900
2015-02-11,90.0199966430664,90.83000183105469,89.79000091552734,90.5999984741211,12240600
2015-02-12,91.45999908447266,92.66000366210938,91.0199966430664,92.37000274658203,14843000
2015-02-13,92.69999694824219,93.44999694824219,92.27999877929688,93.37000274658203,12061000
2015-02-17,92.75,93.06999969482422,92.29000091552734,93.05000305175781,11758700
2015-02-18,91.98999786376953,91.98999786376953,90.38999938964844,91.01000213623047,19177900
2015-02-19,89.63999938964844,90.41999816894531,88.58000183105469,89.44000244140625,19350600
2015-02-20,89.4000015258789,89.94000244140625,88.8499984741211,89.91999816894531,15959900
2015-02-23,89.26000213623047,89.55000305175781,88.73999786376953,89.01000213623047,12771800
2015-02-24,89.33000183105469,89.77999877929688,89.12999725341797,89.41999816894531,9990700
2015-02-25,89.56999969482422,89.69999694824219,89.08000183105469,89.5999984741211,9925700
2015-02-26,89.12999725341797,89.18000030517578,88.08000183105469,88.6500015258789,13984000
2015-02-27,88.88999938964844,89.27999877929688,88.33999633789062,88.54000091552734,13090600
2015-03-02,88.33999633789062,88.5199966430664,87.3499984741211,88.04000091552734,13793700
2015-03-03,87.93000030517578,88.0199966430664,87.12999725341797,87.62000274658203,13493800
2015-03-04,87.95999908447266,87.95999908447266,86.93000030517578,87.18000030517578,13467600
2015-03-05,87.06999969482422,87.19000244140625,86.5199966430664,86.73999786376953,12527600
2015-03-06,86.41000366210938,86.5999984741211,85.31999969482422,85.62999725341797,16070500
2015-03-09,86.12000274658203,86.37999725341797,85.12000274658203,85.16000366210938,14503800
2015-03-10,84.81999969482422,85.52999877929688,84.23999786376953,84.26000213623047,17195500
2015-03-11,84.93000030517578,84.93000030517578,84.0,84.0199966430664,13004700
2015-03-12,84.43000030517578,84.72000122070312,84.05999755859375,84.22000122070312,10792900
2015-03-13,83.9000015258789,84.18000030517578,82.68000030517578,83.87000274658203,16799900
2015-03-16,83.70999908447266,84.86000061035156,83.2699966430664,84.76000213623047,13516200
2015-03-17,84.54000091552734,84.8499984741211,84.0199966430664,84.08000183105469,12979700
2015-03-18,83.54000091552734,86.37000274658203,83.43000030517578,86.06999969482422,18745700
2015-03-19,85.19000244140625,85.5,84.33000183105469,84.41000366210938,12738500
2015-03-20,84.66999816894531,85.4000015258789,84.38999938964844,84.54000091552734,36083500
2015-03-23,85.0199966430664,85.77999877929688,85.01000213623047,85.43000030517578,17450700
2015-03-24,85.30000305175781,85.77999877929688,84.5,84.5199966430664,10174300
2015-03-25,85.05000305175781,85.56999969482422,84.7699966430664,84.86000061035156,11934700
2015-03-26,85.30000305175781,85.56999969482422,84.08999633789062,84.31999969482422,14400700
2015-03-27,84.04000091552734,84.05000305175781,83.33000183105469,83.58000183105469,11579300
2015-03-30,84.2699966430664,85.81999969482422,84.25,85.62999725341797,15653200
2015-03-31,84.8499984741211,85.33999633789062,84.45999908447266,85.0,13354000
2015-04-01,85.69999694824219,86.0,84.26000213623047,84.45999908447266,14522300
2015-04-02,84.08999633789062,84.94000244140625,83.8499984741211,84.30000305175781,11297400
2015-04-06,85.1500015258789,85.63999938964844,84.19999694824219,85.12999725341797,10916400
2015-04-07,85.01000213623047,86.16999816894531,84.76000213623047,85.75,11836100
2015-04-08,85.80000305175781,85.9000015258789,84.0199966430664,84.05999755859375,16257100
2015-04-09,84.0,84.7300033569336,83.80999755859375,84.6500015258789,13281800
2015-04-10,85.37000274658203,86.04000091552734,84.7699966430664,85.55999755859375,13372400
2015-04-13,85.91999816894531,86.25,85.23999786376953,85.33999633789062,9880500
2015-04-14,85.5999984741211,87.4800033569336,85.52999877929688,86.62999725341797,15693800
2015-04-15,87.13999938964844,88.52999877929688,87.13999938964844,88.08000183105469,15332800
2015-04-16,87.87999725341797,88.16000366210938,87.11000061035156,87.7300033569336,9570800
2015-04-17,87.13999938964844,87.36000061035156,86.16000366210938,86.93000030517578,14430100
2015-04-20,87.12999725341797,88.0999984741211,87.08000183105469,87.23999786376953,11593600
2015-04-21,87.37999725341797,87.62000274658203,86.69000244140625,86.87999725341797,10100500
2015-04-22,87.04000091552734,87.80000305175781,86.33999633789062,87.45999908447266,8663600
2015-04-23,87.36000061035156,88.37999725341797,87.30999755859375,87.54000091552734,9866100
2015-04-24,87.19000244140625,87.36000061035156,86.66000366210938,86.97000122070312,8405700
2015-04-27,87.41000366210938,87.5999984741211,86.76000213623047,87.01000213623047,10534600
2015-04-28,87.22000122070312,87.86000061035156,87.04000091552734,87.80000305175781,9633800
2015-04-29,87.5,88.06999969482422,86.95999908447266,87.87000274658203,12534100
2015-04-30,88.66999816894531,88.66999816894531,87.22000122070312,87.37000274658203,13947700
2015-05-01,87.8499984741211,88.94999694824219,87.69999694824219,88.8499984741211,12257100
2015-05-04,89.41999816894531,89.87999725341797,88.94999694824219,89.11000061035156,10343700
2015-05-05,89.97000122070312,90.08999633789062,88.5199966430664,88.61000061035156,11895000
2015-05-06,89.6500015258789,89.95999908447266,87.79000091552734,88.19000244140625,11273500
2015-05-07,88.0,88.0999984741211,86.91999816894531,87.5999984741211,9992500
2015-05-08,88.47000122070312,89.06999969482422,87.81999969482422,88.98999786376953,11390300
2015-05-11,88.52999877929688,88.56999969482422,86.6500015258789,86.77999877929688,11997800
2015-05-12,86.88999938964844,87.45999908447266,86.41999816894531,87.0199966430664,9788900
2015-05-13,87.27999877929688,87.7300033569336,86.4000015258789,86.55999755859375,8629400
2015-05-14,86.93000030517578,87.33999633789062,86.75,86.97000122070312,8791300
2015-05-15,86.80000305175781,87.62000274658203,86.5999984741211,87.3499984741211,8422200
2015-05-18,87.30999755859375,87.45999908447266,86.77999877929688,86.8499984741211,6395400
2015-05-19,86.47000122070312,87.20999908447266,86.20999908447266,86.98999786376953,9777100
2015-05-20,87.38999938964844,87.4000015258789,86.91000366210938,87.12999725341797,7276600
2015-05-21,87.27999877929688,87.44000244140625,86.95999908447266,87.20999908447266,8357400
2015-05-22,86.98999786376953,87.0999984741211,86.5,86.5199966430664,7598400
2015-05-26,86.04000091552734,86.37000274658203,85.02999877929688,85.3499984741211,11289000
2015-05-27,85.30000305175781,85.88999938964844,84.7699966430664,85.11000061035156,10778300
2015-05-28,85.11000061035156,85.56999969482422,84.81999969482422,85.11000061035156,8038900
2015-05-29,85.0999984741211,85.58000183105469,84.87999725341797,85.19999694824219,14631300
2015-06-01,85.25,85.47000122070312,84.80000305175781,85.12999725341797,9077500
2015-06-02,85.12000274658203,85.58999633789062,84.91000366210938,85.13999938964844,9328300
2015-06-03,85.2300033569336,85.83999633789062,84.86000061035156,84.94999694824219,8179500
2015-06-04,84.69999694824219,84.88999938964844,83.77999877929688,84.22000122070312,12607300
2015-06-05,84.12999725341797,85.0,83.9800033569336,84.27999877929688,11388500
2015-06-08,84.18000030517578,85.20999908447266,83.93000030517578,84.8499984741211,12244700
2015-06-09,85.29000091552734,85.43000030517578,84.48999786376953,84.58000183105469,8105500
2015-06-10,85.83999633789062,85.97000122070312,85.0,85.20999908447266,10147000
2015-06-11,85.30000305175781,85.69999694824219,84.88999938964844,85.08999633789062,7759300
2015-06-12,84.58000183105469,84.68000030517578,83.86000061035156,84.0199966430664,8347300
2015-06-15,83.52999877929688,83.9800033569336,83.19000244140625,83.72000122070312,9563900
2015-06-16,83.80999755859375,84.75,83.4000015258789,84.68000030517578,9100100
2015-06-17,85.02999877929688,85.12999725341797,84.41000366210938,84.7300033569336,9090200
2015-06-18,84.80000305175781,85.95999908447266,84.72000122070312,85.4800033569336,10247800
2015-06-19,84.91999816894531,85.4800033569336,84.91999816894531,85.20999908447266,16129600
2015-06-22,85.38999938964844,85.5999984741211,84.97000122070312,85.16999816894531,9465100
2015-06-23,85.22000122070312,85.27999877929688,84.58999633789062,85.06999969482422,10223900
2015-06-24,84.88999938964844,85.33999633789062,84.66000366210938,84.68000030517578,11800100
2015-06-25,84.8499984741211,84.8499984741211,83.93000030517578,83.93000030517578,10259400
2015-06-26,83.83000183105469,84.0999984741211,83.48999786376953,83.86000061035156,19023300
2015-06-29,83.05000305175781,83.44999694824219,82.80000305175781,82.81999969482422,11739200
2015-06-30,83.73999786376953,84.9000015258789,82.80000305175781,83.19999694824219,14981100
2015-07-01,83.27999877929688,83.52999877929688,82.11000061035156,82.37000274658203,13529100
2015-07-02,82.79000091552734,83.27999877929688,82.55000305175781,83.13999938964844,9188000
2015-07-06,82.41999816894531,83.05999755859375,82.12000274658203,82.52999877929688,11694400
2015-07-07,82.19000244140625,83.2300033569336,81.48999786376953,82.87000274658203,15641500
2015-07-08,82.25,82.9800033569336,81.91000366210938,81.97000122070312,10057000
2015-07-09,82.87000274658203,83.1500015258789,81.58000183105469,81.5999984741211,11980500
2015-07-10,82.08999633789062,82.48999786376953,81.72000122070312,82.22000122070312,8628700
2015-07-13,82.11000061035156,82.61000061035156,82.06999969482422,82.41999816894531,8026700
2015-07-14,82.37999725341797,83.31999969482422,82.26000213623047,83.11000061035156,9310200
2015-07-15,82.61000061035156,83.41999816894531,82.4000015258789,82.76000213623047,9289200
2015-07-16,83.18000030517578,83.4800033569336,82.80000305175781,82.91000366210938,8267600
2015-07-17,82.51000213623047,82.83999633789062,81.79000091552734,82.61000061035156,12156000
2015-07-20,82.1500015258789,82.41000366210938,81.5999984741211,81.76000213623047,12957100
2015-07-21,81.93000030517578,82.43000030517578,81.43000030517578,81.66000366210938,8677100
2015-07-22,82.3499984741211,82.47000122070312,81.58000183105469,81.79000091552734,13181500
2015-07-23,81.7300033569336,81.97000122070312,80.97000122070312,81.13999938964844,10496100
2015-07-24,81.16000366210938,81.16000366210938,79.72000122070312,79.94000244140625,14888500
2015-07-27,79.2300033569336,80.12999725341797,78.97000122070312,79.26000213623047,14996100
2015-07-28,79.69999694824219,82.66999816894531,79.56999969482422,82.4800033569336,19777300
2015-07-29,82.18000030517578,83.19999694824219,81.91000366210938,83.13999938964844,13913800
2015-07-30,83.18000030517578,83.31999969482422,82.41999816894531,83.01000213623047,11139900
2015-07-31,81.66999816894531,81.66999816894531,78.93000030517578,79.20999908447266,26232700
2015-08-03,78.69999694824219,78.93000030517578,77.62999725341797,78.05999755859375,15767700
2015-08-04,77.87999725341797,78.61000061035156,76.93000030517578,77.16999816894531,18874400
2015-08-05,77.87000274658203,78.2300033569336,76.9000015258789,77.16999816894531,16544400
2015-08-06,76.94000244140625,78.26000213623047,76.91000366210938,78.08999633789062,13005200
2015-08-07,77.55000305175781,77.97000122070312,76.62000274658203,76.83000183105469,12187600
2015-08-10,77.08999633789062,78.75,77.08999633789062,78.75,14876000
2015-08-11,77.01000213623047,78.06999969482422,76.33000183105469,77.48999786376953,14486400
2015-08-12,77.44000244140625,78.87000274658203,76.95999908447266,78.79000091552734,16492400
2015-08-13,78.31999969482422,79.29000091552734,78.2699966430664,78.6500015258789,13154100
2015-08-14,78.63999938964844,79.27999877929688,78.25,78.36000061035156,9129300
2015-08-17,77.93000030517578,79.18000030517578,77.44999694824219,78.7699966430664,9365400
2015-08-18,78.52999877929688,78.66999816894531,77.58000183105469,77.9000015258789,9815300
2015-08-19,77.51000213623047,77.58000183105469,75.93000030517578,76.2300033569336,17010100
2015-08-20,76.0,76.18000030517578,74.56999969482422,74.56999969482422,17811200
2015-08-21,74.0999984741211,74.88999938964844,72.06999969482422,72.12999725341797,25488800
2015-08-24,67.98999786376953,71.37999725341797,66.55000305175781,68.72000122070312,35531200
2015-08-25,71.30999755859375,71.44000244140625,68.19999694824219,68.70999908447266,30409700
2015-08-26,70.62999725341797,72.75,69.1500015258789,72.5,34436000
2015-08-27,73.80000305175781,74.88999938964844,73.01000213623047,74.8499984741211,24571000
2015-08-28,74.70999908447266,75.9800033569336,74.41000366210938,75.06999969482422,18997300
2015-08-31,74.27999877929688,75.55000305175781,73.30000305175781,75.23999786376953,19570100
2015-09-01,73.30000305175781,73.3499984741211,71.51000213623047,72.08000183105469,24092900
2015-09-02,73.05999755859375,73.23999786376953,72.0,73.2300033569336,16936900
2015-09-03,73.63999938964844,74.91000366210938,73.33999633789062,73.79000091552734,13451900
2015-09-04,72.93000030517578,73.13999938964844,72.25,72.45999908447266,14902500
2015-09-08,73.72000122070312,73.72000122070312,72.97000122070312,73.5,13626900
2015-09-09,74.37000274658203,74.68000030517578,71.8499984741211,72.0,17246200
2015-09-10,72.80999755859375,72.9800033569336,71.80000305175781,72.5199966430664,12353900
2015-09-11,72.4000015258789,72.72000122070312,72.01000213623047,72.69000244140625,12172300
2015-09-14,72.30999755859375,72.58000183105469,71.76000213623047,72.48999786376953,10738500
2015-09-15,72.44000244140625,73.30999755859375,72.41000366210938,72.86000061035156,11979800
2015-09-16,73.51000213623047,74.69999694824219,73.37000274658203,74.30000305175781,15214200
2015-09-17,74.41000366210938,75.47000122070312,73.8499984741211,74.45999908447266,15603000
2015-09-18,73.26000213623047,73.55999755859375,72.12000274658203,72.68000030517578,23180200
2015-09-21,73.0999984741211,73.61000061035156,72.7300033569336,73.38999938964844,10853000
2015-09-22,72.3499984741211,73.5199966430664,72.0199966430664,72.73999786376953,14245200
2015-09-23,72.87000274658203,73.19999694824219,72.29000091552734,72.30000305175781,13784800
2015-09-24,72.0,73.1500015258789,71.72000122070312,72.7300033569336,14584200
2015-09-25,73.29000091552734,73.52999877929688,72.76000213623047,73.2300033569336,15175300
2015-09-28,72.62000274658203,73.45999908447266,72.4000015258789,72.5999984741211,14571900
2015-09-29,72.6500015258789,73.19000244140625,72.13999938964844,72.97000122070312,13754400
2015-09-30,73.4000015258789,74.3499984741211,73.33000183105469,74.3499984741211,18176500
2015-10-01,75.19999694824219,75.58000183105469,73.30000305175781,74.05999755859375,14397800
2015-10-02,73.38999938964844,75.9000015258789,73.02999877929688,75.87999725341797,18811300
2015-10-05,76.6500015258789,77.1500015258789,75.79000091552734,76.80999755859375,18486700
2015-10-06,76.95999908447266,78.55999755859375,76.26000213623047,77.88999938964844,18757900
2015-10-07,78.97000122070312,79.29000091552734,77.52999877929688,79.19999694824219,18666300
2015-10-08,79.30999755859375,80.11000061035156,78.54000091552734,80.02999877929688,14344700
2015-10-09,80.05000305175781,80.16999816894531,78.62000274658203,79.26000213623047,17384700
2015-10-12,79.58999633789062,79.58999633789062,78.72000122070312,79.30000305175781,9931800
2015-10-13,78.72000122070312,79.55000305175781,78.48999786376953,79.16000366210938,12326600
2015-10-14,78.97000122070312,80.4800033569336,78.77999877929688,80.16000366210938,14486000
2015-10-15,80.19000244140625,81.52999877929688,79.9000015258789,81.4800033569336,13640900
2015-10-16,82.26000213623047,82.5,81.44999694824219,82.4800033569336,14304400
2015-10-19,82.01000213623047,82.16999816894531,80.76000213623047,80.98999786376953,14155800
2015-10-20,80.55000305175781,81.05999755859375,80.19999694824219,80.83000183105469,12340100
2015-10-21,80.86000061035156,81.1500015258789,80.11000061035156,80.20999908447266,10274900
2015-10-22,80.68000030517578,82.95999908447266,80.66000366210938,82.88999938964844,14823500
2015-10-23,82.41000366210938,83.0,81.88999938964844,82.9800033569336,13215700
2015-10-26,82.5199966430664,82.7300033569336,81.16999816894531,81.22000122070312,12576400
2015-10-27,80.56999969482422,81.16000366210938,79.7300033569336,81.08999633789062,13579400
2015-10-28,81.30999755859375,82.58000183105469,80.93000030517578,82.27999877929688,12473000
2015-10-29,81.79000091552734,83.22000122070312,81.79000091552734,82.2300033569336,10341200
2015-10-30,82.47000122070312,83.87999725341797,81.26000213623047,82.73999786376953,18758600
2015-11-02,82.30000305175781,85.93000030517578,82.08999633789062,85.27999877929688,21266500
2015-11-03,85.66000366210938,87.44000244140625,85.58000183105469,86.8499984741211,20115900
2015-11-04,86.7699966430664,87.08000183105469,85.69999694824219,85.9800033569336,14245400
2015-11-05,85.55000305175781,86.2300033569336,84.5,84.80999755859375,12291100
2015-11-06,83.93000030517578,84.47000122070312,83.22000122070312,84.47000122070312,12491700
2015-11-09,83.55999755859375,83.5999984741211,81.80000305175781,81.94999694824219,13551200
2015-11-10,81.93000030517578,82.61000061035156,81.86000061035156,82.3499984741211,14238000
2015-11-11,82.41999816894531,82.55999755859375,81.4000015258789,81.62000274658203,9598000
2015-11-12,80.56999969482422,81.27999877929688,79.31999969482422,79.41000366210938,16050600
2015-11-13,79.27999877929688,79.58000183105469,77.94000244140625,78.0999984741211,17527300
2015-11-16,77.94000244140625,80.98999786376953,77.91000366210938,80.9000015258789,14548100
2015-11-17,80.70999908447266,80.87999725341797,79.62999725341797,79.95999908447266,10011700
2015-11-18,79.88999938964844,80.9000015258789,79.58999633789062,80.73999786376953,10884600
2015-11-19,80.51000213623047,80.77999877929688,80.04000091552734,80.30000305175781,9453300
2015-11-20,80.56999969482422,80.94000244140625,79.6500015258789,79.79000091552734,10144400
2015-11-23,79.5999984741211,80.70999908447266,79.05999755859375,80.27999877929688,11868400
2015-11-24,80.3499984741211,82.3499984741211,80.19999694824219,81.87999725341797,15055500
2015-11-25,81.30000305175781,82.16999816894531,81.0999984741211,81.25,8980400
2015-11-27,80.58000183105469,81.26000213623047,80.45999908447266,81.2300033569336,4156600
2015-11-30,81.41999816894531,82.6500015258789,81.25,81.66000366210938,17729200
2015-12-01,81.76000213623047,82.12999725341797,81.2699966430664,81.88999938964844,13917000
2015-12-02,81.30999755859375,81.63999938964844,79.41999816894531,79.55000305175781,16300000
2015-12-03,79.72000122070312,79.8499984741211,78.0199966430664,78.41000366210938,14870300
2015-12-04,77.3499984741211,78.9800033569336,77.02999877929688,78.86000061035156,20156400
2015-12-07,77.33000183105469,77.5,75.75,76.80000305175781,17676100
2015-12-08,75.2699966430664,76.3499984741211,73.79000091552734,74.62999725341797,24217600
2015-12-09,74.83999633789062,77.19000244140625,74.7300033569336,75.62999725341797,22036300
2015-12-10,75.80000305175781,77.5,75.5199966430664,75.69000244140625,20142400
2015-12-11,74.81999969482422,75.54000091552734,74.33999633789062,74.33999633789062,20473100
2015-12-14,74.30000305175781,76.22000122070312,74.08999633789062,76.02999877929688,21976500
2015-12-15,77.43000030517578,79.5999984741211,77.33000183105469,79.43000030517578,24366800
2015-12-16,79.04000091552734,79.61000061035156,78.0,79.1500015258789,17233900
2015-12-17,79.0199966430664,79.2300033569336,77.94999694824219,77.95999908447266,17362900
2015-12-18,77.56999969482422,78.77999877929688,77.05999755859375,77.27999877929688,28836000
2015-12-21,77.79000091552734,78.0999984741211,76.6500015258789,77.26000213623047,14460500
2015-12-22,77.69999694824219,77.9000015258789,77.20999908447266,77.6500015258789,13855800
2015-12-23,78.68000030517578,80.22000122070312,78.31999969482422,80.19000244140625,15184200
2015-12-24,80.2699966430664,80.2699966430664,79.12000274658203,79.33000183105469,5848300
2015-12-28,78.12000274658203,78.86000061035156,77.91000366210938,78.73999786376953,9715800
2015-12-29,79.98999786376953,80.08000183105469,78.83999633789062,79.16000366210938,8839000
2015-12-30,78.31999969482422,78.98999786376953,77.97000122070312,78.11000061035156,9314600
2015-12-31,77.51000213623047,78.44000244140625,77.43000030517578,77.94999694824219,10285500
2016-01-04,77.5,77.94000244140625,76.45999908447266,77.45999908447266,20400100
2016-01-05,77.19000244140625,78.13999938964844,76.91999816894531,78.12000274658203,11993500
2016-01-06,76.63999938964844,77.63999938964844,76.58999633789062,77.47000122070312,18826900
2016-01-07,76.05999755859375,77.98999786376953,75.9000015258789,76.2300033569336,21263800
2016-01-08,76.3499984741211,76.6500015258789,74.5,74.69000244140625,19033600
2016-01-11,75.01000213623047,75.12000274658203,72.55999755859375,73.69000244140625,21353000
2016-01-12,74.12000274658203,75.41999816894531,73.1500015258789,75.19999694824219,21864100
2016-01-13,75.8499984741211,77.05999755859375,74.94000244140625,75.6500015258789,26052700
2016-01-14,76.20999908447266,79.91999816894531,75.80000305175781,79.12000274658203,33806700
2016-01-15,76.33000183105469,78.16999816894531,76.30000305175781,77.58000183105469,28342100
2016-01-19,77.93000030517578,78.23999786376953,75.19000244140625,76.4000015258789,22684500
2016-01-20,75.06999969482422,75.72000122070312,71.55000305175781,73.18000030517578,33300800
2016-01-21,73.16000366210938,74.98999786376953,72.61000061035156,74.0999984741211,22265600
2016-01-22,76.41999816894531,76.7699966430664,74.72000122070312,76.56999969482422,22530300
2016-01-25,75.75,76.33999633789062,73.9000015258789,73.9800033569336,17086600
2016-01-26,74.7699966430664,76.7699966430664,74.25,76.69999694824219,18724700
2016-01-27,76.0,77.47000122070312,74.72000122070312,75.29000091552734,18106100
2016-01-28,77.3499984741211,77.66000366210938,75.62000274658203,76.98999786376953,16157700
2016-01-29,76.7300033569336,77.8499984741211,76.25,77.8499984741211,25161900
2016-02-01,76.66000366210938,76.79000091552734,75.44000244140625,76.29000091552734,16754200
2016-02-02,74.19000244140625,75.62000274658203,73.55000305175781,74.58999633789062,21404200
2016-02-03,75.52999877929688,78.52999877929688,74.26000213623047,78.4800033569336,25873700
2016-02-04,78.58000183105469,80.0,77.55999755859375,79.83000183105469,23658700
2016-02-05,79.4000015258789,80.0999984741211,78.56999969482422,80.08000183105469,26719900
2016-02-08,79.30000305175781,81.77999877929688,78.91000366210938,81.16000366210938,26601200
2016-02-09,79.9800033569336,80.66999816894531,78.69000244140625,80.08000183105469,18418100
2016-02-10,79.7699966430664,81.44999694824219,79.27999877929688,79.3499984741211,16610900
2016-02-11,78.33999633789062,80.1500015258789,77.58000183105469,79.5999984741211,19331600
2016-02-12,80.08000183105469,81.06999969482422,79.80999755859375,81.02999877929688,16767200
2016-02-16,81.69999694824219,81.8499984741211,80.27999877929688,81.22000122070312,15912200
2016-02-17,81.6500015258789,82.77999877929688,81.16000366210938,82.0,17006700
2016-02-18,82.9000015258789,83.05999755859375,81.86000061035156,82.44999694824219,14873700
2016-02-19,82.19000244140625,82.55000305175781,80.91000366210938,82.5,13615900
2016-02-22,82.5,83.44000244140625,82.19999694824219,82.38999938964844,14595200
2016-02-23,81.98999786376953,82.37000274658203,80.87999725341797,81.2300033569336,11041600
2016-02-24,79.91000366210938,81.7699966430664,79.66999816894531,81.5199966430664,13777500
2016-02-25,81.55999755859375,82.06999969482422,80.0199966430664,82.01000213623047,13706400
2016-02-26,82.88999938964844,83.08000183105469,81.69000244140625,81.75,14343300
2016-02-29,81.87999725341797,82.4000015258789,80.05000305175781,80.1500015258789,18903600
2016-03-01,80.55999755859375,81.7699966430664,80.31999969482422,81.27999877929688,15730600
2016-03-02,80.94999694824219,82.72000122070312,80.30999755859375,82.69999694824219,14094400
2016-03-03,82.66000366210938,82.72000122070312,81.54000091552734,82.4000015258789,13216200
2016-03-04,82.66000366210938,82.97000122070312,81.76000213623047,82.29000091552734,18402700
2016-03-07,82.30999755859375,84.45999908447266,82.20999908447266,84.45999908447266,18945600
2016-03-08,84.0,84.20999908447266,82.4800033569336,82.62999725341797,14003900
2016-03-09,83.22000122070312,83.8499984741211,82.23999786376953,82.4000015258789,14139300
2016-03-10,82.41999816894531,82.66000366210938,80.93000030517578,82.18000030517578,15898300
2016-03-11,83.22000122070312,83.52999877929688,82.01000213623047,82.19000244140625,15370200
2016-03-14,81.4800033569336,82.63999938964844,81.0199966430664,82.41000366210938,13344600
2016-03-15,81.5999984741211,82.8499984741211,81.5199966430664,82.81999969482422,9213000
2016-03-16,83.0199966430664,83.16000366210938,81.94000244140625,82.87000274658203,11492100
2016-03-17,83.68000030517578,84.68000030517578,82.72000122070312,84.0999984741211,13673900
2016-03-18,84.58999633789062,84.5999984741211,83.25,84.19999694824219,19637000
2016-03-21,83.83999633789062,84.13999938964844,83.5,83.62000274658203,8385400
2016-03-22,83.08000183105469,84.86000061035156,83.01000213623047,84.12000274658203,13005100
2016-03-23,83.86000061035156,84.30000305175781,83.5199966430664,83.75,12748900
2016-03-24,82.94000244140625,84.02999877929688,82.93000030517578,83.9800033569336,9368300
2016-03-28,84.02999877929688,84.36000061035156,83.69999694824219,84.22000122070312,7490400
2016-03-29,83.66999816894531,84.61000061035156,83.16000366210938,84.52999877929688,9977900
2016-03-30,85.02999877929688,85.05000305175781,84.0,84.5199966430664,10807000
2016-03-31,84.06999969482422,85.0999984741211,83.58999633789062,83.58999633789062,13896900
2016-04-01,82.4000015258789,83.38999938964844,82.38999938964844,82.95999908447266,12235300
2016-04-04,83.05999755859375,83.9000015258789,82.77999877929688,83.16000366210938,8050200
2016-04-05,82.61000061035156,83.12999725341797,81.98999786376953,82.20999908447266,10446800
2016-04-06,82.69000244140625,83.45999908447266,82.30000305175781,83.30999755859375,9320200
2016-04-07,82.76000213623047,83.16999816894531,82.05000305175781,82.37000274658203,8267100
2016-04-08,83.30000305175781,83.44999694824219,82.8499984741211,83.20999908447266,9376200
2016-04-11,83.33000183105469,84.23999786376953,83.27999877929688,83.31999969482422,9925000
2016-04-12,83.69000244140625,84.62999725341797,83.37000274658203,84.3499984741211,9986100
2016-04-13,84.5,84.91000366210938,84.04000091552734,84.83000183105469,9235700
2016-04-14,85.0,85.9000015258789,84.76000213623047,85.43000030517578,10625800
2016-04-15,85.30000305175781,85.66000366210938,84.77999877929688,84.97000122070312,11280200
2016-04-18,84.97000122070312,85.86000061035156,83.86000061035156,85.77999877929688,9097000
2016-04-19,85.8499984741211,86.30999755859375,85.22000122070312,86.20999908447266,10354500
2016-04-20,86.2300033569336,87.44000244140625,85.97000122070312,86.80000305175781,15247100
2016-04-21,86.58999633789062,87.83999633789062,86.56999969482422,86.79000091552734,12075300
2016-04-22,87.23999786376953,87.63999938964844,86.81999969482422,87.52999877929688,9150800
2016-04-25,87.08999633789062,87.4000015258789,86.3499984741211,87.33000183105469,8076400
2016-04-26,87.75,87.94000244140625,87.05999755859375,87.62999725341797,9425900
2016-04-27,87.94999694824219,88.72000122070312,87.33000183105469,88.45999908447266,10463500
2016-04-28,87.86000061035156,88.77999877929688,87.5,88.02999877929688,11276200
2016-04-29,88.68000030517578,89.77999877929688,87.73999786376953,88.4000015258789,17885900
2016-05-02,88.23999786376953,89.4800033569336,88.08000183105469,89.12999725341797,10273700
2016-05-03,88.4000015258789,88.62999725341797,87.36000061035156,88.11000061035156,10137400
2016-05-04,88.30000305175781,88.73999786376953,87.5999984741211,87.94000244140625,10601100
2016-05-05,88.76000213623047,88.97000122070312,87.62000274658203,88.04000091552734,8721100
2016-05-06,87.45999908447266,88.68000030517578,87.45999908447266,88.51000213623047,7968400
2016-05-09,88.5999984741211,88.76000213623047,87.2300033569336,88.56999969482422,11159500
2016-05-10,88.9000015258789,90.0,88.81999969482422,89.98999786376953,12509100
2016-05-11,89.16000366210938,89.68000030517578,88.72000122070312,88.80999755859375,11660200
2016-05-12,89.80000305175781,89.93000030517578,89.1500015258789,89.66999816894531,10720500
2016-05-13,89.27999877929688,89.66000366210938,88.51000213623047,88.66000366210938,9721100
2016-05-16,89.19999694824219,89.66999816894531,89.0,89.56999969482422,8638700
2016-05-17,89.2699966430664,89.91000366210938,89.16000366210938,89.52999877929688,9835600
2016-05-18,89.80000305175781,90.0,88.6500015258789,89.3499984741211,9680300
2016-05-19,88.61000061035156,90.16000366210938,88.44999694824219,90.11000061035156,14397900
2016-05-20,90.38999938964844,90.4000015258789,89.37999725341797,89.73999786376953,13191900
2016-05-23,89.0,89.9000015258789,88.81999969482422,89.5999984741211,11766100
2016-05-24,89.88999938964844,90.4000015258789,89.55000305175781,89.66999816894531,10056600
2016-05-25,89.8499984741211,90.37000274658203,89.58999633789062,90.26000213623047,9578400
2016-05-26,90.25,90.45999908447266,89.2699966430664,89.80000305175781,7867900
2016-05-27,89.4000015258789,90.05000305175781,89.31999969482422,90.01000213623047,7505900
2016-05-31,90.0,90.19999694824219,88.7300033569336,89.0199966430664,13178800
2016-06-01,88.43000030517578,89.44999694824219,88.12999725341797,89.23999786376953,7994800
2016-06-02,88.20999908447266,88.52999877929688,87.61000061035156,88.52999877929688,9837500
2016-06-03,88.44000244140625,88.83000183105469,88.02999877929688,88.37000274658203,9367100
2016-06-06,88.87000274658203,89.5,88.69000244140625,89.33999633789062,8573000
2016-06-07,89.75,90.91999816894531,89.70999908447266,90.70999908447266,12889100
2016-06-08,91.02999877929688,91.30000305175781,90.52999877929688,90.79000091552734,9983000
2016-06-09,90.18000030517578,91.02999877929688,90.11000061035156,90.66999816894531,8974300
2016-06-10,90.4000015258789,90.91999816894531,89.77999877929688,89.9800033569336,10353800
2016-06-13,89.91999816894531,91.43000030517578,89.69999694824219,90.58999633789062,11370000
2016-06-14,90.44999694824219,90.87000274658203,89.8499984741211,90.43000030517578,10161000
2016-06-15,90.2300033569336,90.9000015258789,90.0,90.16000366210938,10655800
2016-06-16,89.69999694824219,91.38999938964844,89.11000061035156,91.22000122070312,12824800
2016-06-17,91.48999786376953,91.58999633789062,90.19000244140625,90.72000122070312,17483200
2016-06-20,91.29000091552734,91.58999633789062,91.06999969482422,91.12000274658203,9388500
2016-06-21,90.72000122070312,91.63999938964844,90.25,91.52999877929688,8557500
2016-06-22,91.83999633789062,91.93000030517578,91.01000213623047,91.16999816894531,8785400
2016-06-23,91.93000030517578,92.06999969482422,91.19000244140625,91.80000305175781,9464500
2016-06-24,89.87999725341797,90.80000305175781,89.1500015258789,89.38999938964844,20010500
2016-06-27,88.9000015258789,89.0999984741211,88.11000061035156,88.86000061035156,14169400
2016-06-28,89.7300033569336,90.93000030517578,89.5199966430664,90.91000366210938,13254300
2016-06-29,91.41000366210938,92.69999694824219,91.12000274658203,92.45999908447266,13920600
2016-06-30,92.33000183105469,93.83000183105469,92.30000305175781,93.73999786376953,14073700
2016-07-01,93.36000061035156,93.9800033569336,93.06999969482422,93.83999633789062,9946300
2016-07-05,93.12000274658203,93.5999984741211,92.25,93.0199966430664,10744100
2016-07-06,93.3499984741211,94.12000274658203,92.44000244140625,94.08999633789062,13144400
2016-07-07,94.33999633789062,94.48999786376953,92.3499984741211,92.95999908447266,12240700
2016-07-08,93.38999938964844,93.77999877929688,92.91999816894531,93.54000091552734,9807600
2016-07-11,93.75,94.41000366210938,93.6500015258789,93.88999938964844,8335700
2016-07-12,94.66999816894531,94.94999694824219,94.08999633789062,94.94999694824219,9870800
2016-07-13,94.6500015258789,94.91999816894531,94.11000061035156,94.87999725341797,9458200
2016-07-14,95.05000305175781,95.52999877929688,94.62000274658203,94.94999694824219,9293500
2016-07-15,95.44000244140625,95.55000305175781,94.63999938964844,95.12000274658203,10334500
2016-07-18,94.91999816894531,95.1500015258789,94.4000015258789,94.81999969482422,9865900
2016-07-19,94.76000213623047,94.94000244140625,94.19999694824219,94.47000122070312,5901800
2016-07-20,94.25,94.41999816894531,93.80000305175781,93.93000030517578,7383800
2016-07-21,93.88999938964844,94.26000213623047,93.45999908447266,93.8499984741211,6854600
2016-07-22,94.11000061035156,94.29000091552734,93.72000122070312,94.01000213623047,7139700
2016-07-25,93.47000122070312,93.62000274658203,91.76000213623047,92.19999694824219,10845900
2016-07-26,91.62999725341797,92.02999877929688,91.11000061035156,91.52999877929688,12143500
2016-07-27,91.51000213623047,91.80999755859375,90.62999725341797,90.91000366210938,10037900
2016-07-28,90.54000091552734,90.7300033569336,89.61000061035156,90.19999694824219,12439200
2016-07-29,87.61000061035156,89.01000213623047,86.12000274658203,88.94999694824219,23928100
2016-08-01,88.08000183105469,88.1500015258789,85.58999633789062,85.86000061035156,22908400
2016-08-02,86.44999694824219,87.31999969482422,85.58000183105469,87.04000091552734,18919200
2016-08-03,87.01000213623047,87.48999786376953,86.5999984741211,87.48999786376953,14632900
2016-08-04,87.5,87.6500015258789,87.02999877929688,87.4800033569336,13451400
2016-08-05,87.7300033569336,87.83000183105469,87.1500015258789,87.55999755859375,9617300
2016-08-08,88.05000305175781,88.88999938964844,88.02999877929688,88.58999633789062,10492700
2016-08-09,88.62000274658203,88.76000213623047,88.18000030517578,88.69999694824219,9654600
2016-08-10,87.77999877929688,87.91999816894531,86.01000213623047,86.41000366210938,12714800
2016-08-11,86.69000244140625,87.2699966430664,86.26000213623047,86.72000122070312,11616000
2016-08-12,86.95999908447266,87.9800033569336,86.9000015258789,87.8499984741211,9986900
2016-08-15,88.41999816894531,88.5,87.63999938964844,87.80999755859375,6432600
2016-08-16,87.83000183105469,88.18000030517578,87.37000274658203,87.91999816894531,6817900
2016-08-17,87.91999816894531,88.18000030517578,87.66000366210938,88.11000061035156,7104600
2016-08-18,88.37999725341797,88.94000244140625,88.12000274658203,88.91000366210938,10342700
2016-08-19,88.62999725341797,88.73999786376953,87.79000091552734,87.80000305175781,8615300
2016-08-22,87.30999755859375,88.0999984741211,86.8499984741211,87.98999786376953,8235400
2016-08-23,87.83999633789062,88.0199966430664,87.55999755859375,87.72000122070312,6514800
2016-08-24,87.5,88.16000366210938,87.3499984741211,88.0199966430664,7985400
2016-08-25,88.0199966430664,88.02999877929688,87.23999786376953,87.45999908447266,6935300
2016-08-26,87.62999725341797,88.11000061035156,87.0,87.2699966430664,6474400
2016-08-29,87.04000091552734,87.91999816894531,87.04000091552734,87.83999633789062,7027200
2016-08-30,87.87000274658203,88.25,87.37000274658203,87.5199966430664,6441100
2016-08-31,87.13999938964844,87.20999908447266,86.22000122070312,87.13999938964844,12491400
2016-09-01,86.72000122070312,86.83999633789062,86.08999633789062,86.83999633789062,8434700
2016-09-02,87.41999816894531,87.58000183105469,86.93000030517578,87.41999816894531,7099600
2016-09-06,87.83999633789062,88.63999938964844,87.66000366210938,88.56999969482422,9851200
2016-09-07,88.6500015258789,88.66999816894531,87.97000122070312,88.23999786376953,7470400
2016-09-08,88.55000305175781,89.37000274658203,88.04000091552734,89.05000305175781,9579500
2016-09-09,88.66000366210938,88.66000366210938,86.80000305175781,86.83999633789062,12820200
2016-09-12,86.77999877929688,87.70999908447266,86.62999725341797,87.29000091552734,10889000
2016-09-13,86.45999908447266,86.47000122070312,85.08000183105469,85.20999908447266,13214300
2016-09-14,85.04000091552734,85.83000183105469,84.2699966430664,84.5999984741211,13957000
2016-09-15,84.66999816894531,85.6500015258789,84.5199966430664,85.08000183105469,9062600
2016-09-16,84.51000213623047,85.05000305175781,83.55999755859375,84.02999877929688,21538400
2016-09-19,84.58000183105469,84.62000274658203,83.80999755859375,83.83000183105469,7929100
2016-09-20,83.7300033569336,83.94999694824219,82.54000091552734,82.54000091552734,17522000
2016-09-21,82.81999969482422,83.62000274658203,82.30999755859375,83.30000305175781,15055900
2016-09-22,84.27999877929688,84.55000305175781,83.37999725341797,83.54000091552734,10738500
2016-09-23,82.68000030517578,84.30999755859375,82.58999633789062,83.44999694824219,12667100
2016-09-26,83.5199966430664,84.5,82.93000030517578,83.05999755859375,10860300
2016-09-27,82.58999633789062,83.33999633789062,82.29000091552734,83.23999786376953,9595000
2016-09-28,83.45999908447266,87.2300033569336,83.33999633789062,86.9000015258789,28117900
2016-09-29,86.97000122070312,87.19999694824219,85.68000030517578,86.45999908447266,19082900
2016-09-30,86.83999633789062,87.80999755859375,86.6500015258789,87.27999877929688,15961500
2016-10-03,86.94000244140625,87.19999694824219,86.54000091552734,87.05000305175781,7111200
2016-10-04,87.37999725341797,87.5,86.06999969482422,86.25,8222000
2016-10-05,86.83000183105469,87.16999816894531,86.69999694824219,87.0,8796200
2016-10-06,87.25,87.47000122070312,86.44000244140625,87.04000091552734,7718300
2016-10-07,86.94999694824219,87.4000015258789,86.41999816894531,86.73999786376953,6614900
2016-10-10,87.54000091552734,88.66999816894531,87.51000213623047,88.44000244140625,10060000
2016-10-11,88.08000183105469,88.19000244140625,87.30000305175781,87.73999786376953,9309000
2016-10-12,87.22000122070312,87.72000122070312,86.66999816894531,87.12999725341797,8172600
2016-10-13,86.3499984741211,86.87000274658203,85.43000030517578,86.55999755859375,9890300
2016-10-14,87.19000244140625,87.54000091552734,86.4800033569336,86.54000091552734,7991700
2016-10-17,86.4800033569336,86.79000091552734,86.06999969482422,86.54000091552734,7263100
2016-10-18,87.16999816894531,87.33000183105469,86.37999725341797,86.7699966430664,5429300
2016-10-19,87.19000244140625,87.8499984741211,86.87999725341797,87.16999816894531,9373400
2016-10-20,86.79000091552734,87.5,86.5999984741211,87.20999908447266,6866900
2016-10-21,86.41999816894531,86.81999969482422,85.69999694824219,86.62000274658203,10736200
2016-10-24,86.73999786376953,87.31999969482422,86.06999969482422,86.91000366210938,8354900
2016-10-25,86.66999816894531,87.6500015258789,86.5999984741211,86.72000122070312,6835900
2016-10-26,86.25,87.44999694824219,85.94999694824219,87.08999633789062,8488100
2016-10-27,87.27999877929688,87.66000366210938,86.80000305175781,86.91999816894531,9071100
2016-10-28,85.27999877929688,86.36000061035156,84.13999938964844,84.77999877929688,19072200
2016-10-31,83.87999725341797,84.4000015258789,82.98999786376953,83.31999969482422,16663800
2016-11-01,83.5,83.91999816894531,83.2699966430664,83.6500015258789,13050600
2016-11-02,83.30000305175781,83.87999725341797,82.94000244140625,83.44999694824219,11226100
2016-11-03,83.68000030517578,83.87999725341797,83.05000305175781,83.66000366210938,8836500
2016-11-04,83.62999725341797,84.33000183105469,82.76000213623047,83.56999969482422,13877100
2016-11-07,84.48999786376953,85.47000122070312,84.4000015258789,85.44999694824219,13576200
2016-11-08,84.7300033569336,85.83000183105469,84.48999786376953,85.30999755859375,9735200
2016-11-09,84.05000305175781,86.70999908447266,83.66000366210938,86.25,15901300
2016-11-10,85.91000366210938,87.98999786376953,85.66000366210938,87.05000305175781,14106100
2016-11-11,86.52999877929688,86.7300033569336,84.88999938964844,85.66999816894531,13812200
2016-11-14,85.30000305175781,85.6500015258789,84.33000183105469,85.27999877929688,12607500
2016-11-15,85.7699966430664,87.05999755859375,85.7699966430664,86.81999969482422,12883500
2016-11-16,86.73999786376953,86.77999877929688,85.58000183105469,85.75,8201200
2016-11-17,86.44000244140625,86.87999725341797,85.0199966430664,85.2300033569336,8200500
2016-11-18,85.20999908447266,85.6500015258789,84.83000183105469,85.27999877929688,8457800
2016-11-21,86.44000244140625,86.69000244140625,86.13999938964844,86.48999786376953,8861500
2016-11-22,86.69000244140625,87.23999786376953,85.97000122070312,86.68000030517578,9390200
2016-11-23,86.54000091552734,87.08000183105469,86.30999755859375,86.91999816894531,5996300
2016-11-25,86.70999908447266,87.13999938964844,86.54000091552734,87.12000274658203,5042300
2016-11-28,86.94999694824219,87.12999725341797,86.37000274658203,86.47000122070312,7449600
2016-11-29,85.41999816894531,86.08000183105469,85.08000183105469,85.9000015258789,9181100
2016-11-30,87.5999984741211,88.19000244140625,87.19999694824219,87.30000305175781,22696200
2016-12-01,87.9800033569336,88.5,87.23999786376953,87.23999786376953,13005600
2016-12-02,87.19000244140625,87.98999786376953,86.5999984741211,87.04000091552734,9706600
2016-12-05,87.38999938964844,87.81999969482422,86.91999816894531,87.4800033569336,11741100
2016-12-06,87.2699966430664,87.87000274658203,86.69999694824219,87.55999755859375,11293600
2016-12-07,87.62999725341797,88.1500015258789,87.19999694824219,88.06999969482422,11182600
2016-12-08,88.05000305175781,88.8499984741211,87.6500015258789,88.31999969482422,9086700
2016-12-09,88.63999938964844,89.0,88.18000030517578,89.0,8021700
2016-12-12,90.13999938964844,91.5,90.13999938964844,90.9800033569336,15545400
2016-12-13,91.88999938964844,93.22000122070312,91.16999816894531,92.58000183105469,18829300
2016-12-14,92.26000213623047,92.2699966430664,90.16999816894531,90.58000183105469,16325400
2016-12-15,90.0999984741211,90.9800033569336,89.76000213623047,90.88999938964844,11155100
2016-12-16,91.5199966430664,91.66999816894531,90.63999938964844,91.18000030517578,20560400
2016-12-19,91.37999725341797,91.54000091552734,90.19999694824219,90.41999816894531,9674400
2016-12-20,90.51000213623047,90.8499984741211,90.29000091552734,90.43000030517578,7221000
2016-12-21,90.68000030517578,90.9000015258789,90.18000030517578,90.27999877929688,7308000
2016-12-22,90.0199966430664,90.9000015258789,90.0199966430664,90.87000274658203,8003100
2016-12-23,90.88999938964844,90.95999908447266,90.5199966430664,90.70999908447266,4266500
2016-12-27,90.83000183105469,91.11000061035156,90.58000183105469,90.75,4960600
2016-12-28,90.68000030517578,91.11000061035156,90.26000213623047,90.30000305175781,6745900
2016-12-29,90.0999984741211,90.5999984741211,90.02999877929688,90.3499984741211,6684700
2016-12-30,90.02999877929688,90.69999694824219,90.01000213623047,90.26000213623047,9117800
2017-01-03,90.94000244140625,91.33999633789062,90.1500015258789,90.88999938964844,10360600
2017-01-04,91.12000274658203,91.1500015258789,89.75,89.88999938964844,9434200
2017-01-05,90.19000244140625,90.30000305175781,88.44000244140625,88.55000305175781,14443200
2017-01-06,88.79000091552734,88.9800033569336,87.81999969482422,88.5,16518100
2017-01-09,88.22000122070312,88.22000122070312,86.55000305175781,87.04000091552734,13762300
2017-01-10,87.16999816894531,87.30999755859375,85.91000366210938,85.93000030517578,13283100
2017-01-11,85.9000015258789,86.94999694824219,85.86000061035156,86.80999755859375,11183700
2017-01-12,87.2699966430664,87.37999725341797,86.06999969482422,86.33999633789062,10407000
2017-01-13,86.2699966430664,86.68000030517578,86.16999816894531,86.3499984741211,8415600
2017-01-17,86.58000183105469,87.38999938964844,86.25,87.36000061035156,13237300
2017-01-18,87.05999755859375,87.41000366210938,86.05000305175781,86.27999877929688,11831700
2017-01-19,85.97000122070312,86.0999984741211,84.58999633789062,84.7300033569336,16382900
2017-01-20,85.44000244140625,85.95999908447266,85.05000305175781,85.88999938964844,18739700
2017-01-23,85.68000030517578,85.87999725341797,84.75,84.97000122070312,11433900
2017-01-24,84.9800033569336,85.47000122070312,84.83000183105469,85.08999633789062,11858100
2017-01-25,85.33999633789062,85.87999725341797,85.25,85.33999633789062,9578500
2017-01-26,85.69000244140625,85.83000183105469,85.12000274658203,85.5999984741211,8779400
2017-01-27,85.30000305175781,85.75,85.04000091552734,85.51000213623047,10947900
2017-01-30,85.41999816894531,85.44999694824219,84.18000030517578,84.86000061035156,12789200
2017-01-31,85.04000091552734,85.06999969482422,83.12999725341797,83.88999938964844,19128100
2017-02-01,84.0,84.16000366210938,82.54000091552734,82.94000244140625,15111800
2017-02-02,83.20999908447266,83.52999877929688,82.55000305175781,83.44999694824219,12200100
2017-02-03,83.69999694824219,83.72000122070312,82.9000015258789,83.54000091552734,12746300
2017-02-06,83.55000305175781,83.6500015258789,82.93000030517578,83.30999755859375,9938200
2017-02-07,83.2300033569336,83.62000274658203,82.44999694824219,82.7699966430664,11705200
2017-02-08,81.98999786376953,82.12000274658203,81.16999816894531,81.4800033569336,14006300
2017-02-09,81.4800033569336,82.05000305175781,81.4800033569336,81.83999633789062,9603000
2017-02-10,82.26000213623047,82.7699966430664,82.12999725341797,82.5199966430664,8739800
2017-02-13,82.7699966430664,83.18000030517578,82.3499984741211,83.0,9071600
2017-02-14,82.91000366210938,83.0999984741211,82.05999755859375,82.81999969482422,11370500
2017-02-15,82.63999938964844,83.18000030517578,82.45999908447266,83.16000366210938,11768500
2017-02-16,83.12000274658203,83.41999816894531,82.16999816894531,82.30000305175781,10615000
2017-02-17,82.08999633789062,82.19000244140625,81.44000244140625,81.76000213623047,15646000
2017-02-21,82.12000274658203,82.1500015258789,81.30000305175781,81.88999938964844,16419600
2017-02-22,81.6500015258789,81.69999694824219,80.87000274658203,80.93000030517578,12917400
2017-02-23,81.41999816894531,82.22000122070312,81.02999877929688,81.77999877929688,13847000
2017-02-24,81.5999984741211,81.80000305175781,80.76000213623047,81.08000183105469,11338700
2017-02-27,81.12999725341797,81.70999908447266,80.80999755859375,81.54000091552734,13465900
2017-02-28,81.52999877929688,81.98999786376953,81.05000305175781,81.31999969482422,16834200
2017-03-01,81.69999694824219,83.33000183105469,81.69999694824219,83.0199966430664,17482100
2017-03-02,82.80000305175781,84.25,82.79000091552734,83.30000305175781,14170300
2017-03-03,83.30000305175781,83.5999984741211,82.26000213623047,82.45999908447266,12190400
2017-03-06,82.44000244140625,82.9000015258789,82.33000183105469,82.83000183105469,9617200
2017-03-07,83.11000061035156,83.29000091552734,82.13999938964844,82.5199966430664,12711500
2017-03-08,82.3499984741211,82.37999725341797,81.01000213623047,81.02999877929688,16817700
2017-03-09,80.63999938964844,81.72000122070312,80.30999755859375,81.66999816894531,14721800
2017-03-10,82.44000244140625,82.47000122070312,81.16000366210938,81.61000061035156,11355200
2017-03-13,81.5,81.94000244140625,81.05000305175781,81.41999816894531,9571400
2017-03-14,81.0,81.2300033569336,80.44000244140625,80.98999786376953,11335700
2017-03-15,81.3499984741211,82.05999755859375,81.05000305175781,82.0,11970300
2017-03-16,82.02999877929688,82.19999694824219,81.66999816894531,82.06999969482422,9923800
2017-03-17,82.02999877929688,82.26000213623047,81.81999969482422,82.0,18834100
2017-03-20,81.72000122070312,82.04000091552734,81.44000244140625,82.0,7700300
2017-03-21,82.16000366210938,82.3499984741211,81.5999984741211,81.83000183105469,13387700
2017-03-22,81.95999908447266,82.08999633789062,81.43000030517578,81.76000213623047,11168400
2017-03-23,81.62999725341797,82.22000122070312,81.45999908447266,81.86000061035156,8928000
2017-03-24,82.02999877929688,82.02999877929688,81.1500015258789,81.2300033569336,9128500
2017-03-27,80.81999969482422,81.43000030517578,80.79000091552734,81.25,8481200
2017-03-28,81.31999969482422,82.0199966430664,80.95999908447266,81.83999633789062,11028600
2017-03-29,81.69000244140625,82.27999877929688,81.55000305175781,82.0199966430664,8495500
2017-03-30,82.02999877929688,83.87000274658203,81.94000244140625,83.69999694824219,44704900
2017-03-31,83.26000213623047,83.30999755859375,81.86000061035156,82.01000213623047,21750400
2017-04-03,82.0199966430664,82.30999755859375,81.3499984741211,82.06999969482422,11438700
2017-04-04,82.0999984741211,82.41999816894531,81.33000183105469,82.37000274658203,9270900
2017-04-05,82.8499984741211,83.55000305175781,82.47000122070312,82.52999877929688,13809100
2017-04-06,82.75,83.20999908447266,82.45999908447266,83.01000213623047,9554900
2017-04-07,83.23999786376953,83.36000061035156,82.68000030517578,82.76000213623047,8909600
2017-04-10,83.12000274658203,83.47000122070312,82.91999816894531,83.12999725341797,8885300
2017-04-11,83.08000183105469,83.16999816894531,82.41999816894531,82.83999633789062,8576500
2017-04-12,82.86000061035156,83.3499984741211,82.69999694824219,82.97000122070312,9516100
2017-04-13,82.72000122070312,82.7300033569336,81.56999969482422,81.69000244140625,8667900
2017-04-17,81.8499984741211,81.97000122070312,81.44000244140625,81.58000183105469,9577200
2017-04-18,81.31999969482422,81.81999969482422,81.02999877929688,81.05000305175781,8821400
2017-04-19,81.16999816894531,81.51000213623047,80.30000305175781,80.48999786376953,10764400
2017-04-20,80.94999694824219,81.73999786376953,80.69999694824219,81.01000213623047,11649100
2017-04-21,80.93000030517578,81.0,80.47000122070312,80.69000244140625,9816700
2017-04-24,81.27999877929688,81.4000015258789,80.80999755859375,81.11000061035156,8729700
2017-04-25,81.43000030517578,81.93000030517578,81.27999877929688,81.7300033569336,10733800
2017-04-26,81.5199966430664,82.33000183105469,81.38999938964844,81.4000015258789,9445900
2017-04-27,81.06999969482422,81.30000305175781,80.94000244140625,81.26000213623047,12385300
2017-04-28,82.45999908447266,82.48999786376953,81.55999755859375,81.6500015258789,12072200
2017-05-01,81.51000213623047,82.20999908447266,81.4800033569336,82.05999755859375,8664100
2017-05-02,82.13999938964844,82.58999633789062,81.9000015258789,82.05000305175781,9102900
2017-05-03,81.97000122070312,83.06999969482422,81.91000366210938,82.69999694824219,10289000
2017-05-04,82.29000091552734,82.36000061035156,81.4000015258789,81.63999938964844,16164500
2017-05-05,81.62999725341797,82.23999786376953,81.61000061035156,82.0199966430664,10213000
2017-05-08,82.0,82.94000244140625,82.0,82.88999938964844,8097100
2017-05-09,82.95999908447266,83.0,82.16000366210938,82.30999755859375,8647100
2017-05-10,82.12000274658203,82.37000274658203,81.6500015258789,81.91000366210938,9520300
2017-05-11,82.58999633789062,82.70999908447266,82.0999984741211,82.61000061035156,10047300
2017-05-12,82.38999938964844,82.70999908447266,82.25,82.55000305175781,7480200
2017-05-15,83.0,83.18000030517578,82.6500015258789,82.80000305175781,10881500
2017-05-16,82.9000015258789,83.2300033569336,82.44999694824219,82.55000305175781,9574200
2017-05-17,82.55000305175781,83.04000091552734,81.95999908447266,81.98999786376953,11151100
2017-05-18,81.7699966430664,82.1500015258789,81.41999816894531,81.75,9905800
2017-05-19,82.0,82.08999633789062,81.69000244140625,81.93000030517578,13028500
2017-05-22,82.11000061035156,82.33000183105469,81.93000030517578,82.29000091552734,9218700
2017-05-23,82.31999969482422,82.88999938964844,82.23999786376953,82.58000183105469,6857200
2017-05-24,82.41999816894531,82.54000091552734,82.01000213623047,82.29000091552734,8136000
2017-05-25,82.33000183105469,82.70999908447266,81.5199966430664,81.75,12370900
2017-05-26,81.61000061035156,81.80000305175781,80.83000183105469,81.55000305175781,8227100
2017-05-30,81.27999877929688,81.33999633789062,81.04000091552734,81.0999984741211,8973600
2017-05-31,80.94000244140625,80.94999694824219,80.47000122070312,80.5,13572300
2017-06-01,80.37000274658203,80.9000015258789,80.19000244140625,80.69999694824219,9884100
2017-06-02,80.58999633789062,80.68000030517578,79.26000213623047,79.5,21687300
2017-06-05,79.44000244140625,80.38999938964844,79.4000015258789,80.12000274658203,11527100
2017-06-06,80.30000305175781,81.31999969482422,80.22000122070312,81.20999908447266,12208600
2017-06-07,81.05000305175781,81.4000015258789,80.33999633789062,80.91000366210938,13096500
2017-06-08,80.91000366210938,81.08000183105469,80.48999786376953,80.62000274658203,11720700
2017-06-09,81.1500015258789,82.13999938964844,80.69000244140625,82.12999725341797,13553900
2017-06-12,82.12999725341797,83.69000244140625,82.12999725341797,82.93000030517578,18172900
2017-06-13,82.8499984741211,83.2699966430664,82.56999969482422,82.95999908447266,12175500
2017-06-14,82.80999755859375,82.81999969482422,81.55999755859375,82.06999969482422,13714000
2017-06-15,81.77999877929688,82.4000015258789,81.58000183105469,82.26000213623047,11862600
2017-06-16,82.61000061035156,83.54000091552734,82.19999694824219,83.48999786376953,39726100
2017-06-19,83.48999786376953,83.48999786376953,82.55000305175781,82.76000213623047,10445700
2017-06-20,82.06999969482422,82.47000122070312,81.41000366210938,82.30999755859375,13232600
2017-06-21,82.04000091552734,82.62999725341797,81.13999938964844,81.44000244140625,11422300
2017-06-22,81.44999694824219,81.58000183105469,80.9000015258789,81.08000183105469,8139900
2017-06-23,80.8499984741211,81.69000244140625,80.76000213623047,81.61000061035156,10611200
2017-06-26,81.56999969482422,81.75,80.91000366210938,81.23999786376953,7718700
2017-06-27,81.44999694824219,81.7300033569336,81.11000061035156,81.11000061035156,9221600
2017-06-28,81.41000366210938,81.76000213623047,81.19000244140625,81.52999877929688,9189700
2017-06-29,81.37000274658203,81.83999633789062,80.41000366210938,80.69999694824219,20525100
2017-06-30,81.08000183105469,81.23999786376953,80.69999694824219,80.7300033569336,14000600
2017-07-03,80.79000091552734,82.48999786376953,80.72000122070312,82.0999984741211,8422300
2017-07-05,81.68000030517578,81.68000030517578,80.5199966430664,80.8499984741211,9830800
2017-07-06,80.86000061035156,81.08000183105469,80.08999633789062,80.12000274658203,9822400
2017-07-07,80.19999694824219,80.5999984741211,79.80999755859375,80.22000122070312,10777800
2017-07-10,80.0,80.41000366210938,79.95999908447266,80.16000366210938,6338300
2017-07-11,80.33000183105469,80.75,80.04000091552734,80.5999984741211,9681100
2017-07-12,81.19000244140625,81.5199966430664,80.75,80.95999908447266,7974000
2017-07-13,80.97000122070312,81.08999633789062,80.7300033569336,80.97000122070312,5582300
2017-07-14,81.0,81.41000366210938,80.7699966430664,81.27999877929688,7497200
2017-07-17,81.0,81.43000030517578,80.83000183105469,80.86000061035156,7914700
2017-07-18,81.0199966430664,81.08000183105469,80.41000366210938,80.5999984741211,8046100
2017-07-19,80.44000244140625,80.87000274658203,80.2699966430664,80.8499984741211,9393200
2017-07-20,80.97000122070312,81.48999786376953,80.75,80.86000061035156,9681000
2017-07-21,80.6500015258789,80.83999633789062,80.0,80.12000274658203,12268600
2017-07-24,80.05999755859375,80.22000122070312,79.76000213623047,79.87000274658203,9403000
2017-07-25,80.7699966430664,81.05000305175781,80.2699966430664,80.2699966430664,11465300
2017-07-26,80.58000183105469,80.9000015258789,80.19999694824219,80.37000274658203,10465100
2017-07-27,80.23999786376953,80.87999725341797,79.9000015258789,80.83000183105469,11149700
2017-07-28,79.6500015258789,79.91999816894531,78.2699966430664,79.5999984741211,22800800
2017-07-31,79.83000183105469,80.38999938964844,79.5999984741211,80.04000091552734,12820200
2017-08-01,80.16000366210938,80.54000091552734,79.97000122070312,80.16999816894531,10421200
2017-08-02,79.9000015258789,80.63999938964844,79.80000305175781,80.5999984741211,10410100
2017-08-03,80.33999633789062,80.81999969482422,80.30000305175781,80.48999786376953,10136700
2017-08-04,80.44000244140625,80.55999755859375,80.05000305175781,80.20999908447266,8292200
2017-08-07,80.16999816894531,80.16999816894531,79.86000061035156,80.16000366210938,7893800
2017-08-08,80.0199966430664,80.22000122070312,79.83000183105469,79.95999908447266,9028400
2017-08-09,80.25,80.3499984741211,79.77999877929688,80.20999908447266,8087100
2017-08-10,79.76000213623047,79.77999877929688,78.91000366210938,78.97000122070312,12580300
2017-08-11,79.20999908447266,79.25,78.19999694824219,78.20999908447266,10192400
2017-08-14,78.62000274658203,78.79000091552734,78.12000274658203,78.2300033569336,8862500
2017-08-15,78.12000274658203,78.25,77.68000030517578,78.04000091552734,10350900
2017-08-16,78.04000091552734,78.16999816894531,77.30999755859375,77.47000122070312,9117100
2017-08-17,77.26000213623047,77.27999877929688,76.20999908447266,76.26000213623047,13400400
2017-08-18,76.18000030517578,77.11000061035156,76.05000305175781,76.63999938964844,14324300
2017-08-21,76.47000122070312,76.62000274658203,76.08000183105469,76.37999725341797,10084900
2017-08-22,76.55000305175781,77.33000183105469,76.52999877929688,76.73999786376953,9503600
2017-08-23,76.69999694824219,77.01000213623047,76.47000122070312,76.61000061035156,7054300
2017-08-24,76.5,76.6500015258789,76.19999694824219,76.33000183105469,8678300
2017-08-25,76.55999755859375,77.12999725341797,76.43000030517578,76.72000122070312,6844900
2017-08-28,76.9000015258789,76.94000244140625,76.26000213623047,76.47000122070312,8229700
2017-08-29,76.20999908447266,76.48999786376953,76.08000183105469,76.44999694824219,7060400
2017-08-30,76.23999786376953,76.44999694824219,76.05999755859375,76.0999984741211,8218000
2017-08-31,76.2699966430664,76.48999786376953,76.05000305175781,76.33000183105469,15641700
2017-09-01,76.37000274658203,76.8499984741211,76.31999969482422,76.56999969482422,7361100
2017-09-05,76.63999938964844,77.36000061035156,76.61000061035156,77.18000030517578,12784800
2017-09-06,77.88999938964844,79.22000122070312,77.58000183105469,78.77999877929688,18574400
2017-09-07,79.0199966430664,79.33000183105469,78.61000061035156,79.02999877929688,9836400
2017-09-08,79.01000213623047,79.04000091552734,78.62999725341797,78.81999969482422,8436000
2017-09-11,79.41000366210938,79.41999816894531,78.9000015258789,79.25,12955800
2017-09-12,79.4000015258789,79.69000244140625,79.23999786376953,79.5,7644400
2017-09-13,79.5,79.7699966430664,79.37999725341797,79.7699966430664,8369700
2017-09-14,79.8499984741211,80.2300033569336,79.7699966430664,80.08999633789062,9072600
2017-09-15,80.12000274658203,80.20999908447266,79.55000305175781,80.06999969482422,16043700
2017-09-18,79.79000091552734,80.13999938964844,79.69999694824219,80.08999633789062,8594400
2017-09-19,80.05999755859375,80.38999938964844,79.98999786376953,80.22000122070312,9277100
2017-09-20,80.27999877929688,80.66000366210938,80.26000213623047,80.55000305175781,10606900
2017-09-21,80.48999786376953,80.52999877929688,79.76000213623047,79.88999938964844,11984200
2017-09-22,79.72000122070312,80.30000305175781,79.66999816894531,79.91999816894531,10205800
2017-09-25,80.02999877929688,81.0,79.9800033569336,80.9800033569336,10496600
2017-09-26,80.70999908447266,81.0,80.55999755859375,80.88999938964844,8755100
2017-09-27,80.88999938964844,81.44999694824219,80.79000091552734,81.43000030517578,9724500
2017-09-28,81.62999725341797,82.44999694824219,81.55999755859375,82.19000244140625,15581700
2017-09-29,81.94000244140625,82.05999755859375,81.58000183105469,81.9800033569336,9944000
2017-10-02,81.30000305175781,81.81999969482422,81.25,81.62999725341797,6777900
2017-10-03,81.41000366210938,81.97000122070312,81.30000305175781,81.76000213623047,6082000
2017-10-04,81.80000305175781,81.87000274658203,81.44999694824219,81.79000091552734,6357100
2017-10-05,81.72000122070312,82.23999786376953,81.58999633789062,82.0199966430664,7375900
2017-10-06,81.7699966430664,81.88999938964844,81.36000061035156,81.70999908447266,6070600
2017-10-09,81.83999633789062,82.18000030517578,81.76000213623047,82.02999877929688,7489900
2017-10-10,82.33999633789062,82.73999786376953,82.08999633789062,82.26000213623047,7218500
2017-10-11,82.16000366210938,82.73999786376953,82.13999938964844,82.5999984741211,7023700
2017-10-12,82.30999755859375,82.5,82.16999816894531,82.43000030517578,6647500
2017-10-13,82.7300033569336,83.08000183105469,82.36000061035156,82.41000366210938,7180000
2017-10-16,82.69999694824219,82.94999694824219,82.54000091552734,82.80999755859375,5734000
2017-10-17,82.62999725341797,82.97000122070312,82.54000091552734,82.95999908447266,6444100
2017-10-18,82.95999908447266,83.38999938964844,82.54000091552734,82.76000213623047,6367100
2017-10-19,82.3499984741211,83.05000305175781,82.33000183105469,82.73999786376953,7945500
2017-10-20,82.8499984741211,83.12999725341797,82.62000274658203,83.11000061035156,9574100
2017-10-23,83.1500015258789,83.76000213623047,83.04000091552734,83.23999786376953,9829900
2017-10-24,83.55000305175781,83.80999755859375,83.30999755859375,83.47000122070312,7551200
2017-10-25,83.44999694824219,83.7300033569336,82.94999694824219,83.16999816894531,9153300
2017-10-26,83.37000274658203,83.6500015258789,83.11000061035156,83.47000122070312,9154500
2017-10-27,83.0,84.23999786376953,82.01000213623047,83.70999908447266,14866200
2017-10-30,83.70999908447266,83.94999694824219,83.41000366210938,83.54000091552734,7811100
2017-10-31,83.6500015258789,83.68000030517578,83.16999816894531,83.3499984741211,9754200
2017-11-01,83.38999938964844,83.94000244140625,83.26000213623047,83.87000274658203,9430000
2017-11-02,83.5999984741211,83.70999908447266,82.91000366210938,83.52999877929688,7775500
2017-11-03,83.41999816894531,83.63999938964844,83.16000366210938,83.18000030517578,6903500
2017-11-06,83.30000305175781,83.87000274658203,83.05999755859375,83.75,9276700
2017-11-07,83.73999786376953,83.81999969482422,83.02999877929688,83.58000183105469,8471800
2017-11-08,83.36000061035156,83.5,82.86000061035156,83.47000122070312,8691600
2017-11-09,83.30000305175781,84.13999938964844,83.08000183105469,83.97000122070312,10528800
2017-11-10,83.01000213623047,83.08000183105469,82.41999816894531,82.94000244140625,8693700
2017-11-13,82.6500015258789,83.08999633789062,82.5999984741211,82.88999938964844,6720400
2017-11-14,82.41999816894531,82.75,82.08999633789062,82.23999786376953,9251700
2017-11-15,81.75,82.08999633789062,81.1500015258789,81.20999908447266,9663600
2017-11-16,80.44000244140625,80.8499984741211,80.1500015258789,80.55999755859375,10527200
2017-11-17,80.31999969482422,80.66000366210938,80.16000366210938,80.23999786376953,9536400
2017-11-20,80.2300033569336,80.63999938964844,80.01000213623047,80.55000305175781,8468600
2017-11-21,80.69000244140625,81.25,80.63999938964844,80.87000274658203,8838400
2017-11-22,81.16000366210938,81.41000366210938,81.05000305175781,81.0999984741211,7941600
2017-11-24,81.44000244140625,81.69999694824219,81.22000122070312,81.41999816894531,3851300
2017-11-27,81.31999969482422,81.4000015258789,81.0199966430664,81.11000061035156,9127500
2017-11-28,81.41000366210938,82.0,81.30999755859375,81.66999816894531,9794600
2017-11-29,81.6500015258789,82.30999755859375,81.4800033569336,82.2699966430664,9725000
2017-11-30,82.44999694824219,83.4000015258789,82.41000366210938,83.29000091552734,18592700
2017-12-01,83.44000244140625,84.12999725341797,82.41000366210938,83.45999908447266,13779300
2017-12-04,83.20999908447266,84.18000030517578,83.0,83.56999969482422,12597700
2017-12-05,83.41000366210938,83.7699966430664,82.70999908447266,82.88999938964844,9357200
2017-12-06,82.8499984741211,83.19999694824219,82.20999908447266,82.27999877929688,13398900
2017-12-07,82.4000015258789,82.62000274658203,82.16999816894531,82.55000305175781,11359600
2017-12-08,82.48999786376953,82.9000015258789,82.26000213623047,82.66000366210938,11988600
2017-12-11,83.04000091552734,83.25,82.73999786376953,83.02999877929688,8760700
2017-12-12,82.88999938964844,83.37999725341797,82.69999694824219,82.76000213623047,11307000
2017-12-13,82.61000061035156,83.30000305175781,82.4800033569336,83.12000274658203,10172700
2017-12-14,83.02999877929688,83.33000183105469,82.88999938964844,82.9000015258789,9492400
2017-12-15,83.16000366210938,83.27999877929688,82.87000274658203,83.02999877929688,26582300
2017-12-18,83.18000030517578,83.66999816894531,82.91000366210938,82.94000244140625,9363500
2017-12-19,83.02999877929688,83.16999816894531,82.33000183105469,82.44000244140625,10285100
2017-12-20,82.5999984741211,83.13999938964844,82.5199966430664,82.87000274658203,10620300
2017-12-21,83.3499984741211,84.2699966430664,82.95999908447266,83.8499984741211,13578100
2017-12-22,83.87999725341797,84.0199966430664,83.5999984741211,83.97000122070312,10161400
2017-12-26,83.95999908447266,84.36000061035156,83.9000015258789,83.9800033569336,4777200
2017-12-27,83.98999786376953,84.0999984741211,83.73999786376953,83.9000015258789,7000600
2017-12-28,83.9800033569336,84.05000305175781,83.80000305175781,84.0199966430664,7495300
2017-12-29,84.0,84.19999694824219,83.63999938964844,83.63999938964844,8523400
2018-01-02,83.81999969482422,85.19999694824219,83.66000366210938,85.02999877929688,11469300
2018-01-03,85.16000366210938,86.97000122070312,84.81999969482422,86.69999694824219,13957700
2018-01-04,86.79000091552734,87.22000122070312,86.43000030517578,86.81999969482422,10863000
2018-01-05,86.75,86.87999725341797,85.70999908447266,86.75,11047600
2018-01-08,86.69999694824219,87.1500015258789,86.5999984741211,87.13999938964844,10927100
2018-01-09,86.94000244140625,87.1500015258789,86.6500015258789,86.7699966430664,8131600
2018-01-10,87.0,87.19000244140625,85.9800033569336,86.08000183105469,10822300
2018-01-11,86.36000061035156,87.37000274658203,85.93000030517578,86.93000030517578,14366000
2018-01-12,87.19999694824219,87.98999786376953,87.18000030517578,87.5199966430664,9834500
2018-01-16,87.73999786376953,87.76000213623047,86.5999984741211,86.97000122070312,10882800
2018-01-17,87.19999694824219,88.20999908447266,86.93000030517578,88.0,10546000
2018-01-18,87.7699966430664,88.19000244140625,87.33999633789062,87.43000030517578,9223700
2018-01-19,87.56999969482422,87.76000213623047,86.61000061035156,87.1500015258789,13090000
2018-01-22,87.16999816894531,88.29000091552734,87.05000305175781,88.25,10270400
2018-01-23,88.25,88.45999908447266,87.73999786376953,88.30000305175781,10281800
2018-01-24,88.48999786376953,88.91999816894531,88.01000213623047,88.52999877929688,10316100
2018-01-25,88.55000305175781,88.87000274658203,88.19999694824219,88.37000274658203,11271900
2018-01-26,88.63999938964844,89.0,88.47000122070312,89.0,10514400
2018-01-29,88.58999633789062,89.30000305175781,87.94999694824219,88.01000213623047,9315700
2018-01-30,87.54000091552734,88.37999725341797,86.77999877929688,86.77999877929688,12408000
2018-01-31,86.55999755859375,87.47000122070312,86.33000183105469,87.30000305175781,14404700
2018-02-01,87.5,89.25,87.3499984741211,89.06999969482422,17971000
2018-02-02,85.12999725341797,86.01000213623047,83.0,84.52999877929688,29822100
2018-02-05,83.27999877929688,83.98999786376953,78.12999725341797,79.72000122070312,30452700
2018-02-06,78.51000213623047,80.3499984741211,76.9000015258789,78.3499984741211,36262800
2018-02-07,78.44000244140625,79.41000366210938,76.91999816894531,76.94000244140625,21994500
2018-02-08,77.44000244140625,77.58000183105469,76.02999877929688,76.06999969482422,25650800
2018-02-09,76.25,76.4800033569336,73.9000015258789,75.77999877929688,29491600
2018-02-12,77.05000305175781,77.62000274658203,75.83999633789062,76.41999816894531,19340400
2018-02-13,76.0999984741211,76.75,75.7300033569336,76.30000305175781,11926600
2018-02-14,75.79000091552734,76.66000366210938,75.16999816894531,76.45999908447266,17188400
2018-02-15,76.62000274658203,76.69999694824219,75.44999694824219,76.20999908447266,14432400
2018-02-16,76.1500015258789,77.12000274658203,75.8499984741211,76.54000091552734,13722400
2018-02-20,76.47000122070312,77.47000122070312,75.45999908447266,75.75,13387300
2018-02-21,75.81999969482422,76.44000244140625,74.87000274658203,74.88999938964844,11715000
2018-02-22,75.30000305175781,76.83999633789062,75.19000244140625,75.86000061035156,14020200
2018-02-23,76.08999633789062,77.62000274658203,75.94999694824219,77.52999877929688,13378800
2018-02-26,77.73999786376953,78.93000030517578,77.55999755859375,78.83999633789062,16940400
2018-02-27,79.0,79.87000274658203,77.5,77.5,14629500
2018-02-28,78.16000366210938,78.25,75.69999694824219,75.73999786376953,17087800
2018-03-01,75.52999877929688,76.68000030517578,74.86000061035156,75.19999694824219,15696700
2018-03-02,74.88999938964844,75.87000274658203,74.4800033569336,75.55000305175781,15630300
2018-03-05,75.2300033569336,76.55999755859375,75.12000274658203,76.2699966430664,14891000
2018-03-06,76.66999816894531,76.9800033569336,75.86000061035156,76.18000030517578,10754300
2018-03-07,75.0,75.23999786376953,73.55999755859375,74.26000213623047,27255500
2018-03-08,74.5,74.7699966430664,73.69000244140625,74.12000274658203,19299800
2018-03-09,74.81999969482422,75.05999755859375,74.20999908447266,74.55999755859375,19714100
2018-03-12,74.87000274658203,75.58000183105469,74.69000244140625,75.23999786376953,14226700
2018-03-13,75.33000183105469,75.81999969482422,74.25,74.52999877929688,13739700
2018-03-14,74.63999938964844,74.79000091552734,73.52999877929688,73.5999984741211,14820700
2018-03-15,74.3499984741211,75.0,74.0999984741211,74.41999816894531,15640600
2018-03-16,74.36000061035156,75.12000274658203,74.36000061035156,75.12000274658203,32109700
2018-03-19,75.0,75.01000213623047,73.86000061035156,74.1500015258789,12744800
2018-03-20,74.22000122070312,74.69999694824219,73.94999694824219,73.98999786376953,13003200
2018-03-21,74.2300033569336,75.63999938964844,73.9800033569336,75.04000091552734,15418500
2018-03-22,74.41999816894531,74.69999694824219,73.38999938964844,73.5,17737000
2018-03-23,73.80999755859375,74.20999908447266,72.66999816894531,72.88999938964844,20157300
2018-03-26,73.6500015258789,74.1500015258789,72.75,74.0,15032700
2018-03-27,74.0,74.88999938964844,73.27999877929688,73.69999694824219,15821900
2018-03-28,73.73999786376953,74.01000213623047,72.77999877929688,72.80999755859375,18163900
2018-03-29,73.33000183105469,74.88999938964844,73.26000213623047,74.61000061035156,14882900
2018-04-02,74.2699966430664,74.4000015258789,72.16000366210938,73.22000122070312,17891100
2018-04-03,73.44999694824219,75.13999938964844,73.0999984741211,75.0199966430664,15999200
2018-04-04,74.05000305175781,75.05999755859375,73.44000244140625,74.87000274658203,13122200
2018-04-05,75.05999755859375,76.31999969482422,75.0199966430664,76.0199966430664,14200000
2018-04-06,75.63999938964844,76.12000274658203,74.22000122070312,74.87000274658203,14299600
2018-04-09,75.22000122070312,75.79000091552734,74.80000305175781,74.87000274658203,11103100
2018-04-10,76.08000183105469,77.7699966430664,76.05999755859375,77.06999969482422,19006100
2018-04-11,77.11000061035156,78.04000091552734,76.75,77.43000030517578,13734000
2018-04-12,77.86000061035156,78.13999938964844,77.01000213623047,77.22000122070312,13270400
2018-04-13,77.80000305175781,78.19000244140625,77.5999984741211,77.83999633789062,10925000
2018-04-16,78.12000274658203,79.08000183105469,77.70999908447266,78.54000091552734,10743600
2018-04-17,78.54000091552734,78.76000213623047,78.04000091552734,78.33000183105469,10478100
2018-04-18,79.04000091552734,79.76000213623047,78.94000244140625,79.22000122070312,12061400
2018-04-19,79.31999969482422,79.81999969482422,78.80999755859375,79.41999816894531,11291500
2018-04-20,79.31999969482422,79.4000015258789,78.33000183105469,79.0,12072200
2018-04-23,78.91999816894531,79.5999984741211,78.75,79.56999969482422,11729800
2018-04-24,79.80000305175781,79.93000030517578,77.97000122070312,78.3499984741211,14102000
2018-04-25,78.19999694824219,79.62000274658203,77.48999786376953,79.5,13867500
2018-04-26,79.5999984741211,80.9000015258789,79.52999877929688,80.86000061035156,14554400
2018-04-27,76.94999694824219,78.6500015258789,76.4800033569336,77.79000091552734,16346800
2018-04-30,77.91000366210938,78.55999755859375,77.73999786376953,77.75,15028800
2018-05-01,77.26000213623047,77.26000213623047,75.9800033569336,76.94999694824219,16231000
2018-05-02,76.44999694824219,77.2300033569336,76.30000305175781,76.80000305175781,13883700
2018-05-03,76.38999938964844,76.61000061035156,75.4000015258789,76.54000091552734,12243100
2018-05-04,76.12999725341797,77.22000122070312,75.94000244140625,76.9000015258789,9887200
2018-05-07,77.73999786376953,79.08000183105469,77.4000015258789,77.73999786376953,15071500
2018-05-08,77.80000305175781,78.16000366210938,76.37000274658203,78.08999633789062,17430400
2018-05-09,78.9800033569336,80.23999786376953,78.94999694824219,79.93000030517578,17142100
2018-05-10,80.63999938964844,81.79000091552734,80.5,81.72000122070312,17710300
2018-05-11,81.18000030517578,81.97000122070312,80.91000366210938,81.27999877929688,14751000
2018-05-14,81.69999694824219,82.31999969482422,81.61000061035156,81.83000183105469,11852100
2018-05-15,81.8499984741211,82.02999877929688,81.4000015258789,81.79000091552734,12595700
2018-05-16,81.76000213623047,82.05000305175781,81.16999816894531,82.0199966430664,9570000
2018-05-17,82.19999694824219,82.27999877929688,81.44000244140625,81.87999725341797,11224100
2018-05-18,81.55000305175781,81.80000305175781,81.26000213623047,81.30000305175781,10030900
2018-05-21,81.7300033569336,82.3499984741211,81.5199966430664,82.27999877929688,8822400
2018-05-22,82.44000244140625,82.6500015258789,81.3499984741211,81.63999938964844,10753400
2018-05-23,80.94999694824219,82.2300033569336,80.56999969482422,82.1500015258789,15140900
2018-05-24,81.3499984741211,81.36000061035156,79.94999694824219,80.2699966430664,13360500
2018-05-25,79.27999877929688,79.33000183105469,78.08999633789062,78.70999908447266,14562000
2018-05-29,78.1500015258789,78.7300033569336,77.52999877929688,78.41999816894531,14644800
2018-05-30,79.25,81.66000366210938,79.22000122070312,81.5,16627500
2018-05-31,80.80999755859375,81.55000305175781,80.69000244140625,81.23999786376953,15803100
2018-06-01,81.87000274658203,82.3499984741211,81.55000305175781,81.83000183105469,9906100
2018-06-04,82.05000305175781,82.52999877929688,80.80999755859375,80.97000122070312,10954700
2018-06-05,80.58999633789062,81.6500015258789,80.41000366210938,80.68000030517578,12059300
2018-06-06,81.4800033569336,82.08999633789062,80.87000274658203,82.05999755859375,11603300
2018-06-07,82.7300033569336,83.29000091552734,82.55999755859375,82.87999725341797,13502500
2018-06-08,83.11000061035156,83.66000366210938,82.5,83.5999984741211,14350400
2018-06-11,83.72000122070312,83.79000091552734,82.93000030517578,83.0999984741211,10831600
2018-06-12,83.11000061035156,83.75,82.31999969482422,82.41999816894531,12351800
2018-06-13,82.44000244140625,82.5999984741211,81.47000122070312,81.51000213623047,12049300
2018-06-14,81.94000244140625,82.30000305175781,81.5,81.88999938964844,11477300
2018-06-15,81.72000122070312,81.81999969482422,80.51000213623047,80.66000366210938,23797500
2018-06-18,80.4000015258789,81.37999725341797,80.30000305175781,80.81999969482422,9192600
2018-06-19,79.88999938964844,80.95999908447266,79.70999908447266,80.69999694824219,8759700
2018-06-20,80.8499984741211,81.12999725341797,80.2699966430664,80.44999694824219,8917700
2018-06-21,80.0199966430664,80.37999725341797,79.33000183105469,79.69000244140625,10990700
2018-06-22,81.16000366210938,81.94000244140625,80.91999816894531,81.37999725341797,16012200
2018-06-25,80.77999877929688,81.23999786376953,79.30000305175781,79.73999786376953,10557200
2018-06-26,80.1500015258789,81.01000213623047,79.97000122070312,80.63999938964844,10382800
2018-06-27,81.05999755859375,82.4800033569336,81.05999755859375,81.70999908447266,12725900
2018-06-28,81.7300033569336,82.06999969482422,81.02999877929688,81.97000122070312,9390700
2018-06-29,82.44999694824219,83.54000091552734,82.29000091552734,82.7300033569336,17323200
2018-07-02,81.88999938964844,82.12999725341797,81.31999969482422,81.76000213623047,9998300
2018-07-03,82.58000183105469,83.44999694824219,82.08000183105469,82.23999786376953,7197300
2018-07-05,82.58999633789062,82.7699966430664,82.05000305175781,82.30999755859375,9035700
2018-07-06,81.95999908447266,82.69999694824219,81.66000366210938,82.33000183105469,7637100
2018-07-09,82.80999755859375,83.12999725341797,82.55999755859375,82.9000015258789,7158600
2018-07-10,83.69999694824219,84.12000274658203,83.51000213623047,83.66000366210938,8806200
2018-07-11,83.02999877929688,83.52999877929688,82.02999877929688,82.58999633789062,10405300
2018-07-12,83.01000213623047,83.23999786376953,82.30999755859375,82.69000244140625,9762200
2018-07-13,82.68000030517578,83.75,82.55999755859375,83.30999755859375,8720000
2018-07-16,82.5199966430664,82.79000091552734,82.0,82.48999786376953,8306900
2018-07-17,82.26000213623047,82.75,82.04000091552734,82.30999755859375,7373300
2018-07-18,81.80000305175781,82.31999969482422,81.48999786376953,82.22000122070312,8711900
2018-07-19,82.19999694824219,82.62000274658203,81.72000122070312,82.01000213623047,8659100
2018-07-20,81.72000122070312,81.93000030517578,81.25,81.4000015258789,9196300
2018-07-23,81.94999694824219,82.0,81.18000030517578,81.4000015258789,8425900
2018-07-24,81.5199966430664,83.0199966430664,81.4800033569336,83.01000213623047,11121000
2018-07-25,83.01000213623047,83.73999786376953,82.51000213623047,83.58999633789062,9523600
2018-07-26,83.83000183105469,84.4000015258789,83.37000274658203,84.23999786376953,13210100
2018-07-27,80.97000122070312,82.37999725341797,80.80999755859375,81.91999816894531,18220800
2018-07-30,82.12999725341797,82.12999725341797,80.70999908447266,81.73999786376953,11282800
2018-07-31,81.63999938964844,82.1500015258789,81.44000244140625,81.51000213623047,11716800
2018-08-01,80.88999938964844,80.93000030517578,80.22000122070312,80.38999938964844,8936300
2018-08-02,79.88999938964844,80.26000213623047,79.44999694824219,79.91000366210938,8364300
2018-08-03,79.97000122070312,80.30000305175781,79.62999725341797,80.19999694824219,7811100
2018-08-06,80.25,80.43000030517578,79.73999786376953,80.18000030517578,10041800
2018-08-07,80.91000366210938,81.58999633789062,80.30999755859375,81.2699966430664,10698100
2018-08-08,81.0199966430664,81.2300033569336,80.3499984741211,80.7300033569336,7275000
2018-08-09,80.7300033569336,80.91000366210938,80.11000061035156,80.31999969482422,9828500
2018-08-10,79.51000213623047,79.5199966430664,78.86000061035156,79.41999816894531,12954300
2018-08-13,79.44999694824219,79.75,78.43000030517578,78.55999755859375,10308500
2018-08-14,78.98999786376953,79.06999969482422,78.08000183105469,78.30999755859375,8005900
2018-08-15,77.77999877929688,77.9000015258789,76.51000213623047,76.94000244140625,16307800
2018-08-16,77.27999877929688,78.0999984741211,77.19999694824219,78.0,11519900
2018-08-17,78.33999633789062,78.48999786376953,77.80000305175781,78.26000213623047,10178400
2018-08-20,78.26000213623047,79.0,78.16999816894531,78.80999755859375,8152100
2018-08-21,79.05000305175781,79.58000183105469,78.66999816894531,78.83000183105469,9192200
2018-08-22,79.11000061035156,80.05000305175781,79.0199966430664,79.95999908447266,10098200
2018-08-23,79.55999755859375,79.62999725341797,78.9000015258789,79.08000183105469,7203900
2018-08-24,79.5199966430664,80.05000305175781,79.41999816894531,79.62000274658203,6545200
2018-08-27,79.91000366210938,80.47000122070312,79.86000061035156,80.4000015258789,6671900
2018-08-28,80.58000183105469,80.81999969482422,80.19999694824219,80.27999877929688,8823400
2018-08-29,80.44000244140625,81.04000091552734,80.0999984741211,80.86000061035156,8004800
2018-08-30,80.44999694824219,80.77999877929688,80.12000274658203,80.51000213623047,7450900
2018-08-31,80.23999786376953,80.45999908447266,79.7699966430664,80.16999816894531,10700000
2018-09-04,80.41000366210938,80.69000244140625,79.80999755859375,80.29000091552734,8855000
2018-09-05,79.9000015258789,81.43000030517578,79.5999984741211,81.36000061035156,13878400
2018-09-06,81.11000061035156,81.63999938964844,80.33999633789062,80.45999908447266,13320600
2018-09-07,80.1500015258789,81.93000030517578,79.81999969482422,81.83000183105469,16417800
2018-09-10,82.23999786376953,82.73999786376953,81.66000366210938,81.70999908447266,10817900
2018-09-11,81.95999908447266,83.19000244140625,81.62999725341797,82.86000061035156,11891900
2018-09-12,83.25,83.77999877929688,82.87000274658203,83.12999725341797,11556300
2018-09-13,83.1500015258789,83.25,82.01000213623047,82.31999969482422,11162700
2018-09-14,82.41999816894531,83.1500015258789,82.2699966430664,82.91999816894531,9442600
2018-09-17,83.0,83.61000061035156,82.98999786376953,83.41000366210938,8403300
2018-09-18,83.9000015258789,84.12999725341797,83.44999694824219,83.62999725341797,9219900
2018-09-19,83.63999938964844,84.7699966430664,83.63999938964844,84.62999725341797,10413600
2018-09-20,84.86000061035156,85.33999633789062,84.54000091552734,84.81999969482422,11198200
2018-09-21,85.01000213623047,85.43000030517578,84.5199966430664,85.16999816894531,26639400
2018-09-24,85.79000091552734,87.08999633789062,85.72000122070312,86.5999984741211,13549500
2018-09-25,87.02999877929688,87.36000061035156,86.37000274658203,86.5,12200700
2018-09-26,86.0199966430664,86.5,85.69000244140625,85.77999877929688,10275500
2018-09-27,86.08999633789062,86.37999725341797,85.58999633789062,85.7699966430664,7895400
2018-09-28,85.25,85.93000030517578,84.98999786376953,85.0199966430664,9884900
2018-10-01,85.3499984741211,86.02999877929688,85.26000213623047,85.80999755859375,8566900
2018-10-02,85.80000305175781,86.66999816894531,85.62000274658203,86.45999908447266,8453100
2018-10-03,86.51000213623047,86.88999938964844,85.9800033569336,86.1500015258789,10206700
2018-10-04,85.5,86.08000183105469,85.25,85.58000183105469,10204600
2018-10-05,85.30999755859375,85.69999694824219,84.93000030517578,85.33999633789062,9217400
2018-10-08,84.79000091552734,86.30999755859375,84.6500015258789,86.12999725341797,13242400
2018-10-09,86.37999725341797,86.87999725341797,85.73999786376953,86.51000213623047,10177900
2018-10-10,86.7300033569336,86.81999969482422,84.5,84.5199966430664,16573400
2018-10-11,83.94000244140625,84.16999816894531,81.16999816894531,81.5999984741211,20320100
2018-10-12,82.12999725341797,82.23999786376953,80.2699966430664,81.37999725341797,15216300
2018-10-15,81.37999725341797,81.73999786376953,80.81999969482422,80.81999969482422,10558800
2018-10-16,80.51000213623047,81.2699966430664,80.01000213623047,81.19999694824219,9781800
2018-10-17,80.94000244140625,81.5199966430664,80.33999633789062,81.5,12247700
2018-10-18,81.19999694824219,82.47000122070312,81.19999694824219,81.8499984741211,17448600
2018-10-19,81.66000366210938,82.45999908447266,81.51000213623047,81.97000122070312,12098700
2018-10-22,82.0,82.18000030517578,80.63999938964844,81.1500015258789,9474100
2018-10-23,80.05999755859375,80.45999908447266,78.72000122070312,79.83999633789062,15465100
2018-10-24,80.12999725341797,80.26000213623047,77.55000305175781,77.62000274658203,16085700
2018-10-25,78.48999786376953,79.05000305175781,77.73999786376953,78.30999755859375,12315500
2018-10-26,77.87000274658203,78.41000366210938,76.95999908447266,77.52999877929688,18160100
2018-10-29,78.06999969482422,78.43000030517578,76.22000122070312,77.05000305175781,15707000
2018-10-30,77.62000274658203,79.02999877929688,77.41999816894531,78.77999877929688,17758200
2018-10-31,79.33999633789062,80.3499984741211,78.9000015258789,79.68000030517578,16629100
2018-11-01,79.83000183105469,80.75,79.30000305175781,80.66999816894531,14159300
2018-11-02,81.76000213623047,82.44999694824219,80.2300033569336,81.94999694824219,19350400
2018-11-05,82.5,82.87000274658203,81.44000244140625,81.63999938964844,15815000
2018-11-06,81.73999786376953,82.0999984741211,81.3499984741211,81.98999786376953,9063200
2018-11-07,82.20999908447266,83.13999938964844,81.66000366210938,83.02999877929688,12699800
2018-11-08,83.12999725341797,83.75,81.54000091552734,81.70999908447266,16865500
2018-11-09,80.26000213623047,81.4000015258789,79.69000244140625,80.87000274658203,15070100
2018-11-12,81.66000366210938,81.7300033569336,79.7300033569336,79.83000183105469,11906600
2018-11-13,79.80000305175781,79.8499984741211,77.63999938964844,78.0,15530200
2018-11-14,78.86000061035156,79.08999633789062,76.75,77.38999938964844,18552100
2018-11-15,76.66999816894531,78.19000244140625,75.91000366210938,78.19000244140625,18976000
2018-11-16,78.37000274658203,79.19000244140625,78.0999984741211,78.95999908447266,13704900
2018-11-19,78.45999908447266,79.36000061035156,78.43000030517578,79.22000122070312,9430800
2018-11-20,78.41999816894531,78.9000015258789,76.37000274658203,76.97000122070312,15533700
2018-11-21,77.43000030517578,78.37999725341797,77.26000213623047,77.55999755859375,9685300
2018-11-23,76.05000305175781,76.19999694824219,74.69999694824219,75.48999786376953,10875400
2018-11-26,76.23999786376953,77.31999969482422,76.12000274658203,76.9800033569336,13741100
2018-11-27,76.56999969482422,77.44999694824219,76.4000015258789,77.05000305175781,10344500
2018-11-28,77.04000091552734,78.44999694824219,76.83999633789062,78.44999694824219,11482100
2018-11-29,78.22000122070312,79.52999877929688,78.19000244140625,79.05999755859375,10255200
2018-11-30,78.44999694824219,79.5999984741211,78.31999969482422,79.5,14040100
2018-12-03,80.23999786376953,81.45999908447266,80.13999938964844,81.22000122070312,19415100
2018-12-04,81.37999725341797,81.94999694824219,79.3499984741211,79.43000030517578,18540700
2018-12-06,78.0,78.44000244140625,76.91999816894531,78.38999938964844,23218100
2018-12-07,79.38999938964844,80.36000061035156,77.33000183105469,77.63999938964844,16224700
2018-12-10,77.86000061035156,77.86000061035156,74.80000305175781,76.54000091552734,17946200
2018-12-11,77.69999694824219,77.80000305175781,75.68000030517578,76.68000030517578,15742400
2018-12-12,78.04000091552734,78.19999694824219,76.0199966430664,76.0199966430664,14559800
2018-12-13,76.02999877929688,77.22000122070312,75.94999694824219,76.9800033569336,13749700
2018-12-14,76.72000122070312,76.87000274658203,75.08999633789062,75.58000183105469,12669300
2018-12-17,75.26000213623047,75.5999984741211,73.4800033569336,74.04000091552734,15464100
2018-12-18,73.62999725341797,73.86000061035156,71.62000274658203,72.0,18681200
2018-12-19,72.44999694824219,73.2699966430664,70.30000305175781,70.77999877929688,21679600
2018-12-20,70.08999633789062,70.66000366210938,68.05000305175781,68.62999725341797,28723700
2018-12-21,68.13999938964844,70.37000274658203,67.66999816894531,68.12000274658203,47287300
2018-12-24,66.87000274658203,67.52999877929688,65.44000244140625,65.51000213623047,14262800
2018-12-26,66.18000030517578,68.66000366210938,64.6500015258789,68.63999938964844,24887700
2018-12-27,67.73999786376953,68.94000244140625,66.08000183105469,68.94000244140625,22077000
2018-12-28,69.18000030517578,69.58000183105469,67.81999969482422,68.16999816894531,19710600
2018-12-31,68.31999969482422,69.1500015258789,67.66000366210938,68.19000244140625,15807000
2019-01-02,67.3499984741211,69.87000274658203,67.26000213623047,69.69000244140625,16727200
2019-01-03,70.0,70.25,68.36000061035156,68.62000274658203,13866100
2019-01-04,69.63999938964844,71.2699966430664,69.36000061035156,71.1500015258789,16043600
2019-01-07,71.25,72.0999984741211,70.73999786376953,71.5199966430664,10844200
2019-01-08,72.54000091552734,72.58999633789062,71.94000244140625,72.04000091552734,11439000
2019-01-09,72.5999984741211,72.5999984741211,71.6500015258789,72.41999816894531,13473500
2019-01-10,72.06999969482422,72.08000183105469,71.12000274658203,72.05000305175781,13151100
2019-01-11,71.8499984741211,71.88999938964844,71.06999969482422,71.72000122070312,9790100
2019-01-14,71.20999908447266,71.77999877929688,71.12000274658203,71.62999725341797,11012400
2019-01-15,71.94999694824219,72.36000061035156,71.31999969482422,71.66999816894531,10298300
2019-01-16,71.41999816894531,72.37999725341797,71.30999755859375,71.63999938964844,12595600
2019-01-17,71.19000244140625,72.33999633789062,70.9000015258789,72.12999725341797,10141700
2019-01-18,73.2699966430664,73.29000091552734,72.12999725341797,72.98999786376953,15759200
2019-01-22,72.38999938964844,72.70999908447266,71.68000030517578,71.88999938964844,15035600
2019-01-23,72.01000213623047,72.30000305175781,70.93000030517578,71.30000305175781,13187200
2019-01-24,71.0999984741211,71.97000122070312,70.63999938964844,71.4000015258789,11272500
2019-01-25,72.06999969482422,72.2699966430664,71.54000091552734,71.72000122070312,8996200
2019-01-28,71.0199966430664,71.27999877929688,70.37000274658203,71.23999786376953,13678400
2019-01-29,71.69999694824219,72.19000244140625,71.4800033569336,71.51000213623047,10513200
2019-01-30,71.7699966430664,72.56999969482422,71.51000213623047,72.29000091552734,11524700
2019-01-31,72.29000091552734,73.48999786376953,72.0199966430664,73.27999877929688,19876700
2019-02-01,74.91999816894531,76.48999786376953,74.31999969482422,75.91999816894531,22968700
2019-02-04,75.76000213623047,75.76000213623047,74.4000015258789,74.81999969482422,15483800
2019-02-05,75.18000030517578,75.63999938964844,75.01000213623047,75.58999633789062,12786700
2019-02-06,75.58000183105469,75.7699966430664,75.12999725341797,75.26000213623047,10866900
2019-02-07,74.94999694824219,75.19000244140625,73.9000015258789,74.68000030517578,14418900
2019-02-08,73.76000213623047,74.06999969482422,72.7300033569336,73.9800033569336,11959500
2019-02-11,73.87999725341797,74.22000122070312,73.4000015258789,74.0999984741211,10434800
2019-02-12,75.08000183105469,75.44999694824219,74.81999969482422,75.4000015258789,12599200
2019-02-13,75.58000183105469,76.54000091552734,75.51000213623047,76.25,13214600
2019-02-14,76.26000213623047,76.6500015258789,75.70999908447266,76.2699966430664,12772900
2019-02-15,76.94000244140625,77.76000213623047,76.75,77.70999908447266,14330300
2019-02-19,77.55999755859375,78.4800033569336,77.44999694824219,78.2300033569336,13551500
2019-02-20,78.30000305175781,78.80999755859375,78.0,78.52999877929688,12633100
2019-02-21,78.20999908447266,78.66000366210938,77.61000061035156,77.81999969482422,10266000
2019-02-22,78.70999908447266,78.94999694824219,77.62000274658203,78.41999816894531,9519300
2019-02-25,78.43000030517578,78.8499984741211,78.19999694824219,78.5,9274400
2019-02-26,78.68000030517578,79.12999725341797,78.38999938964844,78.66000366210938,10990600
2019-02-27,78.87999725341797,79.75,78.66000366210938,79.47000122070312,12398200
2019-02-28,79.44999694824219,79.75,78.70999908447266,79.02999877929688,14597900
2019-03-01,79.37999725341797,80.0,79.02999877929688,80.0,15419400
2019-03-04,80.23999786376953,80.55000305175781,79.01000213623047,80.30999755859375,18089900
2019-03-05,80.12000274658203,80.4000015258789,79.75,80.19000244140625,13745500
2019-03-06,78.8499984741211,79.37999725341797,77.86000061035156,79.27999877929688,18633600
2019-03-07,79.55000305175781,80.26000213623047,79.31999969482422,80.16000366210938,16541700
2019-03-08,78.88999938964844,79.31999969482422,78.25,79.01000213623047,16211300
2019-03-11,79.9800033569336,80.29000091552734,79.6500015258789,79.77999877929688,11060900
2019-03-12,80.11000061035156,80.58000183105469,79.88999938964844,80.0,11320000
2019-03-13,80.58999633789062,80.76000213623047,80.19999694824219,80.70999908447266,10260200
2019-03-14,80.80000305175781,80.91000366210938,80.3499984741211,80.44000244140625,9976700
2019-03-15,80.18000030517578,80.55000305175781,80.0999984741211,80.1500015258789,25316400
2019-03-18,80.44000244140625,81.25,80.44000244140625,81.08000183105469,9840600
2019-03-19,81.58000183105469,82.0,80.63999938964844,80.87000274658203,13936500
2019-03-20,80.75,81.91999816894531,80.55999755859375,81.31999969482422,13133600
2019-03-21,80.80999755859375,81.88999938964844,80.80000305175781,81.79000091552734,10117000
2019-03-22,81.2300033569336,81.44000244140625,80.30000305175781,80.4800033569336,12497700
2019-03-25,80.0,80.44000244140625,79.58999633789062,79.91999816894531,11320400
2019-03-26,80.33000183105469,81.2699966430664,80.18000030517578,80.95999908447266,9472800
2019-03-27,80.97000122070312,81.30999755859375,79.81999969482422,80.33999633789062,7258700
2019-03-28,80.02999877929688,80.79000091552734,80.0199966430664,80.73999786376953,7412300
2019-03-29,81.33000183105469,81.4800033569336,80.4800033569336,80.80000305175781,10889200
2019-04-01,81.2300033569336,81.77999877929688,81.08000183105469,81.7300033569336,10816400
2019-04-02,81.75,81.94999694824219,81.11000061035156,81.37999725341797,7646000
2019-04-03,81.7699966430664,81.7699966430664,80.61000061035156,80.9000015258789,8562900
2019-04-04,81.12000274658203,82.08000183105469,80.7699966430664,82.05000305175781,9360600
2019-04-05,82.1500015258789,82.52999877929688,81.94999694824219,82.48999786376953,10059100
2019-04-08,82.66999816894531,83.19999694824219,82.58999633789062,83.0,9108200
2019-04-09,82.5199966430664,82.58000183105469,81.73999786376953,81.93000030517578,8561600
2019-04-10,81.91999816894531,82.08000183105469,81.41000366210938,81.55999755859375,10324300
2019-04-11,81.54000091552734,82.06999969482422,81.0199966430664,81.94999694824219,9115100
2019-04-12,82.80999755859375,82.80999755859375,80.58000183105469,80.91999816894531,16638700
2019-04-15,80.88999938964844,81.05999755859375,80.5199966430664,80.6500015258789,8536100
2019-04-16,80.80999755859375,81.3499984741211,80.69000244140625,81.19999694824219,7005700
2019-04-17,81.55000305175781,81.69999694824219,81.08000183105469,81.43000030517578,8311400
2019-04-18,81.55999755859375,81.83000183105469,81.06999969482422,81.12999725341797,9493900
2019-04-22,81.87000274658203,83.22000122070312,81.63999938964844,82.9000015258789,10770600
2019-04-23,83.19000244140625,83.48999786376953,82.68000030517578,83.37999725341797,10595100
2019-04-24,83.01000213623047,83.08000183105469,81.7300033569336,81.76000213623047,11684000
2019-04-25,81.6500015258789,82.83999633789062,81.4000015258789,82.22000122070312,11135000
2019-04-26,80.2699966430664,80.62999725341797,79.55999755859375,80.48999786376953,18053500
2019-04-29,80.12000274658203,80.37999725341797,79.66000366210938,79.97000122070312,10023700
2019-04-30,80.37000274658203,80.52999877929688,79.93000030517578,80.27999877929688,13721500
2019-05-01,79.94000244140625,80.26000213623047,78.62000274658203,78.66999816894531,13909800
2019-05-02,78.27999877929688,78.5,77.23999786376953,77.29000091552734,15360400
2019-05-03,77.79000091552734,78.20999908447266,77.44000244140625,77.47000122070312,12180700
2019-05-06,76.91999816894531,77.66000366210938,76.70999908447266,77.12999725341797,13367100
2019-05-07,76.5,76.79000091552734,75.7699966430664,76.72000122070312,13498800
2019-05-08,76.54000091552734,77.29000091552734,76.41999816894531,76.83999633789062,11352900
2019-05-09,76.3499984741211,76.87999725341797,75.95999908447266,76.7699966430664,13221600
2019-05-10,76.18000030517578,76.79000091552734,75.16999816894531,76.55999755859375,11056000
2019-05-13,75.6500015258789,76.2300033569336,75.36000061035156,75.70999908447266,12176100
2019-05-14,76.12999725341797,76.80000305175781,75.76000213623047,75.80999755859375,10548400
2019-05-15,75.56999969482422,76.55000305175781,75.20999908447266,76.37000274658203,8918000
2019-05-16,76.4000015258789,76.94999694824219,76.22000122070312,76.36000061035156,8105200
2019-05-17,75.6500015258789,76.30000305175781,75.58999633789062,75.91000366210938,9279400
2019-05-20,76.05000305175781,76.36000061035156,75.66999816894531,75.9000015258789,7154300
2019-05-21,76.2699966430664,76.45999908447266,75.93000030517578,76.25,8489900
2019-05-22,76.0199966430664,76.22000122070312,75.38999938964844,75.55999755859375,7858300
2019-05-23,74.7699966430664,74.80000305175781,73.04000091552734,73.79000091552734,14657200
2019-05-24,74.13999938964844,74.25,73.44000244140625,74.0999984741211,7056400
2019-05-28,74.23999786376953,74.25,72.48999786376953,72.61000061035156,14912900
2019-05-29,71.88999938964844,72.43000030517578,71.62000274658203,72.16000366210938,13645200
2019-05-30,72.0199966430664,72.12999725341797,71.52999877929688,71.97000122070312,9362100
2019-05-31,71.19000244140625,71.55000305175781,70.62999725341797,70.7699966430664,13983300
2019-06-03,71.08999633789062,72.01000213623047,70.97000122070312,71.87999725341797,11831000
2019-06-04,72.44999694824219,73.66000366210938,72.16999816894531,73.58999633789062,10423000
2019-06-05,73.63999938964844,73.63999938964844,72.58000183105469,72.9800033569336,10617800
2019-06-06,73.70999908447266,74.62000274658203,73.58999633789062,74.30999755859375,11738900
2019-06-07,74.51000213623047,74.95999908447266,74.43000030517578,74.58000183105469,9095500
2019-06-10,75.19000244140625,75.33000183105469,74.44999694824219,74.91000366210938,7760400
2019-06-11,75.51000213623047,75.80999755859375,74.81999969482422,74.83999633789062,9415100
2019-06-12,74.4800033569336,74.61000061035156,73.80999755859375,74.02999877929688,7920800
2019-06-13,74.69999694824219,75.16999816894531,74.37999725341797,74.68000030517578,8986400
2019-06-14,74.68000030517578,74.80999755859375,74.2300033569336,74.3499984741211,8575900
2019-06-17,74.16000366210938,75.19000244140625,74.04000091552734,75.08999633789062,9355700
2019-06-18,75.41999816894531,76.22000122070312,75.3499984741211,75.73999786376953,10091500
2019-06-19,75.4000015258789,75.8499984741211,75.16999816894531,75.31999969482422,9757400
2019-06-20,76.23999786376953,76.97000122070312,76.08000183105469,76.61000061035156,16229700
2019-06-21,77.13999938964844,77.76000213623047,76.87000274658203,77.69000244140625,23108100
2019-06-24,77.52999877929688,77.76000213623047,76.80999755859375,76.94999694824219,10011800
2019-06-25,77.08000183105469,77.22000122070312,76.19000244140625,76.2699966430664,9740000
2019-06-26,76.68000030517578,77.12999725341797,76.47000122070312,76.5999984741211,11365500
2019-06-27,76.58999633789062,76.75,75.76000213623047,75.81999969482422,8147800
2019-06-28,76.19000244140625,76.7300033569336,75.94000244140625,76.62999725341797,14781300
2019-07-01,77.12999725341797,77.93000030517578,76.29000091552734,76.55999755859375,11437900
2019-07-02,76.13999938964844,76.2699966430664,75.41000366210938,75.72000122070312,10475400
2019-07-03,75.81999969482422,76.5,75.62999725341797,76.44000244140625,5246100
2019-07-05,76.19000244140625,76.3499984741211,75.58999633789062,76.12999725341797,6880800
2019-07-08,76.13999938964844,76.69999694824219,75.91999816894531,76.4800033569336,7876100
2019-07-09,76.44999694824219,76.7699966430664,75.7300033569336,76.43000030517578,7863000
2019-07-10,76.80000305175781,77.62999725341797,76.73999786376953,77.51000213623047,8077400
2019-07-11,77.41000366210938,77.61000061035156,77.05000305175781,77.56999969482422,6404000
2019-07-12,77.75,77.87999725341797,77.5,77.62999725341797,6139000
2019-07-15,77.62999725341797,77.73999786376953,76.88999938964844,77.08000183105469,7116400
2019-07-16,76.91999816894531,77.06999969482422,75.79000091552734,75.93000030517578,10197400
2019-07-17,75.73999786376953,75.95999908447266,75.3499984741211,75.4800033569336,7419300
2019-07-18,75.02999877929688,75.2699966430664,74.18000030517578,74.83999633789062,11424500
2019-07-19,74.9000015258789,75.25,74.54000091552734,74.98999786376953,11243100
2019-07-22,75.23999786376953,75.30000305175781,74.5,75.06999969482422,8368800
2019-07-23,75.1500015258789,75.7699966430664,74.75,75.37000274658203,8551200
2019-07-24,75.38999938964844,76.05000305175781,74.8499984741211,75.36000061035156,8260200
2019-07-25,75.77999877929688,75.77999877929688,74.80000305175781,74.93000030517578,9083900
2019-07-26,74.87000274658203,75.08000183105469,74.5999984741211,74.80999755859375,7677300
2019-07-29,74.87999725341797,75.37999725341797,74.69999694824219,75.33999633789062,7091900
2019-07-30,75.05999755859375,75.55999755859375,74.88999938964844,75.3499984741211,6961200
2019-07-31,75.04000091552734,75.66000366210938,74.26000213623047,74.36000061035156,13104600
2019-08-01,73.73999786376953,74.2699966430664,72.2699966430664,72.45999908447266,17132800
2019-08-02,72.61000061035156,73.26000213623047,71.18000030517578,71.75,21376700
2019-08-05,70.77999877929688,70.91999816894531,69.61000061035156,70.27999877929688,19080900
2019-08-06,70.29000091552734,71.01000213623047,70.27999877929688,70.95999908447266,12282400
2019-08-07,69.86000061035156,70.87999725341797,69.4000015258789,70.5,15231100
2019-08-08,70.8499984741211,72.41000366210938,70.62000274658203,72.37999725341797,14304100
2019-08-09,72.12999725341797,72.25,70.47000122070312,70.83999633789062,13686600
2019-08-12,70.05999755859375,70.16000366210938,69.33000183105469,69.62999725341797,9542600
2019-08-13,69.2699966430664,70.62000274658203,68.91999816894531,70.48999786376953,12403300
2019-08-14,69.06999969482422,69.08999633789062,67.6500015258789,67.6500015258789,18114400
2019-08-15,67.45999908447266,67.55999755859375,66.52999877929688,67.25,12874400
2019-08-16,67.77999877929688,68.45999908447266,67.2699966430664,68.30000305175781,12649000
2019-08-19,68.97000122070312,69.6500015258789,68.86000061035156,69.44999694824219,10032800
2019-08-20,69.30000305175781,69.30000305175781,68.70999908447266,69.02999877929688,9743500
2019-08-21,69.95999908447266,69.9800033569336,69.37000274658203,69.72000122070312,10134200
2019-08-22,69.91000366210938,69.95999908447266,69.25,69.56999969482422,8972000
2019-08-23,68.81999969482422,69.52999877929688,67.02999877929688,67.48999786376953,15371900
2019-08-26,68.12000274658203,68.26000213623047,67.52999877929688,67.8499984741211,7343900
2019-08-27,68.12999725341797,68.44000244140625,66.97000122070312,67.19000244140625,9490900
2019-08-28,67.52999877929688,67.9800033569336,67.16000366210938,67.68000030517578,9647400
2019-08-29,68.30000305175781,68.66999816894531,68.08999633789062,68.43000030517578,9004100
2019-08-30,68.61000061035156,69.08000183105469,68.05999755859375,68.4800033569336,9180800
2019-09-03,67.88999938964844,68.68000030517578,67.62999725341797,68.55999755859375,9849700
2019-09-04,69.5,69.61000061035156,69.08999633789062,69.29000091552734,6959200
2019-09-05,69.83999633789062,70.55000305175781,69.69999694824219,70.2699966430664,9901500
2019-09-06,70.3499984741211,70.94999694824219,70.12000274658203,70.93000030517578,10418500
2019-09-09,71.16000366210938,72.06999969482422,70.9800033569336,71.48999786376953,12840200
2019-09-10,72.13999938964844,72.8499984741211,71.62000274658203,72.06999969482422,13810800
2019-09-11,72.77999877929688,72.83999633789062,71.55000305175781,71.93000030517578,10525700
2019-09-12,70.9800033569336,72.16000366210938,70.69999694824219,71.9800033569336,9100700
2019-09-13,72.26000213623047,72.72000122070312,72.05999755859375,72.63999938964844,7337200
2019-09-16,75.04000091552734,75.18000030517578,73.5999984741211,73.7300033569336,19830200
2019-09-17,73.81999969482422,74.08000183105469,72.62999725341797,73.16999816894531,14452200
2019-09-18,72.6500015258789,72.97000122070312,72.33000183105469,72.81999969482422,7292200
2019-09-19,72.97000122070312,73.19000244140625,72.19000244140625,72.33000183105469,8050200
2019-09-20,72.48999786376953,72.5,71.86000061035156,72.08000183105469,19736600
2019-09-23,71.5199966430664,72.36000061035156,71.45999908447266,72.12999725341797,7495200
2019-09-24,71.80999755859375,71.87000274658203,70.81999969482422,71.13999938964844,13307100
2019-09-25,70.9800033569336,71.47000122070312,70.81999969482422,71.3499984741211,8035200
2019-09-26,71.22000122070312,71.3499984741211,70.68000030517578,70.97000122070312,8420200
2019-09-27,70.69999694824219,71.66999816894531,70.62999725341797,71.4800033569336,8224000
2019-09-30,71.23999786376953,71.44999694824219,70.58000183105469,70.61000061035156,9768900
2019-10-01,70.83000183105469,70.91000366210938,68.91000366210938,68.94999694824219,10279100
2019-10-02,68.2699966430664,68.58999633789062,67.01000213623047,67.1500015258789,14503700
2019-10-03,67.0,68.0,66.30999755859375,67.9800033569336,10788400
2019-10-04,68.11000061035156,69.06999969482422,67.81999969482422,68.97000122070312,10534800
2019-10-07,68.69999694824219,69.02999877929688,68.0199966430664,68.0199966430664,10993000
2019-10-08,67.54000091552734,67.91999816894531,66.63999938964844,66.69999694824219,9748700
2019-10-09,67.30000305175781,67.69999694824219,67.19999694824219,67.44000244140625,8580900
2019-10-10,67.43000030517578,68.36000061035156,67.37999725341797,68.25,7100100
2019-10-11,68.9800033569336,69.48999786376953,68.88999938964844,68.9800033569336,10101900
2019-10-14,68.5999984741211,69.37000274658203,68.58999633789062,69.18000030517578,6234600
2019-10-15,69.05999755859375,70.0,69.01000213623047,69.41999816894531,6645700
2019-10-16,69.20999908447266,69.52999877929688,68.20999908447266,68.2300033569336,9765800
2019-10-17,68.4800033569336,68.87999725341797,68.08000183105469,68.13999938964844,9757200
2019-10-18,67.87000274658203,68.1500015258789,67.61000061035156,67.61000061035156,13472700
2019-10-21,67.81999969482422,68.7699966430664,67.81999969482422,68.73999786376953,10199300
2019-10-22,68.77999877929688,69.76000213623047,68.6500015258789,69.08999633789062,9536000
2019-10-23,68.95999908447266,69.76000213623047,68.77999877929688,69.75,8641800
2019-10-24,69.95999908447266,70.05000305175781,69.0199966430664,69.08999633789062,9003600
2019-10-25,68.9000015258789,69.4800033569336,68.9000015258789,69.25,7607200
2019-10-28,69.45999908447266,69.66999816894531,68.58000183105469,68.63999938964844,11209600
2019-10-29,68.4800033569336,69.02999877929688,68.23999786376953,68.44000244140625,13894400
2019-10-30,68.37000274658203,68.37000274658203,67.2699966430664,67.72000122070312,12840600
2019-10-31,67.45999908447266,67.72000122070312,67.13999938964844,67.56999969482422,16169100
2019-11-01,68.38999938964844,69.61000061035156,68.30999755859375,69.5999984741211,14108700
2019-11-04,70.06999969482422,71.87000274658203,69.94000244140625,71.66999816894531,15858200
2019-11-05,72.04000091552734,73.12000274658203,71.8499984741211,73.08999633789062,14930400
2019-11-06,72.7300033569336,72.87000274658203,71.19999694824219,71.48999786376953,13996500
2019-11-07,72.02999877929688,73.02999877929688,72.0,73.01000213623047,13073800
2019-11-08,71.61000061035156,71.80000305175781,70.66000366210938,70.7699966430664,12106000
2019-11-11,70.20999908447266,70.61000061035156,69.97000122070312,70.33999633789062,8674000
2019-11-12,70.2699966430664,70.41000366210938,68.9800033569336,69.37000274658203,13918600
2019-11-13,69.0199966430664,69.1500015258789,68.5999984741211,68.80000305175781,11773700
2019-11-14,68.86000061035156,68.97000122070312,68.18000030517578,68.5,11279800
2019-11-15,68.70999908447266,69.30000305175781,68.66999816894531,69.19000244140625,11252800
2019-11-18,68.69999694824219,68.81999969482422,68.30000305175781,68.5199966430664,10095600
2019-11-19,68.4000015258789,68.55999755859375,67.77999877929688,67.81999969482422,12605500
2019-11-20,67.66999816894531,68.54000091552734,67.31999969482422,68.02999877929688,16930700
2019-11-21,68.0199966430664,69.75,67.91999816894531,69.66999816894531,14080900
2019-11-22,69.70999908447266,70.18000030517578,69.33000183105469,69.37000274658203,12143600
2019-11-25,69.37000274658203,69.44000244140625,68.70999908447266,68.91000366210938,10670000
2019-11-26,68.91999816894531,69.04000091552734,68.44000244140625,68.73999786376953,15457000
2019-11-27,68.76000213623047,69.08999633789062,68.41000366210938,68.69999694824219,8393900
2019-11-29,68.33000183105469,68.52999877929688,68.0,68.12999725341797,7980800
2019-12-02,68.5,68.87999725341797,68.37000274658203,68.41999816894531,11116900
2019-12-03,68.0,68.25,67.5199966430664,67.87999725341797,12245800
2019-12-04,68.25,68.76000213623047,68.13999938964844,68.6500015258789,11049700
2019-12-05,68.88999938964844,68.97000122070312,68.20999908447266,68.41000366210938,13109000
2019-12-06,68.76000213623047,69.87000274658203,68.76000213623047,69.51000213623047,13710800
2019-12-09,69.08000183105469,69.97000122070312,69.0199966430664,69.66000366210938,12397700
2019-12-10,69.66000366210938,70.1500015258789,68.69999694824219,69.05999755859375,14281800
2019-12-11,68.73999786376953,69.76000213623047,68.66999816894531,68.95999908447266,13748400
2019-12-12,68.95999908447266,70.37999725341797,68.9000015258789,70.33999633789062,17068500
2019-12-13,70.4800033569336,70.54000091552734,69.12000274658203,69.2300033569336,12274500
2019-12-16,69.69999694824219,70.25,69.69999694824219,70.0,15208700
2019-12-17,69.9800033569336,70.37999725341797,69.30999755859375,69.68000030517578,14450700
2019-12-18,69.62999725341797,70.29000091552734,69.27999877929688,69.87000274658203,13652300
2019-12-19,69.98999786376953,70.05000305175781,69.23999786376953,69.38999938964844,13273200
2019-12-20,69.86000061035156,70.2300033569336,69.38999938964844,69.94000244140625,35092000
2019-12-23,69.86000061035156,70.30000305175781,69.52999877929688,70.29000091552734,14172500
2019-12-24,70.3499984741211,70.5,69.91000366210938,70.0199966430664,3979400
2019-12-26,70.19000244140625,70.5,70.01000213623047,70.12999725341797,8840200
2019-12-27,70.19999694824219,70.30999755859375,69.87999725341797,69.88999938964844,10516100
2019-12-30,70.08999633789062,70.44000244140625,69.4000015258789,69.4800033569336,12689400
2019-12-31,69.0199966430664,69.80000305175781,69.01000213623047,69.77999877929688,13151800
2020-01-02,70.23999786376953,71.0199966430664,70.23999786376953,70.9000015258789,12456400
2020-01-03,71.33999633789062,71.37000274658203,70.16000366210938,70.33000183105469,17386900
2020-01-06,70.31999969482422,71.36000061035156,70.2300033569336,70.87000274658203,20081900
2020-01-07,70.5,70.5199966430664,69.51000213623047,70.29000091552734,17387700
2020-01-08,70.11000061035156,70.29000091552734,69.16999816894531,69.2300033569336,15137700
2020-01-09,69.13999938964844,69.9000015258789,68.62999725341797,69.76000213623047,14811800
2020-01-10,69.93000030517578,69.95999908447266,69.12000274658203,69.13999938964844,11995600
2020-01-13,69.19999694824219,69.87000274658203,69.11000061035156,69.80000305175781,9953900
2020-01-14,69.37999725341797,69.58000183105469,68.88999938964844,69.19999694824219,16261000
2020-01-15,69.19999694824219,69.58999633789062,68.88999938964844,69.08999633789062,11390300
2020-01-16,69.30000305175781,69.58000183105469,68.80000305175781,68.81999969482422,13340300
2020-01-17,68.75,69.08000183105469,68.29000091552734,68.55999755859375,18144100
2020-01-21,68.37999725341797,68.41999816894531,67.51000213623047,67.58000183105469,17982600
2020-01-22,67.55999755859375,67.69999694824219,67.0,67.19000244140625,17033100
2020-01-23,66.70999908447266,66.93000030517578,66.05000305175781,66.7699966430664,19605900
2020-01-24,66.54000091552734,66.68000030517578,66.04000091552734,66.31999969482422,18238600
2020-01-27,65.41999816894531,65.7300033569336,64.69999694824219,64.73999786376953,21231000
2020-01-28,65.11000061035156,65.19999694824219,64.62999725341797,64.6500015258789,19664700
2020-01-29,65.02999877929688,65.12999725341797,63.900001525878906,64.11000061035156,14202800
2020-01-30,63.779998779296875,64.87999725341797,63.43000030517578,64.79000091552734,18544700
2020-01-31,63.20000076293945,63.20000076293945,61.86000061035156,62.119998931884766,34282900
2020-02-03,61.380001068115234,61.41999816894531,60.369998931884766,60.72999954223633,27389300
2020-02-04,61.45000076293945,61.90999984741211,59.88999938964844,59.970001220703125,31922100
2020-02-05,60.75,62.93000030517578,60.599998474121094,62.72999954223633,32099200
2020-02-06,62.93000030517578,63.0099983215332,61.779998779296875,61.880001068115234,16055400
2020-02-07,61.40999984741211,61.65999984741211,61.060001373291016,61.470001220703125,15112500
2020-02-10,60.47999954223633,60.52000045776367,59.619998931884766,59.959999084472656,20934500
2020-02-11,60.58000183105469,60.88999938964844,60.16999816894531,60.529998779296875,14908700
2020-02-12,61.34000015258789,61.529998779296875,60.560001373291016,61.27000045776367,17862100
2020-02-13,61.060001373291016,61.41999816894531,60.560001373291016,60.93000030517578,16949400
2020-02-14,61.150001525878906,61.15999984741211,60.279998779296875,60.650001525878906,10855300
2020-02-18,60.150001525878906,60.38999938964844,59.45000076293945,59.880001068115234,18948500
2020-02-19,60.11000061035156,60.619998931884766,59.83000183105469,60.34000015258789,12804900
2020-02-20,60.22999954223633,60.540000915527344,59.720001220703125,59.86000061035156,14817200
2020-02-21,59.5099983215332,59.5099983215332,58.790000915527344,59.130001068115234,20315700
2020-02-24,57.619998931884766,57.79999923706055,56.36000061035156,56.36000061035156,32096600
2020-02-25,56.75,56.75,53.970001220703125,54.20000076293945,36414500
2020-02-26,54.54999923706055,54.81999969482422,52.93000030517578,53.0099983215332,29801000
2020-02-27,51.709999084472656,52.439998626708984,49.79999923706055,49.81999969482422,48141300
2020-02-28,48.77000045776367,51.439998626708984,48.0099983215332,51.439998626708984,62446700
2020-03-02,52.59000015258789,53.88999938964844,51.130001068115234,53.880001068115234,38127600
2020-03-03,53.95000076293945,54.150001525878906,50.97999954223633,51.29999923706055,50580700
2020-03-04,52.22999954223633,52.47999954223633,51.119998931884766,52.41999816894531,24079600
2020-03-05,50.41999816894531,50.70000076293945,49.040000915527344,50.11000061035156,40788200
2020-03-06,48.84000015258789,49.0099983215332,47.20000076293945,47.689998626708984,55640500
2020-03-09,41.709999084472656,44.56999969482422,40.79999923706055,41.86000061035156,72896300
2020-03-10,46.16999816894531,46.2599983215332,41.45000076293945,43.40999984741211,60445900
2020-03-11,42.38999938964844,43.47999954223633,41.75,41.97999954223633,51986100
2020-03-12,39.900001525878906,40.650001525878906,37.0,37.18000030517578,65725300
2020-03-13,40.0099983215332,40.13999938964844,35.0,38.119998931884766,79891500
2020-03-16,34.400001525878906,37.880001068115234,33.25,34.4900016784668,48924700
2020-03-17,35.209999084472656,37.380001068115234,34.20000076293945,36.810001373291016,41204400
2020-03-18,34.54999923706055,36.709999084472656,31.229999542236328,33.119998931884766,54036400
2020-03-19,33.72999954223633,34.900001525878906,32.349998474121094,34.43000030517578,49412400
2020-03-20,34.84000015258789,35.18000030517578,31.559999465942383,32.7400016784668,76534600
2020-03-23,32.529998779296875,32.70000076293945,30.110000610351562,31.450000762939453,56952500
2020-03-24,34.41999816894531,36.16999816894531,33.33000183105469,35.439998626708984,61835600
2020-03-25,36.5099983215332,38.59000015258789,35.18000030517578,37.290000915527344,56607700
2020-03-26,37.5,39.560001373291016,36.720001220703125,38.81999969482422,46722000
2020-03-27,37.130001068115234,37.68000030517578,36.20000076293945,36.95000076293945,51558600
2020-03-30,36.22999954223633,38.150001525878906,35.86000061035156,37.5,45835000
2020-03-31,38.34000015258789,39.45000076293945,37.369998931884766,37.970001220703125,41491600
2020-04-01,36.86000061035156,38.70000076293945,36.34000015258789,37.529998779296875,36045900
2020-04-02,38.7400016784668,41.959999084472656,37.900001525878906,40.400001525878906,62000200
2020-04-03,41.45000076293945,42.18000030517578,38.52000045776367,39.209999084472656,48425700
2020-04-06,39.880001068115234,40.83000183105469,39.22999954223633,40.470001220703125,41301900
2020-04-07,42.900001525878906,43.31999969482422,41.15999984741211,41.2400016784668,48921800
2020-04-08,41.95000076293945,44.040000915527344,41.470001220703125,43.849998474121094,33355600
2020-04-09,45.459999084472656,46.709999084472656,41.7400016784668,43.130001068115234,60107300
2020-04-13,44.45000076293945,44.689998626708984,41.970001220703125,42.7599983215332,29651900
2020-04-14,43.0,43.75,41.90999984741211,42.43000030517578,30769000
2020-04-15,41.0,41.060001373291016,39.380001068115234,40.47999954223633,33125000
2020-04-16,40.47999954223633,40.47999954223633,38.93000030517578,39.150001525878906,30934000
2020-04-17,39.880001068115234,43.31999969482422,39.869998931884766,43.220001220703125,40829100
2020-04-20,40.75,42.7400016784668,40.540000915527344,41.18000030517578,39260800
2020-04-21,40.400001525878906,42.130001068115234,39.630001068115234,40.959999084472656,44381600
2020-04-22,42.599998474121094,42.93000030517578,41.86000061035156,42.130001068115234,27074200
2020-04-23,43.130001068115234,44.65999984741211,42.810001373291016,43.45000076293945,35271000
2020-04-24,44.400001525878906,44.88999938964844,43.130001068115234,43.72999954223633,28653800
2020-04-27,43.59000015258789,44.31999969482422,42.22999954223633,43.939998626708984,28274400
2020-04-28,44.369998931884766,45.38999938964844,44.11000061035156,44.970001220703125,26545100
2020-04-29,46.2599983215332,47.599998474121094,46.15999984741211,47.459999084472656,29502500
2020-04-30,47.68000030517578,47.68000030517578,45.77000045776367,46.470001220703125,37076300
2020-05-01,45.630001068115234,46.38999938964844,43.0,43.13999938964844,35399300
2020-05-04,42.5099983215332,44.939998626708984,42.220001220703125,44.880001068115234,27465600
2020-05-05,46.2599983215332,47.150001525878906,44.65999984741211,44.83000183105469,29276200
2020-05-06,44.93000030517578,45.27000045776367,43.900001525878906,43.9900016784668,22659000
2020-05-07,44.959999084472656,45.27000045776367,43.970001220703125,44.2400016784668,22160300
2020-05-08,45.310001373291016,46.220001220703125,44.97999954223633,46.18000030517578,19977400
2020-05-11,46.11000061035156,46.20000076293945,45.5099983215332,45.7400016784668,22258000
2020-05-12,45.41999816894531,45.66999816894531,44.119998931884766,44.119998931884766,25439100
2020-05-13,43.7400016784668,43.869998931884766,41.599998474121094,41.93000030517578,30827900
2020-05-14,41.06999969482422,42.54999923706055,40.20000076293945,42.29999923706055,24856500
2020-05-15,42.380001068115234,43.0099983215332,41.849998474121094,42.0,22445600
2020-05-18,44.400001525878906,45.58000183105469,44.060001373291016,45.34000015258789,32026100
2020-05-19,45.54999923706055,46.630001068115234,43.93000030517578,43.939998626708984,21771600
2020-05-20,44.619998931884766,45.58000183105469,44.56999969482422,45.369998931884766,19352400
2020-05-21,45.439998626708984,45.790000915527344,44.38999938964844,44.560001373291016,19130700
2020-05-22,44.04999923706055,44.66999816894531,43.45000076293945,44.599998474121094,15406400
2020-05-26,45.7400016784668,46.29999923706055,45.470001220703125,45.90999984741211,20356500
2020-05-27,46.65999984741211,47.13999938964844,45.40999984741211,46.2400016784668,20788300
2020-05-28,46.43000030517578,46.459999084472656,44.93000030517578,45.040000915527344,19698000
2020-05-29,44.81999969482422,45.689998626708984,44.369998931884766,45.470001220703125,25874700
2020-06-01,45.31999969482422,46.45000076293945,44.79999923706055,46.279998779296875,19031000
2020-06-02,46.86000061035156,47.45000076293945,46.75,47.310001373291016,22319000
2020-06-03,48.0,49.400001525878906,47.95000076293945,49.2400016784668,23418000
2020-06-04,48.880001068115234,49.150001525878906,48.15999984741211,49.099998474121094,18731400
2020-06-05,51.650001525878906,53.45000076293945,51.599998474121094,53.08000183105469,41328900
2020-06-08,54.720001220703125,55.36000061035156,53.459999084472656,54.7400016784668,33579400
2020-06-09,52.880001068115234,53.970001220703125,52.45000076293945,53.52000045776367,27276900
2020-06-10,53.5,53.5,50.599998474121094,50.650001525878906,31156800
2020-06-11,47.529998779296875,48.84000015258789,46.099998474121094,46.18000030517578,39183000
2020-06-12,48.040000915527344,48.619998931884766,45.90999984741211,47.16999816894531,30978100
2020-06-15,45.349998474121094,47.7599983215332,44.75,47.13999938964844,27929300
2020-06-16,49.56999969482422,49.75,47.2400016784668,48.20000076293945,26203400
2020-06-17,48.0,48.130001068115234,46.599998474121094,46.630001068115234,19279400
2020-06-18,46.11000061035156,47.33000183105469,45.77000045776367,46.91999816894531,21478700
2020-06-19,48.220001220703125,48.2599983215332,45.97999954223633,45.97999954223633,48899900
2020-06-22,45.689998626708984,46.439998626708984,45.400001525878906,46.41999816894531,17565400
2020-06-23,46.900001525878906,47.220001220703125,46.5,46.70000076293945,18916600
2020-06-24,45.90999984741211,45.959999084472656,44.25,44.5,27626900
2020-06-25,44.04999923706055,45.2400016784668,43.689998626708984,45.16999816894531,19353600
2020-06-26,44.880001068115234,44.939998626708984,43.5,43.619998931884766,31518600
2020-06-29,43.810001373291016,44.58000183105469,43.540000915527344,44.31999969482422,17052100
2020-06-30,43.43000030517578,44.970001220703125,43.15999984741211,44.720001220703125,22153600
2020-07-01,44.4900016784668,45.380001068115234,43.66999816894531,43.709999084472656,17290100
2020-07-02,44.619998931884766,45.189998626708984,43.93000030517578,44.08000183105469,18216600
2020-07-06,44.66999816894531,45.08000183105469,43.84000015258789,44.38999938964844,22692000
2020-07-07,43.900001525878906,44.0,43.11000061035156,43.2400016784668,17407600
2020-07-08,43.150001525878906,43.93000030517578,42.84000015258789,43.13999938964844,18291400
2020-07-09,42.900001525878906,43.099998474121094,41.290000915527344,41.36000061035156,25882000
2020-07-10,41.119998931884766,42.709999084472656,41.099998474121094,42.650001525878906,18951000
2020-07-13,42.97999954223633,43.290000915527344,42.22999954223633,42.65999984741211,20028300
2020-07-14,42.529998779296875,44.189998626708984,42.2599983215332,44.06999969482422,21444100
2020-07-15,45.029998779296875,45.09000015258789,44.209999084472656,44.630001068115234,17332400
2020-07-16,44.310001373291016,44.810001373291016,43.790000915527344,44.279998779296875,14673700
2020-07-17,44.33000183105469,44.689998626708984,43.38999938964844,43.52000045776367,17958900
2020-07-20,43.209999084472656,43.5099983215332,42.47999954223633,42.5,18553900
2020-07-21,43.150001525878906,45.189998626708984,43.11000061035156,44.650001525878906,28821800
2020-07-22,44.150001525878906,44.150001525878906,43.369998931884766,43.61000061035156,21345400
2020-07-23,43.400001525878906,43.81999969482422,43.02000045776367,43.70000076293945,17934400
2020-07-24,43.880001068115234,44.41999816894531,43.189998626708984,43.43000030517578,16415300
2020-07-27,43.22999954223633,44.09000015258789,42.970001220703125,44.06999969482422,18547900
2020-07-28,43.90999984741211,44.25,43.459999084472656,43.54999923706055,19190500
2020-07-29,43.709999084472656,44.09000015258789,43.34000015258789,44.029998779296875,14143200
2020-07-30,43.130001068115234,43.18000030517578,41.83000183105469,41.869998931884766,29901100
2020-07-31,41.15999984741211,42.16999816894531,40.90999984741211,42.08000183105469,32116200
2020-08-03,42.04999923706055,42.5,41.470001220703125,42.25,23033600
2020-08-04,42.34000015258789,43.599998474121094,42.2400016784668,43.470001220703125,17724000
2020-08-05,44.150001525878906,44.310001373291016,43.529998779296875,43.849998474121094,17175100
2020-08-06,43.400001525878906,43.900001525878906,43.25,43.63999938964844,14434900
2020-08-07,43.22999954223633,43.52000045776367,42.810001373291016,43.439998626708984,18757900
2020-08-10,43.9900016784668,44.599998474121094,43.599998474121094,44.5099983215332,24367800
2020-08-11,45.5,46.41999816894531,44.72999954223633,44.970001220703125,28987500
2020-08-12,44.459999084472656,44.939998626708984,43.630001068115234,44.09000015258789,22503200
2020-08-13,43.5,43.869998931884766,42.91999816894531,43.0099983215332,17338700
2020-08-14,42.599998474121094,43.279998779296875,42.40999984741211,43.20000076293945,13595700
2020-08-17,43.16999816894531,43.16999816894531,42.470001220703125,42.63999938964844,15554600
2020-08-18,42.59000015258789,43.189998626708984,42.290000915527344,42.43000030517578,13014000
2020-08-19,42.349998474121094,42.65999984741211,41.869998931884766,41.959999084472656,14473100
2020-08-20,41.689998626708984,41.88999938964844,41.29999923706055,41.31999969482422,15678500
2020-08-21,41.29999923706055,41.34000015258789,40.709999084472656,41.0099983215332,25517700
2020-08-24,41.279998779296875,42.5099983215332,41.09000015258789,42.220001220703125,18208900
2020-08-25,41.65999984741211,42.06999969482422,40.70000076293945,40.880001068115234,31285600
2020-08-26,40.63999938964844,40.84000015258789,40.0,40.0099983215332,26795000
2020-08-27,40.0,40.29999923706055,39.310001373291016,39.7400016784668,32034300
2020-08-28,39.84000015258789,40.91999816894531,39.7599983215332,40.689998626708984,33477100
2020-08-31,40.63999938964844,40.720001220703125,39.900001525878906,39.939998626708984,25259600
2020-09-01,39.75,39.75,39.04999923706055,39.43000030517578,22464100
2020-09-02,39.22999954223633,39.720001220703125,38.95000076293945,39.189998626708984,26413400
2020-09-03,39.20000076293945,40.029998779296875,38.880001068115234,39.11000061035156,28817200
2020-09-04,39.459999084472656,39.790000915527344,38.650001525878906,39.08000183105469,24632500
2020-09-08,38.25,38.68000030517578,37.349998474121094,38.18000030517578,38496400
2020-09-09,38.349998474121094,38.84000015258789,37.91999816894531,37.95000076293945,25886100
2020-09-10,38.27000045776367,38.369998931884766,36.900001525878906,37.0,34381200
2020-09-11,37.130001068115234,37.310001373291016,36.4900016784668,36.900001525878906,26838600
2020-09-14,36.90999984741211,37.0099983215332,36.4900016784668,36.65999984741211,26129900
2020-09-15,36.79999923706055,37.380001068115234,36.209999084472656,36.27000045776367,23724200
2020-09-16,36.459999084472656,38.150001525878906,36.27000045776367,37.810001373291016,30890900
2020-09-17,37.349998474121094,37.97999954223633,36.970001220703125,37.79999923706055,24696200
2020-09-18,37.529998779296875,37.81999969482422,36.70000076293945,37.189998626708984,46853800
2020-09-21,36.43000030517578,36.709999084472656,35.68000030517578,36.43000030517578,35351800
2020-09-22,36.459999084472656,36.84000015258789,35.470001220703125,35.529998779296875,27303200
2020-09-23,35.650001525878906,35.790000915527344,34.349998474121094,34.38999938964844,31251400
2020-09-24,34.400001525878906,34.81999969482422,33.7599983215332,34.31999969482422,26796000
2020-09-25,34.0,34.939998626708984,33.880001068115234,34.63999938964844,23486000
2020-09-28,35.13999938964844,35.900001525878906,35.099998474121094,35.310001373291016,23396500
2020-09-29,35.0,35.11000061035156,33.9900016784668,34.279998779296875,20770500
2020-09-30,34.63999938964844,34.91999816894531,34.130001068115234,34.33000183105469,22223700
2020-10-01,33.790000915527344,34.099998474121094,32.939998626708984,33.130001068115234,36890200
2020-10-02,32.25,33.349998474121094,32.209999084472656,32.97999954223633,32694300
2020-10-05,33.31999969482422,33.75,33.16999816894531,33.7400016784668,22965200
2020-10-06,34.119998931884766,34.41999816894531,33.310001373291016,33.38999938964844,26731800
2020-10-07,33.63999938964844,33.7400016784668,33.209999084472656,33.5,23779300
2020-10-08,33.880001068115234,35.34000015258789,33.7599983215332,35.2599983215332,34413700
2020-10-09,35.68000030517578,35.95000076293945,34.650001525878906,34.7400016784668,29228600
2020-10-12,34.540000915527344,34.72999954223633,34.22999954223633,34.630001068115234,17912800
2020-10-13,34.72999954223633,34.869998931884766,34.099998474121094,34.220001220703125,20995100
2020-10-14,34.060001373291016,34.83000183105469,34.029998779296875,34.150001525878906,17743000
2020-10-15,33.70000076293945,34.459999084472656,33.27000045776367,34.45000076293945,23251600
2020-10-16,34.369998931884766,34.63999938964844,33.880001068115234,34.099998474121094,22627200
2020-10-19,34.099998474121094,34.369998931884766,33.38999938964844,33.41999816894531,23645800
2020-10-20,33.65999984741211,33.93000030517578,33.33000183105469,33.70000076293945,23040600
2020-10-21,33.5099983215332,33.619998931884766,33.13999938964844,33.15999984741211,28619300
2020-10-22,33.18000030517578,34.959999084472656,33.02000045776367,34.86000061035156,31831500
2020-10-23,34.970001220703125,35.08000183105469,33.86000061035156,34.15999984741211,27429100
2020-10-26,33.61000061035156,33.77000045776367,32.95000076293945,33.349998474121094,30888700
2020-10-27,33.150001525878906,33.20000076293945,32.70000076293945,32.81999969482422,27100700
2020-10-28,32.099998474121094,32.380001068115234,31.520000457763672,31.56999969482422,42136400
2020-10-29,31.40999984741211,33.130001068115234,31.110000610351562,32.970001220703125,38622800
2020-10-30,32.40999984741211,33.13999938964844,32.0099983215332,32.619998931884766,47885700
2020-11-02,33.13999938964844,34.459999084472656,32.56999969482422,33.9900016784668,40130300
2020-11-03,34.4900016784668,34.4900016784668,33.130001068115234,33.40999984741211,36773000
2020-11-04,33.27000045776367,34.13999938964844,32.529998779296875,33.22999954223633,35410100
2020-11-05,33.369998931884766,33.91999816894531,33.13999938964844,33.16999816894531,30824100
2020-11-06,33.099998474121094,33.65999984741211,32.619998931884766,32.779998779296875,33985600
2020-11-09,36.41999816894531,38.0099983215332,36.060001373291016,36.93000030517578,76879400
2020-11-10,37.04999923706055,37.43000030517578,35.97999954223633,36.86000061035156,49055400
2020-11-11,37.09000015258789,37.119998931884766,36.189998626708984,36.47999954223633,34124500
2020-11-12,35.86000061035156,36.290000915527344,34.869998931884766,35.22999954223633,30933700
2020-11-13,35.400001525878906,36.25,35.380001068115234,36.08000183105469,29241500
2020-11-16,37.59000015258789,38.16999816894531,37.099998474121094,38.15999984741211,38596800
2020-11-17,37.810001373291016,38.709999084472656,37.380001068115234,38.66999816894531,26521100
2020-11-18,39.02000045776367,39.130001068115234,37.20000076293945,37.209999084472656,31068000
2020-11-19,36.86000061035156,37.5,36.560001373291016,37.400001525878906,26954400
2020-11-20,37.349998474121094,37.40999984741211,36.779998779296875,36.939998626708984,18351000
2020-11-23,37.5,39.43000030517578,37.279998779296875,39.36000061035156,29367600
2020-11-24,40.5099983215332,42.08000183105469,40.220001220703125,41.97999954223633,46979300
2020-11-25,41.66999816894531,41.709999084472656,40.650001525878906,40.810001373291016,28178200
2020-11-27,40.70000076293945,40.939998626708984,39.869998931884766,40.189998626708984,14971900
2020-11-30,39.79999923706055,39.880001068115234,37.970001220703125,38.130001068115234,45614300
2020-12-01,38.959999084472656,39.650001525878906,38.470001220703125,38.5,32472900
2020-12-02,38.38999938964844,40.41999816894531,38.34000015258789,39.939998626708984,29369500
2020-12-03,40.06999969482422,40.63999938964844,39.72999954223633,40.209999084472656,27038900
2020-12-04,40.77000045776367,41.7599983215332,40.650001525878906,41.68000030517578,28723600
2020-12-07,41.41999816894531,41.540000915527344,40.66999816894531,40.900001525878906,24899400
2020-12-08,40.529998779296875,42.59000015258789,40.439998626708984,42.2400016784668,32573800
2020-12-09,42.709999084472656,43.72999954223633,42.380001068115234,42.79999923706055,37824800
2020-12-10,43.20000076293945,44.470001220703125,42.7599983215332,44.0099983215332,38058700
2020-12-11,43.70000076293945,43.93000030517578,43.209999084472656,43.79999923706055,25478800
2020-12-14,44.34000015258789,44.459999084472656,42.18000030517578,42.220001220703125,30595000
2020-12-15,42.439998626708984,43.220001220703125,42.060001373291016,43.040000915527344,27138400
2020-12-16,43.75,44.11000061035156,42.959999084472656,43.70000076293945,34273000
2020-12-17,44.0,44.040000915527344,43.400001525878906,43.47999954223633,21204600
2020-12-18,43.27000045776367,43.779998779296875,42.41999816894531,42.72999954223633,46596800
2020-12-21,41.11000061035156,42.08000183105469,40.529998779296875,41.95000076293945,27869500
2020-12-22,41.58000183105469,41.900001525878906,41.22999954223633,41.2400016784668,21792900
2020-12-23,41.5099983215332,42.38999938964844,41.459999084472656,41.77000045776367,19085900
2020-12-24,41.650001525878906,41.849998474121094,41.380001068115234,41.599998474121094,8039000
2020-12-28,41.689998626708984,42.54999923706055,41.52000045776367,41.7400016784668,23877500
2020-12-29,42.040000915527344,42.119998931884766,41.20000076293945,41.27000045776367,20287700
2020-12-30,41.33000183105469,42.41999816894531,41.27000045776367,41.599998474121094,23807300
2020-12-31,41.470001220703125,41.68000030517578,40.970001220703125,41.220001220703125,22786500
2021-01-04,41.45000076293945,42.25,41.0,41.5,27764700
2021-01-05,41.84000015258789,44.79999923706055,41.83000183105469,43.5,44035100
2021-01-06,44.40999984741211,45.099998474121094,43.70000076293945,44.61000061035156,36484800
2021-01-07,45.0,45.56999969482422,44.529998779296875,44.959999084472656,29528100
2021-01-08,45.20000076293945,45.81999969482422,44.95000076293945,45.459999084472656,28628200
2021-01-11,45.040000915527344,47.13999938964844,44.75,46.84000015258789,38246200
2021-01-12,47.459999084472656,48.16999816894531,46.90999984741211,47.880001068115234,36915100
2021-01-13,48.529998779296875,48.709999084472656,47.689998626708984,48.41999816894531,29000300
2021-01-14,48.5,51.08000183105469,48.5,50.310001373291016,35474800
2021-01-15,48.90999984741211,49.08000183105469,47.290000915527344,47.88999938964844,42411300
2021-01-19,48.45000076293945,49.439998626708984,48.349998474121094,48.84000015258789,24932600
2021-01-20,49.11000061035156,49.7400016784668,48.9900016784668,49.529998779296875,22342400
2021-01-21,49.33000183105469,49.38999938964844,47.68000030517578,48.11000061035156,29044500
2021-01-22,47.0099983215332,47.63999938964844,46.63999938964844,47.43000030517578,23264800
2021-01-25,46.900001525878906,47.04999923706055,46.15999984741211,46.900001525878906,26395800
2021-01-26,47.2599983215332,47.86000061035156,45.849998474121094,45.869998931884766,23976800
2021-01-27,45.0,46.65999984741211,44.529998779296875,45.349998474121094,32410300
2021-01-28,45.939998626708984,46.59000015258789,45.689998626708984,46.060001373291016,24967200
2021-01-29,45.54999923706055,46.040000915527344,44.5099983215332,44.84000015258789,38961100
2021-02-01,45.58000183105469,45.58000183105469,44.290000915527344,44.91999816894531,24412400
2021-02-02,45.810001373291016,46.9900016784668,45.279998779296875,45.630001068115234,31940400
2021-02-03,45.630001068115234,47.66999816894531,45.41999816894531,47.41999816894531,28459300
2021-02-04,47.880001068115234,48.380001068115234,47.25,48.33000183105469,25280300
2021-02-05,49.18000030517578,50.119998931884766,49.040000915527344,49.95000076293945,34980100
2021-02-08,50.91999816894531,52.36000061035156,50.709999084472656,52.099998474121094,36998700
2021-02-09,50.66999816894531,50.959999084472656,49.77000045776367,50.630001068115234,28977000
2021-02-10,50.630001068115234,51.41999816894531,50.38999938964844,51.119998931884766,25723800
2021-02-11,50.88999938964844,50.93000030517578,48.779998779296875,49.84000015258789,26972200
2021-02-12,49.43000030517578,50.709999084472656,49.40999984741211,50.52000045776367,19756700
2021-02-16,51.959999084472656,52.529998779296875,51.619998931884766,52.040000915527344,28060100
2021-02-17,52.349998474121094,53.27000045776367,51.79999923706055,52.849998474121094,25509700
2021-02-18,52.810001373291016,52.939998626708984,51.86000061035156,52.02000045776367,20627600
2021-02-19,52.11000061035156,52.560001373291016,51.91999816894531,52.369998931884766,22607200
2021-02-22,52.59000015258789,54.810001373291016,52.59000015258789,54.29999923706055,36435100
2021-02-23,54.97999954223633,55.2599983215332,53.7400016784668,55.04999923706055,33527900
2021-02-24,55.189998626708984,57.0,54.869998931884766,56.70000076293945,28728600
2021-02-25,56.97999954223633,57.25,55.349998474121094,55.7599983215332,29670900
2021-02-26,54.40999984741211,55.060001373291016,53.119998931884766,54.369998931884766,35291000
2021-03-01,56.470001220703125,57.61000061035156,56.130001068115234,56.400001525878906,36998300
2021-03-02,56.650001525878906,56.959999084472656,56.02000045776367,56.06999969482422,30302600
2021-03-03,56.41999816894531,57.959999084472656,55.880001068115234,56.52000045776367,35358900
2021-03-04,57.119998931884766,59.470001220703125,57.099998474121094,58.709999084472656,52137500
2021-03-05,59.83000183105469,61.04999923706055,59.11000061035156,60.93000030517578,51429800
2021-03-08,61.58000183105469,61.61000061035156,59.81999969482422,60.869998931884766,38154600
2021-03-09,60.61000061035156,61.38999938964844,59.470001220703125,59.93000030517578,35645900
2021-03-10,60.52000045776367,61.91999816894531,60.029998779296875,61.77000045776367,31579100
2021-03-11,61.779998779296875,62.54999923706055,61.2599983215332,61.310001373291016,24802600
2021-03-12,61.54999923706055,62.369998931884766,61.5,61.970001220703125,20422700
2021-03-15,61.4900016784668,61.86000061035156,59.869998931884766,60.38999938964844,31243600
2021-03-16,59.540000915527344,59.65999984741211,58.439998626708984,59.11000061035156,30624800
2021-03-17,58.689998626708984,59.72999954223633,58.619998931884766,59.369998931884766,25575500
2021-03-18,58.810001373291016,58.970001220703125,56.52000045776367,56.810001373291016,38622800
2021-03-19,56.709999084472656,57.470001220703125,55.810001373291016,56.4900016784668,84439400
2021-03-22,56.5,56.86000061035156,55.900001525878906,55.90999984741211,29315100
2021-03-23,54.939998626708984,56.290000915527344,54.45000076293945,55.220001220703125,33493300
2021-03-24,56.08000183105469,57.279998779296875,56.08000183105469,56.34000015258789,29781800
2021-03-25,55.209999084472656,56.5,54.5,56.18000030517578,31495900
2021-03-26,57.29999923706055,57.779998779296875,56.52000045776367,57.709999084472656,34226500
2021-03-29,57.34000015258789,57.81999969482422,56.7400016784668,57.400001525878906,21144400
2021-03-30,56.86000061035156,57.36000061035156,56.4900016784668,56.689998626708984,20303400
2021-03-31,56.349998474121094,56.630001068115234,55.79999923706055,55.83000183105469,23686500
2021-04-01,56.31999969482422,57.45000076293945,56.13999938964844,57.38999938964844,23194500
2021-04-05,57.29999923706055,57.31999969482422,56.13999938964844,56.5,23264800
2021-04-06,56.84000015258789,57.540000915527344,56.2599983215332,56.34000015258789,18926300
2021-04-07,56.38999938964844,56.77000045776367,56.2400016784668,56.59000015258789,22385000
2021-04-08,55.93000030517578,56.08000183105469,55.31999969482422,56.0,21999300
2021-04-09,56.0,56.439998626708984,55.529998779296875,55.869998931884766,20020700
2021-04-12,56.7599983215332,56.790000915527344,55.310001373291016,55.5,20238800
2021-04-13,55.29999923706055,55.97999954223633,55.09000015258789,55.709999084472656,19370600
2021-04-14,56.40999984741211,58.0099983215332,56.25,57.31999969482422,28051100
2021-04-15,57.41999816894531,57.41999816894531,56.779998779296875,56.97999954223633,23250300
2021-04-16,57.36000061035156,57.68000030517578,56.439998626708984,56.65999984741211,22752000
2021-04-19,56.75,57.13999938964844,55.959999084472656,56.47999954223633,21123300
2021-04-20,56.470001220703125,56.470001220703125,54.779998779296875,55.290000915527344,21782100
2021-04-21,54.5,56.130001068115234,54.29999923706055,56.0,16625600
2021-04-22,55.9900016784668,55.9900016784668,55.02000045776367,55.27000045776367,21600100
2021-04-23,55.27000045776367,55.939998626708984,55.18000030517578,55.56999969482422,15337900
2021-04-26,55.470001220703125,56.290000915527344,55.439998626708984,55.68000030517578,16083800
2021-04-27,56.0099983215332,56.630001068115234,55.810001373291016,56.40999984741211,19278600
2021-04-28,56.90999984741211,58.459999084472656,56.790000915527344,58.11000061035156,24729800
2021-04-29,58.91999816894531,59.47999954223633,58.150001525878906,58.939998626708984,27318400
2021-04-30,58.33000183105469,58.88999938964844,57.15999984741211,57.2400016784668,30518400
2021-05-03,57.97999954223633,58.9900016784668,57.7400016784668,58.81999969482422,20509600
2021-05-04,59.0,59.5,58.5099983215332,59.189998626708984,23522200
2021-05-05,59.77000045776367,61.04999923706055,59.400001525878906,60.970001220703125,31526200
2021-05-06,60.86000061035156,61.63999938964844,60.029998779296875,61.54999923706055,26836800
2021-05-07,61.06999969482422,62.470001220703125,60.849998474121094,62.43000030517578,33610600
2021-05-10,63.2400016784668,64.0199966430664,62.529998779296875,62.58000183105469,31956600
2021-05-11,61.630001068115234,62.38999938964844,60.38999938964844,60.59000015258789,34563800
2021-05-12,60.0099983215332,61.68000030517578,59.75,60.040000915527344,34426500
2021-05-13,59.0,60.45000076293945,58.75,59.29999923706055,24268200
2021-05-14,59.93000030517578,60.880001068115234,59.93000030517578,60.77000045776367,20735400
2021-05-17,60.540000915527344,62.25,60.43000030517578,62.189998626708984,25282500
2021-05-18,62.0,62.29999923706055,60.400001525878906,60.43000030517578,25170800
2021-05-19,59.099998474121094,59.86000061035156,58.41999816894531,58.97999954223633,28889800
2021-05-20,58.95000076293945,59.150001525878906,58.2400016784668,58.84000015258789,20692500
2021-05-21,59.41999816894531,59.83000183105469,58.849998474121094,58.91999816894531,20792700
2021-05-24,59.08000183105469,59.79999923706055,58.689998626708984,59.61000061035156,18400300
2021-05-25,59.5,59.540000915527344,58.119998931884766,58.2599983215332,25616100
2021-05-26,58.25,59.119998931884766,57.900001525878906,58.939998626708984,21698700
2021-05-27,59.22999954223633,59.70000076293945,58.02000045776367,58.560001373291016,33556000
2021-05-28,58.72999954223633,58.79999923706055,58.11000061035156,58.369998931884766,19246800
2021-06-01,59.45000076293945,60.70000076293945,59.45000076293945,60.459999084472656,28474200
2021-06-02,60.75,61.310001373291016,60.16999816894531,60.939998626708984,22978300
2021-06-03,60.54999923706055,61.40999984741211,60.349998474121094,61.18000030517578,20272800
2021-06-04,61.459999084472656,61.70000076293945,60.779998779296875,61.45000076293945,20427800
2021-06-07,61.33000183105469,61.72999954223633,61.02000045776367,61.04999923706055,15477900
2021-06-08,61.5,62.47999954223633,60.66999816894531,62.130001068115234,28953400
2021-06-09,62.66999816894531,63.41999816894531,62.189998626708984,62.650001525878906,29133000
2021-06-10,63.61000061035156,63.97999954223633,62.25,62.75,27488700
2021-06-11,63.0099983215332,63.189998626708984,62.13999938964844,62.16999816894531,17631700
2021-06-14,62.29999923706055,62.779998779296875,61.56999969482422,62.06999969482422,16997200
2021-06-15,62.47999954223633,64.4000015258789,62.349998474121094,64.33000183105469,30717100
2021-06-16,64.31999969482422,64.80000305175781,63.560001373291016,64.0999984741211,24803200
2021-06-17,63.86000061035156,64.45999908447266,61.27000045776367,61.9900016784668,28491800
2021-06-18,61.0,61.54999923706055,60.2400016784668,60.400001525878906,39590700
2021-06-21,60.93000030517578,62.70000076293945,60.900001525878906,62.59000015258789,33145400
2021-06-22,62.849998474121094,64.01000213623047,62.22999954223633,63.790000915527344,25140400
2021-06-23,64.05000305175781,64.69999694824219,63.58000183105469,64.26000213623047,20701600
2021-06-24,64.1500015258789,64.55999755859375,63.810001373291016,64.5199966430664,19568400
2021-06-25,64.61000061035156,64.93000030517578,64.36000061035156,64.66000366210938,18438300
2021-06-28,64.55999755859375,64.55999755859375,62.75,63.0099983215332,20570000
2021-06-29,63.209999084472656,63.77000045776367,62.59000015258789,62.619998931884766,19579300
2021-06-30,62.70000076293945,63.22999954223633,62.45000076293945,63.08000183105469,17875500
2021-07-01,64.33000183105469,64.41999816894531,62.77000045776367,63.2599983215332,22530300
2021-07-02,63.0099983215332,63.31999969482422,62.41999816894531,63.16999816894531,14555300
2021-07-06,62.75,62.7599983215332,60.900001525878906,61.369998931884766,22110800
2021-07-07,61.18000030517578,61.810001373291016,59.619998931884766,60.40999984741211,21671400
2021-07-08,59.45000076293945,60.709999084472656,59.310001373291016,60.13999938964844,18935900
2021-07-09,60.70000076293945,61.45000076293945,60.2400016784668,61.22999954223633,20086000
2021-07-12,60.41999816894531,61.5,60.15999984741211,61.16999816894531,21809400
2021-07-13,61.0,61.5099983215332,60.5099983215332,60.880001068115234,17147300
2021-07-14,61.16999816894531,61.72999954223633,59.36000061035156,59.529998779296875,21573600
2021-07-15,59.16999816894531,59.70000076293945,58.77000045776367,58.95000076293945,15851100
2021-07-16,59.18000030517578,59.2599983215332,57.150001525878906,57.31999969482422,27049500
2021-07-19,55.63999938964844,56.20000076293945,54.599998474121094,55.349998474121094,37969100
2021-07-20,55.5,56.599998474121094,55.029998779296875,55.959999084472656,26756100
2021-07-21,56.86000061035156,58.29999923706055,56.83000183105469,57.7599983215332,20908700
2021-07-22,57.72999954223633,57.7400016784668,56.65999984741211,57.11000061035156,13493800
2021-07-23,57.290000915527344,57.290000915527344,56.470001220703125,57.040000915527344,14088200
2021-07-26,57.15999984741211,58.650001525878906,57.0,58.47999954223633,18387600
2021-07-27,58.0099983215332,58.0099983215332,57.209999084472656,57.83000183105469,16861400
2021-07-28,58.0,58.630001068115234,57.619998931884766,58.220001220703125,16855300
2021-07-29,59.0,59.33000183105469,58.560001373291016,58.93000030517578,18607800
2021-07-30,58.880001068115234,58.880001068115234,57.31999969482422,57.56999969482422,28652800
2021-08-02,57.54999923706055,59.060001373291016,57.400001525878906,57.58000183105469,20873800
2021-08-03,57.56999969482422,58.40999984741211,56.93000030517578,58.20000076293945,18208200
2021-08-04,57.189998626708984,57.880001068115234,56.810001373291016,56.84000015258789,20868300
2021-08-05,57.130001068115234,57.70000076293945,56.83000183105469,57.20000076293945,15180200
2021-08-06,57.65999984741211,58.06999969482422,57.529998779296875,57.86000061035156,14888500
2021-08-09,57.130001068115234,57.52000045776367,56.83000183105469,57.20000076293945,17828200
2021-08-10,57.41999816894531,58.36000061035156,57.29999923706055,58.18000030517578,16340200
2021-08-11,58.189998626708984,58.5,57.720001220703125,58.349998474121094,18278600
2021-08-12,57.400001525878906,57.790000915527344,56.869998931884766,57.349998474121094,19225500
2021-08-13,57.029998779296875,57.06999969482422,56.29999923706055,56.77000045776367,20063000
2021-08-16,56.02000045776367,56.09000015258789,55.27000045776367,55.939998626708984,16959500
2021-08-17,55.5,56.29999923706055,55.0,55.560001373291016,16243700
2021-08-18,55.41999816894531,55.810001373291016,54.310001373291016,54.38999938964844,21890500
2021-08-19,53.470001220703125,53.709999084472656,52.099998474121094,52.72999954223633,30923500
2021-08-20,52.27000045776367,53.13999938964844,52.11000061035156,52.7400016784668,16918300
2021-08-23,53.95000076293945,55.060001373291016,53.95000076293945,54.90999984741211,21632600
2021-08-24,55.290000915527344,55.849998474121094,55.0099983215332,55.36000061035156,17915600
2021-08-25,55.2400016784668,55.77000045776367,54.869998931884766,55.459999084472656,13270300
2021-08-26,55.20000076293945,55.540000915527344,54.630001068115234,54.709999084472656,11842600
2021-08-27,55.400001525878906,56.209999084472656,55.400001525878906,55.77000045776367,15822500
2021-08-30,56.2400016784668,56.34000015258789,55.119998931884766,55.15999984741211,14086100
2021-08-31,54.93000030517578,55.310001373291016,54.459999084472656,54.52000045776367,27104100
2021-09-01,54.4900016784668,54.7599983215332,53.599998474121094,53.77000045776367,21644100
2021-09-02,54.290000915527344,55.63999938964844,54.27000045776367,55.08000183105469,23293300
2021-09-03,55.119998931884766,55.31999969482422,54.599998474121094,54.869998931884766,13840000
2021-09-07,54.66999816894531,55.27000045776367,54.470001220703125,54.54999923706055,14354400
2021-09-08,54.790000915527344,55.18000030517578,54.0099983215332,54.04999923706055,18756700
2021-09-09,53.619998931884766,55.0,53.29999923706055,54.09000015258789,19110800
2021-09-10,55.189998626708984,55.22999954223633,53.95000076293945,53.97999954223633,15123700
2021-09-13,54.650001525878906,55.93000030517578,54.619998931884766,55.369998931884766,22052300
2021-09-14,55.689998626708984,55.77000045776367,54.40999984741211,54.58000183105469,19940300
2021-09-15,55.369998931884766,56.529998779296875,55.310001373291016,56.41999816894531,23240900
2021-09-16,56.459999084472656,56.459999084472656,55.5,55.81999969482422,17907200
2021-09-17,55.34000015258789,56.75,55.099998474121094,55.15999984741211,30000400
2021-09-20,53.779998779296875,54.16999816894531,52.959999084472656,53.689998626708984,27555100
2021-09-21,54.369998931884766,54.5099983215332,53.25,53.63999938964844,19696800
2021-09-22,54.43000030517578,55.90999984741211,54.369998931884766,55.209999084472656,25690600
2021-09-23,55.41999816894531,57.2400016784668,55.279998779296875,57.08000183105469,23069400
2021-09-24,56.70000076293945,57.81999969482422,56.68000030517578,57.59000015258789,22328600
2021-09-27,58.849998474121094,59.79999923706055,58.81999969482422,59.29999923706055,32972200
2021-09-28,59.900001525878906,60.47999954223633,59.5099983215332,59.91999816894531,37619300
2021-09-29,59.84000015258789,60.189998626708984,59.04999923706055,59.880001068115234,23422800
2021-09-30,60.119998931884766,60.16999816894531,58.810001373291016,58.81999969482422,31289600
2021-10-01,59.40999984741211,60.9900016784668,59.40999984741211,60.93000030517578,24407300
2021-10-04,61.31999969482422,62.06999969482422,60.95000076293945,61.720001220703125,33946700
2021-10-05,62.52000045776367,62.70000076293945,61.02000045776367,61.619998931884766,29641600
2021-10-06,60.470001220703125,61.119998931884766,59.75,60.4900016784668,25284900
2021-10-07,60.61000061035156,61.08000183105469,60.13999938964844,60.65999984741211,19513600
2021-10-08,61.25,62.41999816894531,61.25,62.18000030517578,22186900
2021-10-11,63.029998779296875,63.060001373291016,61.5,61.560001373291016,22121500
2021-10-12,61.56999969482422,61.97999954223633,60.849998474121094,61.2400016784668,20198600
2021-10-13,60.779998779296875,61.38999938964844,60.209999084472656,61.06999969482422,14991700
2021-10-14,61.709999084472656,62.220001220703125,61.16999816894531,62.0,18594500
2021-10-15,62.72999954223633,63.06999969482422,62.439998626708984,62.59000015258789,16092600
2021-10-18,63.09000015258789,63.13999938964844,62.27000045776367,62.560001373291016,18282800
2021-10-19,62.869998931884766,63.61000061035156,62.66999816894531,63.5,18933200
2021-10-20,62.88999938964844,63.869998931884766,62.720001220703125,63.849998474121094,14305200
2021-10-21,63.470001220703125,63.63999938964844,62.349998474121094,62.689998626708984,16564600
2021-10-22,62.77000045776367,63.220001220703125,62.349998474121094,63.119998931884766,14266800
2021-10-25,63.720001220703125,64.41999816894531,63.58000183105469,64.3499984741211,17939800
2021-10-26,64.48999786376953,65.94000244140625,64.36000061035156,65.83999633789062,25585100
2021-10-27,65.16000366210938,65.25,63.97999954223633,64.12999725341797,21764500
2021-10-28,63.81999969482422,64.47000122070312,63.630001068115234,64.30999755859375,16626400
2021-10-29,65.05000305175781,65.36000061035156,64.33000183105469,64.47000122070312,23966300
2021-11-01,65.06999969482422,66.08000183105469,65.0199966430664,65.62999725341797,19656400
2021-11-02,65.02999877929688,65.44999694824219,64.66000366210938,64.81999969482422,16300000
2021-11-03,64.04000091552734,64.44999694824219,63.65999984741211,63.93000030517578,17372800
2021-11-04,64.68000030517578,64.88999938964844,63.83000183105469,64.41000366210938,17720100
2021-11-05,65.05000305175781,65.33000183105469,64.55999755859375,65.0199966430664,18565100
2021-11-08,65.55000305175781,66.37999725341797,65.37999725341797,65.72000122070312,17696000
2021-11-09,65.7699966430664,66.37000274658203,65.30999755859375,66.36000061035156,18781300
2021-11-10,65.31999969482422,65.6500015258789,63.77000045776367,64.19000244140625,20177200
2021-11-11,64.19000244140625,64.83000183105469,64.0199966430664,64.30999755859375,13319300
2021-11-12,63.959999084472656,64.37000274658203,63.58000183105469,63.81999969482422,18158900
2021-11-15,63.7599983215332,64.7699966430664,63.220001220703125,64.37000274658203,18849200
2021-11-16,64.33999633789062,65.37000274658203,64.33999633789062,65.0199966430664,17028700
2021-11-17,64.37999725341797,65.23999786376953,64.18000030517578,64.30999755859375,15497000
2021-11-18,64.16000366210938,64.52999877929688,63.11000061035156,63.61000061035156,16948200
2021-11-19,61.88999938964844,62.029998779296875,60.40999984741211,60.66999816894531,32035500
2021-11-22,60.31999969482422,62.540000915527344,60.31999969482422,61.5099983215332,21994400
2021-11-23,62.189998626708984,63.380001068115234,61.91999816894531,63.130001068115234,21185900
2021-11-24,62.58000183105469,63.849998474121094,62.58000183105469,63.47999954223633,15869700
2021-11-26,60.52000045776367,61.41999816894531,59.540000915527344,61.25,24979600
2021-11-29,62.56999969482422,63.13999938964844,61.290000915527344,61.59000015258789,18946400
2021-11-30,60.459999084472656,61.189998626708984,59.65999984741211,59.84000015258789,34979800
2021-12-01,60.900001525878906,62.029998779296875,59.75,59.790000915527344,30630600
2021-12-02,59.7400016784668,61.58000183105469,59.13999938964844,61.279998779296875,29216000
2021-12-03,61.91999816894531,62.22999954223633,60.349998474121094,60.88999938964844,22014700
2021-12-06,61.720001220703125,62.15999984741211,61.41999816894531,61.58000183105469,19210500
2021-12-07,62.34000015258789,63.029998779296875,62.099998474121094,62.27000045776367,19800400
2021-12-08,62.61000061035156,63.189998626708984,62.34000015258789,62.45000076293945,18214400
2021-12-09,62.04999923706055,62.77000045776367,61.810001373291016,62.61000061035156,16910300
2021-12-10,63.27000045776367,63.349998474121094,62.22999954223633,63.0099983215332,17942400
2021-12-13,62.470001220703125,62.720001220703125,61.349998474121094,61.630001068115234,17793700
2021-12-14,61.2599983215332,62.470001220703125,61.220001220703125,61.540000915527344,22551100
2021-12-15,61.189998626708984,61.5,60.0099983215332,61.27000045776367,19961900
2021-12-16,61.439998626708984,62.45000076293945,61.29999923706055,61.369998931884766,21187800
2021-12-17,60.95000076293945,61.279998779296875,59.689998626708984,60.029998779296875,44338100
2021-12-20,58.790000915527344,59.25,57.959999084472656,59.15999984741211,21819300
2021-12-21,59.75,60.68000030517578,59.720001220703125,60.5,19798900
2021-12-22,60.34000015258789,61.369998931884766,59.970001220703125,60.9900016784668,14058300
2021-12-23,61.16999816894531,61.84000015258789,61.0,61.02000045776367,13543300
2021-12-27,60.93000030517578,61.95000076293945,60.41999816894531,61.88999938964844,12593700
2021-12-28,61.90999984741211,62.310001373291016,61.400001525878906,61.689998626708984,12781000
2021-12-29,61.47999954223633,61.599998474121094,60.91999816894531,61.150001525878906,12733600
2021-12-30,61.220001220703125,61.599998474121094,60.77000045776367,60.790000915527344,11940300
2021-12-31,60.7400016784668,61.470001220703125,60.70000076293945,61.189998626708984,14072000
2022-01-03,61.2400016784668,63.599998474121094,61.209999084472656,63.540000915527344,24282400
2022-01-04,64.12999725341797,66.19000244140625,64.0999984741211,65.93000030517578,38584000
2022-01-05,66.5,67.61000061035156,66.4800033569336,66.75,34033300
2022-01-06,68.0,68.4800033569336,67.06999969482422,68.31999969482422,30668500
2022-01-07,68.5199966430664,69.18000030517578,67.9800033569336,68.87999725341797,23985400
2022-01-10,68.97000122070312,69.16999816894531,67.94999694824219,68.47000122070312,22760300
2022-01-11,68.88999938964844,71.4000015258789,68.58000183105469,71.3499984741211,32936100
2022-01-12,71.13999938964844,71.80999755859375,70.63999938964844,71.13999938964844,23045100
2022-01-13,71.12000274658203,71.58000183105469,70.30999755859375,70.62999725341797,21043200
2022-01-14,70.6500015258789,72.1500015258789,70.5999984741211,71.87000274658203,23012900
2022-01-18,72.81999969482422,73.87999725341797,72.01000213623047,73.08000183105469,32841200
2022-01-19,73.75,73.86000061035156,72.55000305175781,73.11000061035156,26431600
2022-01-20,72.5,74.37000274658203,72.26000213623047,73.2699966430664,26774600
2022-01-21,73.18000030517578,73.18000030517578,71.04000091552734,72.16999816894531,35995200
2022-01-24,70.87999725341797,73.08000183105469,69.80999755859375,72.79000091552734,41507000
2022-01-25,72.58999633789062,75.23999786376953,71.38999938964844,74.93000030517578,39278400
2022-01-26,75.43000030517578,76.0,73.48999786376953,74.16999816894531,35252400
2022-01-27,75.45999908447266,76.01000213623047,73.98999786376953,75.12000274658203,29174700
2022-01-28,74.97000122070312,75.62000274658203,73.94999694824219,75.27999877929688,30595700
2022-01-31,74.97000122070312,76.41999816894531,74.2699966430664,75.95999908447266,36085500
2022-02-01,76.44999694824219,81.51000213623047,76.2699966430664,80.83000183105469,61033100
2022-02-02,80.05999755859375,80.80999755859375,79.1500015258789,80.62000274658203,30299300
2022-02-03,80.08999633789062,80.30999755859375,79.0199966430664,79.68000030517578,28529400
2022-02-04,80.87000274658203,82.52999877929688,80.87000274658203,81.41000366210938,32197500
2022-02-07,81.13999938964844,83.08000183105469,80.63999938964844,82.38999938964844,34949200
2022-02-08,82.2699966430664,82.5,79.91999816894531,80.26000213623047,34356300
2022-02-09,79.58000183105469,80.02999877929688,78.70999908447266,79.0,40106100
2022-02-10,78.72000122070312,79.68000030517578,77.79000091552734,78.23999786376953,28527700
2022-02-11,78.62000274658203,80.31999969482422,78.2300033569336,80.20999908447266,42002100
2022-02-14,79.58000183105469,79.83999633789062,77.05000305175781,78.9800033569336,34652800
2022-02-15,76.9000015258789,78.19000244140625,76.41999816894531,77.98999786376953,25075100
2022-02-16,78.79000091552734,79.7300033569336,78.04000091552734,78.3499984741211,21733800
2022-02-17,78.4800033569336,79.12000274658203,77.94999694824219,78.2300033569336,23738800
2022-02-18,77.16000366210938,78.16999816894531,76.88999938964844,77.36000061035156,23394800
2022-02-22,79.66999816894531,79.79000091552734,75.30999755859375,76.45999908447266,35947800
2022-02-23,76.45999908447266,77.47000122070312,76.12999725341797,76.7699966430664,25385000
2022-02-24,79.0,79.02999877929688,74.02999877929688,75.80000305175781,46199900
2022-02-25,76.69000244140625,77.98999786376953,76.26000213623047,77.83999633789062,28310300
2022-02-28,76.51000213623047,78.93000030517578,76.19999694824219,78.41999816894531,32204600
2022-03-01,78.7699966430664,80.6500015258789,78.33000183105469,79.16999816894531,40002300
2022-03-02,80.5999984741211,82.1500015258789,79.81999969482422,80.52999877929688,44321400
2022-03-03,79.86000061035156,81.7699966430664,79.62999725341797,81.04000091552734,30196600
2022-03-04,81.05000305175781,84.27999877929688,80.66000366210938,84.08999633789062,42802200
2022-03-07,84.91999816894531,87.2300033569336,83.9000015258789,87.12000274658203,55207900
2022-03-08,89.05000305175781,91.51000213623047,85.43000030517578,87.77999877929688,72082300
2022-03-09,84.02999877929688,86.56999969482422,81.5999984741211,82.79000091552734,65466700
2022-03-10,84.01000213623047,85.68000030517578,82.9000015258789,85.36000061035156,44644200
2022-03-11,84.06999969482422,86.2300033569336,83.97000122070312,84.91999816894531,35303400
2022-03-14,83.05999755859375,83.44999694824219,80.5,81.87999725341797,37462600
2022-03-15,78.81999969482422,79.16999816894531,76.37000274658203,77.22000122070312,47957900
2022-03-16,77.80999755859375,78.62000274658203,76.25,76.93000030517578,37812300
2022-03-17,78.18000030517578,79.1500015258789,77.06999969482422,78.9800033569336,34041900
2022-03-18,79.05999755859375,79.38999938964844,78.0999984741211,78.66999816894531,41461500
2022-03-21,80.12000274658203,82.5199966430664,79.73999786376953,82.19999694824219,33089300
2022-03-22,81.62999725341797,82.19999694824219,80.79000091552734,81.83999633789062,23132200
2022-03-23,83.33999633789062,84.2699966430664,83.05000305175781,83.12999725341797,27716300
2022-03-24,83.45999908447266,84.6500015258789,82.75,83.37999725341797,19871600
2022-03-25,82.91999816894531,85.48999786376953,82.79000091552734,85.19999694824219,22398300
2022-03-28,83.16999816894531,83.30999755859375,82.0199966430664,82.80999755859375,21552400
2022-03-29,80.80999755859375,82.48999786376953,79.76000213623047,82.37000274658203,27036300
2022-03-30,83.05999755859375,84.01000213623047,82.70999908447266,83.77999877929688,22079000
2022-03-31,82.87000274658203,84.4000015258789,82.55000305175781,82.58999633789062,27861500
2022-04-01,81.98999786376953,84.13999938964844,81.98999786376953,83.12000274658203,18671100
2022-04-04,83.55999755859375,83.66000366210938,82.05000305175781,83.16000366210938,20869400
2022-04-05,83.5,85.06999969482422,82.55999755859375,82.7300033569336,21753100
2022-04-06,83.41999816894531,84.69999694824219,82.94000244140625,83.6500015258789,24768200
2022-04-07,83.83000183105469,85.44000244140625,82.70999908447266,85.05000305175781,26122000
2022-04-08,85.16999816894531,87.20999908447266,85.16999816894531,86.83999633789062,24866500
2022-04-11,85.77999877929688,85.93000030517578,83.5,83.8499984741211,21800100
2022-04-12,85.70999908447266,86.81999969482422,85.37999725341797,85.5999984741211,22444200
2022-04-13,86.61000061035156,87.11000061035156,85.19000244140625,86.80999755859375,19306800
2022-04-14,86.66999816894531,88.45999908447266,86.2300033569336,87.83000183105469,24566400
2022-04-18,88.5,88.88999938964844,87.75,88.55000305175781,19032300
2022-04-19,88.01000213623047,88.66000366210938,87.2699966430664,87.76000213623047,20382600
2022-04-20,87.97000122070312,88.5,87.30000305175781,87.95999908447266,20689400
2022-04-21,88.94999694824219,89.80000305175781,86.79000091552734,87.02999877929688,29010900
2022-04-22,86.66000366210938,88.12000274658203,85.0,85.12999725341797,23591600
2022-04-25,82.37000274658203,82.66000366210938,79.29000091552734,82.26000213623047,37698300
2022-04-26,82.7300033569336,84.72000122070312,82.18000030517578,82.29000091552734,28941500
2022-04-27,83.38999938964844,85.4800033569336,82.27999877929688,84.63999938964844,32773000
2022-04-28,84.87999725341797,88.13999938964844,84.06999969482422,87.19999694824219,33683800
2022-04-29,88.13999938964844,88.13999938964844,84.69999694824219,85.25,34656500
2022-05-02,85.01000213623047,87.04000091552734,84.62999725341797,86.41000366210938,36335200
2022-05-03,86.26000213623047,88.77999877929688,86.12000274658203,88.19000244140625,33908100
2022-05-04,89.5,91.87999725341797,88.91000366210938,91.69999694824219,46188400
2022-05-05,92.04000091552734,92.05000305175781,88.38999938964844,90.30999755859375,41013400
2022-05-06,90.9800033569336,91.81999969482422,89.3499984741211,91.69000244140625,29619300
2022-05-09,89.44000244140625,89.55999755859375,84.0199966430664,84.45999908447266,45851600
2022-05-10,85.63999938964844,86.88999938964844,83.5199966430664,85.0199966430664,34483200
2022-05-11,86.43000030517578,88.94000244140625,86.27999877929688,86.79000091552734,33020600
2022-05-12,85.94999694824219,86.37999725341797,83.4000015258789,86.30000305175781,29491500
2022-05-13,87.36000061035156,88.94999694824219,86.3499984741211,88.86000061035156,25798400
2022-05-16,88.9800033569336,91.9800033569336,88.97000122070312,90.94999694824219,26101200
2022-05-17,91.7300033569336,92.44999694824219,91.12000274658203,92.11000061035156,23120700
2022-05-18,92.51000213623047,92.91999816894531,89.83000183105469,90.6500015258789,25451200
2022-05-19,89.0,92.30000305175781,89.0,91.13999938964844,24387400
2022-05-20,91.93000030517578,93.58999633789062,90.4000015258789,91.86000061035156,28795000
2022-05-23,92.66000366210938,94.7699966430664,92.55000305175781,93.88999938964844,27239300
2022-05-24,92.81999969482422,94.79000091552734,92.31999969482422,94.4000015258789,24293300
2022-05-25,94.58000183105469,96.52999877929688,94.47000122070312,96.30000305175781,29947800
2022-05-26,96.5999984741211,97.43000030517578,96.19999694824219,96.63999938964844,24314800
2022-05-27,95.94999694824219,97.93000030517578,95.30000305175781,97.58999633789062,25588800
2022-05-31,98.55999755859375,99.77999877929688,95.70999908447266,96.0,44888100
2022-06-01,97.0199966430664,98.70999908447266,96.62000274658203,97.83999633789062,25815400
2022-06-02,97.29000091552734,98.0999984741211,96.79000091552734,97.66999816894531,19089100
2022-06-03,97.9000015258789,99.66000366210938,97.9000015258789,99.08999633789062,21038200
2022-06-06,99.18000030517578,99.77999877929688,98.66999816894531,98.83999633789062,20682100
2022-06-07,99.69999694824219,103.43000030517578,99.48999786376953,103.37000274658203,37810200
2022-06-08,103.48999786376953,105.56999969482422,102.9800033569336,104.58999633789062,31613200
2022-06-09,103.41999816894531,104.56999969482422,102.16000366210938,102.33000183105469,26607000
2022-06-10,101.94000244140625,103.3499984741211,99.79000091552734,100.45999908447266,30950500
2022-06-13,97.5199966430664,97.7699966430664,93.91999816894531,95.8499984741211,33421000
2022-06-14,97.41000366210938,98.66999816894531,95.2699966430664,96.0999984741211,31264000
2022-06-15,95.98999786376953,96.56999969482422,93.2699966430664,94.88999938964844,29620800
2022-06-16,92.41000366210938,93.12999725341797,90.27999877929688,91.38999938964844,35696700
2022-06-17,90.95999908447266,91.3499984741211,85.66000366210938,86.12000274658203,64610200
2022-06-21,88.58000183105469,92.52999877929688,88.5199966430664,91.4800033569336,35951500
2022-06-22,87.54000091552734,89.76000213623047,87.52999877929688,87.86000061035156,29727200
2022-06-23,88.66000366210938,89.05000305175781,83.5199966430664,85.20999908447266,35757200
2022-06-24,86.94999694824219,88.4000015258789,85.80999755859375,86.9000015258789,26639000
2022-06-27,87.80999755859375,90.04000091552734,87.66999816894531,89.02999877929688,25478700
2022-06-28,91.12000274658203,93.23999786376953,90.3499984741211,91.5,33096900
2022-06-29,92.9800033569336,93.19999694824219,87.76000213623047,88.12000274658203,25400900
2022-06-30,86.13999938964844,87.5999984741211,84.66999816894531,85.63999938964844,39948100
2022-07-01,86.73999786376953,87.87999725341797,84.70999908447266,87.55000305175781,26327900
2022-07-05,86.33999633789062,86.69999694824219,83.01000213623047,84.80999755859375,34591100
2022-07-06,83.76000213623047,85.2300033569336,81.01000213623047,83.27999877929688,33375700
2022-07-07,85.37999725341797,86.76000213623047,85.30000305175781,85.94000244140625,23817400
2022-07-08,86.94999694824219,87.30000305175781,84.93000030517578,86.08000183105469,17673800
2022-07-11,85.16999816894531,86.12000274658203,84.36000061035156,85.63999938964844,15603800
2022-07-12,83.77999877929688,85.05000305175781,82.86000061035156,84.5,21013000
2022-07-13,83.37999725341797,86.30999755859375,83.30000305175781,84.83999633789062,19928600
2022-07-14,81.8499984741211,83.30999755859375,80.69000244140625,83.13999938964844,26343000
2022-07-15,84.80000305175781,84.87999725341797,82.9000015258789,84.54000091552734,17243700
2022-07-18,86.58000183105469,87.94000244140625,85.75,86.0999984741211,19395800
2022-07-19,86.41999816894531,88.5199966430664,86.25,88.2699966430664,18248900
2022-07-20,87.58000183105469,89.6500015258789,87.25,89.23999786376953,16584400
2022-07-21,86.93000030517578,87.80000305175781,85.20999908447266,87.75,21375700
2022-07-22,87.55000305175781,88.47000122070312,86.62999725341797,87.08000183105469,15479500
2022-07-25,88.16000366210938,90.12999725341797,87.41999816894531,89.9800033569336,17536400
2022-07-26,91.12999725341797,91.27999877929688,89.0,89.62999725341797,15141200
2022-07-27,90.27999877929688,92.0,89.4000015258789,91.56999969482422,18047000
2022-07-28,92.18000030517578,93.25,91.01000213623047,92.63999938964844,20353100
2022-07-29,94.44999694824219,97.5199966430664,94.0999984741211,96.93000030517578,29825800
2022-08-01,94.79000091552734,95.3499984741211,93.2300033569336,94.4800033569336,20793200
2022-08-02,94.69000244140625,95.19999694824219,93.81999969482422,94.06999969482422,16722500
2022-08-03,94.41999816894531,94.41999816894531,90.79000091552734,91.0199966430664,23580800
2022-08-04,90.30999755859375,90.33999633789062,86.43000030517578,87.19000244140625,31821500
2022-08-05,86.36000061035156,89.69000244140625,86.27999877929688,88.44999694824219,17408000
2022-08-08,88.61000061035156,89.5999984741211,88.22000122070312,88.94999694824219,14458500
2022-08-09,90.05000305175781,91.61000061035156,89.94999694824219,90.58999633789062,19083400
2022-08-10,90.68000030517578,91.79000091552734,89.19000244140625,91.44999694824219,18302000
2022-08-11,91.83999633789062,94.30000305175781,91.44000244140625,93.19000244140625,18797900
2022-08-12,92.4800033569336,94.0199966430664,92.11000061035156,94.0,15058200
2022-08-15,90.52999877929688,92.7300033569336,89.66000366210938,92.31999969482422,20755200
2022-08-16,92.02999877929688,92.88999938964844,91.29000091552734,91.45999908447266,14038200
2022-08-17,91.2699966430664,93.20999908447266,90.91999816894531,92.19999694824219,13678000
2022-08-18,93.1500015258789,95.30999755859375,93.08999633789062,94.37999725341797,17770400
2022-08-19,94.16000366210938,95.19999694824219,93.80000305175781,94.08000183105469,16128600
2022-08-22,93.41999816894531,94.48999786376953,91.86000061035156,94.01000213623047,16019900
2022-08-23,95.55000305175781,98.41000366210938,95.44999694824219,98.0,23764700
2022-08-24,98.01000213623047,98.97000122070312,97.36000061035156,98.58000183105469,17050300
2022-08-25,98.91999816894531,99.86000061035156,98.0999984741211,99.08999633789062,15305700
2022-08-26,98.7699966430664,99.91000366210938,97.41999816894531,97.87000274658203,15531400
2022-08-29,98.18000030517578,101.55999755859375,98.13999938964844,100.12000274658203,23059200
2022-08-30,98.36000061035156,98.62000274658203,95.81999969482422,96.30999755859375,17086800
2022-08-31,94.02999877929688,96.83999633789062,93.58999633789062,95.58999633789062,18340900
2022-09-01,94.41999816894531,95.06999969482422,92.29000091552734,93.87000274658203,16423000
2022-09-02,96.3499984741211,96.79000091552734,95.11000061035156,95.58999633789062,18206800
2022-09-06,96.16000366210938,96.58999633789062,94.51000213623047,94.94999694824219,19201500
2022-09-07,93.19000244140625,94.58999633789062,92.30000305175781,94.13999938964844,16274700
2022-09-08,94.66000366210938,95.41999816894531,93.72000122070312,94.91000366210938,18759200
2022-09-09,96.5199966430664,97.0,95.31999969482422,96.5,17158000
2022-09-12,97.6500015258789,99.19000244140625,96.87999725341797,97.61000061035156,16118900
2022-09-13,96.61000061035156,97.77999877929688,94.91000366210938,95.33000183105469,18229100
2022-09-14,96.19000244140625,98.55999755859375,96.1500015258789,97.66999816894531,22655700
2022-09-15,96.22000122070312,96.54000091552734,94.05000305175781,94.83000183105469,21092300
2022-09-16,95.06999969482422,95.33999633789062,92.0,93.20999908447266,37874700
2022-09-19,91.01000213623047,93.48999786376953,91.0,93.19999694824219,15342100
2022-09-20,92.7300033569336,92.93000030517578,91.63999938964844,92.44000244140625,14712500
2022-09-21,93.56999969482422,93.87999725341797,90.87000274658203,90.94999694824219,17332400
2022-09-22,92.19999694824219,92.66000366210938,90.5199966430664,90.56999969482422,16139400
2022-09-23,87.5,87.5,84.8499984741211,85.75,27738800
2022-09-26,84.9000015258789,86.22000122070312,83.88999938964844,83.9800033569336,22043400
2022-09-27,85.61000061035156,86.95999908447266,84.80999755859375,85.73999786376953,17307300
2022-09-28,86.12000274658203,89.30000305175781,85.91999816894531,88.86000061035156,19543300
2022-09-29,88.18000030517578,89.36000061035156,87.12999725341797,88.68000030517578,17896000
2022-09-30,88.16999816894531,89.04000091552734,87.30999755859375,87.30999755859375,21357600
2022-10-03,90.04000091552734,92.36000061035156,89.72000122070312,91.91999816894531,23881300
2022-10-04,93.23999786376953,95.36000061035156,92.70999908447266,95.2699966430664,22133700
2022-10-05,95.75,99.98999786376953,95.66000366210938,99.12000274658203,34857700
2022-10-06,98.47000122070312,102.18000030517578,98.33000183105469,102.05999755859375,29124700
2022-10-07,102.19000244140625,103.31999969482422,100.18000030517578,101.02999877929688,24507600
2022-10-10,101.48999786376953,102.02999877929688,98.72000122070312,98.83999633789062,16786100
2022-10-11,97.22000122070312,99.76000213623047,96.75,98.0,17804100
2022-10-12,97.5,98.91000366210938,97.2300033569336,98.43000030517578,12635800
2022-10-13,97.55000305175781,102.44999694824219,97.4000015258789,101.87000274658203,22019100
2022-10-14,101.12000274658203,102.23999786376953,99.04000091552734,99.19000244140625,15222000
2022-10-17,101.06999969482422,101.97000122070312,100.5,100.62000274658203,14283200
2022-10-18,101.54000091552734,102.3499984741211,99.2300033569336,100.80000305175781,14065400
2022-10-19,101.25,103.98999786376953,101.2300033569336,103.79000091552734,20921700
2022-10-20,104.31999969482422,105.0,103.41000366210938,103.93000030517578,17649000
2022-10-21,104.44999694824219,106.4000015258789,103.91000366210938,105.86000061035156,22814100
2022-10-24,105.66000366210938,107.68000030517578,105.12000274658203,106.5999984741211,17024200
2022-10-25,106.41000366210938,107.33000183105469,105.06999969482422,105.87999725341797,15719800
2022-10-26,106.26000213623047,107.83000183105469,106.0,107.13999938964844,17383800
2022-10-27,108.41000366210938,109.58000183105469,107.41999816894531,107.55000305175781,18214000
2022-10-28,109.45999908447266,111.20999908447266,108.12000274658203,110.69999694824219,28169400
2022-10-31,109.5,112.91000366210938,109.44000244140625,110.80999755859375,26401800
2022-11-01,112.37000274658203,112.56999969482422,110.6500015258789,111.91000366210938,22213100
2022-11-02,111.58000183105469,112.0999984741211,109.30999755859375,109.61000061035156,20654200
2022-11-03,108.58000183105469,111.81999969482422,108.30999755859375,111.0999984741211,17103700
2022-11-04,113.0,113.5,110.80000305175781,112.30999755859375,17541500
2022-11-07,112.41000366210938,113.98999786376953,112.12999725341797,113.63999938964844,16008000
2022-11-08,113.4800033569336,114.66000366210938,112.5999984741211,114.0,14661000
2022-11-09,113.0999984741211,113.27999877929688,108.56999969482422,108.9000015258789,19522800
2022-11-10,110.19000244140625,110.69999694824219,107.56999969482422,110.5,20146700
2022-11-11,112.58000183105469,114.5,112.48999786376953,113.94999694824219,20518900
2022-11-14,112.62999725341797,114.63999938964844,112.48999786376953,113.37000274658203,20858300
2022-11-15,113.80000305175781,114.52999877929688,112.87000274658203,114.12999725341797,19373800
2022-11-16,113.44000244140625,114.26000213623047,111.86000061035156,112.91000366210938,13591000
2022-11-17,111.29000091552734,113.19999694824219,110.75,113.05999755859375,12425900
2022-11-18,110.9000015258789,112.4800033569336,109.61000061035156,112.08000183105469,15415000
2022-11-21,109.98999786376953,111.19999694824219,107.4800033569336,110.97000122070312,20973000
2022-11-22,112.20999908447266,114.47000122070312,111.43000030517578,114.18000030517578,17719100
2022-11-23,112.31999969482422,113.94999694824219,112.0999984741211,113.61000061035156,11546700
2022-11-25,113.87999725341797,114.61000061035156,113.05999755859375,113.20999908447266,7136000
2022-11-28,110.66000366210938,111.45999908447266,109.62000274658203,109.80999755859375,23015500
2022-11-29,110.61000061035156,111.80000305175781,109.79000091552734,110.54000091552734,14453200
2022-11-30,111.54000091552734,111.9000015258789,109.77999877929688,111.33999633789062,23158100
2022-12-01,111.63999938964844,112.06999969482422,110.18000030517578,110.80000305175781,14398300
2022-12-02,109.51000213623047,111.70999908447266,109.19999694824219,109.86000061035156,15248400
2022-12-05,110.69999694824219,111.36000061035156,105.94000244140625,106.8499984741211,19287700
2022-12-06,105.9000015258789,107.04000091552734,103.1500015258789,103.87999725341797,21197000
2022-12-07,103.77999877929688,104.8499984741211,102.37000274658203,103.6500015258789,20061700
2022-12-08,106.27999877929688,106.80000305175781,103.70999908447266,104.41999816894531,21128800
2022-12-09,104.58999633789062,105.94999694824219,103.30000305175781,103.54000091552734,21298200
2022-12-12,103.83000183105469,106.23999786376953,103.58999633789062,106.08999633789062,20413200
2022-12-13,107.80000305175781,108.54000091552734,107.0199966430664,107.25,24305300
2022-12-14,107.98999786376953,108.30000305175781,105.75,106.45999908447266,17597300
2022-12-15,105.33000183105469,106.16999816894531,103.69999694824219,105.44000244140625,15365100
2022-12-16,103.69000244140625,105.58000183105469,103.12999725341797,104.69999694824219,54596600
2022-12-19,105.26000213623047,106.19999694824219,104.37999725341797,105.16999816894531,13611100
2022-12-20,105.16999816894531,107.51000213623047,105.06999969482422,106.69000244140625,14680000
2022-12-21,108.29000091552734,108.58999633789062,107.16000366210938,108.05999755859375,13565400
2022-12-22,107.88999938964844,108.19000244140625,104.0999984741211,105.87999725341797,13213000
2022-12-23,106.94999694824219,108.73999786376953,106.9000015258789,108.68000030517578,11539400
2022-12-27,109.2699966430664,110.47000122070312,108.83000183105469,110.19000244140625,11962100
2022-12-28,109.91000366210938,110.0,107.9000015258789,108.37999725341797,10702100
2022-12-29,107.98999786376953,109.72000122070312,107.98999786376953,109.19999694824219,10534000
2022-12-30,108.61000061035156,110.5,108.61000061035156,110.30000305175781,11799600
2023-01-03,109.77999877929688,110.0199966430664,105.48999786376953,106.51000213623047,15146200
2023-01-04,104.80000305175781,107.16000366210938,104.76000213623047,106.81999969482422,18058400
2023-01-05,106.33999633789062,109.94999694824219,106.30999755859375,109.20999908447266,15946600
2023-01-06,110.08000183105469,111.98999786376953,109.66999816894531,110.52999877929688,16348100
2023-01-09,111.63999938964844,111.63999938964844,107.80999755859375,108.47000122070312,17964600
2023-01-10,109.79000091552734,110.33000183105469,108.01000213623047,110.08999633789062,15104600
2023-01-11,110.98999786376953,111.44999694824219,109.08999633789062,111.37000274658203,16710400
2023-01-12,111.81999969482422,113.73999786376953,111.73999786376953,113.22000122070312,15357300
2023-01-13,113.11000061035156,113.48999786376953,112.16000366210938,113.1500015258789,12011400
2023-01-17,113.41000366210938,114.08000183105469,112.66999816894531,112.93000030517578,16542200
2023-01-18,113.26000213623047,114.12000274658203,110.4000015258789,110.61000061035156,16399700
2023-01-19,110.06999969482422,112.12999725341797,109.58000183105469,111.31999969482422,12928000
2023-01-20,111.36000061035156,113.44000244140625,110.61000061035156,113.3499984741211,16515600
2023-01-23,113.63999938964844,114.58999633789062,112.63999938964844,112.76000213623047,16584400
2023-01-24,109.16000366210938,114.0199966430664,104.87000274658203,113.80999755859375,13583000
2023-01-25,113.2300033569336,113.6500015258789,111.38999938964844,113.20999908447266,11914700
2023-01-26,114.72000122070312,117.77999877929688,114.33999633789062,117.76000213623047,21019700
2023-01-27,116.94999694824219,117.66999816894531,115.38999938964844,115.61000061035156,15179200
2023-01-30,115.08999633789062,115.48999786376953,113.1500015258789,113.55999755859375,18672100
2023-01-31,112.0999984741211,116.4000015258789,110.43000030517578,116.01000213623047,27861800
2023-02-01,115.83000183105469,117.37999725341797,113.33999633789062,114.73999786376953,19464900
2023-02-02,114.8499984741211,115.06999969482422,109.83000183105469,111.1500015258789,24562100
2023-02-03,111.9000015258789,114.11000061035156,111.55999755859375,111.91999816894531,20226600
2023-02-06,112.36000061035156,113.08999633789062,110.31999969482422,111.7300033569336,13855200
2023-02-07,112.38999938964844,115.30999755859375,112.0199966430664,114.91999816894531,16013300
2023-02-08,115.05000305175781,115.83000183105469,113.8499984741211,113.91999816894531,18459700
2023-02-09,114.62000274658203,116.23999786376953,114.18000030517578,114.3499984741211,17439300
2023-02-10,116.51000213623047,119.62999725341797,116.16000366210938,119.16999816894531,24918600
2023-02-13,117.72000122070312,118.18000030517578,115.9000015258789,117.80000305175781,14536200
2023-02-14,117.01000213623047,117.80999755859375,116.0199966430664,116.41999816894531,12079000
2023-02-15,115.72000122070312,116.08999633789062,114.13999938964844,116.06999969482422,13663400
2023-02-16,115.30999755859375,116.77999877929688,114.80000305175781,115.7300033569336,11360600
2023-02-17,114.19000244140625,114.19000244140625,110.9800033569336,111.27999877929688,20758300
2023-02-21,110.80999755859375,112.37999725341797,110.80999755859375,111.16999816894531,14469400
2023-02-22,110.4800033569336,110.97000122070312,108.63999938964844,109.7300033569336,13973800
2023-02-23,110.7300033569336,111.83000183105469,109.9000015258789,110.73999786376953,11289400
2023-02-24,109.33000183105469,110.95999908447266,109.0199966430664,110.75,14351000
2023-02-27,110.80000305175781,111.26000213623047,109.95999908447266,110.55000305175781,11710500
2023-02-28,111.23999786376953,111.36000061035156,109.22000122070312,109.91000366210938,18107000
2023-03-01,109.30999755859375,111.86000061035156,109.23999786376953,110.88999938964844,13200000
2023-03-02,110.62000274658203,111.69999694824219,110.16999816894531,111.4000015258789,10339900
2023-03-03,110.05000305175781,113.37000274658203,109.94999694824219,112.80999755859375,13006700
2023-03-06,111.98999786376953,113.83999633789062,111.87000274658203,113.80999755859375,14347400
2023-03-07,112.80999755859375,113.16999816894531,111.16999816894531,111.61000061035156,11525300
2023-03-08,111.2300033569336,112.41999816894531,109.06999969482422,109.9800033569336,13509800
2023-03-09,110.87000274658203,112.2300033569336,109.02999877929688,109.12999725341797,12961200
2023-03-10,109.55999755859375,111.04000091552734,107.1500015258789,107.77999877929688,15795700
2023-03-13,105.33999633789062,107.86000061035156,103.72000122070312,106.54000091552734,20745600
2023-03-14,106.3499984741211,109.01000213623047,104.95999908447266,106.94000244140625,18263500
2023-03-15,102.81999969482422,104.19999694824219,100.22000122070312,101.62000274658203,25733800
2023-03-16,99.11000061035156,101.68000030517578,98.0199966430664,101.02999877929688,27465200
2023-03-17,100.5999984741211,101.61000061035156,99.13999938964844,99.83999633789062,43199500
2023-03-20,99.62999725341797,102.4800033569336,99.5,102.44999694824219,32042100
2023-03-21,104.16999816894531,107.27999877929688,104.12999725341797,107.04000091552734,31592300
2023-03-22,106.80000305175781,107.18000030517578,104.55999755859375,104.58999633789062,14952700
2023-03-23,105.36000061035156,106.33999633789062,102.44000244140625,103.41000366210938,14385900
2023-03-24,101.47000122070312,103.8499984741211,100.91000366210938,103.52999877929688,13401600
2023-03-27,104.73999786376953,106.4800033569336,103.91000366210938,105.80000305175781,14805900
2023-03-28,105.44000244140625,107.6500015258789,105.19000244140625,107.12000274658203,11047600
2023-03-29,108.05999755859375,109.16000366210938,107.48999786376953,108.95999908447266,14219100
2023-03-30,109.55000305175781,109.56999969482422,108.5199966430664,109.48999786376953,11578200
2023-03-31,109.68000030517578,110.16999816894531,109.05000305175781,109.66000366210938,14418000
2023-04-03,113.38999938964844,116.8499984741211,113.12000274658203,116.12999725341797,28087700
2023-04-04,116.26000213623047,116.69999694824219,114.16999816894531,115.0199966430664,16365500
2023-04-05,115.3499984741211,117.0,114.30999755859375,116.98999786376953,16479500
2023-04-06,116.86000061035156,117.18000030517578,114.7699966430664,115.05000305175781,15778000
2023-04-10,114.77999877929688,116.18000030517578,114.16999816894531,114.54000091552734,13006600
2023-04-11,114.95999908447266,116.19999694824219,114.37999725341797,115.3499984741211,11758500
2023-04-12,116.16000366210938,116.58999633789062,114.93000030517578,115.2300033569336,10919000
2023-04-13,114.5999984741211,115.88999938964844,114.12999725341797,115.7699966430664,12399700
2023-04-14,115.9000015258789,116.66000366210938,115.12000274658203,116.05000305175781,11530800
2023-04-17,115.48999786376953,116.51000213623047,114.41999816894531,114.69999694824219,13260400
2023-04-18,114.38999938964844,117.20999908447266,114.30000305175781,116.94000244140625,17436100
2023-04-19,116.08000183105469,116.9000015258789,115.7699966430664,116.56999969482422,10682600
2023-04-20,115.12999725341797,115.68000030517578,113.2300033569336,115.63999938964844,17038700
2023-04-21,116.48999786376953,116.87999725341797,115.26000213623047,116.01000213623047,14315300
2023-04-24,115.91999816894531,118.88999938964844,115.87999725341797,118.19999694824219,15831300
2023-04-25,117.55000305175781,117.73999786376953,115.62999725341797,116.5199966430664,12179800
2023-04-26,116.02999877929688,117.08999633789062,114.68000030517578,115.44999694824219,15566100
2023-04-27,115.62000274658203,117.01000213623047,114.87999725341797,116.83000183105469,16279200
2023-04-28,117.25,119.91999816894531,116.83000183105469,118.33999633789062,24381900
2023-05-01,115.98999786376953,117.30000305175781,114.44999694824219,114.66999816894531,17355000
2023-05-02,113.94000244140625,113.94000244140625,109.29000091552734,110.0999984741211,24324100
2023-05-03,109.08000183105469,109.80999755859375,107.76000213623047,107.93000030517578,16212300
2023-05-04,107.9000015258789,108.75,105.91000366210938,106.04000091552734,17177200
2023-05-05,108.55000305175781,109.43000030517578,107.52999877929688,108.68000030517578,14968200
2023-05-08,110.5,110.97000122070312,109.04000091552734,109.11000061035156,11187800
2023-05-09,108.33999633789062,110.2300033569336,108.20999908447266,109.13999938964844,11370800
2023-05-10,109.73999786376953,110.01000213623047,106.70999908447266,107.73999786376953,14884800
2023-05-11,106.48999786376953,106.81999969482422,104.93000030517578,105.79000091552734,17165900
2023-05-12,106.30999755859375,107.01000213623047,104.77999877929688,105.77999877929688,12613300
2023-05-15,105.51000213623047,105.93000030517578,104.58000183105469,105.06999969482422,13715600
2023-05-16,104.62999725341797,104.80999755859375,102.0199966430664,102.5199966430664,14795200
2023-05-17,103.38999938964844,105.2300033569336,102.8499984741211,104.81999969482422,14064700
2023-05-18,104.55000305175781,105.91000366210938,104.12999725341797,105.7699966430664,12005600
2023-05-19,106.56999969482422,107.05000305175781,105.81999969482422,106.26000213623047,13359600
2023-05-22,105.83999633789062,107.04000091552734,104.87999725341797,104.97000122070312,12882000
2023-05-23,105.98999786376953,108.22000122070312,105.75,106.4000015258789,14394400
2023-05-24,107.37999725341797,108.51000213623047,106.7300033569336,107.58999633789062,16340300
2023-05-25,105.94000244140625,106.43000030517578,104.70999908447266,105.66000366210938,14316500
2023-05-26,106.47000122070312,106.94999694824219,104.83000183105469,104.97000122070312,12370300
2023-05-30,103.29000091552734,104.12000274658203,102.61000061035156,104.04000091552734,11938000
2023-05-31,102.29000091552734,103.04000091552734,101.73999786376953,102.18000030517578,24926100
2023-06-01,101.75,105.58000183105469,101.26000213623047,103.36000061035156,13551900
2023-06-02,105.16000366210938,106.12999725341797,104.52999877929688,105.76000213623047,14112000
2023-06-05,107.19000244140625,107.19000244140625,105.08999633789062,105.29000091552734,10628000
2023-06-06,104.1500015258789,106.2699966430664,103.9800033569336,106.1500015258789,12209800
2023-06-07,106.79000091552734,108.88999938964844,106.7300033569336,108.52999877929688,16027100
2023-06-08,108.7699966430664,109.13999938964844,105.9000015258789,108.19000244140625,13517100
2023-06-09,108.45999908447266,108.61000061035156,107.16000366210938,107.38999938964844,12251600
2023-06-12,105.80999755859375,107.05999755859375,105.55999755859375,106.41999816894531,14112000
2023-06-13,107.37999725341797,108.33999633789062,106.27999877929688,106.44000244140625,13533800
2023-06-14,107.44999694824219,108.11000061035156,104.38999938964844,105.16000366210938,16627700
2023-06-15,105.5,107.02999877929688,105.44000244140625,105.88999938964844,16224100
2023-06-16,106.36000061035156,106.7699966430664,104.95999908447266,105.12999725341797,43128900
2023-06-20,104.68000030517578,104.7699966430664,102.12000274658203,102.72000122070312,17514100
2023-06-21,102.5,104.62999725341797,102.33000183105469,103.87000274658203,13285700
2023-06-22,102.83999633789062,103.88999938964844,102.6500015258789,103.30000305175781,12455300
2023-06-23,102.58999633789062,102.81999969482422,101.62000274658203,102.4000015258789,17933600
2023-06-26,102.19999694824219,104.91000366210938,102.19999694824219,104.29000091552734,14283400
2023-06-27,104.05000305175781,104.61000061035156,103.2699966430664,104.55000305175781,13227500
2023-06-28,104.30999755859375,105.81999969482422,103.19999694824219,105.4000015258789,13084100
2023-06-29,105.66000366210938,106.7300033569336,105.12999725341797,106.69999694824219,11364400
2023-06-30,107.31999969482422,107.87999725341797,106.80999755859375,107.25,13544700
2023-07-03,107.48999786376953,108.45999908447266,107.06999969482422,107.45999908447266,7397000
2023-07-05,107.62999725341797,107.91999816894531,106.0999984741211,106.91000366210938,12491200
2023-07-06,105.08999633789062,105.72000122070312,102.43000030517578,102.91999816894531,17961400
2023-07-07,101.91999816894531,104.0,101.55999755859375,103.16000366210938,21929200
2023-07-10,102.97000122070312,104.75,102.75,104.69000244140625,14877600
2023-07-11,105.26000213623047,106.16000366210938,104.80999755859375,105.97000122070312,12576500
2023-07-12,107.0,107.6500015258789,106.12999725341797,106.48999786376953,13238200
2023-07-13,105.97000122070312,106.2300033569336,103.31999969482422,104.54000091552734,26826800
2023-07-14,104.05000305175781,104.05000305175781,100.52999877929688,100.94000244140625,28181900
2023-07-17,100.72000122070312,101.66999816894531,100.22000122070312,101.37999725341797,18051300
2023-07-18,100.91999816894531,102.19999694824219,100.33999633789062,100.91999816894531,24617800
2023-07-19,101.05000305175781,102.4000015258789,100.80000305175781,101.62000274658203,15556500
2023-07-20,102.54000091552734,103.66000366210938,102.36000061035156,103.41000366210938,15740200
2023-07-21,104.16000366210938,104.37999725341797,103.26000213623047,103.88999938964844,17121500
2023-07-24,104.36000061035156,106.16000366210938,103.95999908447266,105.5199966430664,15090900
2023-07-25,105.05999755859375,106.08999633789062,104.54000091552734,105.68000030517578,14116100
2023-07-26,105.11000061035156,105.72000122070312,104.63999938964844,105.08999633789062,15159600
2023-07-27,106.0,106.98999786376953,104.73999786376953,105.41999816894531,17677900
2023-07-28,105.11000061035156,105.16000366210938,102.31999969482422,104.16000366210938,17566400
2023-07-31,105.19000244140625,107.86000061035156,105.19000244140625,107.23999786376953,24197000
2023-08-01,106.94999694824219,107.31999969482422,105.52999877929688,106.62000274658203,14177400
2023-08-02,106.26000213623047,106.37999725341797,104.56999969482422,105.29000091552734,13484100
2023-08-03,105.88999938964844,107.87999725341797,105.30000305175781,107.12000274658203,16280400
2023-08-04,107.95999908447266,109.23999786376953,107.33000183105469,107.41999816894531,14279600
2023-08-07,107.9000015258789,108.41999816894531,106.51000213623047,107.19999694824219,12410800
2023-08-08,106.04000091552734,107.75,104.83999633789062,107.7300033569336,14065600
2023-08-09,108.70999908447266,110.41999816894531,108.30999755859375,109.55999755859375,19919600
2023-08-10,110.19000244140625,111.62999725341797,109.44000244140625,110.12000274658203,15837200
2023-08-11,110.37000274658203,112.06999969482422,110.05000305175781,111.83000183105469,14047000
2023-08-14,111.68000030517578,111.9800033569336,110.77999877929688,111.91999816894531,12973400
2023-08-15,110.75,110.86000061035156,107.97000122070312,108.16000366210938,14909600
2023-08-16,108.27999877929688,109.33000183105469,106.27999877929688,106.33999633789062,13695100
2023-08-17,107.41999816894531,110.1500015258789,107.41999816894531,108.4000015258789,16709500
2023-08-18,107.63999938964844,110.19999694824219,107.62000274658203,110.04000091552734,16224000
2023-08-21,110.36000061035156,110.9800033569336,108.13999938964844,108.70999908447266,11092400
2023-08-22,109.16999816894531,109.72000122070312,107.94999694824219,108.0999984741211,10518800
2023-08-23,107.04000091552734,107.30000305175781,105.72000122070312,107.1500015258789,11435600
2023-08-24,106.41999816894531,107.7699966430664,106.06999969482422,106.3499984741211,10818500
2023-08-25,107.43000030517578,108.93000030517578,106.62000274658203,108.25,13579300
2023-08-28,108.44999694824219,110.04000091552734,108.44000244140625,109.16000366210938,10382100
2023-08-29,109.66000366210938,110.0199966430664,108.41999816894531,109.80999755859375,9665000
2023-08-30,110.44000244140625,111.13999938964844,109.9800033569336,110.87999725341797,11922100
2023-08-31,111.12000274658203,111.41999816894531,110.62000274658203,111.19000244140625,17479800
2023-09-01,112.19999694824219,113.81999969482422,112.19999694824219,113.5199966430664,14843500
2023-09-05,114.0999984741211,115.83000183105469,113.5,113.52999877929688,18304000
2023-09-06,113.4800033569336,114.58999633789062,113.2300033569336,114.51000213623047,13325500
2023-09-07,114.6500015258789,115.8499984741211,113.69999694824219,113.94999694824219,13248500
2023-09-08,114.52999877929688,116.05000305175781,114.31999969482422,115.61000061035156,14283200
2023-09-11,116.18000030517578,116.68000030517578,113.56999969482422,114.16000366210938,14383600
2023-09-12,115.33999633789062,117.66999816894531,115.2699966430664,117.48999786376953,20145800
2023-09-13,117.41000366210938,117.95999908447266,115.9000015258789,116.44000244140625,13472800
2023-09-14,117.55000305175781,118.66000366210938,117.33000183105469,118.5199966430664,15210700
2023-09-15,117.9000015258789,118.51000213623047,116.5,116.69999694824219,34568400
2023-09-18,117.52999877929688,118.23999786376953,116.69999694824219,117.63999938964844,14045300
2023-09-19,118.62000274658203,118.83999633789062,116.61000061035156,117.33000183105469,12562900
2023-09-20,116.54000091552734,118.0199966430664,116.31999969482422,116.4000015258789,11879900
2023-09-21,116.9800033569336,117.37000274658203,114.5999984741211,114.76000213623047,14400600
2023-09-22,115.70999908447266,116.68000030517578,114.80999755859375,114.94000244140625,13197300
2023-09-25,115.08999633789062,116.6500015258789,114.83000183105469,116.2300033569336,11316000
2023-09-26,115.5,116.7300033569336,115.37000274658203,116.41000366210938,11805400
2023-09-27,117.88999938964844,120.5,117.4000015258789,120.19999694824219,23976200
2023-09-28,119.9800033569336,120.69999694824219,118.19000244140625,119.47000122070312,16808100
2023-09-29,119.0999984741211,119.18000030517578,116.7300033569336,117.58000183105469,18813600
2023-10-02,117.52999877929688,117.79000091552734,114.55000305175781,115.62999725341797,14395000
2023-10-03,115.44000244140625,116.44000244140625,115.02999877929688,115.83000183105469,13297100
2023-10-04,114.05000305175781,114.08999633789062,110.5,111.5,19622200
2023-10-05,109.80000305175781,110.9000015258789,108.69999694824219,108.98999786376953,20128800
2023-10-06,105.7300033569336,108.2699966430664,105.11000061035156,107.16999816894531,25367500
2023-10-09,110.44000244140625,112.06999969482422,109.5199966430664,110.91999816894531,22369900
2023-10-10,111.0199966430664,111.44999694824219,110.12000274658203,110.44999694824219,13892000
2023-10-11,106.95999908447266,107.16999816894531,104.83000183105469,106.48999786376953,57939000
2023-10-12,107.58999633789062,107.83999633789062,106.08999633789062,106.47000122070312,31183000
2023-10-13,108.02999877929688,110.19999694824219,107.83999633789062,109.87000274658203,30276500
2023-10-16,110.5,110.68000030517578,109.12999725341797,109.94999694824219,18452000
2023-10-17,109.7300033569336,111.80000305175781,109.68000030517578,111.38999938964844,19775400
2023-10-18,111.81999969482422,113.38999938964844,111.69999694824219,112.94999694824219,23380300
2023-10-19,112.72000122070312,113.97000122070312,111.33000183105469,113.0199966430664,20972500
2023-10-20,112.91999816894531,113.31999969482422,110.79000091552734,111.08000183105469,22445300
2023-10-23,110.62999725341797,110.95999908447266,108.68000030517578,109.44999694824219,18185000
2023-10-24,109.69999694824219,109.81999969482422,108.12000274658203,108.38999938964844,16786100
2023-10-25,108.5199966430664,109.5,108.12999725341797,108.58999633789062,22047300
2023-10-26,107.44999694824219,108.33999633789062,106.5,107.5999984741211,18768300
2023-10-27,108.88999938964844,109.86000061035156,104.95999908447266,105.55000305175781,23092000
2023-10-30,105.73999786376953,106.41999816894531,105.20999908447266,105.87999725341797,19379900
2023-10-31,105.58000183105469,106.16000366210938,104.54000091552734,105.8499984741211,22185200
2023-11-01,106.52999877929688,107.16999816894531,105.45999908447266,105.63999938964844,28984900
2023-11-02,105.87999725341797,109.19000244140625,105.5,109.11000061035156,25212700
2023-11-03,108.4000015258789,108.77999877929688,106.54000091552734,107.77999877929688,30555600
2023-11-06,108.16999816894531,108.2699966430664,105.7699966430664,105.87000274658203,19097300
2023-11-07,104.47000122070312,104.86000061035156,103.29000091552734,104.20999908447266,20272500
2023-11-08,103.7300033569336,104.9000015258789,102.88999938964844,102.93000030517578,19184100
2023-11-09,103.66999816894531,103.97000122070312,102.86000061035156,102.95999908447266,18380500
2023-11-10,103.93000030517578,104.41000366210938,102.91000366210938,103.75,17825500
2023-11-13,104.05000305175781,105.13999938964844,103.80999755859375,104.83999633789062,15308400
2023-11-14,104.30000305175781,104.81999969482422,103.87000274658203,104.29000091552734,18260500
2023-11-15,103.95999908447266,105.1500015258789,103.5,103.66000366210938,20137600
2023-11-16,102.9000015258789,103.2699966430664,101.1500015258789,102.45999908447266,22469100
2023-11-17,103.05999755859375,105.43000030517578,102.75,104.95999908447266,22984900
2023-11-20,105.37999725341797,105.87999725341797,104.43000030517578,104.5,17458800
2023-11-21,104.20999908447266,104.69999694824219,103.22000122070312,104.45999908447266,14989000
2023-11-22,102.58000183105469,104.12000274658203,101.94000244140625,104.01000213623047,18072000
2023-11-24,104.0199966430664,105.47000122070312,103.91000366210938,104.56999969482422,9480800
2023-11-27,104.0999984741211,104.4000015258789,103.18000030517578,103.95999908447266,18013500
2023-11-28,104.23999786376953,104.91000366210938,103.87999725341797,103.9000015258789,20629500
2023-11-29,104.2699966430664,104.58000183105469,101.63999938964844,102.33999633789062,26802100
2023-11-30,103.11000061035156,104.4800033569336,101.80999755859375,102.73999786376953,29254700
2023-12-01,102.5,104.22000122070312,102.22000122070312,102.98999786376953,17845300
2023-12-04,102.12999725341797,103.36000061035156,101.58999633789062,102.43000030517578,21523900
2023-12-05,102.2699966430664,102.33999633789062,100.29000091552734,100.44000244140625,22250300
2023-12-06,100.0,100.72000122070312,98.33999633789062,99.11000061035156,31154800
2023-12-07,99.86000061035156,100.83999633789062,98.08999633789062,98.41999816894531,29990700
2023-12-08,99.0199966430664,99.79000091552734,98.75,99.55000305175781,22074900
2023-12-11,99.80000305175781,99.86000061035156,98.58000183105469,99.62000274658203,22252300
2023-12-12,98.68000030517578,98.68000030517578,97.4800033569336,98.05000305175781,26084000
2023-12-13,98.04000091552734,99.02999877929688,97.66000366210938,98.91999816894531,19915400
2023-12-14,99.8499984741211,102.13999938964844,99.72000122070312,101.58000183105469,26165700
2023-12-15,100.58999633789062,101.0,100.30999755859375,100.9000015258789,55527000
2023-12-18,102.12999725341797,103.11000061035156,101.5199966430664,101.6500015258789,21610400
2023-12-19,102.0,103.19000244140625,101.79000091552734,102.98999786376953,18904700
2023-12-20,103.5,103.94000244140625,101.12999725341797,101.2699966430664,20988900
2023-12-21,101.47000122070312,102.01000213623047,100.80999755859375,101.7300033569336,19250900
2023-12-22,102.30999755859375,102.94000244140625,101.81999969482422,101.91000366210938,12927800
2023-12-26,102.73999786376953,103.02999877929688,102.12000274658203,102.13999938964844,16835100
2023-12-27,102.04000091552734,102.55000305175781,101.33999633789062,101.66000366210938,14558800
2023-12-28,101.38999938964844,101.61000061035156,100.12999725341797,100.19000244140625,16329300
2023-12-29,100.37000274658203,100.58999633789062,99.62000274658203,99.9800033569336,17746400
2024-01-02,100.91999816894531,103.0999984741211,100.8499984741211,102.36000061035156,23483000
2024-01-03,102.2699966430664,103.62000274658203,101.66000366210938,103.22000122070312,23490800
2024-01-04,104.08000183105469,104.56999969482422,102.05000305175781,102.31999969482422,19395200
2024-01-05,103.16999816894531,103.4000015258789,102.12999725341797,102.62999725341797,15827400
2024-01-08,100.7300033569336,101.04000091552734,98.9000015258789,100.91999816894531,23370100
2024-01-09,101.29000091552734,101.29000091552734,99.19000244140625,99.66999816894531,19496600
2024-01-10,99.80000305175781,99.80000305175781,98.16000366210938,98.69000244140625,18206100
2024-01-11,99.04000091552734,99.5,98.55999755859375,98.66999816894531,15833400
2024-01-12,100.13999938964844,100.6500015258789,99.16999816894531,99.94999694824219,18041700
2024-01-16,99.81999969482422,100.01000213623047,97.52999877929688,97.69000244140625,20235700
2024-01-17,96.5999984741211,97.95999908447266,96.58000183105469,96.9800033569336,18384000
2024-01-18,97.0,97.08999633789062,95.81999969482422,96.80000305175781,20940300
2024-01-19,96.72000122070312,97.0199966430664,96.41000366210938,96.94999694824219,20088400
2024-01-22,96.69999694824219,97.0999984741211,95.7699966430664,96.81999969482422,19955900
2024-01-23,96.80999755859375,98.5,96.7300033569336,97.91000366210938,15863400
2024-01-24,98.31999969482422,99.6500015258789,97.73999786376953,99.5999984741211,17330600
2024-01-25,100.30999755859375,102.18000030517578,99.62000274658203,102.12999725341797,22089500
2024-01-26,101.97000122070312,103.08000183105469,101.19000244140625,103.0,20817200
2024-01-29,102.9800033569336,103.19999694824219,101.86000061035156,103.12999725341797,18317500
2024-01-30,102.41000366210938,104.87999725341797,102.0999984741211,104.8499984741211,19610900
2024-01-31,104.73999786376953,104.87999725341797,102.7699966430664,102.80999755859375,22415300
2024-02-01,103.56999969482422,104.01000213623047,101.62000274658203,102.38999938964844,19240700
2024-02-02,103.75,104.0,101.61000061035156,101.97000122070312,21973400
2024-02-05,101.44999694824219,102.37999725341797,100.5,101.55000305175781,17190900
2024-02-06,102.06999969482422,103.04000091552734,101.56999969482422,102.25,13347900
2024-02-07,102.25,102.7300033569336,101.18000030517578,102.22000122070312,13826800
2024-02-08,102.33999633789062,104.41999816894531,102.11000061035156,103.97000122070312,19636900
2024-02-09,104.0999984741211,104.83999633789062,101.69999694824219,101.7699966430664,20410500
2024-02-12,102.16000366210938,103.4000015258789,102.0,103.16999816894531,18173100
2024-02-13,102.76000213623047,103.08999633789062,100.5999984741211,101.33999633789062,18917400
2024-02-14,101.87000274658203,102.62000274658203,100.41999816894531,100.83999633789062,17651300
2024-02-15,100.5999984741211,103.94000244140625,100.5999984741211,103.7300033569336,23196300
2024-02-16,104.01000213623047,104.62999725341797,103.5199966430664,103.7300033569336,20151400
2024-02-20,103.83999633789062,104.12000274658203,102.6500015258789,102.75,17650000
2024-02-21,103.0199966430664,104.9800033569336,102.98999786376953,104.8499984741211,20991300
2024-02-22,104.16000366210938,105.41000366210938,103.44999694824219,104.76000213623047,20470700
2024-02-23,103.87999725341797,104.08999633789062,102.87999725341797,103.83999633789062,15975900
2024-02-26,103.72000122070312,104.94000244140625,103.05000305175781,104.25,13360800
2024-02-27,104.68000030517578,105.1500015258789,103.8499984741211,104.02999877929688,16360000
2024-02-28,104.47000122070312,105.43000030517578,104.0,104.31999969482422,14810500
2024-02-29,104.68000030517578,105.06999969482422,104.22000122070312,104.5199966430664,17566100
2024-03-01,105.72000122070312,106.38999938964844,105.37999725341797,105.83999633789062,18460100
2024-03-04,105.66000366210938,105.8499984741211,104.02999877929688,104.36000061035156,18138000
2024-03-05,104.52999877929688,106.2699966430664,104.31999969482422,105.63999938964844,19952700
2024-03-06,106.62000274658203,107.56999969482422,106.1500015258789,106.7699966430664,20472800
2024-03-07,106.5999984741211,107.9800033569336,106.5999984741211,107.37000274658203,15195400
2024-03-08,107.2300033569336,108.4000015258789,106.7699966430664,108.37999725341797,16281500
2024-03-11,108.25,109.12000274658203,107.33999633789062,109.0199966430664,17577300
2024-03-12,109.05999755859375,109.27999877929688,108.02999877929688,108.31999969482422,14957200
2024-03-13,109.13999938964844,110.3499984741211,109.11000061035156,109.52999877929688,17122200
2024-03-14,109.83000183105469,111.55000305175781,109.69000244140625,111.47000122070312,22121000
2024-03-15,110.8499984741211,112.30000305175781,110.8499984741211,111.2699966430664,38264400
2024-03-18,111.79000091552734,112.86000061035156,111.0999984741211,112.30000305175781,16770500
2024-03-19,112.22000122070312,113.48999786376953,112.05999755859375,113.08999633789062,14878800
2024-03-20,112.72000122070312,113.4000015258789,112.12999725341797,112.98999786376953,16119700
2024-03-21,112.91999816894531,113.91000366210938,112.56999969482422,113.48999786376953,14878000
2024-03-22,113.4800033569336,113.69000244140625,112.81999969482422,113.48999786376953,14701900
2024-03-25,113.83000183105469,115.77999877929688,113.83000183105469,114.6500015258789,14011700
2024-03-26,114.66000366210938,114.9800033569336,113.41000366210938,113.79000091552734,13152300
2024-03-27,113.4800033569336,115.05999755859375,113.41000366210938,114.97000122070312,12415700
2024-03-28,115.52999877929688,116.44999694824219,115.05999755859375,116.23999786376953,18482100
2024-04-01,116.41000366210938,117.23999786376953,115.37999725341797,116.98999786376953,13817000
2024-04-02,117.91999816894531,119.5999984741211,117.33000183105469,119.27999877929688,19919600
2024-04-03,119.4800033569336,119.75,118.7300033569336,119.30000305175781,16504300
2024-04-04,119.05000305175781,119.87999725341797,118.63999938964844,119.72000122070312,18467400
2024-04-05,119.9800033569336,122.1500015258789,119.63999938964844,121.37000274658203,21720600
2024-04-08,121.08000183105469,121.73999786376953,120.20999908447266,120.55000305175781,17513900
2024-04-09,121.0,121.6500015258789,120.33999633789062,121.18000030517578,14132300
2024-04-10,121.22000122070312,122.47000122070312,120.7300033569336,122.19999694824219,17409200
2024-04-11,122.69000244140625,122.69000244140625,120.33999633789062,121.79000091552734,17555900
2024-04-12,122.94999694824219,123.75,119.66999816894531,120.37000274658203,21556200
2024-04-15,121.08999633789062,121.69000244140625,119.44999694824219,119.68000030517578,15029500
2024-04-16,119.55999755859375,120.22000122070312,117.91999816894531,118.69000244140625,18082200
2024-04-17,118.55000305175781,119.3499984741211,117.12000274658203,118.62999725341797,14538600
2024-04-18,119.0,119.72000122070312,117.97000122070312,118.5199966430664,13821400
2024-04-19,119.16000366210938,120.93000030517578,118.94999694824219,119.87999725341797,21572400
2024-04-22,119.26000213623047,121.56999969482422,118.43000030517578,120.55999755859375,16340700
2024-04-23,120.0,121.05999755859375,119.44999694824219,121.02999877929688,13929800
2024-04-24,120.30000305175781,121.26000213623047,119.38999938964844,121.05000305175781,12101200
2024-04-25,121.02999877929688,121.76000213623047,119.4000015258789,121.33000183105469,16041000
2024-04-26,119.0,119.0999984741211,116.22000122070312,117.95999908447266,27289500
2024-04-29,117.76000213623047,120.05000305175781,117.76000213623047,119.63999938964844,17309900
2024-04-30,119.11000061035156,120.19999694824219,117.9800033569336,118.2699966430664,21083300
2024-05-01,118.27999877929688,118.47000122070312,115.66000366210938,116.02999877929688,27777700
2024-05-02,116.26000213623047,117.26000213623047,115.9000015258789,116.23999786376953,25513600
2024-05-03,116.0,116.06999969482422,114.12999725341797,116.0,28023300
2024-05-06,116.66999816894531,118.33999633789062,116.4000015258789,116.75,31401300
2024-05-07,117.27999877929688,117.58000183105469,115.93000030517578,116.16999816894531,30122000
2024-05-08,115.70999908447266,116.94999694824219,115.41000366210938,116.1500015258789,18957200
2024-05-09,116.19999694824219,118.52999877929688,116.19000244140625,118.44000244140625,17564000
2024-05-10,118.54000091552734,118.66000366210938,117.58000183105469,117.95999908447266,13648100
2024-05-13,118.41999816894531,119.04000091552734,117.12000274658203,117.91000366210938,15060600
2024-05-14,116.79000091552734,117.73999786376953,116.4800033569336,117.66999816894531,15079100
2024-05-15,117.61000061035156,118.83999633789062,116.08000183105469,118.58000183105469,18244300
2024-05-16,118.54000091552734,119.30000305175781,117.54000091552734,117.87000274658203,15745200
2024-05-17,118.30000305175781,119.83000183105469,117.95999908447266,119.63999938964844,15104500
2024-05-20,119.7300033569336,119.88999938964844,118.55000305175781,118.66999816894531,11551300
2024-05-21,118.4000015258789,119.44999694824219,117.77999877929688,117.8499984741211,14495000
2024-05-22,117.45999908447266,117.45999908447266,114.95999908447266,115.4800033569336,17879300
2024-05-23,115.5999984741211,117.51000213623047,113.36000061035156,113.51000213623047,15979800
2024-05-24,114.83999633789062,115.08000183105469,113.04000091552734,113.41999816894531,12212900
2024-05-28,113.5199966430664,115.11000061035156,113.06999969482422,114.86000061035156,13978300
2024-05-29,114.52999877929688,114.55000305175781,112.80999755859375,113.62999725341797,13902000
2024-05-30,113.2699966430664,114.12999725341797,112.95999908447266,113.98999786376953,14683700
2024-05-31,114.12000274658203,117.48999786376953,113.98999786376953,117.26000213623047,29037400
2024-06-03,116.30000305175781,116.36000061035156,113.76000213623047,114.44999694824219,19589300
2024-06-04,113.0,113.08999633789062,110.91999816894531,112.66999816894531,19412200
2024-06-05,112.88999938964844,113.19000244140625,111.4800033569336,113.12000274658203,14863500
2024-06-06,112.75,114.04000091552734,112.11000061035156,113.97000122070312,13154100
2024-06-07,113.79000091552734,114.9000015258789,112.66999816894531,112.75,13289200
2024-06-10,113.05999755859375,114.22000122070312,112.69999694824219,113.08000183105469,15239700
2024-06-11,112.48999786376953,112.66999816894531,111.30999755859375,112.16999816894531,12462400
2024-06-12,113.30000305175781,113.30000305175781,110.54000091552734,110.93000030517578,13606800
2024-06-13,110.83999633789062,110.86000061035156,109.72000122070312,110.04000091552734,14466900
2024-06-14,110.0199966430664,110.20999908447266,108.58999633789062,109.11000061035156,13313400
2024-06-17,109.16999816894531,109.45999908447266,108.18000030517578,108.36000061035156,21147900
2024-06-18,109.02999877929688,110.72000122070312,108.80000305175781,109.37999725341797,17762900
2024-06-20,109.91000366210938,112.62000274658203,109.58999633789062,111.73999786376953,17433200
2024-06-21,111.9000015258789,112.69999694824219,110.76000213623047,110.76000213623047,52212500
2024-06-24,111.63999938964844,114.52999877929688,111.63999938964844,114.05000305175781,16266700
2024-06-25,114.11000061035156,114.55000305175781,113.45999908447266,114.37000274658203,14188900
2024-06-26,114.38999938964844,114.81999969482422,113.13999938964844,114.41000366210938,15771800
2024-06-27,114.98999786376953,114.98999786376953,114.11000061035156,114.9000015258789,16812700
2024-06-28,115.86000061035156,116.54000091552734,114.68000030517578,115.12000274658203,24565900
2024-07-01,115.70999908447266,116.73999786376953,114.52999877929688,114.95999908447266,11972900
2024-07-02,115.9000015258789,115.94000244140625,113.48999786376953,114.18000030517578,13326700
2024-07-03,114.2699966430664,115.66000366210938,114.2699966430664,114.76000213623047,7732900
2024-07-05,114.61000061035156,114.62999725341797,112.69000244140625,113.37000274658203,12631000
2024-07-08,112.38999938964844,113.55000305175781,111.41999816894531,112.18000030517578,13350500
2024-07-09,111.11000061035156,112.54000091552734,110.62000274658203,110.94000244140625,11727000
2024-07-10,110.91999816894531,111.95999908447266,110.41999816894531,111.91999816894531,10004100
2024-07-11,111.43000030517578,113.31999969482422,110.93000030517578,113.25,13082700
2024-07-12,113.98999786376953,114.1500015258789,112.62999725341797,113.2699966430664,11684900
2024-07-15,114.2699966430664,116.16000366210938,113.58000183105469,115.20999908447266,13032500
2024-07-16,114.3499984741211,116.3499984741211,113.70999908447266,116.04000091552734,13614100
2024-07-17,116.73999786376953,118.18000030517578,116.55000305175781,117.63999938964844,13602800
2024-07-18,117.94999694824219,119.91999816894531,117.44000244140625,118.80000305175781,13033600
2024-07-19,118.58999633789062,118.87999725341797,115.87000274658203,116.06999969482422,16157700
2024-07-22,115.18000030517578,115.94000244140625,114.58000183105469,115.2699966430664,12065900
2024-07-23,114.80999755859375,115.16999816894531,113.16999816894531,113.41000366210938,11251700
2024-07-24,113.7699966430664,115.19999694824219,113.06999969482422,115.01000213623047,14925200
2024-07-25,115.16999816894531,118.02999877929688,114.55999755859375,117.43000030517578,17021700
2024-07-26,116.7699966430664,118.02999877929688,116.47000122070312,117.33000183105469,11252500
2024-07-29,117.31999969482422,117.38999938964844,115.37999725341797,116.0999984741211,8861800
2024-07-30,116.36000061035156,118.5999984741211,116.2300033569336,118.16999816894531,12483900
2024-07-31,119.63999938964844,119.76000213623047,118.55999755859375,118.58999633789062,15137700
2024-08-01,118.3499984741211,119.48999786376953,116.36000061035156,116.94999694824219,15051500
2024-08-02,115.97000122070312,118.87000274658203,115.41999816894531,116.87999725341797,20403800
2024-08-05,115.54000091552734,116.02999877929688,113.25,114.7699966430664,18025900
2024-08-06,114.44999694824219,115.62999725341797,113.62999725341797,114.16000366210938,13647800
2024-08-07,115.44999694824219,117.12000274658203,115.26000213623047,115.68000030517578,13660700
2024-08-08,116.08000183105469,118.11000061035156,115.7300033569336,117.88999938964844,13851000
2024-08-09,117.88999938964844,119.30999755859375,117.36000061035156,118.8499984741211,12151900
2024-08-12,119.55000305175781,120.16999816894531,118.0199966430664,119.0,13228900
2024-08-13,118.27999877929688,118.51000213623047,117.5,117.86000061035156,11585100
2024-08-14,118.0999984741211,119.9000015258789,117.62999725341797,118.94999694824219,12194500
2024-08-15,118.25,119.62999725341797,118.12000274658203,118.7300033569336,11579400
2024-08-16,117.98999786376953,118.4800033569336,117.66000366210938,118.16999816894531,10056000
2024-08-19,118.4000015258789,120.5,118.16999816894531,118.52999877929688,12417500
2024-08-20,118.6500015258789,118.6500015258789,114.51000213623047,114.58000183105469,15632000
2024-08-21,115.01000213623047,115.56999969482422,113.76000213623047,113.8499984741211,11752400
2024-08-22,113.77999877929688,115.01000213623047,113.63999938964844,114.7300033569336,10609500
2024-08-23,115.02999877929688,116.72000122070312,115.02999877929688,116.31999969482422,10381400
2024-08-26,117.76000213623047,118.94000244140625,116.91999816894531,118.80999755859375,13671000
2024-08-27,118.95999908447266,119.41000366210938,117.4000015258789,117.68000030517578,9991600
2024-08-28,117.0,117.58000183105469,116.26000213623047,116.5199966430664,10742900
2024-08-29,117.19999694824219,118.79000091552734,116.3499984741211,118.12999725341797,10753900
2024-08-30,116.79000091552734,118.0199966430664,116.29000091552734,117.94000244140625,13284700
2024-09-03,115.83999633789062,116.08999633789062,114.04000091552734,115.47000122070312,15725100
2024-09-04,115.29000091552734,116.1500015258789,113.9800033569336,114.05999755859375,12620600
2024-09-05,115.06999969482422,115.27999877929688,113.06999969482422,113.16999816894531,17200800
2024-09-06,113.58999633789062,114.18000030517578,111.7300033569336,112.63999938964844,13467700
2024-09-09,112.87000274658203,116.1500015258789,112.66000366210938,115.01000213623047,21645300
2024-09-10,115.0999984741211,115.4000015258789,110.16999816894531,110.81999969482422,20913400
2024-09-11,110.77999877929688,110.94999694824219,107.7699966430664,109.72000122070312,19571900
2024-09-12,109.9000015258789,111.33000183105469,109.76000213623047,111.2300033569336,15919500
2024-09-13,111.47000122070312,112.47000122070312,110.93000030517578,111.1500015258789,10035400
2024-09-16,112.05000305175781,113.08999633789062,111.69000244140625,112.70999908447266,11729000
2024-09-17,112.31999969482422,114.37000274658203,112.12000274658203,114.18000030517578,12202600
2024-09-18,114.11000061035156,115.62999725341797,113.80999755859375,114.58000183105469,12569900
2024-09-19,116.16000366210938,117.58000183105469,115.19000244140625,116.0,12660600
2024-09-20,115.45999908447266,115.51000213623047,114.25,115.2699966430664,36206200
2024-09-23,115.33000183105469,117.79000091552734,115.12000274658203,117.36000061035156,16066300
2024-09-24,117.83999633789062,118.16000366210938,116.83000183105469,117.05000305175781,11984900
2024-09-25,116.48999786376953,117.05000305175781,114.04000091552734,114.7699966430664,13816000
2024-09-26,111.13999938964844,113.4800033569336,111.13999938964844,112.80000305175781,16887900
2024-09-27,113.76000213623047,116.08999633789062,113.25,115.81999969482422,15964000
2024-09-30,115.45999908447266,117.38999938964844,114.95999908447266,117.22000122070312,13247600
2024-10-01,116.04000091552734,120.5999984741211,115.93000030517578,119.93000030517578,23235900
2024-10-02,121.93000030517578,122.81999969482422,120.19999694824219,121.5199966430664,17129700
2024-10-03,121.9000015258789,123.16999816894531,120.93000030517578,122.58000183105469,16524300
2024-10-04,123.19999694824219,125.19000244140625,122.43000030517578,124.83000183105469,19752300
2024-10-07,125.25,126.33999633789062,124.86000061035156,125.37000274658203,15714400
2024-10-08,123.87999725341797,124.0199966430664,121.26000213623047,122.04000091552734,14818500
2024-10-09,120.9000015258789,122.58000183105469,120.80000305175781,122.08999633789062,11144900
2024-10-10,123.16000366210938,123.69999694824219,122.29000091552734,123.13999938964844,10243300
2024-10-11,123.0999984741211,124.02999877929688,122.94000244140625,123.61000061035156,8294800
2024-10-14,123.23999786376953,124.26000213623047,122.62000274658203,124.08000183105469,9808100
2024-10-15,120.81999969482422,121.94999694824219,119.77999877929688,120.3499984741211,15771300
2024-10-16,120.88999938964844,121.44000244140625,120.5999984741211,120.66000366210938,8426800
2024-10-17,120.76000213623047,121.58000183105469,119.70999908447266,120.3499984741211,11204900
2024-10-18,120.44000244140625,120.63999938964844,119.1500015258789,120.01000213623047,12898600
2024-10-21,120.9800033569336,121.4800033569336,119.72000122070312,120.08000183105469,10177800
2024-10-22,120.26000213623047,121.19000244140625,119.94000244140625,120.69999694824219,9201400
2024-10-23,119.97000122070312,120.75,119.4000015258789,120.2699966430664,8320300
2024-10-24,120.0,120.44000244140625,119.12999725341797,119.58999633789062,9905600
2024-10-25,120.19999694824219,120.43000030517578,119.31999969482422,119.48999786376953,10714600
2024-10-28,116.79000091552734,119.01000213623047,116.7699966430664,118.9000015258789,11844500
2024-10-29,118.58000183105469,119.16999816894531,117.06999969482422,117.27999877929688,14731000
2024-10-30,117.66000366210938,118.2699966430664,116.4800033569336,116.69000244140625,12303700
2024-10-31,117.1500015258789,118.66999816894531,116.68000030517578,116.77999877929688,20512000
2024-11-01,119.93000030517578,119.94999694824219,114.83999633789062,114.94999694824219,20939300
2024-11-04,116.06999969482422,118.69999694824219,115.93000030517578,118.61000061035156,14965400
2024-11-05,119.08000183105469,119.20999908447266,118.01000213623047,118.95999908447266,10436700
2024-11-06,121.1500015258789,121.91000366210938,119.30000305175781,121.0,20807700
2024-11-07,121.30000305175781,121.5,119.61000061035156,121.1500015258789,12184400
2024-11-08,120.9800033569336,121.41999816894531,119.66000366210938,121.11000061035156,12836000
2024-11-11,121.0,121.62000274658203,120.06999969482422,120.47000122070312,11969700
2024-11-12,121.12999725341797,121.30999755859375,119.83999633789062,120.3499984741211,11972800
2024-11-13,120.56999969482422,122.05000305175781,118.80000305175781,121.47000122070312,15127900
2024-11-14,121.66000366210938,121.87999725341797,120.33000183105469,120.55999755859375,13041800
2024-11-15,120.4000015258789,121.23999786376953,119.12999725341797,119.30999755859375,19051700
2024-11-18,119.79000091552734,120.62000274658203,119.2699966430664,120.30999755859375,14239700
2024-11-19,119.75,119.75,118.19999694824219,118.62999725341797,11584400
2024-11-20,119.16999816894531,120.47000122070312,118.63999938964844,120.31999969482422,11360900
2024-11-21,121.08000183105469,122.55000305175781,120.2699966430664,121.93000030517578,14675400
2024-11-22,121.81999969482422,123.20999908447266,121.63999938964844,121.79000091552734,13323400
2024-11-25,121.43000030517578,121.87999725341797,119.61000061035156,119.97000122070312,26580300
2024-11-26,119.52999877929688,119.68000030517578,117.8499984741211,117.97000122070312,14827300
2024-11-27,118.08999633789062,118.7300033569336,117.43000030517578,117.66000366210938,11079100
2024-11-29,117.44000244140625,118.5,116.94999694824219,117.95999908447266,9426500
2024-12-02,118.05000305175781,118.19999694824219,116.81999969482422,117.8499984741211,12687300
2024-12-03,118.72000122070312,118.72000122070312,117.26000213623047,117.66999816894531,11756600
2024-12-04,117.5,117.55000305175781,113.86000061035156,114.27999877929688,19520600
2024-12-05,114.70999908447266,115.62000274658203,114.05999755859375,114.77999877929688,15751200
2024-12-06,114.54000091552734,114.7699966430664,113.5,113.56999969482422,16171100
2024-12-09,114.63999938964844,114.94000244140625,112.75,112.9000015258789,17412600
2024-12-10,113.58999633789062,113.87999725341797,111.75,112.66999816894531,20990900
2024-12-11,112.0,112.38999938964844,111.11000061035156,111.91999816894531,32392200
2024-12-12,111.58999633789062,112.37999725341797,110.77999877929688,111.81999969482422,14543300
2024-12-13,111.9000015258789,111.9000015258789,110.25,110.83999633789062,13106100
2024-12-16,110.19999694824219,110.4000015258789,108.16000366210938,108.47000122070312,20256100
2024-12-17,107.23999786376953,108.16999816894531,106.79000091552734,108.01000213623047,17554000
2024-12-18,107.56999969482422,108.83000183105469,106.30999755859375,106.41999816894531,17114500
2024-12-19,107.38999938964844,107.66999816894531,105.20999908447266,105.51000213623047,20565600
2024-12-20,105.44999694824219,106.13999938964844,104.83999633789062,105.87000274658203,40141200
2024-12-23,105.30999755859375,106.5999984741211,104.91999816894531,106.30000305175781,12285100
2024-12-24,106.5199966430664,107.19000244140625,105.69999694824219,106.4000015258789,7807000
2024-12-26,106.5199966430664,107.02999877929688,105.94000244140625,106.48999786376953,9652400
2024-12-27,106.30000305175781,107.98999786376953,105.7699966430664,106.4800033569336,11943900
2024-12-30,106.30000305175781,106.55999755859375,105.51000213623047,105.76000213623047,11080800
2024-12-31,106.16999816894531,107.9000015258789,105.77999877929688,107.56999969482422,12387800
2025-01-02,108.27999877929688,109.0,106.87999725341797,107.30999755859375,12685400
2025-01-03,108.0,108.48999786376953,107.45999908447266,107.86000061035156,14237900
2025-01-06,108.23999786376953,109.77999877929688,107.5199966430664,107.73999786376953,15623700
2025-01-07,108.94000244140625,110.05999755859375,108.27999877929688,108.75,12625900
2025-01-08,107.30999755859375,107.70999908447266,106.01000213623047,106.93000030517578,17858100
2025-01-10,108.69999694824219,110.0999984741211,105.77999877929688,106.54000091552734,19304500
2025-01-13,107.12999725341797,109.62999725341797,107.12999725341797,109.29000091552734,17073400
2025-01-14,108.79000091552734,109.76000213623047,107.83000183105469,109.72000122070312,11191200
2025-01-15,110.05000305175781,111.7300033569336,109.47000122070312,111.51000213623047,14521100
2025-01-16,111.19000244140625,111.69000244140625,110.55000305175781,111.31999969482422,10366600
2025-01-17,111.02999877929688,112.87000274658203,110.81999969482422,112.31999969482422,19298500
2025-01-21,112.05000305175781,112.18000030517578,111.12999725341797,111.47000122070312,20416300
2025-01-22,111.19999694824219,111.56999969482422,109.4000015258789,109.52999877929688,15718000
2025-01-23,110.30999755859375,111.13999938964844,109.61000061035156,110.1500015258789,13726800
2025-01-24,110.23999786376953,110.70999908447266,108.41000366210938,108.66000366210938,14235900
2025-01-27,109.01000213623047,110.44999694824219,108.38999938964844,110.16999816894531,15926700
2025-01-28,110.41000366210938,110.87000274658203,107.79000091552734,108.04000091552734,15862000
2025-01-29,107.70999908447266,108.77999877929688,107.47000122070312,108.66999816894531,12345500
2025-01-30,109.23999786376953,109.8499984741211,108.69999694824219,109.56999969482422,14346300
2025-01-31,110.55000305175781,110.55000305175781,106.0999984741211,106.83000183105469,20376500
2025-02-03,106.63999938964844,107.30000305175781,105.31999969482422,107.08999633789062,14623200
2025-02-04,106.70999908447266,110.27999877929688,106.52999877929688,109.95999908447266,14835700
2025-02-05,109.73999786376953,110.01000213623047,109.0999984741211,109.87999725341797,13364400
2025-02-06,110.7699966430664,111.05000305175781,107.98999786376953,108.43000030517578,13411400
2025-02-07,108.77999877929688,109.7300033569336,108.31999969482422,108.88999938964844,10051600
2025-02-10,110.01000213623047,111.02999877929688,109.87999725341797,110.97000122070312,12142200
2025-02-11,111.5999984741211,112.51000213623047,110.81999969482422,111.66999816894531,12713100
2025-02-12,110.05000305175781,110.2300033569336,107.18000030517578,107.3499984741211,18244100
2025-02-13,107.1500015258789,108.41000366210938,106.5199966430664,108.12999725341797,15460000
2025-02-14,108.5199966430664,110.2300033569336,108.0999984741211,108.23999786376953,15733500
2025-02-18,108.62999725341797,110.98999786376953,108.31999969482422,110.13999938964844,20060300
2025-02-19,110.76000213623047,112.12999725341797,110.05999755859375,110.30000305175781,10964700
2025-02-20,110.56999969482422,112.41999816894531,109.94999694824219,112.0,16325800
2025-02-21,111.31999969482422,111.8499984741211,110.55999755859375,110.69000244140625,14710000
2025-02-24,110.93000030517578,111.86000061035156,110.31999969482422,111.2699966430664,13153500
2025-02-25,111.30000305175781,112.12999725341797,108.88999938964844,109.7300033569336,14497000
2025-02-26,109.73999786376953,109.87000274658203,108.5199966430664,109.45999908447266,10446400
2025-02-27,110.01000213623047,111.29000091552734,109.27999877929688,110.1500015258789,15293200
2025-02-28,110.11000061035156,111.58000183105469,109.33999633789062,111.33000183105469,18821700
2025-03-03,111.69999694824219,112.16000366210938,106.51000213623047,107.76000213623047,18706900
2025-03-04,106.36000061035156,108.95999908447266,105.94000244140625,107.54000091552734,19394900
2025-03-05,105.83999633789062,106.33000183105469,103.66999816894531,105.44000244140625,24822200
2025-03-06,105.43000030517578,108.11000061035156,104.36000061035156,107.62000274658203,17150200
2025-03-07,108.41000366210938,110.4000015258789,108.30000305175781,109.0199966430664,19625000
2025-03-10,109.27999877929688,112.56999969482422,109.08000183105469,111.80000305175781,22749100
2025-03-11,111.91999816894531,112.0999984741211,108.79000091552734,109.16000366210938,19904700
2025-03-12,109.05000305175781,110.12999725341797,108.41999816894531,109.12999725341797,14051500
2025-03-13,108.33000183105469,110.81999969482422,107.62999725341797,108.66999816894531,17767800
2025-03-14,108.94000244140625,112.18000030517578,108.30999755859375,111.9000015258789,15890100
2025-03-17,111.80000305175781,114.5,111.7300033569336,113.76000213623047,19908800
2025-03-18,114.08999633789062,114.54000091552734,112.56999969482422,113.63999938964844,15998700
2025-03-19,114.19999694824219,115.81999969482422,113.83000183105469,115.41000366210938,17315000
2025-03-20,114.72000122070312,116.47000122070312,114.20999908447266,115.9000015258789,16230800
2025-03-21,115.5,115.98999786376953,114.3499984741211,115.5,41102800
2025-03-24,115.68000030517578,116.91000366210938,115.58000183105469,115.80000305175781,14207500
2025-03-25,116.43000030517578,117.63999938964844,115.95999908447266,116.58999633789062,12081800
2025-03-26,117.68000030517578,119.18000030517578,117.68000030517578,118.2699966430664,14110800
2025-03-27,118.0999984741211,119.06999969482422,117.26000213623047,117.88999938964844,12740800
2025-03-28,118.0999984741211,118.45999908447266,117.23999786376953,117.7300033569336,10233400
2025-03-31,117.79000091552734,119.91000366210938,117.79000091552734,118.93000030517578,21652300
2025-04-01,119.22000122070312,119.27999877929688,117.93000030517578,119.04000091552734,12425400
2025-04-02,118.38999938964844,118.83999633789062,117.66000366210938,118.66999816894531,12614600
2025-04-03,114.37000274658203,115.44999694824219,112.2300033569336,112.43000030517578,21204600
2025-04-04,109.87000274658203,110.83000183105469,103.83000183105469,104.33999633789062,30841300
2025-04-07,100.38999938964844,105.80000305175781,98.45999908447266,102.94000244140625,35068500
2025-04-08,105.45999908447266,105.5999984741211,99.01000213623047,100.7699966430664,27147800
2025-04-09,99.37000274658203,106.58000183105469,98.12999725341797,105.80000305175781,30063300
2025-04-10,103.70999908447266,103.77999877929688,97.80000305175781,99.93000030517578,33999300
2025-04-11,100.30000305175781,103.93000030517578,98.79000091552734,103.13999938964844,22884600
2025-04-14,105.02999877929688,105.08999633789062,102.72000122070312,103.38999938964844,18020000
2025-04-15,103.63999938964844,105.41000366210938,103.0,103.0999984741211,13164900
2025-04-16,103.94999694824219,105.58999633789062,103.69999694824219,104.19000244140625,13607000
2025-04-17,104.69000244140625,108.55000305175781,104.45999908447266,106.91999816894531,17916500
2025-04-21,105.61000061035156,105.62999725341797,104.12000274658203,105.3499984741211,16926500
2025-04-22,106.13999938964844,108.94000244140625,106.13999938964844,108.30000305175781,13147000
2025-04-23,108.80999755859375,109.30000305175781,106.47000122070312,107.37000274658203,14235700
2025-04-24,107.97000122070312,108.87999725341797,106.95999908447266,108.62999725341797,9849600
2025-04-25,108.13999938964844,108.76000213623047,107.41999816894531,108.56999969482422,11245800
2025-04-28,108.75,109.25,107.68000030517578,108.62999725341797,13890900
2025-04-29,107.73999786376953,108.83000183105469,107.5199966430664,108.36000061035156,9483100
2025-04-30,107.41999816894531,107.41999816894531,104.1500015258789,105.62999725341797,20379300
2025-05-01,105.0999984741211,106.91999816894531,104.9800033569336,105.77999877929688,18610300
2025-05-02,107.72000122070312,109.0,104.55000305175781,106.20999908447266,16581900
2025-05-05,104.6500015258789,104.66000366210938,103.06999969482422,103.2699966430664,19624000
2025-05-06,103.88999938964844,105.9800033569336,103.4800033569336,104.70999908447266,16303400
2025-05-07,104.98999786376953,105.29000091552734,104.06999969482422,104.61000061035156,12332200
2025-05-08,105.33999633789062,107.38999938964844,105.33999633789062,106.06999969482422,19196500
2025-05-09,107.13999938964844,107.75,106.37999725341797,107.30999755859375,10992100
2025-05-12,110.2699966430664,110.44000244140625,108.31999969482422,109.16000366210938,14244600
2025-05-13,109.31999969482422,110.51000213623047,109.0199966430664,109.45999908447266,13350800
2025-05-14,108.86000061035156,108.86000061035156,107.93000030517578,108.4800033569336,15494900
2025-05-15,106.48999786376953,108.6500015258789,105.97000122070312,108.58000183105469,15004300
2025-05-16,108.6500015258789,108.88999938964844,107.44999694824219,108.19000244140625,14042500
2025-05-19,107.56999969482422,107.56999969482422,105.72000122070312,106.47000122070312,16802700
2025-05-20,106.38999938964844,106.72000122070312,104.77999877929688,104.94999694824219,12429300
2025-05-21,104.52999877929688,104.97000122070312,103.63999938964844,103.66000366210938,16716100
2025-05-22,103.05999755859375,103.47000122070312,101.88999938964844,102.97000122070312,13417400
2025-05-23,102.5999984741211,103.47000122070312,102.06999969482422,103.02999877929688,12061600
2025-05-27,103.48999786376953,103.86000061035156,102.9000015258789,103.5199966430664,13043600
2025-05-28,104.29000091552734,104.43000030517578,101.79000091552734,102.11000061035156,14292400
2025-05-29,102.27999877929688,102.8499984741211,101.75,102.69000244140625,13825300
2025-05-30,102.16000366210938,102.38999938964844,101.19000244140625,102.30000305175781,28645800
2025-06-02,103.75,103.8499984741211,102.22000122070312,103.05000305175781,17290500
2025-06-03,102.9000015258789,104.66000366210938,102.20999908447266,103.80000305175781,19194300
2025-06-04,103.91999816894531,104.91999816894531,102.30000305175781,102.30000305175781,15648500
2025-06-05,102.9800033569336,103.05000305175781,101.7300033569336,101.83000183105469,13924800
2025-06-06,102.76000213623047,104.5,102.68000030517578,104.2699966430664,15487800
2025-06-09,104.33000183105469,105.8499984741211,103.83000183105469,104.97000122070312,17087300
2025-06-10,106.08000183105469,107.6500015258789,105.93000030517578,107.22000122070312,17634800
2025-06-11,107.76000213623047,109.38999938964844,106.45999908447266,109.30999755859375,22648200
2025-06-12,108.91999816894531,110.19000244140625,108.22000122070312,109.7300033569336,17469400
2025-06-13,112.3499984741211,112.52999877929688,110.68000030517578,112.12000274658203,28540200
2025-06-16,111.81999969482422,113.16000366210938,111.12999725341797,112.4800033569336,22986100
2025-06-17,113.94999694824219,114.93000030517578,113.11000061035156,114.0,19451700
2025-06-18,114.61000061035156,115.23999786376953,112.94000244140625,113.19000244140625,17968900
2025-06-20,113.44999694824219,115.04000091552734,113.18000030517578,114.69999694824219,36273300
2025-06-23,116.69999694824219,116.94999694824219,111.16000366210938,111.73999786376953,26631100
2025-06-24,109.25,110.94000244140625,107.91000366210938,108.33999633789062,24828300
2025-06-25,108.11000061035156,109.23999786376953,107.69999694824219,108.37000274658203,17483200
2025-06-26,108.94000244140625,110.44000244140625,108.55000305175781,109.98999786376953,18304800
2025-06-27,109.94000244140625,110.0999984741211,108.37000274658203,109.37999725341797,22002100
2025-06-30,108.63999938964844,108.83999633789062,107.72000122070312,107.80000305175781,19199000
2025-07-01,108.12999725341797,109.63999938964844,107.1500015258789,109.23999786376953,15536900
2025-07-02,110.0,111.36000061035156,108.83000183105469,111.05000305175781,11892200
2025-07-03,110.86000061035156,112.47000122070312,110.62000274658203,112.19999694824219,11223600
2025-07-07,111.54000091552734,112.05000305175781,110.22000122070312,111.11000061035156,15415900
2025-07-08,110.88999938964844,114.45999908447266,110.8499984741211,114.19000244140625,17913400
2025-07-09,113.91999816894531,114.2699966430664,113.2699966430664,113.80000305175781,10652100
2025-07-10,113.70999908447266,115.2699966430664,113.06999969482422,114.93000030517578,14901700
2025-07-11,114.8499984741211,115.76000213623047,114.51000213623047,115.43000030517578,11683900
2025-07-14,115.2300033569336,115.2300033569336,113.22000122070312,113.91999816894531,13220300
2025-07-15,113.66000366210938,114.05999755859375,112.5999984741211,112.91000366210938,10959300
2025-07-16,112.87999725341797,113.5,112.0999984741211,112.2300033569336,11158900
2025-07-17,111.48999786376953,112.2300033569336,111.08999633789062,111.66000366210938,13151400
2025-07-18,111.11000061035156,111.7300033569336,107.33999633789062,107.7699966430664,32366600
2025-07-21,107.5999984741211,108.7699966430664,107.44000244140625,108.05000305175781,17010400
2025-07-22,107.9800033569336,109.44000244140625,107.61000061035156,108.54000091552734,13970900
2025-07-23,108.93000030517578,110.0,108.8499984741211,109.93000030517578,12002700
2025-07-24,109.66000366210938,110.94999694824219,109.12999725341797,110.79000091552734,15647200
2025-07-25,110.7300033569336,110.9800033569336,109.69999694824219,110.4000015258789,10548900
2025-07-28,111.0,112.11000061035156,110.83999633789062,111.44000244140625,12353000
2025-07-29,111.9000015258789,113.0,111.41000366210938,112.87999725341797,15928000
2025-07-30,112.41000366210938,112.61000061035156,111.26000213623047,111.9000015258789,12996900
2025-07-31,110.36000061035156,112.5,110.36000061035156,111.63999938964844,17233700
2025-08-01,112.0,112.54000091552734,108.86000061035156,109.63999938964844,19652000
2025-08-04,109.22000122070312,109.91999816894531,107.08999633789062,107.37000274658203,19129500
2025-08-05,107.22000122070312,107.81999969482422,106.06999969482422,107.23999786376953,21314300
2025-08-06,108.30999755859375,109.05000305175781,106.37000274658203,106.51000213623047,15321800
2025-08-07,107.13999938964844,108.05999755859375,105.88999938964844,105.94999694824219,13468300
2025-08-08,106.5,107.51000213623047,105.94999694824219,106.80000305175781,14417700
2025-08-11,107.11000061035156,107.52999877929688,105.52999877929688,105.83000183105469,13570700
2025-08-12,106.33999633789062,107.27999877929688,105.77999877929688,106.12999725341797,14109400
2025-08-13,106.0,107.5999984741211,105.73999786376953,107.5999984741211,17958700
2025-08-14,107.55000305175781,107.58999633789062,106.44000244140625,107.37999725341797,13683500
2025-08-15,106.19000244140625,107.55999755859375,105.94999694824219,106.48999786376953,19271900
2025-08-18,106.0999984741211,107.2300033569336,105.66999816894531,106.72000122070312,13040000
2025-08-19,106.19999694824219,107.45999908447266,106.1500015258789,107.41999816894531,16113600
2025-08-20,107.87999725341797,109.33000183105469,107.68000030517578,108.52999877929688,18959700
2025-08-21,108.41999816894531,109.56999969482422,107.95999908447266,109.2300033569336,12194900
2025-08-22,109.5999984741211,111.41000366210938,109.5999984741211,111.27999877929688,13586700
2025-08-25,110.9000015258789,111.91999816894531,110.54000091552734,111.73999786376953,9744900
2025-08-26,111.37000274658203,111.80999755859375,110.36000061035156,111.48999786376953,18143900
2025-08-27,111.41999816894531,112.9800033569336,111.41999816894531,112.75,15262600
2025-08-28,112.87000274658203,113.6500015258789,112.06999969482422,113.3499984741211,14189800
2025-08-29,113.72000122070312,114.79000091552734,113.58000183105469,114.29000091552734,14597900
2025-09-02,114.18000030517578,115.23999786376953,113.33000183105469,114.69000244140625,15206700
2025-09-03,113.97000122070312,114.43000030517578,111.45999908447266,111.91000366210938,14920100
2025-09-04,112.11000061035156,113.12999725341797,111.37999725341797,112.4000015258789,12864400
2025-09-05,111.5999984741211,111.77999877929688,109.0199966430664,109.2300033569336,16826700
2025-09-08,109.7300033569336,110.05000305175781,108.3499984741211,109.8499984741211,15440500
2025-09-09,110.52999877929688,112.51000213623047,110.52999877929688,110.6500015258789,14899500
2025-09-10,111.16000366210938,112.55999755859375,110.83999633789062,112.5,15837600
2025-09-11,111.4000015258789,112.7699966430664,110.87000274658203,112.13999938964844,11534500
2025-09-12,112.86000061035156,113.22000122070312,111.87999725341797,112.16000366210938,11105700
2025-09-15,112.18000030517578,112.45999908447266,111.31999969482422,112.3499984741211,12880500
2025-09-16,112.95999908447266,115.31999969482422,112.77999877929688,114.68000030517578,17208000
2025-09-17,114.52999877929688,115.48999786376953,114.05000305175781,115.29000091552734,13302000
2025-09-18,115.16999816894531,115.3499984741211,113.4000015258789,113.93000030517578,14628700
2025-09-19,113.9000015258789,113.9800033569336,112.63999938964844,112.81999969482422,38746500
2025-09-22,112.44999694824219,112.80000305175781,111.55999755859375,112.0199966430664,15611500
2025-09-23,112.72000122070312,114.75,112.4800033569336,113.94999694824219,25369100
2025-09-24,114.56999969482422,115.76000213623047,114.47000122070312,114.55999755859375,14756100
2025-09-25,114.63999938964844,115.9000015258789,114.41000366210938,115.58999633789062,15012600
2025-09-26,115.95999908447266,118.36000061035156,115.91999816894531,117.22000122070312,18568900
2025-09-29,116.05999755859375,116.5,113.66999816894531,114.22000122070312,19189300
2025-09-30,113.3499984741211,113.48999786376953,111.94000244140625,112.75,18076200
2025-10-01,112.55999755859375,113.0199966430664,111.29000091552734,111.98999786376953,16614000
2025-10-02,111.97000122070312,113.08999633789062,111.02999877929688,111.29000091552734,13062600
2025-10-03,111.9000015258789,113.75,111.9000015258789,113.26000213623047,12950100
2025-10-06,113.29000091552734,114.7699966430664,113.18000030517578,114.19999694824219,12036800
2025-10-07,114.06999969482422,114.51000213623047,111.73999786376953,114.26000213623047,11945000
2025-10-08,114.37999725341797,115.01000213623047,113.41000366210938,114.0199966430664,12301000
2025-10-09,114.43000030517578,115.51000213623047,112.73999786376953,112.91000366210938,10976200
2025-10-10,112.26000213623047,112.62000274658203,110.70999908447266,110.7300033569336,13811600
2025-10-13,111.54000091552734,112.30000305175781,111.31999969482422,112.23999786376953,10296500
2025-10-14,110.76000213623047,112.95999908447266,110.70999908447266,112.29000091552734,11167200
2025-10-15,112.80000305175781,113.56999969482422,110.97000122070312,111.61000061035156,12182900
2025-10-16,111.87999725341797,112.19000244140625,110.38999938964844,110.63999938964844,11782200
2025-10-17,111.62999725341797,112.91000366210938,111.18000030517578,112.23999786376953,13460100
2025-10-20,112.0,113.1500015258789,111.9800033569336,112.69999694824219,9523600
2025-10-21,112.88999938964844,113.36000061035156,111.98999786376953,112.70999908447266,9202300
2025-10-22,113.44999694824219,115.18000030517578,113.08000183105469,114.70999908447266,12938800
2025-10-23,116.62999725341797,116.8499984741211,115.36000061035156,115.9800033569336,15001100
2025-10-24,116.3499984741211,116.47000122070312,115.18000030517578,115.38999938964844,9919400
2025-10-27,115.69999694824219,115.98999786376953,115.0999984741211,115.94000244140625,10975400
2025-10-28,115.48999786376953,116.18000030517578,114.98999786376953,115.02999877929688,9535200
2025-10-29,114.91999816894531,117.05000305175781,114.80999755859375,116.44999694824219,12570600
2025-10-30,116.43000030517578,116.5199966430664,114.52999877929688,114.69000244140625,16172900
2025-10-31,113.9800033569336,115.2300033569336,112.62000274658203,114.36000061035156,20213400
2025-11-03,114.5,114.98999786376953,113.63999938964844,113.76000213623047,12290300
2025-11-04,113.37999725341797,114.3499984741211,112.51000213623047,114.13999938964844,16860700
2025-11-05,114.08999633789062,115.18000030517578,113.66999816894531,113.68000030517578,12400900
2025-11-06,113.63999938964844,114.94000244140625,113.63999938964844,114.5,14219700
2025-11-07,115.20999908447266,117.51000213623047,114.9000015258789,117.22000122070312,17181100
2025-11-10,117.44000244140625,118.44999694824219,115.45999908447266,118.22000122070312,13048000
2025-11-11,118.83000183105469,120.80999755859375,118.83000183105469,119.77999877929688,16077100
2025-11-12,119.0999984741211,119.27999877929688,117.79000091552734,118.12000274658203,13790900
2025-11-13,118.62999725341797,119.76000213623047,118.27999877929688,118.79000091552734,17291900
2025-11-14,118.44999694824219,119.4800033569336,116.66000366210938,119.29000091552734,17064300
2025-11-17,118.97000122070312,119.5,117.11000061035156,117.68000030517578,16034900
2025-11-18,117.26000213623047,119.4800033569336,116.4800033569336,119.02999877929688,15808500
2025-11-19,116.8499984741211,118.18000030517578,115.93000030517578,117.3499984741211,15919200
2025-11-20,117.9800033569336,119.01000213623047,116.73999786376953,117.0199966430664,14401000
2025-11-21,116.98999786376953,117.37999725341797,115.6500015258789,117.08000183105469,15667600
2025-11-24,117.19999694824219,117.19999694824219,114.73999786376953,115.97000122070312,18034900
2025-11-25,115.18000030517578,115.9000015258789,114.19000244140625,114.51000213623047,14434600
2025-11-26,114.41000366210938,115.73999786376953,114.30999755859375,114.7699966430664,11650600
2025-11-28,114.94999694824219,118.73999786376953,114.81999969482422,115.91999816894531,7240800
2025-12-01,116.0999984741211,117.41000366210938,116.0999984741211,116.62999725341797,12658100
2025-12-02,116.44000244140625,116.5999984741211,114.69000244140625,115.37999725341797,14607700
2025-12-03,115.94999694824219,117.9800033569336,115.87999725341797,117.80000305175781,16819100
2025-12-04,117.5,118.33999633789062,116.66000366210938,117.13999938964844,13686900
2025-12-05,116.75,118.77999877929688,116.41000366210938,116.54000091552734,12516900
2025-12-08,115.83000183105469,117.0,115.04000091552734,115.9800033569336,14904200
2025-12-09,116.9000015258789,120.47000122070312,116.88999938964844,118.25,23790800
2025-12-10,118.7300033569336,119.87000274658203,118.37000274658203,119.54000091552734,19845200
2025-12-11,119.11000061035156,120.36000061035156,119.06999969482422,119.54000091552734,14781800
2025-12-12,119.44000244140625,119.91999816894531,118.30999755859375,118.81999969482422,14459500
2025-12-15,119.01000213623047,119.02999877929688,116.8499984741211,117.76000213623047,16358700
2025-12-16,116.7699966430664,116.83999633789062,114.61000061035156,114.68000030517578,17638700
2025-12-17,115.20999908447266,117.62000274658203,115.16999816894531,117.41000366210938,18502200
2025-12-18,116.98999786376953,116.98999786376953,115.62999725341797,116.54000091552734,13705600
2025-12-19,116.75,117.56999969482422,115.95999908447266,116.69000244140625,45412800
2025-12-22,117.33999633789062,118.45999908447266,117.33999633789062,118.1500015258789,11768600
2025-12-23,118.47000122070312,120.02999877929688,118.31999969482422,119.41999816894531,12567600
2025-12-24,119.33000183105469,120.05000305175781,119.12000274658203,119.22000122070312,6137400
2025-12-26,118.88999938964844,119.55000305175781,118.52999877929688,119.11000061035156,8066100
2025-12-29,120.1500015258789,121.30000305175781,119.4000015258789,120.52999877929688,14782500
2025-12-30,121.0999984741211,121.80000305175781,120.62999725341797,120.98999786376953,11150500
2025-12-31,121.18000030517578,121.26000213623047,119.87000274658203,120.33999633789062,10559900
2026-01-02,120.08999633789062,122.68000030517578,119.61000061035156,122.6500015258789,14175100
2026-01-05,125.20999908447266,125.93000030517578,122.38999938964844,125.36000061035156,30112200
2026-01-06,125.3499984741211,125.80000305175781,121.0,121.05000305175781,23328600
2026-01-07,119.80000305175781,120.12000274658203,118.2699966430664,118.48999786376953,20353000
2026-01-08,118.9800033569336,123.62999725341797,118.66000366210938,122.91000366210938,20232700
2026-01-09,123.2300033569336,124.86000061035156,123.0999984741211,124.61000061035156,16137700
2026-01-12,124.45999908447266,124.5,122.55999755859375,124.02999877929688,15314900
2026-01-13,125.0,127.13999938964844,124.80999755859375,126.54000091552734,21619700
2026-01-14,127.3499984741211,131.72000122070312,127.12999725341797,130.1999969482422,27593900
2026-01-15,129.1300048828125,130.1999969482422,128.3000030517578,129.1300048828125,17400000
2026-01-16,128.91000366210938,130.16000366210938,128.8699951171875,129.88999938964844,16592400
2026-01-20,131.50999450683594,131.94000244140625,130.07000732421875,130.4600067138672,16477300
2026-01-21,131.91000366210938,133.72999572753906,131.91000366210938,133.61000061035156,18879900
2026-01-22,133.0500030517578,134.17999267578125,131.85000610351562,133.63999938964844,16600100
2026-01-23,135.08999633789062,135.97999572753906,134.47999572753906,134.97000122070312,17758200
2026-01-26,136.92999267578125,136.94000244140625,134.1699981689453,134.83999633789062,16056100
2026-01-27,135.25,136.92999267578125,134.7100067138672,136.8300018310547,14517000
2026-01-28,137.69000244140625,138.00999450683594,136.6699981689453,137.5800018310547,15637300
2026-01-29,140.32000732421875,142.33999633789062,139.11000061035156,140.50999450683594,35760600
2026-01-30,138.74000549316406,142.2100067138672,137.8300018310547,141.39999389648438,29657700
2026-02-02,139.8300018310547,140.32000732421875,138.05999755859375,138.39999389648438,27735600
2026-02-03,138.63999938964844,145.00999450683594,138.30999755859375,143.72999572753906,37577800
2026-02-04,144.1199951171875,147.83999633789062,144.1199951171875,147.58999633789062,29426200
2026-02-05,146.5800018310547,146.72999572753906,143.8000030517578,146.0800018310547,18431700
2026-02-06,146.6199951171875,149.57000732421875,146.08999633789062,149.0500030517578,17216000
2026-02-09,149.25999450683594,151.5500030517578,148.6300048828125,151.2100067138672,21297300
2026-02-10,151.35000610351562,151.77999877929688,149.82000732421875,151.58999633789062,15800300
2026-02-11,153.97000122070312,156.92999267578125,153.57000732421875,155.55999755859375,23091500
2026-02-12,153.88999938964844,155.25,149.8800048828125,149.92999267578125,30652500
2026-02-13,150.5500030517578,151.66000366210938,147.97999572753906,148.4499969482422,20166000
2026-02-17,148.1999969482422,149.1300048828125,145.14999389648438,146.19000244140625,19766600
2026-02-18,148.14999389648438,150.97999572753906,147.61000061035156,150.67999267578125,19849700
2026-02-19,152.1999969482422,153.3800048828125,150.83999633789062,150.97000122070312,20305000
2026-02-20,150.49000549316406,150.80999755859375,146.4600067138672,147.27999877929688,25908600
2026-02-23,148.14999389648438,151.27000427246094,148.1300048828125,150.75999450683594,16073100
2026-02-24,150.4199981689453,150.72000122070312,148.02999877929688,149.25999450683594,14185500
2026-02-25,149.91000366210938,150.17999267578125,147.3300018310547,149.05999755859375,15225700
2026-02-26,147.80999755859375,150.9600067138672,146.77000427246094,148.5399932861328,15632100
2026-02-27,151.0,153.64999389648438,149.25,152.5,30275100
2026-03-02,159.35000610351562,159.61000061035156,153.02999877929688,154.22000122070312,31493100
2026-03-03,155.42999267578125,156.0500030517578,150.3000030517578,151.8300018310547,25198900
2026-03-04,150.72000122070312,151.16000366210938,147.86000061035156,149.82000732421875,16764800
2026-03-05,151.0,152.3300018310547,149.47000122070312,150.75999450683594,22969300
2026-03-06,153.14999389648438,153.8000030517578,149.9600067138672,151.2100067138672,21136400
2026-03-09,152.02000427246094,153.88999938964844,149.47000122070312,150.44000244140625,25532700
2026-03-10,149.25,150.39999389648438,147.6999969482422,148.1300048828125,19617600
2026-03-11,147.99000549316406,151.80999755859375,147.66000366210938,151.5800018310547,15297400
2026-03-12,152.27000427246094,155.0,151.6300048828125,153.52999877929688,26054000
2026-03-13,154.3000030517578,156.88999938964844,152.97999572753906,156.1199951171875,22414100
2026-03-16,156.0,157.77999877929688,154.75999450683594,157.22999572753906,22835600
2026-03-17,158.25,160.4499969482422,156.8000030517578,158.80999755859375,21592200
2026-03-18,159.66000366210938,160.17999267578125,157.52999877929688,157.58999633789062,18947100
2026-03-19,158.25999450683594,159.55999755859375,154.83999633789062,158.16000366210938,27082700
2026-03-20,159.35000610351562,162.44000244140625,159.10000610351562,159.6699981689453,53942100
2026-03-23,156.1199951171875,161.4199981689453,155.02000427246094,161.1300048828125,25021300
2026-03-24,161.7100067138672,167.47999572753906,161.25,165.3800048828125,26131800
2026-03-25,163.8699951171875,165.0,162.92999267578125,163.25999450683594,17192300
2026-03-26,164.08999633789062,165.67999267578125,162.05999755859375,165.42999267578125,18625200
2026-03-27,165.5800018310547,171.22999572753906,164.8000030517578,170.99000549316406,30338300
2026-03-30,172.50999450683594,176.41000366210938,171.0500030517578,171.47000122070312,29813500
2026-03-31,172.6699981689453,174.3800048828125,165.97000122070312,169.66000366210938,32006700
2026-04-01,165.77000427246094,168.0,159.52999877929688,160.77999877929688,37927600
2026-04-02,164.49000549316406,166.89999389648438,159.58999633789062,160.69000244140625,25377700
2026-04-06,160.57000732421875,163.75,159.52999877929688,163.3699951171875,16344300
2026-04-07,164.22000122070312,166.24000549316406,161.77000427246094,163.91000366210938,25227500
2026-04-08,153.52000427246094,156.35000610351562,150.97999572753906,156.22000122070312,31311200
2026-04-09,156.86000061035156,159.22999572753906,154.30999755859375,155.0399932861328,25868400
2026-04-10,154.0399932861328,155.1199951171875,151.9199981689453,152.50999450683594,21065000
2026-04-13,154.27000427246094,154.6199951171875,151.27999877929688,152.63999938964844,18685600
2026-04-14,150.07000732421875,150.11000061035156,146.72000122070312,149.24000549316406,18528200
2026-04-15,148.60000610351562,150.22999572753906,146.89999389648438,149.00999450683594,15626500
2026-04-16,149.52999877929688,152.77999877929688,149.35000610351562,151.97999572753906,15191000
2026-04-17,144.86000061035156,146.8000030517578,141.97000122070312,146.44000244140625,28947400
2026-04-20,147.3800048828125,149.3699951171875,146.35000610351562,147.67999267578125,16354400
2026-04-21,147.3699951171875,148.80999755859375,146.24000549316406,148.36000061035156,17515900
2026-04-22,149.3699951171875,150.67999267578125,148.17999267578125,149.5,13738700
2026-04-23,149.85000610351562,151.22999572753906,148.5,150.52999877929688,12970400
2026-04-24,149.63999938964844,150.3000030517578,146.9499969482422,148.91000366210938,13735900
2026-04-27,149.16000366210938,151.17999267578125,147.97000122070312,148.19000244140625,13940800
2026-04-28,151.52999877929688,152.30999755859375,149.8300018310547,150.55999755859375,15173600
2026-04-29,152.02000427246094,154.9499969482422,151.00999450683594,154.6699981689453,14669100
2026-04-30,152.42999267578125,155.69000244140625,151.33999633789062,154.3300018310547,22885900
2026-05-01,152.61000061035156,155.00999450683594,151.1300048828125,152.75,15458200
2026-05-04,152.6699981689453,154.47000122070312,149.52000427246094,153.69000244140625,14238500
2026-05-05,153.10000610351562,155.2899932861328,152.41000366210938,154.8800048828125,12494600
2026-05-06,149.07000732421875,150.3300018310547,147.08999633789062,148.69000244140625,20527000
2026-05-07,146.8000030517578,147.0800018310547,144.19000244140625,146.5800018310547,22509400
2026-05-08,145.85000610351562,146.5,143.9199981689453,144.57000732421875,19550100
2026-05-11,146.02000427246094,149.72000122070312,146.0,149.67999267578125,14849500
2026-05-12,151.25,151.80999755859375,149.77000427246094,150.6300048828125,16443100
2026-05-13,150.05999755859375,151.7899932861328,149.67999267578125,151.57000732421875,15772800
2026-05-14,151.89999389648438,153.1199951171875,151.25999450683594,152.77999877929688,11331500
2026-05-15,153.75,158.0,153.0,157.9199981689453,27882400
2026-05-18,157.32000732421875,161.72999572753906,155.22999572753906,160.49000549316406,20065200
2026-05-19,161.5,163.32000732421875,159.63999938964844,162.5500030517578,20715600
2026-05-20,161.61000061035156,163.67999267578125,156.27000427246094,156.27999877929688,18509700
2026-05-21,158.4199981689453,159.38999938964844,153.4600067138672,155.2899932861328,17061700
2026-05-22,154.02999877929688,155.5500030517578,153.1699981689453,154.9199981689453,12948500
2026-05-26,153.5,154.5500030517578,149.47000122070312,149.80999755859375,13057800
2026-05-27,147.22999572753906,148.69000244140625,145.75,147.89999389648438,16241100
2026-05-28,149.33999633789062,150.2100067138672,146.8699951171875,146.9600067138672,14012500
2026-05-29,146.19000244140625,146.92999267578125,144.7100067138672,145.25999450683594,27959900
2026-06-01,147.02000427246094,149.64999389648438,147.0,149.3800048828125,16732100
2026-06-02,149.02999877929688,150.8300018310547,148.5,149.55999755859375,10462400
2026-06-03,150.61000061035156,154.91000366210938,150.02000427246094,152.52999877929688,14373000
2026-06-04,152.0500030517578,153.42999267578125,150.94000244140625,152.0399932861328,11799400
2026-06-05,152.00999450683594,152.1300048828125,149.3000030517578,149.9199981689453,16584000
2026-06-08,151.16000366210938,153.80999755859375,150.89999389648438,151.75,13870900
2026-06-09,150.91000366210938,151.1300048828125,147.77999877929688,148.91000366210938,18163500
2026-06-10,151.22999572753906,152.49000549316406,149.55999755859375,150.6199951171875,14596500
2026-06-11,152.3000030517578,152.49000549316406,146.4199981689453,146.60000610351562,17285800
2026-06-12,145.6300048828125,148.91000366210938,145.14999389648438,147.00999450683594,17713100
2026-06-15,139.74000549316406,141.97999572753906,137.72000122070312,140.9199981689453,23631400
2026-06-16,140.19000244140625,142.14999389648438,139.97999572753906,141.86000061035156,18925400
2026-06-17,141.22000122070312,142.33999633789062,140.32000732421875,140.74000549316406,16663200
2026-06-18,138.32000732421875,138.4600067138672,135.85000610351562,137.80999755859375,48063400
2026-06-22,138.5399932861328,139.0,137.02000427246094,138.47000122070312,15783300
2026-06-23,139.4600067138672,140.38999938964844,138.5,139.72999572753906,13699400
2026-06-24,137.1199951171875,137.63999938964844,135.58999633789062,136.89999389648438,16212900
2026-06-25,135.63999938964844,138.07000732421875,134.9499969482422,137.5500030517578,13288800
2026-06-26,136.97000122070312,137.5800018310547,135.9199981689453,136.5399932861328,22684200
2026-06-29,136.5800018310547,137.38999938964844,135.38999938964844,136.05999755859375,11972700
2026-06-30,136.47999572753906,137.3000030517578,135.3300018310547,136.72000122070312,28784000
2026-07-01,136.52999877929688,137.49000549316406,135.6300048828125,136.27999877929688,12433400
2026-07-02,137.14999389648438,139.13999938964844,136.3300018310547,137.08999633789062,13703300
2026-07-06,136.5500030517578,137.3699951171875,136.00999450683594,136.44000244140625,13915100
2026-07-07,138.55999755859375,141.74000549316406,138.1300048828125,141.69000244140625,14667800
2026-07-08,143.44000244140625,143.99000549316406,139.80999755859375,141.1300048828125,18291400
2026-07-09,139.66000366210938,140.0500030517578,137.1199951171875,137.4600067138672,14110200
2026-07-10,137.89999389648438,138.97000122070312,137.13999938964844,138.8800048828125,9753500
2026-07-13,140.9199981689453,145.22999572753906,140.49000549316406,144.50999450683594,18724300
2026-07-14,145.50999450683594,146.0,143.88999938964844,145.08999633789062,16096400
2026-07-15,145.08999633789062,145.08999633789062,142.02999877929688,144.50999450683594,13444500
2026-07-16,145.27999877929688,146.8699951171875,144.5500030517578,145.9499969482422,13518000
2026-07-17,149.02999877929688,150.0,147.1699981689453,147.36000061035156,19031400
2026-07-20,146.5,149.08999633789062,146.22999572753906,148.36000061035156,12149200
2026-07-21,149.00999450683594,151.75999450683594,148.47999572753906,151.7100067138672,13145300
2026-07-22,153.86000061035156,154.8000030517578,152.9499969482422,154.4499969482422,13788700
2026-07-23,156.60000610351562,158.57000732421875,156.05999755859375,156.88999938964844,15822800
2026-07-24,156.99000549316406,158.7100067138672,155.67999267578125,156.94000244140625,12091600
2026-07-27,153.07000732421875,155.4199981689453,152.5,154.77000427246094,13955800
2026-07-28,154.1699981689453,156.17999267578125,151.8800048828125,153.0399932861328,16299900
2026-07-29,157.72000122070312,159.07000732421875,155.86000061035156,156.75,14571300
2026-07-30,155.08999633789062,157.77999877929688,154.52999877929688,156.97000122070312,12578100
2026-07-31,153.74000549316406,156.16000366210938,152.13999938964844,155.44000244140625,15714200
2026-08-03,153.4600067138672,155.91000366210938,152.64999389648438,155.05999755859375,14532800
2026-08-04,151.6199951171875,154.83999633789062,149.08999633789062,153.9600067138672,14347900
2026-08-05,155.0399932861328,155.0399932861328,151.14999389648438,151.6300048828125,12227500
2026-08-06,154.22000122070312,154.8699951171875,151.83999633789062,154.83999633789062,11879100
2026-08-07,152.63999938964844,153.6699981689453,151.52999877929688,153.0399932861328,18455200
2026-08-10,154.5,160.3699951171875,154.4499969482422,159.7899932861328,19761600
2026-08-11,159.66000366210938,161.6699981689453,159.27000427246094,159.8000030517578,13744500
2026-08-12,158.5500030517578,160.22999572753906,157.55999755859375,159.75,13219500
2026-08-13,158.02999877929688,159.75999450683594,157.42999267578125,158.61000061035156,10542800
2026-08-14,159.7100067138672,161.25999450683594,159.25,160.10000610351562,10231300
2026-08-17,160.10000610351562,162.50999450683594,159.08999633789062,161.4600067138672,12858100
2026-08-18,164.35000610351562,165.6699981689453,163.25,165.55999755859375,18952700
2026-08-19,166.07000732421875,168.2100067138672,164.66000366210938,164.77000427246094,13648900
2026-08-20,167.02000427246094,168.63999938964844,166.07000732421875,166.14999389648438,13803000
2026-08-21,166.5399932861328,168.0,164.61000061035156,165.11000061035156,14314300
2026-08-24,163.8699951171875,165.22000122070312,162.25,164.0500030517578,10842500
2026-08-25,161.4499969482422,162.80999755859375,160.4600067138672,160.63999938964844,17525300
2026-08-26,158.0,161.1300048828125,157.75999450683594,158.19000244140625,14838400
2026-08-27,157.6300048828125,158.19000244140625,156.13999938964844,156.44000244140625,14288500
2026-08-28,156.60000610351562,157.4199981689453,155.32000732421875,156.7100067138672,11352600
2026-08-31,159.94000244140625,161.58999633789062,158.74000549316406,160.9499969482422,18363400
2026-09-01,163.60000610351562,164.6999969482422,162.22000122070312,164.5500030517578,11381800
2026-09-02,163.92999267578125,165.02000427246094,162.75999450683594,164.14999389648438,11287000
2026-09-03,164.42999267578125,165.64999389648438,162.08999633789062,162.2100067138672,13755100
2026-09-04,161.02000427246094,161.47999572753906,159.16000366210938,159.47000122070312,16192900
